Date,Branch_ID,Product_ID,Forecast_Demand,Actual_Demand,Inventory_Position,Safety_Stock,Shortage_Units,Surplus_Units,Inventory_Status,Purchase_Quantity,Purchase_Cost,Service_Urgency
2026-07-01,B001,P001,60,60,81,18,0,3,SURPLUS,0.0,0.0,Low
2026-07-01,B001,P002,20,21,14,5,11,0,SHORTAGE,11.0,283398.39,Critical
2026-07-01,B001,P003,22,24,27,6,1,0,SHORTAGE,1.0,22615.66,Medium
2026-07-01,B001,P004,19,20,39,4,0,16,SURPLUS,0.0,0.0,Low
2026-07-01,B001,P005,33,34,40,9,2,0,SHORTAGE,2.0,88848.2,Medium
2026-07-01,B001,P006,61,62,76,19,4,0,SHORTAGE,4.0,66600.72,Medium
2026-07-01,B001,P007,20,19,11,6,15,0,SHORTAGE,15.0,174969.44999999998,Critical
2026-07-01,B001,P008,25,22,46,7,0,14,SURPLUS,0.0,0.0,Low
2026-07-01,B001,P009,58,55,102,11,0,33,SURPLUS,0.0,0.0,Low
2026-07-01,B001,P010,36,34,59,12,0,11,SURPLUS,0.0,0.0,Low
2026-07-01,B002,P001,52,55,89,15,0,22,SURPLUS,0.0,0.0,Low
2026-07-01,B002,P002,17,16,7,4,14,0,SHORTAGE,14.0,388195.22,Critical
2026-07-01,B002,P003,21,22,23,5,3,0,SHORTAGE,3.0,70967.61,Medium
2026-07-01,B002,P004,21,20,28,6,0,1,SURPLUS,0.0,0.0,Low
2026-07-01,B002,P005,38,37,37,12,13,0,SHORTAGE,13.0,616722.47,High
2026-07-01,B002,P006,44,47,60,9,0,7,SURPLUS,0.0,0.0,Low
2026-07-01,B002,P007,14,14,24,3,0,7,SURPLUS,0.0,0.0,Low
2026-07-01,B002,P008,22,20,48,4,0,22,SURPLUS,0.0,0.0,Low
2026-07-01,B002,P009,52,53,48,12,16,0,SHORTAGE,16.0,53688.8,High
2026-07-01,B002,P010,25,26,47,5,0,17,SURPLUS,0.0,0.0,Low
2026-07-01,B003,P001,33,34,40,6,0,1,SURPLUS,0.0,0.0,Low
2026-07-01,B003,P002,14,15,17,4,1,0,SHORTAGE,1.0,28787.09,Medium
2026-07-01,B003,P003,19,18,33,5,0,9,SURPLUS,0.0,0.0,Low
2026-07-01,B003,P004,15,15,13,4,6,0,SHORTAGE,6.0,56995.14,High
2026-07-01,B003,P005,30,29,26,8,12,0,SHORTAGE,12.0,585808.5599999999,High
2026-07-01,B003,P006,60,60,59,20,21,0,SHORTAGE,21.0,374880.66,High
2026-07-01,B003,P007,14,15,14,3,3,0,SHORTAGE,3.0,38011.53,High
2026-07-01,B003,P008,14,17,21,3,0,4,SURPLUS,0.0,0.0,Low
2026-07-01,B003,P009,51,47,64,16,3,0,SHORTAGE,3.0,9988.02,Medium
2026-07-01,B003,P010,37,37,19,11,29,0,SHORTAGE,29.0,447634.43,Critical
2026-07-01,B004,P001,38,36,69,13,0,18,SURPLUS,0.0,0.0,Low
2026-07-01,B004,P002,13,15,16,3,0,0,BALANCED,0.0,0.0,Low
2026-07-01,B004,P003,16,18,26,5,0,5,SURPLUS,0.0,0.0,Low
2026-07-01,B004,P004,9,11,12,3,0,0,BALANCED,0.0,0.0,Low
2026-07-01,B004,P005,34,31,62,10,0,18,SURPLUS,0.0,0.0,Low
2026-07-01,B004,P006,41,37,83,9,0,33,SURPLUS,0.0,0.0,Low
2026-07-01,B004,P007,12,11,13,3,2,0,SHORTAGE,2.0,24471.9,Medium
2026-07-01,B004,P008,13,13,19,3,0,3,SURPLUS,0.0,0.0,Low
2026-07-01,B004,P009,46,48,49,11,8,0,SHORTAGE,8.0,30072.64,Medium
2026-07-01,B004,P010,28,30,50,5,0,17,SURPLUS,0.0,0.0,Low
2026-07-01,B005,P001,32,30,52,10,0,10,SURPLUS,0.0,0.0,Low
2026-07-01,B005,P002,13,13,12,3,4,0,SHORTAGE,4.0,108620.52,High
2026-07-01,B005,P003,21,18,24,4,1,0,SHORTAGE,1.0,23745.99,Medium
2026-07-01,B005,P004,13,13,25,3,0,9,SURPLUS,0.0,0.0,Low
2026-07-01,B005,P005,26,27,35,5,0,4,SURPLUS,0.0,0.0,Low
2026-07-01,B005,P006,53,54,77,17,0,7,SURPLUS,0.0,0.0,Low
2026-07-01,B005,P007,12,12,23,3,0,8,SURPLUS,0.0,0.0,Low
2026-07-01,B005,P008,13,12,10,4,7,0,SHORTAGE,7.0,296256.59,Critical
2026-07-01,B005,P009,51,48,64,17,4,0,SHORTAGE,4.0,13643.4,Medium
2026-07-01,B005,P010,16,16,26,4,0,6,SURPLUS,0.0,0.0,Low
2026-07-01,B006,P001,33,31,43,11,1,0,SHORTAGE,1.0,29907.39,Medium
2026-07-01,B006,P002,15,15,17,4,2,0,SHORTAGE,2.0,56917.88,Medium
2026-07-01,B006,P003,22,21,38,7,0,9,SURPLUS,0.0,0.0,Low
2026-07-01,B006,P004,17,17,27,5,0,5,SURPLUS,0.0,0.0,Low
2026-07-01,B006,P005,21,21,30,6,0,3,SURPLUS,0.0,0.0,Low
2026-07-01,B006,P006,49,49,49,14,14,0,SHORTAGE,14.0,247080.39999999997,High
2026-07-01,B006,P007,14,14,18,3,0,1,SURPLUS,0.0,0.0,Low
2026-07-01,B006,P008,15,15,23,4,0,4,SURPLUS,0.0,0.0,Low
2026-07-01,B006,P009,36,35,11,12,37,0,SHORTAGE,37.0,137604.48,Critical
2026-07-01,B006,P010,23,25,17,4,10,0,SHORTAGE,10.0,172693.30000000002,High
2026-07-01,B007,P001,41,40,42,8,7,0,SHORTAGE,7.0,222410.72,Medium
2026-07-01,B007,P002,10,11,10,3,3,0,SHORTAGE,3.0,82123.04999999999,High
2026-07-01,B007,P003,9,9,14,3,0,2,SURPLUS,0.0,0.0,Low
2026-07-01,B007,P004,14,16,8,4,10,0,SHORTAGE,10.0,85173.6,Critical
2026-07-01,B007,P005,27,28,19,9,17,0,SHORTAGE,17.0,877351.98,Critical
2026-07-01,B007,P006,38,37,25,7,20,0,SHORTAGE,20.0,371042.8,Critical
2026-07-01,B007,P007,15,15,27,5,0,7,SURPLUS,0.0,0.0,Low
2026-07-01,B007,P008,9,10,13,3,0,1,SURPLUS,0.0,0.0,Low
2026-07-01,B007,P009,49,48,87,13,0,25,SURPLUS,0.0,0.0,Low
2026-07-01,B007,P010,20,17,35,5,0,10,SURPLUS,0.0,0.0,Low
2026-07-01,B008,P001,27,24,50,7,0,16,SURPLUS,0.0,0.0,Low
2026-07-01,B008,P002,13,16,23,3,0,7,SURPLUS,0.0,0.0,Low
2026-07-01,B008,P003,19,19,17,5,7,0,SHORTAGE,7.0,156599.24,High
2026-07-01,B008,P004,17,19,28,4,0,7,SURPLUS,0.0,0.0,Low
2026-07-01,B008,P005,34,35,26,7,15,0,SHORTAGE,15.0,694493.55,High
2026-07-01,B008,P006,49,50,43,13,19,0,SHORTAGE,19.0,332703.11,High
2026-07-01,B008,P007,10,10,17,3,0,4,SURPLUS,0.0,0.0,Low
2026-07-01,B008,P008,14,14,28,3,0,11,SURPLUS,0.0,0.0,Low
2026-07-01,B008,P009,44,47,50,14,8,0,SHORTAGE,8.0,27764.4,Medium
2026-07-01,B008,P010,18,18,16,5,7,0,SHORTAGE,7.0,104638.52,High
2026-07-02,B001,P001,75,69,101,23,0,3,SURPLUS,0.0,0.0,Low
2026-07-02,B001,P002,34,29,34,8,8,0,SHORTAGE,8.0,214837.6,High
2026-07-02,B001,P003,27,27,18,6,15,0,SHORTAGE,15.0,340455.3,Critical
2026-07-02,B001,P004,21,20,9,7,19,0,SHORTAGE,19.0,177098.43,Critical
2026-07-02,B001,P005,41,38,33,11,19,0,SHORTAGE,19.0,886271.34,Critical
2026-07-02,B001,P006,76,80,106,21,0,9,SURPLUS,0.0,0.0,Low
2026-07-02,B001,P007,22,25,20,4,6,0,SHORTAGE,6.0,77644.31999999999,High
2026-07-02,B001,P008,19,19,11,4,12,0,SHORTAGE,12.0,512556.0,Critical
2026-07-02,B001,P009,65,65,135,21,0,49,SURPLUS,0.0,0.0,Low
2026-07-02,B001,P010,36,36,24,11,23,0,SHORTAGE,23.0,382749.43999999994,Critical
2026-07-02,B002,P001,42,43,61,13,0,6,SURPLUS,0.0,0.0,Low
2026-07-02,B002,P002,21,18,38,6,0,11,SURPLUS,0.0,0.0,Low
2026-07-02,B002,P003,23,23,30,5,0,2,SURPLUS,0.0,0.0,Low
2026-07-02,B002,P004,18,19,13,5,10,0,SHORTAGE,10.0,93477.0,Critical
2026-07-02,B002,P005,29,28,20,7,16,0,SHORTAGE,16.0,776588.0,Critical
2026-07-02,B002,P006,77,76,102,16,0,9,SURPLUS,0.0,0.0,Low
2026-07-02,B002,P007,14,14,22,3,0,5,SURPLUS,0.0,0.0,Low
2026-07-02,B002,P008,21,19,38,6,0,11,SURPLUS,0.0,0.0,Low
2026-07-02,B002,P009,61,50,41,17,37,0,SHORTAGE,37.0,130849.39,Critical
2026-07-02,B002,P010,34,32,19,8,23,0,SHORTAGE,23.0,388045.18999999994,Critical
2026-07-02,B003,P001,34,34,66,11,0,21,SURPLUS,0.0,0.0,Low
2026-07-02,B003,P002,17,19,29,4,0,8,SURPLUS,0.0,0.0,Low
2026-07-02,B003,P003,19,23,22,6,3,0,SHORTAGE,3.0,71449.56,Medium
2026-07-02,B003,P004,14,16,9,3,8,0,SHORTAGE,8.0,69437.84,Critical
2026-07-02,B003,P005,24,26,49,5,0,20,SURPLUS,0.0,0.0,Low
2026-07-02,B003,P006,67,68,77,16,6,0,SHORTAGE,6.0,113815.86000000002,Medium
2026-07-02,B003,P007,13,17,12,3,4,0,SHORTAGE,4.0,45557.2,High
2026-07-02,B003,P008,16,16,31,3,0,12,SURPLUS,0.0,0.0,Low
2026-07-02,B003,P009,58,52,55,11,14,0,SHORTAGE,14.0,45234.56,High
2026-07-02,B003,P010,24,28,34,7,0,3,SURPLUS,0.0,0.0,Low
2026-07-02,B004,P001,40,39,59,10,0,9,SURPLUS,0.0,0.0,Low
2026-07-02,B004,P002,21,20,15,6,12,0,SHORTAGE,12.0,346964.16000000003,Critical
2026-07-02,B004,P003,17,16,17,4,4,0,SHORTAGE,4.0,97906.92,High
2026-07-02,B004,P004,12,11,11,3,4,0,SHORTAGE,4.0,33778.0,High
2026-07-02,B004,P005,30,30,33,9,6,0,SHORTAGE,6.0,289918.5,Medium
2026-07-02,B004,P006,35,36,48,10,0,3,SURPLUS,0.0,0.0,Low
2026-07-02,B004,P007,12,13,17,3,0,2,SURPLUS,0.0,0.0,Low
2026-07-02,B004,P008,12,13,20,3,0,5,SURPLUS,0.0,0.0,Low
2026-07-02,B004,P009,42,39,52,10,0,0,BALANCED,0.0,0.0,Low
2026-07-02,B004,P010,23,23,44,4,0,17,SURPLUS,0.0,0.0,Low
2026-07-02,B005,P001,39,32,68,11,0,18,SURPLUS,0.0,0.0,Low
2026-07-02,B005,P002,17,18,34,5,0,12,SURPLUS,0.0,0.0,Low
2026-07-02,B005,P003,18,19,26,4,0,4,SURPLUS,0.0,0.0,Low
2026-07-02,B005,P004,15,16,24,5,0,4,SURPLUS,0.0,0.0,Low
2026-07-02,B005,P005,29,28,45,9,0,7,SURPLUS,0.0,0.0,Low
2026-07-02,B005,P006,71,65,114,14,0,29,SURPLUS,0.0,0.0,Low
2026-07-02,B005,P007,15,15,25,3,0,7,SURPLUS,0.0,0.0,Low
2026-07-02,B005,P008,18,17,22,3,0,1,SURPLUS,0.0,0.0,Low
2026-07-02,B005,P009,38,39,63,8,0,17,SURPLUS,0.0,0.0,Low
2026-07-02,B005,P010,27,24,43,8,0,8,SURPLUS,0.0,0.0,Low
2026-07-02,B006,P001,41,41,86,13,0,32,SURPLUS,0.0,0.0,Low
2026-07-02,B006,P002,22,23,24,5,3,0,SHORTAGE,3.0,84302.67,Medium
2026-07-02,B006,P003,14,15,13,3,4,0,SHORTAGE,4.0,88966.56,High
2026-07-02,B006,P004,11,12,19,3,0,5,SURPLUS,0.0,0.0,Low
2026-07-02,B006,P005,33,35,71,7,0,31,SURPLUS,0.0,0.0,Low
2026-07-02,B006,P006,44,45,87,9,0,34,SURPLUS,0.0,0.0,Low
2026-07-02,B006,P007,14,15,9,4,9,0,SHORTAGE,9.0,103227.56999999999,Critical
2026-07-02,B006,P008,14,13,10,3,7,0,SHORTAGE,7.0,310567.18,Critical
2026-07-02,B006,P009,46,42,30,13,29,0,SHORTAGE,29.0,97598.34,Critical
2026-07-02,B006,P010,20,21,16,6,10,0,SHORTAGE,10.0,148774.8,Critical
2026-07-02,B007,P001,50,52,51,16,15,0,SHORTAGE,15.0,462107.7,High
2026-07-02,B007,P002,17,17,12,4,9,0,SHORTAGE,9.0,241463.97000000003,Critical
2026-07-02,B007,P003,21,19,18,6,9,0,SHORTAGE,9.0,199730.79,High
2026-07-02,B007,P004,12,12,15,3,0,0,BALANCED,0.0,0.0,Low
2026-07-02,B007,P005,23,23,21,6,8,0,SHORTAGE,8.0,401193.68,High
2026-07-02,B007,P006,55,55,48,14,21,0,SHORTAGE,21.0,358268.61,High
2026-07-02,B007,P007,9,10,5,3,7,0,SHORTAGE,7.0,85625.12,Critical
2026-07-02,B007,P008,12,11,15,3,0,0,BALANCED,0.0,0.0,Low
2026-07-02,B007,P009,48,48,67,14,0,5,SURPLUS,0.0,0.0,Low
2026-07-02,B007,P010,22,20,22,7,7,0,SHORTAGE,7.0,107162.58,High
2026-07-02,B008,P001,33,36,35,11,9,0,SHORTAGE,9.0,277595.82,High
2026-07-02,B008,P002,11,12,19,3,0,5,SURPLUS,0.0,0.0,Low
2026-07-02,B008,P003,18,17,14,6,10,0,SHORTAGE,10.0,250403.4,Critical
2026-07-02,B008,P004,12,12,13,3,2,0,SHORTAGE,2.0,17094.12,Medium
2026-07-02,B008,P005,20,20,28,4,0,4,SURPLUS,0.0,0.0,Low
2026-07-02,B008,P006,40,36,40,11,11,0,SHORTAGE,11.0,196878.44,High
2026-07-02,B008,P007,9,11,9,3,3,0,SHORTAGE,3.0,37611.93,High
2026-07-02,B008,P008,18,17,9,3,12,0,SHORTAGE,12.0,502577.16000000003,Critical
2026-07-02,B008,P009,51,44,45,10,16,0,SHORTAGE,16.0,54661.6,High
2026-07-02,B008,P010,22,20,46,5,0,19,SURPLUS,0.0,0.0,Low
2026-07-03,B001,P001,82,75,163,16,0,65,SURPLUS,0.0,0.0,Low
2026-07-03,B001,P002,29,28,42,9,0,4,SURPLUS,0.0,0.0,Low
2026-07-03,B001,P003,33,30,37,9,5,0,SHORTAGE,5.0,111558.75,Medium
2026-07-03,B001,P004,26,22,29,7,4,0,SHORTAGE,4.0,38141.76,Medium
2026-07-03,B001,P005,51,43,92,14,0,27,SURPLUS,0.0,0.0,Low
2026-07-03,B001,P006,79,83,104,18,0,7,SURPLUS,0.0,0.0,Low
2026-07-03,B001,P007,26,24,31,6,1,0,SHORTAGE,1.0,11117.01,Medium
2026-07-03,B001,P008,33,32,36,6,3,0,SHORTAGE,3.0,131905.98,Medium
2026-07-03,B001,P009,67,75,58,22,31,0,SHORTAGE,31.0,112546.74,Critical
2026-07-03,B001,P010,40,36,59,11,0,8,SURPLUS,0.0,0.0,Low
2026-07-03,B002,P001,40,40,45,13,8,0,SHORTAGE,8.0,259807.28,Medium
2026-07-03,B002,P002,19,18,35,4,0,12,SURPLUS,0.0,0.0,Low
2026-07-03,B002,P003,26,25,18,6,14,0,SHORTAGE,14.0,327237.26,Critical
2026-07-03,B002,P004,16,18,31,4,0,11,SURPLUS,0.0,0.0,Low
2026-07-03,B002,P005,43,39,74,11,0,20,SURPLUS,0.0,0.0,Low
2026-07-03,B002,P006,65,64,39,22,48,0,SHORTAGE,48.0,883354.08,Critical
2026-07-03,B002,P007,19,19,22,4,1,0,SHORTAGE,1.0,12934.33,Medium
2026-07-03,B002,P008,15,15,13,4,6,0,SHORTAGE,6.0,237191.03999999998,High
2026-07-03,B002,P009,52,49,108,15,0,41,SURPLUS,0.0,0.0,Low
2026-07-03,B002,P010,31,31,55,7,0,17,SURPLUS,0.0,0.0,Low
2026-07-03,B003,P001,62,56,98,14,0,22,SURPLUS,0.0,0.0,Low
2026-07-03,B003,P002,19,21,35,4,0,12,SURPLUS,0.0,0.0,Low
2026-07-03,B003,P003,26,25,29,6,3,0,SHORTAGE,3.0,75021.51,Medium
2026-07-03,B003,P004,18,19,16,4,6,0,SHORTAGE,6.0,55125.0,High
2026-07-03,B003,P005,38,40,44,9,3,0,SHORTAGE,3.0,137716.29,Medium
2026-07-03,B003,P006,53,51,89,15,0,21,SURPLUS,0.0,0.0,Low
2026-07-03,B003,P007,14,14,16,3,1,0,SHORTAGE,1.0,12064.52,Medium
2026-07-03,B003,P008,17,21,28,5,0,6,SURPLUS,0.0,0.0,Low
2026-07-03,B003,P009,59,57,124,13,0,52,SURPLUS,0.0,0.0,Low
2026-07-03,B003,P010,27,30,40,7,0,6,SURPLUS,0.0,0.0,Low
2026-07-03,B004,P001,58,54,62,13,9,0,SHORTAGE,9.0,296345.88,Medium
2026-07-03,B004,P002,16,16,30,3,0,11,SURPLUS,0.0,0.0,Low
2026-07-03,B004,P003,23,21,32,4,0,5,SURPLUS,0.0,0.0,Low
2026-07-03,B004,P004,20,19,19,5,6,0,SHORTAGE,6.0,56332.31999999999,High
2026-07-03,B004,P005,30,32,55,7,0,18,SURPLUS,0.0,0.0,Low
2026-07-03,B004,P006,50,54,41,11,20,0,SHORTAGE,20.0,362036.60000000003,High
2026-07-03,B004,P007,14,14,18,4,0,0,BALANCED,0.0,0.0,Low
2026-07-03,B004,P008,14,15,22,4,0,4,SURPLUS,0.0,0.0,Low
2026-07-03,B004,P009,47,49,40,13,20,0,SHORTAGE,20.0,74415.0,High
2026-07-03,B004,P010,16,18,24,4,0,4,SURPLUS,0.0,0.0,Low
2026-07-03,B005,P001,42,47,59,13,0,4,SURPLUS,0.0,0.0,Low
2026-07-03,B005,P002,18,19,35,4,0,13,SURPLUS,0.0,0.0,Low
2026-07-03,B005,P003,19,18,15,5,9,0,SHORTAGE,9.0,210732.02999999997,Critical
2026-07-03,B005,P004,16,16,7,4,13,0,SHORTAGE,13.0,121440.02000000002,Critical
2026-07-03,B005,P005,37,36,59,10,0,12,SURPLUS,0.0,0.0,Low
2026-07-03,B005,P006,48,47,33,10,25,0,SHORTAGE,25.0,441425.5,Critical
2026-07-03,B005,P007,16,15,18,3,1,0,SHORTAGE,1.0,12030.1,Medium
2026-07-03,B005,P008,20,18,21,5,4,0,SHORTAGE,4.0,169068.0,Medium
2026-07-03,B005,P009,55,56,88,18,0,15,SURPLUS,0.0,0.0,Low
2026-07-03,B005,P010,30,30,39,8,0,1,SURPLUS,0.0,0.0,Low
2026-07-03,B006,P001,38,36,43,10,5,0,SHORTAGE,5.0,148945.2,Medium
2026-07-03,B006,P002,12,12,20,3,0,5,SURPLUS,0.0,0.0,Low
2026-07-03,B006,P003,16,16,14,4,6,0,SHORTAGE,6.0,135982.68,High
2026-07-03,B006,P004,11,11,13,3,1,0,SHORTAGE,1.0,8708.19,Medium
2026-07-03,B006,P005,23,24,25,5,3,0,SHORTAGE,3.0,133915.2,Medium
2026-07-03,B006,P006,43,41,41,10,12,0,SHORTAGE,12.0,228027.48,High
2026-07-03,B006,P007,10,10,11,3,2,0,SHORTAGE,2.0,25034.14,Medium
2026-07-03,B006,P008,13,14,22,3,0,6,SURPLUS,0.0,0.0,Low
2026-07-03,B006,P009,35,35,35,9,9,0,SHORTAGE,9.0,31440.78,High
2026-07-03,B006,P010,23,22,41,6,0,12,SURPLUS,0.0,0.0,Low
2026-07-03,B007,P001,36,33,48,10,0,2,SURPLUS,0.0,0.0,Low
2026-07-03,B007,P002,19,18,19,5,5,0,SHORTAGE,5.0,148722.35,High
2026-07-03,B007,P003,14,14,15,4,3,0,SHORTAGE,3.0,67216.79999999999,High
2026-07-03,B007,P004,17,16,9,3,11,0,SHORTAGE,11.0,98397.20000000001,Critical
2026-07-03,B007,P005,29,31,20,8,17,0,SHORTAGE,17.0,836929.04,Critical
2026-07-03,B007,P006,47,49,62,9,0,6,SURPLUS,0.0,0.0,Low
2026-07-03,B007,P007,8,9,11,3,0,0,BALANCED,0.0,0.0,Low
2026-07-03,B007,P008,13,13,16,3,0,0,BALANCED,0.0,0.0,Low
2026-07-03,B007,P009,49,45,43,10,16,0,SHORTAGE,16.0,54854.56,High
2026-07-03,B007,P010,14,13,13,3,4,0,SHORTAGE,4.0,63959.52,High
2026-07-03,B008,P001,36,33,68,11,0,21,SURPLUS,0.0,0.0,Low
2026-07-03,B008,P002,21,19,15,4,10,0,SHORTAGE,10.0,269666.0,Critical
2026-07-03,B008,P003,21,22,20,6,7,0,SHORTAGE,7.0,174257.72,High
2026-07-03,B008,P004,18,17,10,5,13,0,SHORTAGE,13.0,118444.68999999999,Critical
2026-07-03,B008,P005,26,25,18,7,15,0,SHORTAGE,15.0,776656.5,Critical
2026-07-03,B008,P006,59,59,63,17,13,0,SHORTAGE,13.0,238304.82,High
2026-07-03,B008,P007,16,17,6,4,14,0,SHORTAGE,14.0,174605.34,Critical
2026-07-03,B008,P008,19,18,30,5,0,6,SURPLUS,0.0,0.0,Low
2026-07-03,B008,P009,33,39,59,10,0,16,SURPLUS,0.0,0.0,Low
2026-07-03,B008,P010,23,24,24,5,4,0,SHORTAGE,4.0,66287.68,Medium
2026-07-04,B001,P001,89,76,133,25,0,19,SURPLUS,0.0,0.0,Low
2026-07-04,B001,P002,28,31,46,6,0,12,SURPLUS,0.0,0.0,Low
2026-07-04,B001,P003,22,21,19,4,7,0,SHORTAGE,7.0,160490.05000000002,High
2026-07-04,B001,P004,25,24,27,7,5,0,SHORTAGE,5.0,44972.399999999994,Medium
2026-07-04,B001,P005,39,42,44,12,7,0,SHORTAGE,7.0,319037.45999999996,Medium
2026-07-04,B001,P006,106,92,169,30,0,33,SURPLUS,0.0,0.0,Low
2026-07-04,B001,P007,24,24,18,7,13,0,SHORTAGE,13.0,155574.9,Critical
2026-07-04,B001,P008,23,23,38,7,0,8,SURPLUS,0.0,0.0,Low
2026-07-04,B001,P009,63,61,80,19,2,0,SHORTAGE,2.0,6503.9,Medium
2026-07-04,B001,P010,40,42,48,13,5,0,SHORTAGE,5.0,77032.2,Medium
2026-07-04,B002,P001,49,49,94,10,0,35,SURPLUS,0.0,0.0,Low
2026-07-04,B002,P002,22,22,33,6,0,5,SURPLUS,0.0,0.0,Low
2026-07-04,B002,P003,18,19,37,5,0,14,SURPLUS,0.0,0.0,Low
2026-07-04,B002,P004,14,15,25,4,0,7,SURPLUS,0.0,0.0,Low
2026-07-04,B002,P005,37,38,55,10,0,8,SURPLUS,0.0,0.0,Low
2026-07-04,B002,P006,80,71,64,23,39,0,SHORTAGE,39.0,661672.44,Critical
2026-07-04,B002,P007,19,18,21,5,3,0,SHORTAGE,3.0,33478.68,Medium
2026-07-04,B002,P008,18,19,29,6,0,5,SURPLUS,0.0,0.0,Low
2026-07-04,B002,P009,63,66,58,17,22,0,SHORTAGE,22.0,81565.44,High
2026-07-04,B002,P010,34,32,41,10,3,0,SHORTAGE,3.0,46799.340000000004,Medium
2026-07-04,B003,P001,58,46,81,12,0,11,SURPLUS,0.0,0.0,Low
2026-07-04,B003,P002,17,18,16,3,4,0,SHORTAGE,4.0,108637.28,High
2026-07-04,B003,P003,25,25,20,6,11,0,SHORTAGE,11.0,256259.96000000002,High
2026-07-04,B003,P004,18,19,20,4,2,0,SHORTAGE,2.0,17607.44,Medium
2026-07-04,B003,P005,28,27,45,7,0,10,SURPLUS,0.0,0.0,Low
2026-07-04,B003,P006,52,52,57,16,11,0,SHORTAGE,11.0,202946.37,High
2026-07-04,B003,P007,15,16,20,4,0,1,SURPLUS,0.0,0.0,Low
2026-07-04,B003,P008,13,14,10,4,7,0,SHORTAGE,7.0,312876.97,Critical
2026-07-04,B003,P009,33,34,55,9,0,13,SURPLUS,0.0,0.0,Low
2026-07-04,B003,P010,28,29,47,7,0,12,SURPLUS,0.0,0.0,Low
2026-07-04,B004,P001,34,31,41,11,4,0,SHORTAGE,4.0,120345.92,Medium
2026-07-04,B004,P002,16,17,26,3,0,7,SURPLUS,0.0,0.0,Low
2026-07-04,B004,P003,20,23,24,6,2,0,SHORTAGE,2.0,44414.9,Medium
2026-07-04,B004,P004,18,19,12,6,12,0,SHORTAGE,12.0,114892.08,Critical
2026-07-04,B004,P005,32,30,22,9,19,0,SHORTAGE,19.0,965197.15,Critical
2026-07-04,B004,P006,50,54,64,16,2,0,SHORTAGE,2.0,33276.52,Medium
2026-07-04,B004,P007,15,16,29,3,0,11,SURPLUS,0.0,0.0,Low
2026-07-04,B004,P008,22,19,27,6,1,0,SHORTAGE,1.0,40107.94,Medium
2026-07-04,B004,P009,40,39,20,9,29,0,SHORTAGE,29.0,103097.31999999999,Critical
2026-07-04,B004,P010,27,29,19,7,15,0,SHORTAGE,15.0,233487.6,Critical
2026-07-04,B005,P001,45,45,34,14,25,0,SHORTAGE,25.0,845529.0000000001,Critical
2026-07-04,B005,P002,16,15,19,3,0,0,BALANCED,0.0,0.0,Low
2026-07-04,B005,P003,29,24,32,7,4,0,SHORTAGE,4.0,97565.56,Medium
2026-07-04,B005,P004,14,15,17,4,1,0,SHORTAGE,1.0,9254.05,Medium
2026-07-04,B005,P005,27,29,39,7,0,5,SURPLUS,0.0,0.0,Low
2026-07-04,B005,P006,47,53,30,15,32,0,SHORTAGE,32.0,613544.0,Critical
2026-07-04,B005,P007,11,14,14,3,0,0,BALANCED,0.0,0.0,Low
2026-07-04,B005,P008,18,18,20,4,2,0,SHORTAGE,2.0,82612.94,Medium
2026-07-04,B005,P009,50,47,73,10,0,13,SURPLUS,0.0,0.0,Low
2026-07-04,B005,P010,26,27,22,8,12,0,SHORTAGE,12.0,203742.96000000002,Critical
2026-07-04,B006,P001,52,46,92,12,0,28,SURPLUS,0.0,0.0,Low
2026-07-04,B006,P002,17,16,26,5,0,4,SURPLUS,0.0,0.0,Low
2026-07-04,B006,P003,19,19,20,4,3,0,SHORTAGE,3.0,74058.27,Medium
2026-07-04,B006,P004,16,15,10,4,10,0,SHORTAGE,10.0,85274.59999999999,Critical
2026-07-04,B006,P005,25,27,12,5,18,0,SHORTAGE,18.0,862064.64,Critical
2026-07-04,B006,P006,61,61,59,19,21,0,SHORTAGE,21.0,351835.47,High
2026-07-04,B006,P007,13,12,14,3,2,0,SHORTAGE,2.0,23794.26,Medium
2026-07-04,B006,P008,10,12,18,3,0,5,SURPLUS,0.0,0.0,Low
2026-07-04,B006,P009,60,56,67,18,11,0,SHORTAGE,11.0,36298.35,Medium
2026-07-04,B006,P010,21,25,13,5,13,0,SHORTAGE,13.0,211194.49,Critical
2026-07-04,B007,P001,51,45,40,12,23,0,SHORTAGE,23.0,758171.08,Critical
2026-07-04,B007,P002,16,16,14,3,5,0,SHORTAGE,5.0,138076.95,High
2026-07-04,B007,P003,10,11,6,3,7,0,SHORTAGE,7.0,178440.29,Critical
2026-07-04,B007,P004,13,13,17,3,0,1,SURPLUS,0.0,0.0,Low
2026-07-04,B007,P005,19,19,26,5,0,2,SURPLUS,0.0,0.0,Low
2026-07-04,B007,P006,59,55,68,13,4,0,SHORTAGE,4.0,75809.52,Medium
2026-07-04,B007,P007,13,15,15,3,1,0,SHORTAGE,1.0,11811.42,Medium
2026-07-04,B007,P008,13,12,23,3,0,7,SURPLUS,0.0,0.0,Low
2026-07-04,B007,P009,55,62,107,12,0,40,SURPLUS,0.0,0.0,Low
2026-07-04,B007,P010,19,19,27,5,0,3,SURPLUS,0.0,0.0,Low
2026-07-04,B008,P001,45,43,60,14,0,1,SURPLUS,0.0,0.0,Low
2026-07-04,B008,P002,23,25,27,7,3,0,SHORTAGE,3.0,83408.37,Medium
2026-07-04,B008,P003,23,22,42,6,0,13,SURPLUS,0.0,0.0,Low
2026-07-04,B008,P004,12,11,10,3,5,0,SHORTAGE,5.0,48395.05,High
2026-07-04,B008,P005,38,38,58,11,0,9,SURPLUS,0.0,0.0,Low
2026-07-04,B008,P006,64,68,97,17,0,16,SURPLUS,0.0,0.0,Low
2026-07-04,B008,P007,16,16,13,4,7,0,SHORTAGE,7.0,86130.8,High
2026-07-04,B008,P008,18,17,18,3,3,0,SHORTAGE,3.0,129778.11000000002,Medium
2026-07-04,B008,P009,43,45,64,9,0,12,SURPLUS,0.0,0.0,Low
2026-07-04,B008,P010,29,27,51,6,0,16,SURPLUS,0.0,0.0,Low
2026-07-05,B001,P001,42,44,44,9,7,0,SHORTAGE,7.0,220598.91,Medium
2026-07-05,B001,P002,23,24,28,7,2,0,SHORTAGE,2.0,53443.06,Medium
2026-07-05,B001,P003,24,23,31,7,0,0,BALANCED,0.0,0.0,Low
2026-07-05,B001,P004,25,21,20,6,11,0,SHORTAGE,11.0,100002.54,High
2026-07-05,B001,P005,38,39,44,9,3,0,SHORTAGE,3.0,146985.0,Medium
2026-07-05,B001,P006,60,67,51,12,21,0,SHORTAGE,21.0,383654.04000000004,High
2026-07-05,B001,P007,17,16,21,3,0,1,SURPLUS,0.0,0.0,Low
2026-07-05,B001,P008,14,16,20,4,0,2,SURPLUS,0.0,0.0,Low
2026-07-05,B001,P009,78,72,63,15,30,0,SHORTAGE,30.0,112829.7,High
2026-07-05,B001,P010,33,35,32,11,12,0,SHORTAGE,12.0,207343.56,High
2026-07-05,B002,P001,49,49,52,13,10,0,SHORTAGE,10.0,313277.8,High
2026-07-05,B002,P002,18,20,30,4,0,8,SURPLUS,0.0,0.0,Low
2026-07-05,B002,P003,22,24,24,6,4,0,SHORTAGE,4.0,99664.84,Medium
2026-07-05,B002,P004,17,15,12,4,9,0,SHORTAGE,9.0,85190.13,Critical
2026-07-05,B002,P005,22,22,11,7,18,0,SHORTAGE,18.0,797551.92,Critical
2026-07-05,B002,P006,56,51,57,18,17,0,SHORTAGE,17.0,283559.49,High
2026-07-05,B002,P007,13,12,23,4,0,6,SURPLUS,0.0,0.0,Low
2026-07-05,B002,P008,16,17,11,4,9,0,SHORTAGE,9.0,368432.27999999997,Critical
2026-07-05,B002,P009,32,31,20,8,20,0,SHORTAGE,20.0,75311.0,Critical
2026-07-05,B002,P010,34,29,46,11,0,1,SURPLUS,0.0,0.0,Low
2026-07-05,B003,P001,36,41,52,11,0,5,SURPLUS,0.0,0.0,Low
2026-07-05,B003,P002,25,24,30,7,2,0,SHORTAGE,2.0,58021.62,Medium
2026-07-05,B003,P003,19,21,29,6,0,4,SURPLUS,0.0,0.0,Low
2026-07-05,B003,P004,14,16,28,4,0,10,SURPLUS,0.0,0.0,Low
2026-07-05,B003,P005,26,26,13,5,18,0,SHORTAGE,18.0,813442.14,Critical
2026-07-05,B003,P006,62,65,118,15,0,41,SURPLUS,0.0,0.0,Low
2026-07-05,B003,P007,16,19,10,4,10,0,SHORTAGE,10.0,114416.4,Critical
2026-07-05,B003,P008,13,13,17,4,0,0,BALANCED,0.0,0.0,Low
2026-07-05,B003,P009,33,32,50,8,0,9,SURPLUS,0.0,0.0,Low
2026-07-05,B003,P010,29,27,50,7,0,14,SURPLUS,0.0,0.0,Low
2026-07-05,B004,P001,34,37,31,10,13,0,SHORTAGE,13.0,393549.26,High
2026-07-05,B004,P002,18,18,29,5,0,6,SURPLUS,0.0,0.0,Low
2026-07-05,B004,P003,13,13,20,3,0,4,SURPLUS,0.0,0.0,Low
2026-07-05,B004,P004,15,15,31,3,0,13,SURPLUS,0.0,0.0,Low
2026-07-05,B004,P005,16,18,29,5,0,8,SURPLUS,0.0,0.0,Low
2026-07-05,B004,P006,35,31,68,11,0,22,SURPLUS,0.0,0.0,Low
2026-07-05,B004,P007,11,11,16,3,0,2,SURPLUS,0.0,0.0,Low
2026-07-05,B004,P008,13,13,22,3,0,6,SURPLUS,0.0,0.0,Low
2026-07-05,B004,P009,27,37,38,6,0,5,SURPLUS,0.0,0.0,Low
2026-07-05,B004,P010,18,16,30,4,0,8,SURPLUS,0.0,0.0,Low
2026-07-05,B005,P001,45,49,74,14,0,15,SURPLUS,0.0,0.0,Low
2026-07-05,B005,P002,18,18,24,4,0,2,SURPLUS,0.0,0.0,Low
2026-07-05,B005,P003,15,16,14,3,4,0,SHORTAGE,4.0,103170.76,High
2026-07-05,B005,P004,18,16,31,4,0,9,SURPLUS,0.0,0.0,Low
2026-07-05,B005,P005,25,24,48,6,0,17,SURPLUS,0.0,0.0,Low
2026-07-05,B005,P006,41,40,39,10,12,0,SHORTAGE,12.0,208017.36,High
2026-07-05,B005,P007,14,14,11,3,6,0,SHORTAGE,6.0,74470.14,High
2026-07-05,B005,P008,19,19,13,5,11,0,SHORTAGE,11.0,436795.15,Critical
2026-07-05,B005,P009,46,40,75,15,0,14,SURPLUS,0.0,0.0,Low
2026-07-05,B005,P010,24,26,17,5,12,0,SHORTAGE,12.0,190013.16,Critical
2026-07-05,B006,P001,17,17,28,3,0,8,SURPLUS,0.0,0.0,Low
2026-07-05,B006,P002,15,16,27,4,0,8,SURPLUS,0.0,0.0,Low
2026-07-05,B006,P003,18,18,25,3,0,4,SURPLUS,0.0,0.0,Low
2026-07-05,B006,P004,12,13,17,3,0,2,SURPLUS,0.0,0.0,Low
2026-07-05,B006,P005,21,20,30,6,0,3,SURPLUS,0.0,0.0,Low
2026-07-05,B006,P006,41,42,45,8,4,0,SHORTAGE,4.0,77011.12,Medium
2026-07-05,B006,P007,11,10,18,3,0,4,SURPLUS,0.0,0.0,Low
2026-07-05,B006,P008,14,14,24,4,0,6,SURPLUS,0.0,0.0,Low
2026-07-05,B006,P009,34,35,32,8,10,0,SHORTAGE,10.0,35104.7,High
2026-07-05,B006,P010,19,21,26,6,0,1,SURPLUS,0.0,0.0,Low
2026-07-05,B007,P001,21,22,26,4,0,1,SURPLUS,0.0,0.0,Low
2026-07-05,B007,P002,14,15,27,3,0,10,SURPLUS,0.0,0.0,Low
2026-07-05,B007,P003,23,21,9,5,19,0,SHORTAGE,19.0,468842.86,Critical
2026-07-05,B007,P004,16,14,12,4,8,0,SHORTAGE,8.0,67588.64,Critical
2026-07-05,B007,P005,26,25,37,5,0,6,SURPLUS,0.0,0.0,Low
2026-07-05,B007,P006,50,50,101,14,0,37,SURPLUS,0.0,0.0,Low
2026-07-05,B007,P007,9,9,15,3,0,3,SURPLUS,0.0,0.0,Low
2026-07-05,B007,P008,11,13,18,3,0,4,SURPLUS,0.0,0.0,Low
2026-07-05,B007,P009,27,29,25,6,8,0,SHORTAGE,8.0,29042.64,High
2026-07-05,B007,P010,31,27,28,7,10,0,SHORTAGE,10.0,159833.6,High
2026-07-05,B008,P001,27,27,43,7,0,9,SURPLUS,0.0,0.0,Low
2026-07-05,B008,P002,10,11,11,3,2,0,SHORTAGE,2.0,59224.02,Medium
2026-07-05,B008,P003,19,17,15,5,9,0,SHORTAGE,9.0,214014.33,Critical
2026-07-05,B008,P004,13,14,16,3,0,0,BALANCED,0.0,0.0,Low
2026-07-05,B008,P005,21,21,42,5,0,16,SURPLUS,0.0,0.0,Low
2026-07-05,B008,P006,56,56,79,12,0,11,SURPLUS,0.0,0.0,Low
2026-07-05,B008,P007,15,14,14,3,4,0,SHORTAGE,4.0,48115.24,High
2026-07-05,B008,P008,15,16,25,3,0,7,SURPLUS,0.0,0.0,Low
2026-07-05,B008,P009,28,31,48,7,0,13,SURPLUS,0.0,0.0,Low
2026-07-05,B008,P010,22,20,35,6,0,7,SURPLUS,0.0,0.0,Low
2026-07-06,B001,P001,66,72,109,14,0,29,SURPLUS,0.0,0.0,Low
2026-07-06,B001,P002,28,29,33,9,4,0,SHORTAGE,4.0,112741.36,Medium
2026-07-06,B001,P003,26,25,19,6,13,0,SHORTAGE,13.0,317379.01,Critical
2026-07-06,B001,P004,17,18,17,4,4,0,SHORTAGE,4.0,38800.8,High
2026-07-06,B001,P005,25,29,35,7,0,3,SURPLUS,0.0,0.0,Low
2026-07-06,B001,P006,108,96,203,21,0,74,SURPLUS,0.0,0.0,Low
2026-07-06,B001,P007,18,19,17,4,5,0,SHORTAGE,5.0,60074.95,High
2026-07-06,B001,P008,25,23,41,8,0,8,SURPLUS,0.0,0.0,Low
2026-07-06,B001,P009,73,63,122,23,0,26,SURPLUS,0.0,0.0,Low
2026-07-06,B001,P010,48,38,46,15,17,0,SHORTAGE,17.0,268071.81,High
2026-07-06,B002,P001,48,44,98,13,0,37,SURPLUS,0.0,0.0,Low
2026-07-06,B002,P002,20,20,39,4,0,15,SURPLUS,0.0,0.0,Low
2026-07-06,B002,P003,19,19,23,4,0,0,BALANCED,0.0,0.0,Low
2026-07-06,B002,P004,18,19,16,5,7,0,SHORTAGE,7.0,59005.09999999999,High
2026-07-06,B002,P005,38,37,60,11,0,11,SURPLUS,0.0,0.0,Low
2026-07-06,B002,P006,59,52,56,17,20,0,SHORTAGE,20.0,346074.19999999995,High
2026-07-06,B002,P007,21,19,27,7,1,0,SHORTAGE,1.0,11949.93,Medium
2026-07-06,B002,P008,17,15,16,4,5,0,SHORTAGE,5.0,222386.30000000002,High
2026-07-06,B002,P009,38,38,63,8,0,17,SURPLUS,0.0,0.0,Low
2026-07-06,B002,P010,28,34,37,7,0,2,SURPLUS,0.0,0.0,Low
2026-07-06,B003,P001,43,46,64,10,0,11,SURPLUS,0.0,0.0,Low
2026-07-06,B003,P002,19,19,28,6,0,3,SURPLUS,0.0,0.0,Low
2026-07-06,B003,P003,19,18,10,5,14,0,SHORTAGE,14.0,357392.13999999996,Critical
2026-07-06,B003,P004,19,19,30,5,0,6,SURPLUS,0.0,0.0,Low
2026-07-06,B003,P005,33,31,61,10,0,18,SURPLUS,0.0,0.0,Low
2026-07-06,B003,P006,57,52,30,11,38,0,SHORTAGE,38.0,631156.82,Critical
2026-07-06,B003,P007,18,17,31,3,0,10,SURPLUS,0.0,0.0,Low
2026-07-06,B003,P008,9,11,14,3,0,2,SURPLUS,0.0,0.0,Low
2026-07-06,B003,P009,44,49,85,14,0,27,SURPLUS,0.0,0.0,Low
2026-07-06,B003,P010,18,23,21,5,2,0,SHORTAGE,2.0,34299.9,Medium
2026-07-06,B004,P001,51,46,99,13,0,35,SURPLUS,0.0,0.0,Low
2026-07-06,B004,P002,22,21,23,7,6,0,SHORTAGE,6.0,170143.02,High
2026-07-06,B004,P003,16,16,27,3,0,8,SURPLUS,0.0,0.0,Low
2026-07-06,B004,P004,15,15,29,4,0,10,SURPLUS,0.0,0.0,Low
2026-07-06,B004,P005,27,25,26,7,8,0,SHORTAGE,8.0,379289.68,High
2026-07-06,B004,P006,55,51,84,13,0,16,SURPLUS,0.0,0.0,Low
2026-07-06,B004,P007,13,14,19,3,0,3,SURPLUS,0.0,0.0,Low
2026-07-06,B004,P008,21,19,35,7,0,7,SURPLUS,0.0,0.0,Low
2026-07-06,B004,P009,44,43,24,14,34,0,SHORTAGE,34.0,113493.36,Critical
2026-07-06,B004,P010,19,19,12,6,13,0,SHORTAGE,13.0,224150.94,Critical
2026-07-06,B005,P001,41,39,67,9,0,17,SURPLUS,0.0,0.0,Low
2026-07-06,B005,P002,16,15,12,4,8,0,SHORTAGE,8.0,238272.88,Critical
2026-07-06,B005,P003,21,22,12,4,13,0,SHORTAGE,13.0,315165.37,Critical
2026-07-06,B005,P004,12,14,10,3,5,0,SHORTAGE,5.0,42654.55,High
2026-07-06,B005,P005,24,26,42,5,0,13,SURPLUS,0.0,0.0,Low
2026-07-06,B005,P006,49,58,68,17,0,2,SURPLUS,0.0,0.0,Low
2026-07-06,B005,P007,9,10,14,3,0,2,SURPLUS,0.0,0.0,Low
2026-07-06,B005,P008,14,15,22,3,0,5,SURPLUS,0.0,0.0,Low
2026-07-06,B005,P009,66,58,101,18,0,17,SURPLUS,0.0,0.0,Low
2026-07-06,B005,P010,19,20,14,6,11,0,SHORTAGE,11.0,173368.69,Critical
2026-07-06,B006,P001,38,38,52,13,0,1,SURPLUS,0.0,0.0,Low
2026-07-06,B006,P002,15,14,24,4,0,5,SURPLUS,0.0,0.0,Low
2026-07-06,B006,P003,17,18,19,4,2,0,SHORTAGE,2.0,50247.12,Medium
2026-07-06,B006,P004,8,9,10,3,1,0,SHORTAGE,1.0,8621.4,Medium
2026-07-06,B006,P005,19,20,25,6,0,0,BALANCED,0.0,0.0,Low
2026-07-06,B006,P006,54,47,107,16,0,37,SURPLUS,0.0,0.0,Low
2026-07-06,B006,P007,10,12,18,3,0,5,SURPLUS,0.0,0.0,Low
2026-07-06,B006,P008,14,15,28,4,0,10,SURPLUS,0.0,0.0,Low
2026-07-06,B006,P009,37,40,33,8,12,0,SHORTAGE,12.0,41274.840000000004,High
2026-07-06,B006,P010,31,29,44,7,0,6,SURPLUS,0.0,0.0,Low
2026-07-06,B007,P001,38,34,29,12,21,0,SHORTAGE,21.0,721619.6399999999,Critical
2026-07-06,B007,P002,13,14,19,3,0,3,SURPLUS,0.0,0.0,Low
2026-07-06,B007,P003,18,17,13,4,9,0,SHORTAGE,9.0,223466.67,Critical
2026-07-06,B007,P004,7,9,5,3,5,0,SHORTAGE,5.0,47516.65,Critical
2026-07-06,B007,P005,26,27,25,8,9,0,SHORTAGE,9.0,401712.21,High
2026-07-06,B007,P006,47,51,56,11,2,0,SHORTAGE,2.0,34210.9,Medium
2026-07-06,B007,P007,15,16,26,4,0,7,SURPLUS,0.0,0.0,Low
2026-07-06,B007,P008,15,15,22,3,0,4,SURPLUS,0.0,0.0,Low
2026-07-06,B007,P009,41,45,32,9,18,0,SHORTAGE,18.0,62294.04,High
2026-07-06,B007,P010,18,18,15,4,7,0,SHORTAGE,7.0,105496.65000000001,High
2026-07-06,B008,P001,28,28,34,6,0,0,BALANCED,0.0,0.0,Low
2026-07-06,B008,P002,13,13,15,4,2,0,SHORTAGE,2.0,56542.8,Medium
2026-07-06,B008,P003,17,17,24,4,0,3,SURPLUS,0.0,0.0,Low
2026-07-06,B008,P004,14,14,18,4,0,0,BALANCED,0.0,0.0,Low
2026-07-06,B008,P005,17,16,26,5,0,4,SURPLUS,0.0,0.0,Low
2026-07-06,B008,P006,42,43,20,9,31,0,SHORTAGE,31.0,601696.36,Critical
2026-07-06,B008,P007,11,13,18,3,0,4,SURPLUS,0.0,0.0,Low
2026-07-06,B008,P008,10,10,9,3,4,0,SHORTAGE,4.0,159470.24,High
2026-07-06,B008,P009,46,44,64,11,0,7,SURPLUS,0.0,0.0,Low
2026-07-06,B008,P010,20,21,37,5,0,12,SURPLUS,0.0,0.0,Low
2026-07-07,B001,P001,60,57,31,18,47,0,SHORTAGE,47.0,1531142.97,Critical
2026-07-07,B001,P002,24,24,23,7,8,0,SHORTAGE,8.0,207756.8,High
2026-07-07,B001,P003,23,21,15,5,13,0,SHORTAGE,13.0,320777.08,Critical
2026-07-07,B001,P004,16,17,25,3,0,6,SURPLUS,0.0,0.0,Low
2026-07-07,B001,P005,31,30,44,8,0,5,SURPLUS,0.0,0.0,Low
2026-07-07,B001,P006,49,51,47,12,14,0,SHORTAGE,14.0,233575.86000000002,High
2026-07-07,B001,P007,21,22,14,6,13,0,SHORTAGE,13.0,164602.88,Critical
2026-07-07,B001,P008,21,22,26,5,0,0,BALANCED,0.0,0.0,Low
2026-07-07,B001,P009,49,46,57,10,2,0,SHORTAGE,2.0,7521.64,Medium
2026-07-07,B001,P010,29,30,47,9,0,9,SURPLUS,0.0,0.0,Low
2026-07-07,B002,P001,45,46,79,13,0,21,SURPLUS,0.0,0.0,Low
2026-07-07,B002,P002,20,19,33,5,0,8,SURPLUS,0.0,0.0,Low
2026-07-07,B002,P003,23,23,23,4,4,0,SHORTAGE,4.0,98484.0,Medium
2026-07-07,B002,P004,14,14,23,3,0,6,SURPLUS,0.0,0.0,Low
2026-07-07,B002,P005,27,27,33,5,0,1,SURPLUS,0.0,0.0,Low
2026-07-07,B002,P006,58,53,92,13,0,21,SURPLUS,0.0,0.0,Low
2026-07-07,B002,P007,15,17,28,3,0,10,SURPLUS,0.0,0.0,Low
2026-07-07,B002,P008,13,14,11,3,5,0,SHORTAGE,5.0,196221.19999999998,High
2026-07-07,B002,P009,32,33,25,10,17,0,SHORTAGE,17.0,55228.24,Critical
2026-07-07,B002,P010,33,31,48,8,0,7,SURPLUS,0.0,0.0,Low
2026-07-07,B003,P001,39,37,35,8,12,0,SHORTAGE,12.0,395040.60000000003,High
2026-07-07,B003,P002,21,19,40,5,0,14,SURPLUS,0.0,0.0,Low
2026-07-07,B003,P003,19,18,23,4,0,0,BALANCED,0.0,0.0,Low
2026-07-07,B003,P004,12,12,16,3,0,1,SURPLUS,0.0,0.0,Low
2026-07-07,B003,P005,37,32,38,12,11,0,SHORTAGE,11.0,520497.34,High
2026-07-07,B003,P006,77,70,117,21,0,19,SURPLUS,0.0,0.0,Low
2026-07-07,B003,P007,17,17,32,3,0,12,SURPLUS,0.0,0.0,Low
2026-07-07,B003,P008,20,19,25,6,1,0,SHORTAGE,1.0,40574.23,Medium
2026-07-07,B003,P009,54,52,84,13,0,17,SURPLUS,0.0,0.0,Low
2026-07-07,B003,P010,28,28,39,6,0,5,SURPLUS,0.0,0.0,Low
2026-07-07,B004,P001,47,45,76,9,0,20,SURPLUS,0.0,0.0,Low
2026-07-07,B004,P002,21,20,26,6,1,0,SHORTAGE,1.0,29004.66,Medium
2026-07-07,B004,P003,19,21,10,6,15,0,SHORTAGE,15.0,363681.75,Critical
2026-07-07,B004,P004,12,15,9,3,6,0,SHORTAGE,6.0,50981.94,Critical
2026-07-07,B004,P005,22,20,36,6,0,8,SURPLUS,0.0,0.0,Low
2026-07-07,B004,P006,72,62,134,17,0,45,SURPLUS,0.0,0.0,Low
2026-07-07,B004,P007,11,11,11,3,3,0,SHORTAGE,3.0,35094.12,High
2026-07-07,B004,P008,10,14,18,3,0,5,SURPLUS,0.0,0.0,Low
2026-07-07,B004,P009,27,29,39,5,0,7,SURPLUS,0.0,0.0,Low
2026-07-07,B004,P010,29,28,39,7,0,3,SURPLUS,0.0,0.0,Low
2026-07-07,B005,P001,34,35,67,7,0,26,SURPLUS,0.0,0.0,Low
2026-07-07,B005,P002,17,16,21,4,0,0,BALANCED,0.0,0.0,Low
2026-07-07,B005,P003,15,16,11,4,8,0,SHORTAGE,8.0,198162.8,Critical
2026-07-07,B005,P004,14,13,10,4,8,0,SHORTAGE,8.0,75081.6,Critical
2026-07-07,B005,P005,34,37,35,11,10,0,SHORTAGE,10.0,449897.8,High
2026-07-07,B005,P006,38,41,61,11,0,12,SURPLUS,0.0,0.0,Low
2026-07-07,B005,P007,12,14,8,3,7,0,SHORTAGE,7.0,80671.08,Critical
2026-07-07,B005,P008,12,12,17,4,0,1,SURPLUS,0.0,0.0,Low
2026-07-07,B005,P009,31,31,46,9,0,6,SURPLUS,0.0,0.0,Low
2026-07-07,B005,P010,22,21,31,7,0,2,SURPLUS,0.0,0.0,Low
2026-07-07,B006,P001,34,37,37,11,8,0,SHORTAGE,8.0,256242.96,High
2026-07-07,B006,P002,14,15,11,3,6,0,SHORTAGE,6.0,166712.09999999998,High
2026-07-07,B006,P003,9,10,9,3,3,0,SHORTAGE,3.0,75614.1,High
2026-07-07,B006,P004,10,10,8,3,5,0,SHORTAGE,5.0,42200.7,Critical
2026-07-07,B006,P005,18,19,12,4,10,0,SHORTAGE,10.0,446097.8,Critical
2026-07-07,B006,P006,44,45,30,9,23,0,SHORTAGE,23.0,415985.13,Critical
2026-07-07,B006,P007,14,14,12,3,5,0,SHORTAGE,5.0,59354.6,High
2026-07-07,B006,P008,18,15,20,4,2,0,SHORTAGE,2.0,81513.74,Medium
2026-07-07,B006,P009,49,47,37,15,27,0,SHORTAGE,27.0,100171.89,Critical
2026-07-07,B006,P010,14,16,24,4,0,6,SURPLUS,0.0,0.0,Low
2026-07-07,B007,P001,36,31,77,11,0,30,SURPLUS,0.0,0.0,Low
2026-07-07,B007,P002,13,15,17,3,0,1,SURPLUS,0.0,0.0,Low
2026-07-07,B007,P003,16,15,21,3,0,2,SURPLUS,0.0,0.0,Low
2026-07-07,B007,P004,10,12,7,3,6,0,SHORTAGE,6.0,53528.16,Critical
2026-07-07,B007,P005,25,25,38,7,0,6,SURPLUS,0.0,0.0,Low
2026-07-07,B007,P006,50,48,46,15,19,0,SHORTAGE,19.0,335094.83,High
2026-07-07,B007,P007,8,8,5,3,6,0,SHORTAGE,6.0,70822.56,Critical
2026-07-07,B007,P008,9,10,5,3,7,0,SHORTAGE,7.0,294961.94,Critical
2026-07-07,B007,P009,40,37,20,13,33,0,SHORTAGE,33.0,109684.08,Critical
2026-07-07,B007,P010,9,8,12,3,0,0,BALANCED,0.0,0.0,Low
2026-07-07,B008,P001,25,25,53,6,0,22,SURPLUS,0.0,0.0,Low
2026-07-07,B008,P002,14,15,10,4,8,0,SHORTAGE,8.0,233532.4,Critical
2026-07-07,B008,P003,16,16,16,4,4,0,SHORTAGE,4.0,97526.16,High
2026-07-07,B008,P004,10,10,15,3,0,2,SURPLUS,0.0,0.0,Low
2026-07-07,B008,P005,18,20,39,5,0,16,SURPLUS,0.0,0.0,Low
2026-07-07,B008,P006,72,72,100,22,0,6,SURPLUS,0.0,0.0,Low
2026-07-07,B008,P007,14,16,21,4,0,3,SURPLUS,0.0,0.0,Low
2026-07-07,B008,P008,14,12,17,4,1,0,SHORTAGE,1.0,42892.43,Medium
2026-07-07,B008,P009,31,32,61,6,0,24,SURPLUS,0.0,0.0,Low
2026-07-07,B008,P010,15,16,24,4,0,5,SURPLUS,0.0,0.0,Low
2026-07-08,B001,P001,50,55,74,14,0,10,SURPLUS,0.0,0.0,Low
2026-07-08,B001,P002,22,22,21,6,7,0,SHORTAGE,7.0,186458.93000000002,High
2026-07-08,B001,P003,31,26,30,6,7,0,SHORTAGE,7.0,168368.47999999998,High
2026-07-08,B001,P004,15,18,13,5,7,0,SHORTAGE,7.0,59015.11,Critical
2026-07-08,B001,P005,33,37,46,7,0,6,SURPLUS,0.0,0.0,Low
2026-07-08,B001,P006,65,60,42,17,40,0,SHORTAGE,40.0,734626.7999999999,Critical
2026-07-08,B001,P007,21,22,27,7,1,0,SHORTAGE,1.0,11421.4,Medium
2026-07-08,B001,P008,15,18,23,4,0,4,SURPLUS,0.0,0.0,Low
2026-07-08,B001,P009,55,61,59,12,8,0,SHORTAGE,8.0,25822.08,Medium
2026-07-08,B001,P010,33,31,32,8,9,0,SHORTAGE,9.0,148769.63999999998,High
2026-07-08,B002,P001,64,60,122,19,0,39,SURPLUS,0.0,0.0,Low
2026-07-08,B002,P002,16,15,15,3,4,0,SHORTAGE,4.0,103481.16,High
2026-07-08,B002,P003,29,29,44,6,0,9,SURPLUS,0.0,0.0,Low
2026-07-08,B002,P004,20,19,25,4,0,1,SURPLUS,0.0,0.0,Low
2026-07-08,B002,P005,31,30,47,6,0,10,SURPLUS,0.0,0.0,Low
2026-07-08,B002,P006,49,50,46,11,14,0,SHORTAGE,14.0,232114.82,High
2026-07-08,B002,P007,15,16,17,5,3,0,SHORTAGE,3.0,37993.68,Medium
2026-07-08,B002,P008,23,21,35,4,0,8,SURPLUS,0.0,0.0,Low
2026-07-08,B002,P009,55,57,57,18,16,0,SHORTAGE,16.0,58371.2,High
2026-07-08,B002,P010,27,25,40,5,0,8,SURPLUS,0.0,0.0,Low
2026-07-08,B003,P001,45,44,90,9,0,36,SURPLUS,0.0,0.0,Low
2026-07-08,B003,P002,17,16,28,5,0,6,SURPLUS,0.0,0.0,Low
2026-07-08,B003,P003,20,21,11,4,13,0,SHORTAGE,13.0,329427.02,Critical
2026-07-08,B003,P004,15,16,23,4,0,4,SURPLUS,0.0,0.0,Low
2026-07-08,B003,P005,34,34,59,11,0,14,SURPLUS,0.0,0.0,Low
2026-07-08,B003,P006,46,47,40,13,19,0,SHORTAGE,19.0,333780.79,High
2026-07-08,B003,P007,10,10,20,3,0,7,SURPLUS,0.0,0.0,Low
2026-07-08,B003,P008,14,16,9,3,8,0,SHORTAGE,8.0,315672.72,Critical
2026-07-08,B003,P009,43,43,60,12,0,5,SURPLUS,0.0,0.0,Low
2026-07-08,B003,P010,22,21,13,5,14,0,SHORTAGE,14.0,232829.65999999997,Critical
2026-07-08,B004,P001,37,37,37,12,12,0,SHORTAGE,12.0,379004.64,High
2026-07-08,B004,P002,15,16,14,4,5,0,SHORTAGE,5.0,145216.05,High
2026-07-08,B004,P003,19,19,12,5,12,0,SHORTAGE,12.0,282231.96,Critical
2026-07-08,B004,P004,10,10,17,3,0,4,SURPLUS,0.0,0.0,Low
2026-07-08,B004,P005,23,24,25,7,5,0,SHORTAGE,5.0,240341.55,High
2026-07-08,B004,P006,62,56,92,12,0,18,SURPLUS,0.0,0.0,Low
2026-07-08,B004,P007,10,10,17,3,0,4,SURPLUS,0.0,0.0,Low
2026-07-08,B004,P008,14,13,12,4,6,0,SHORTAGE,6.0,234607.91999999998,High
2026-07-08,B004,P009,29,31,20,6,15,0,SHORTAGE,15.0,50747.399999999994,Critical
2026-07-08,B004,P010,15,18,25,5,0,5,SURPLUS,0.0,0.0,Low
2026-07-08,B005,P001,37,38,43,9,3,0,SHORTAGE,3.0,90201.56999999999,Medium
2026-07-08,B005,P002,12,13,21,3,0,6,SURPLUS,0.0,0.0,Low
2026-07-08,B005,P003,18,18,11,5,12,0,SHORTAGE,12.0,308035.32,Critical
2026-07-08,B005,P004,14,14,25,3,0,8,SURPLUS,0.0,0.0,Low
2026-07-08,B005,P005,23,22,30,5,0,2,SURPLUS,0.0,0.0,Low
2026-07-08,B005,P006,46,49,49,14,11,0,SHORTAGE,11.0,188809.61,High
2026-07-08,B005,P007,12,12,11,3,4,0,SHORTAGE,4.0,45244.4,High
2026-07-08,B005,P008,16,15,21,4,0,1,SURPLUS,0.0,0.0,Low
2026-07-08,B005,P009,55,52,61,11,5,0,SHORTAGE,5.0,17096.7,Medium
2026-07-08,B005,P010,28,26,30,7,5,0,SHORTAGE,5.0,82019.40000000001,Medium
2026-07-08,B006,P001,50,44,45,15,20,0,SHORTAGE,20.0,636829.8,High
2026-07-08,B006,P002,6,7,6,3,3,0,SHORTAGE,3.0,78251.4,Critical
2026-07-08,B006,P003,15,15,11,4,8,0,SHORTAGE,8.0,181160.88,Critical
2026-07-08,B006,P004,8,8,10,3,1,0,SHORTAGE,1.0,8773.69,Medium
2026-07-08,B006,P005,25,27,45,7,0,13,SURPLUS,0.0,0.0,Low
2026-07-08,B006,P006,48,54,83,11,0,24,SURPLUS,0.0,0.0,Low
2026-07-08,B006,P007,14,14,12,3,5,0,SHORTAGE,5.0,62341.5,High
2026-07-08,B006,P008,19,19,24,4,0,1,SURPLUS,0.0,0.0,Low
2026-07-08,B006,P009,52,50,61,16,7,0,SHORTAGE,7.0,23963.940000000002,Medium
2026-07-08,B006,P010,25,23,36,6,0,5,SURPLUS,0.0,0.0,Low
2026-07-08,B007,P001,43,46,73,11,0,19,SURPLUS,0.0,0.0,Low
2026-07-08,B007,P002,13,13,15,3,1,0,SHORTAGE,1.0,26235.44,Medium
2026-07-08,B007,P003,9,12,10,3,2,0,SHORTAGE,2.0,47590.86,High
2026-07-08,B007,P004,4,4,1,3,6,0,SHORTAGE,6.0,53029.68000000001,Critical
2026-07-08,B007,P005,16,16,24,4,0,4,SURPLUS,0.0,0.0,Low
2026-07-08,B007,P006,47,47,55,13,5,0,SHORTAGE,5.0,94926.35,Medium
2026-07-08,B007,P007,7,7,13,3,0,3,SURPLUS,0.0,0.0,Low
2026-07-08,B007,P008,14,16,25,3,0,8,SURPLUS,0.0,0.0,Low
2026-07-08,B007,P009,30,31,34,6,2,0,SHORTAGE,2.0,7186.96,Medium
2026-07-08,B007,P010,14,15,12,4,6,0,SHORTAGE,6.0,100940.40000000001,High
2026-07-08,B008,P001,33,35,40,9,2,0,SHORTAGE,2.0,62768.52,Medium
2026-07-08,B008,P002,17,16,10,3,10,0,SHORTAGE,10.0,272311.69999999995,Critical
2026-07-08,B008,P003,25,22,33,6,0,2,SURPLUS,0.0,0.0,Low
2026-07-08,B008,P004,14,15,18,3,0,1,SURPLUS,0.0,0.0,Low
2026-07-08,B008,P005,27,27,36,9,0,0,BALANCED,0.0,0.0,Low
2026-07-08,B008,P006,56,57,25,11,42,0,SHORTAGE,42.0,734784.5399999999,Critical
2026-07-08,B008,P007,12,12,10,3,5,0,SHORTAGE,5.0,55919.0,High
2026-07-08,B008,P008,17,17,13,3,7,0,SHORTAGE,7.0,316634.78,High
2026-07-08,B008,P009,50,50,60,11,1,0,SHORTAGE,1.0,3543.46,Medium
2026-07-08,B008,P010,18,16,33,5,0,10,SURPLUS,0.0,0.0,Low
2026-07-09,B001,P001,73,68,107,17,0,17,SURPLUS,0.0,0.0,Low
2026-07-09,B001,P002,21,21,26,4,0,1,SURPLUS,0.0,0.0,Low
2026-07-09,B001,P003,30,27,27,8,11,0,SHORTAGE,11.0,258803.93000000002,High
2026-07-09,B001,P004,22,23,15,5,12,0,SHORTAGE,12.0,102135.0,Critical
2026-07-09,B001,P005,42,41,27,12,27,0,SHORTAGE,27.0,1380774.33,Critical
2026-07-09,B001,P006,55,58,38,16,33,0,SHORTAGE,33.0,612608.37,Critical
2026-07-09,B001,P007,18,18,10,4,12,0,SHORTAGE,12.0,135483.36000000002,Critical
2026-07-09,B001,P008,23,22,11,5,17,0,SHORTAGE,17.0,661152.27,Critical
2026-07-09,B001,P009,68,67,133,17,0,48,SURPLUS,0.0,0.0,Low
2026-07-09,B001,P010,39,39,40,8,7,0,SHORTAGE,7.0,114284.23999999999,Medium
2026-07-09,B002,P001,55,51,58,11,8,0,SHORTAGE,8.0,275781.52,Medium
2026-07-09,B002,P002,18,19,17,4,5,0,SHORTAGE,5.0,147851.3,High
2026-07-09,B002,P003,24,26,36,6,0,6,SURPLUS,0.0,0.0,Low
2026-07-09,B002,P004,13,14,22,3,0,6,SURPLUS,0.0,0.0,Low
2026-07-09,B002,P005,42,39,66,11,0,13,SURPLUS,0.0,0.0,Low
2026-07-09,B002,P006,62,63,104,17,0,25,SURPLUS,0.0,0.0,Low
2026-07-09,B002,P007,18,16,31,5,0,8,SURPLUS,0.0,0.0,Low
2026-07-09,B002,P008,21,19,38,6,0,11,SURPLUS,0.0,0.0,Low
2026-07-09,B002,P009,49,47,77,15,0,13,SURPLUS,0.0,0.0,Low
2026-07-09,B002,P010,33,33,49,9,0,7,SURPLUS,0.0,0.0,Low
2026-07-09,B003,P001,30,30,26,6,10,0,SHORTAGE,10.0,344992.0,High
2026-07-09,B003,P002,16,16,16,4,4,0,SHORTAGE,4.0,112386.2,High
2026-07-09,B003,P003,17,16,12,3,8,0,SHORTAGE,8.0,180769.76,Critical
2026-07-09,B003,P004,16,16,12,4,8,0,SHORTAGE,8.0,73261.52,Critical
2026-07-09,B003,P005,28,34,33,7,2,0,SHORTAGE,2.0,93478.14,Medium
2026-07-09,B003,P006,65,64,91,15,0,11,SURPLUS,0.0,0.0,Low
2026-07-09,B003,P007,11,11,11,3,3,0,SHORTAGE,3.0,34942.8,High
2026-07-09,B003,P008,16,15,17,4,3,0,SHORTAGE,3.0,131930.73,Medium
2026-07-09,B003,P009,47,45,46,9,10,0,SHORTAGE,10.0,36305.700000000004,High
2026-07-09,B003,P010,26,27,13,5,18,0,SHORTAGE,18.0,303898.14,Critical
2026-07-09,B004,P001,35,39,43,10,2,0,SHORTAGE,2.0,62678.78,Medium
2026-07-09,B004,P002,13,16,11,4,6,0,SHORTAGE,6.0,174736.08000000002,Critical
2026-07-09,B004,P003,21,18,43,5,0,17,SURPLUS,0.0,0.0,Low
2026-07-09,B004,P004,10,12,14,3,0,1,SURPLUS,0.0,0.0,Low
2026-07-09,B004,P005,24,23,46,8,0,14,SURPLUS,0.0,0.0,Low
2026-07-09,B004,P006,55,56,38,12,29,0,SHORTAGE,29.0,499476.27999999997,Critical
2026-07-09,B004,P007,11,12,10,3,4,0,SHORTAGE,4.0,45636.56,High
2026-07-09,B004,P008,16,14,22,5,0,1,SURPLUS,0.0,0.0,Low
2026-07-09,B004,P009,52,46,84,11,0,21,SURPLUS,0.0,0.0,Low
2026-07-09,B004,P010,27,29,35,8,0,0,BALANCED,0.0,0.0,Low
2026-07-09,B005,P001,43,49,29,12,26,0,SHORTAGE,26.0,793866.84,Critical
2026-07-09,B005,P002,13,13,24,4,0,7,SURPLUS,0.0,0.0,Low
2026-07-09,B005,P003,13,14,22,3,0,6,SURPLUS,0.0,0.0,Low
2026-07-09,B005,P004,11,12,19,3,0,5,SURPLUS,0.0,0.0,Low
2026-07-09,B005,P005,24,22,26,7,5,0,SHORTAGE,5.0,247408.15,High
2026-07-09,B005,P006,76,63,88,20,8,0,SHORTAGE,8.0,132527.84,Medium
2026-07-09,B005,P007,13,15,17,4,0,0,BALANCED,0.0,0.0,Low
2026-07-09,B005,P008,8,9,5,3,6,0,SHORTAGE,6.0,249829.62,Critical
2026-07-09,B005,P009,49,46,85,10,0,26,SURPLUS,0.0,0.0,Low
2026-07-09,B005,P010,22,23,17,6,11,0,SHORTAGE,11.0,185116.69,Critical
2026-07-09,B006,P001,32,34,46,7,0,7,SURPLUS,0.0,0.0,Low
2026-07-09,B006,P002,14,15,16,3,1,0,SHORTAGE,1.0,29839.78,Medium
2026-07-09,B006,P003,17,17,9,4,12,0,SHORTAGE,12.0,276824.64,Critical
2026-07-09,B006,P004,14,15,16,4,2,0,SHORTAGE,2.0,19245.16,Medium
2026-07-09,B006,P005,17,16,19,5,3,0,SHORTAGE,3.0,133047.81,Medium
2026-07-09,B006,P006,27,29,21,5,11,0,SHORTAGE,11.0,198450.67,High
2026-07-09,B006,P007,11,11,11,3,3,0,SHORTAGE,3.0,35765.82,High
2026-07-09,B006,P008,14,13,26,4,0,8,SURPLUS,0.0,0.0,Low
2026-07-09,B006,P009,38,37,41,10,7,0,SHORTAGE,7.0,25344.059999999998,Medium
2026-07-09,B006,P010,19,20,11,5,13,0,SHORTAGE,13.0,215179.63999999998,Critical
2026-07-09,B007,P001,16,20,22,3,0,3,SURPLUS,0.0,0.0,Low
2026-07-09,B007,P002,13,13,19,3,0,3,SURPLUS,0.0,0.0,Low
2026-07-09,B007,P003,16,15,23,4,0,3,SURPLUS,0.0,0.0,Low
2026-07-09,B007,P004,11,11,20,3,0,6,SURPLUS,0.0,0.0,Low
2026-07-09,B007,P005,29,28,27,7,9,0,SHORTAGE,9.0,399279.14999999997,High
2026-07-09,B007,P006,48,50,74,14,0,12,SURPLUS,0.0,0.0,Low
2026-07-09,B007,P007,11,12,19,3,0,5,SURPLUS,0.0,0.0,Low
2026-07-09,B007,P008,8,8,6,3,5,0,SHORTAGE,5.0,215807.15,Critical
2026-07-09,B007,P009,34,32,26,10,18,0,SHORTAGE,18.0,63804.24,Critical
2026-07-09,B007,P010,23,22,34,5,0,6,SURPLUS,0.0,0.0,Low
2026-07-09,B008,P001,42,37,26,14,30,0,SHORTAGE,30.0,907278.3,Critical
2026-07-09,B008,P002,18,19,30,4,0,8,SURPLUS,0.0,0.0,Low
2026-07-09,B008,P003,12,14,9,3,6,0,SHORTAGE,6.0,153119.58000000002,Critical
2026-07-09,B008,P004,9,9,13,3,0,1,SURPLUS,0.0,0.0,Low
2026-07-09,B008,P005,21,22,16,4,9,0,SHORTAGE,9.0,407212.47000000003,High
2026-07-09,B008,P006,65,66,85,21,1,0,SHORTAGE,1.0,17035.01,Medium
2026-07-09,B008,P007,15,13,21,4,0,2,SURPLUS,0.0,0.0,Low
2026-07-09,B008,P008,11,15,11,3,3,0,SHORTAGE,3.0,116057.91,High
2026-07-09,B008,P009,33,31,26,10,17,0,SHORTAGE,17.0,58384.63,Critical
2026-07-09,B008,P010,15,15,21,3,0,3,SURPLUS,0.0,0.0,Low
2026-07-10,B001,P001,72,68,59,17,30,0,SHORTAGE,30.0,980456.1,High
2026-07-10,B001,P002,21,23,33,6,0,6,SURPLUS,0.0,0.0,Low
2026-07-10,B001,P003,30,33,39,7,0,2,SURPLUS,0.0,0.0,Low
2026-07-10,B001,P004,25,27,17,5,13,0,SHORTAGE,13.0,126144.59,Critical
2026-07-10,B001,P005,39,40,62,9,0,14,SURPLUS,0.0,0.0,Low
2026-07-10,B001,P006,72,90,126,22,0,32,SURPLUS,0.0,0.0,Low
2026-07-10,B001,P007,23,23,42,6,0,13,SURPLUS,0.0,0.0,Low
2026-07-10,B001,P008,26,28,16,7,17,0,SHORTAGE,17.0,660810.23,Critical
2026-07-10,B001,P009,75,67,99,23,0,1,SURPLUS,0.0,0.0,Low
2026-07-10,B001,P010,37,37,33,10,14,0,SHORTAGE,14.0,212271.64,High
2026-07-10,B002,P001,43,43,73,14,0,16,SURPLUS,0.0,0.0,Low
2026-07-10,B002,P002,23,23,24,6,5,0,SHORTAGE,5.0,145612.19999999998,High
2026-07-10,B002,P003,26,23,22,8,12,0,SHORTAGE,12.0,274671.96,Critical
2026-07-10,B002,P004,16,16,20,4,0,0,BALANCED,0.0,0.0,Low
2026-07-10,B002,P005,28,28,27,8,9,0,SHORTAGE,9.0,431024.39999999997,High
2026-07-10,B002,P006,75,76,45,25,55,0,SHORTAGE,55.0,1008809.4500000001,Critical
2026-07-10,B002,P007,13,13,13,4,4,0,SHORTAGE,4.0,49010.28,High
2026-07-10,B002,P008,20,19,35,4,0,11,SURPLUS,0.0,0.0,Low
2026-07-10,B002,P009,50,54,80,16,0,14,SURPLUS,0.0,0.0,Low
2026-07-10,B002,P010,31,29,48,9,0,8,SURPLUS,0.0,0.0,Low
2026-07-10,B003,P001,50,54,82,15,0,17,SURPLUS,0.0,0.0,Low
2026-07-10,B003,P002,19,20,26,4,0,3,SURPLUS,0.0,0.0,Low
2026-07-10,B003,P003,17,20,11,3,9,0,SHORTAGE,9.0,210524.67,Critical
2026-07-10,B003,P004,17,16,22,5,0,0,BALANCED,0.0,0.0,Low
2026-07-10,B003,P005,24,27,45,7,0,14,SURPLUS,0.0,0.0,Low
2026-07-10,B003,P006,83,75,59,20,44,0,SHORTAGE,44.0,797325.76,Critical
2026-07-10,B003,P007,15,14,9,5,11,0,SHORTAGE,11.0,133600.72,Critical
2026-07-10,B003,P008,19,19,26,5,0,2,SURPLUS,0.0,0.0,Low
2026-07-10,B003,P009,62,59,82,12,0,8,SURPLUS,0.0,0.0,Low
2026-07-10,B003,P010,29,30,28,6,7,0,SHORTAGE,7.0,118450.15000000001,High
2026-07-10,B004,P001,36,35,50,12,0,2,SURPLUS,0.0,0.0,Low
2026-07-10,B004,P002,18,19,17,6,7,0,SHORTAGE,7.0,196654.85,High
2026-07-10,B004,P003,17,17,26,4,0,5,SURPLUS,0.0,0.0,Low
2026-07-10,B004,P004,14,15,9,3,8,0,SHORTAGE,8.0,76641.04,Critical
2026-07-10,B004,P005,29,32,41,6,0,6,SURPLUS,0.0,0.0,Low
2026-07-10,B004,P006,46,46,74,12,0,16,SURPLUS,0.0,0.0,Low
2026-07-10,B004,P007,16,16,16,4,4,0,SHORTAGE,4.0,47784.2,High
2026-07-10,B004,P008,15,15,20,4,0,1,SURPLUS,0.0,0.0,Low
2026-07-10,B004,P009,52,46,47,13,18,0,SHORTAGE,18.0,61035.48,High
2026-07-10,B004,P010,22,24,31,5,0,4,SURPLUS,0.0,0.0,Low
2026-07-10,B005,P001,49,49,46,12,15,0,SHORTAGE,15.0,499931.1,High
2026-07-10,B005,P002,19,20,26,4,0,3,SURPLUS,0.0,0.0,Low
2026-07-10,B005,P003,21,20,20,6,7,0,SHORTAGE,7.0,178910.9,High
2026-07-10,B005,P004,14,16,10,3,7,0,SHORTAGE,7.0,65366.34999999999,Critical
2026-07-10,B005,P005,33,31,56,7,0,16,SURPLUS,0.0,0.0,Low
2026-07-10,B005,P006,46,45,54,9,1,0,SHORTAGE,1.0,18296.2,Medium
2026-07-10,B005,P007,12,13,12,3,3,0,SHORTAGE,3.0,33566.31,High
2026-07-10,B005,P008,23,21,16,7,14,0,SHORTAGE,14.0,585301.9199999999,Critical
2026-07-10,B005,P009,46,44,64,12,0,6,SURPLUS,0.0,0.0,Low
2026-07-10,B005,P010,27,29,45,7,0,11,SURPLUS,0.0,0.0,Low
2026-07-10,B006,P001,39,38,32,9,16,0,SHORTAGE,16.0,511094.88,High
2026-07-10,B006,P002,16,18,14,4,6,0,SHORTAGE,6.0,164489.22,High
2026-07-10,B006,P003,33,30,26,9,16,0,SHORTAGE,16.0,389744.48,Critical
2026-07-10,B006,P004,11,11,9,3,5,0,SHORTAGE,5.0,42046.7,Critical
2026-07-10,B006,P005,27,29,45,8,0,10,SURPLUS,0.0,0.0,Low
2026-07-10,B006,P006,57,54,100,11,0,32,SURPLUS,0.0,0.0,Low
2026-07-10,B006,P007,10,11,5,3,8,0,SHORTAGE,8.0,94478.88,Critical
2026-07-10,B006,P008,14,16,6,3,11,0,SHORTAGE,11.0,455082.43,Critical
2026-07-10,B006,P009,36,37,26,10,20,0,SHORTAGE,20.0,68770.6,Critical
2026-07-10,B006,P010,23,23,21,6,8,0,SHORTAGE,8.0,125013.04,High
2026-07-10,B007,P001,53,51,83,16,0,14,SURPLUS,0.0,0.0,Low
2026-07-10,B007,P002,19,19,19,4,4,0,SHORTAGE,4.0,103707.0,High
2026-07-10,B007,P003,22,21,12,5,15,0,SHORTAGE,15.0,387346.2,Critical
2026-07-10,B007,P004,13,12,25,4,0,8,SURPLUS,0.0,0.0,Low
2026-07-10,B007,P005,37,34,34,8,11,0,SHORTAGE,11.0,555613.85,High
2026-07-10,B007,P006,43,43,48,11,6,0,SHORTAGE,6.0,108612.84,Medium
2026-07-10,B007,P007,10,10,21,3,0,8,SURPLUS,0.0,0.0,Low
2026-07-10,B007,P008,19,18,7,4,16,0,SHORTAGE,16.0,686105.28,Critical
2026-07-10,B007,P009,28,33,32,7,3,0,SHORTAGE,3.0,10267.77,Medium
2026-07-10,B007,P010,30,30,33,7,4,0,SHORTAGE,4.0,62101.12,Medium
2026-07-10,B008,P001,43,44,52,11,2,0,SHORTAGE,2.0,60859.8,Medium
2026-07-10,B008,P002,20,22,15,6,11,0,SHORTAGE,11.0,296530.52,Critical
2026-07-10,B008,P003,21,23,16,4,9,0,SHORTAGE,9.0,207272.34,High
2026-07-10,B008,P004,20,18,32,6,0,6,SURPLUS,0.0,0.0,Low
2026-07-10,B008,P005,26,26,47,7,0,14,SURPLUS,0.0,0.0,Low
2026-07-10,B008,P006,44,46,83,14,0,25,SURPLUS,0.0,0.0,Low
2026-07-10,B008,P007,10,11,17,3,0,4,SURPLUS,0.0,0.0,Low
2026-07-10,B008,P008,20,17,23,6,3,0,SHORTAGE,3.0,118061.91,Medium
2026-07-10,B008,P009,42,42,51,9,0,0,BALANCED,0.0,0.0,Low
2026-07-10,B008,P010,26,24,38,7,0,5,SURPLUS,0.0,0.0,Low
2026-07-11,B001,P001,49,49,92,13,0,30,SURPLUS,0.0,0.0,Low
2026-07-11,B001,P002,29,28,16,8,21,0,SHORTAGE,21.0,611341.71,Critical
2026-07-11,B001,P003,33,34,26,8,15,0,SHORTAGE,15.0,383928.0,Critical
2026-07-11,B001,P004,22,21,17,7,12,0,SHORTAGE,12.0,101138.16,Critical
2026-07-11,B001,P005,41,46,76,12,0,23,SURPLUS,0.0,0.0,Low
2026-07-11,B001,P006,84,74,156,28,0,44,SURPLUS,0.0,0.0,Low
2026-07-11,B001,P007,20,21,36,5,0,11,SURPLUS,0.0,0.0,Low
2026-07-11,B001,P008,23,24,11,6,18,0,SHORTAGE,18.0,778401.9,Critical
2026-07-11,B001,P009,71,77,52,24,43,0,SHORTAGE,43.0,151418.05,Critical
2026-07-11,B001,P010,36,34,63,9,0,18,SURPLUS,0.0,0.0,Low
2026-07-11,B002,P001,49,53,71,10,0,12,SURPLUS,0.0,0.0,Low
2026-07-11,B002,P002,20,21,34,5,0,9,SURPLUS,0.0,0.0,Low
2026-07-11,B002,P003,19,20,11,6,14,0,SHORTAGE,14.0,321042.82,Critical
2026-07-11,B002,P004,20,19,37,6,0,11,SURPLUS,0.0,0.0,Low
2026-07-11,B002,P005,34,33,58,10,0,14,SURPLUS,0.0,0.0,Low
2026-07-11,B002,P006,65,61,102,18,0,19,SURPLUS,0.0,0.0,Low
2026-07-11,B002,P007,19,20,31,5,0,7,SURPLUS,0.0,0.0,Low
2026-07-11,B002,P008,22,20,37,4,0,11,SURPLUS,0.0,0.0,Low
2026-07-11,B002,P009,49,56,60,10,0,1,SURPLUS,0.0,0.0,Low
2026-07-11,B002,P010,25,30,22,6,9,0,SHORTAGE,9.0,145243.44,High
2026-07-11,B003,P001,39,42,54,8,0,7,SURPLUS,0.0,0.0,Low
2026-07-11,B003,P002,17,16,21,5,1,0,SHORTAGE,1.0,28612.96,Medium
2026-07-11,B003,P003,24,24,28,5,1,0,SHORTAGE,1.0,25696.92,Medium
2026-07-11,B003,P004,18,17,16,4,6,0,SHORTAGE,6.0,51839.04,High
2026-07-11,B003,P005,21,22,35,5,0,9,SURPLUS,0.0,0.0,Low
2026-07-11,B003,P006,68,66,80,18,6,0,SHORTAGE,6.0,108347.94,Medium
2026-07-11,B003,P007,17,17,29,4,0,8,SURPLUS,0.0,0.0,Low
2026-07-11,B003,P008,25,24,28,7,4,0,SHORTAGE,4.0,168658.56,Medium
2026-07-11,B003,P009,70,75,56,22,36,0,SHORTAGE,36.0,127126.44,Critical
2026-07-11,B003,P010,33,34,55,9,0,13,SURPLUS,0.0,0.0,Low
2026-07-11,B004,P001,38,37,60,10,0,12,SURPLUS,0.0,0.0,Low
2026-07-11,B004,P002,13,13,9,4,8,0,SHORTAGE,8.0,213176.4,Critical
2026-07-11,B004,P003,16,17,17,3,2,0,SHORTAGE,2.0,45196.64,Medium
2026-07-11,B004,P004,10,10,10,3,3,0,SHORTAGE,3.0,25154.699999999997,High
2026-07-11,B004,P005,26,25,23,5,8,0,SHORTAGE,8.0,357166.32,High
2026-07-11,B004,P006,85,76,153,23,0,45,SURPLUS,0.0,0.0,Low
2026-07-11,B004,P007,14,13,7,4,11,0,SHORTAGE,11.0,132918.38999999998,Critical
2026-07-11,B004,P008,19,18,19,4,4,0,SHORTAGE,4.0,173902.28,High
2026-07-11,B004,P009,53,55,69,12,0,4,SURPLUS,0.0,0.0,Low
2026-07-11,B004,P010,28,27,25,6,9,0,SHORTAGE,9.0,143958.51,High
2026-07-11,B005,P001,55,52,65,18,8,0,SHORTAGE,8.0,244970.88,Medium
2026-07-11,B005,P002,22,22,37,7,0,8,SURPLUS,0.0,0.0,Low
2026-07-11,B005,P003,23,21,41,5,0,13,SURPLUS,0.0,0.0,Low
2026-07-11,B005,P004,13,13,22,4,0,5,SURPLUS,0.0,0.0,Low
2026-07-11,B005,P005,28,27,33,9,4,0,SHORTAGE,4.0,185988.32,Medium
2026-07-11,B005,P006,54,55,71,18,1,0,SHORTAGE,1.0,18293.26,Medium
2026-07-11,B005,P007,16,17,33,5,0,12,SURPLUS,0.0,0.0,Low
2026-07-11,B005,P008,21,21,26,4,0,1,SURPLUS,0.0,0.0,Low
2026-07-11,B005,P009,38,46,41,10,7,0,SHORTAGE,7.0,26219.76,Medium
2026-07-11,B005,P010,31,28,29,8,10,0,SHORTAGE,10.0,164822.0,High
2026-07-11,B006,P001,35,36,20,9,24,0,SHORTAGE,24.0,763619.28,Critical
2026-07-11,B006,P002,20,19,32,6,0,6,SURPLUS,0.0,0.0,Low
2026-07-11,B006,P003,15,15,29,3,0,11,SURPLUS,0.0,0.0,Low
2026-07-11,B006,P004,12,12,18,3,0,3,SURPLUS,0.0,0.0,Low
2026-07-11,B006,P005,25,27,47,8,0,14,SURPLUS,0.0,0.0,Low
2026-07-11,B006,P006,53,60,83,15,0,15,SURPLUS,0.0,0.0,Low
2026-07-11,B006,P007,8,10,6,3,5,0,SHORTAGE,5.0,63920.75,Critical
2026-07-11,B006,P008,13,13,20,3,0,4,SURPLUS,0.0,0.0,Low
2026-07-11,B006,P009,42,44,49,10,3,0,SHORTAGE,3.0,11269.41,Medium
2026-07-11,B006,P010,30,31,31,7,6,0,SHORTAGE,6.0,91094.58,Medium
2026-07-11,B007,P001,34,32,29,10,15,0,SHORTAGE,15.0,514037.4,High
2026-07-11,B007,P002,17,16,23,5,0,1,SURPLUS,0.0,0.0,Low
2026-07-11,B007,P003,12,13,6,3,9,0,SHORTAGE,9.0,200529.09,Critical
2026-07-11,B007,P004,15,16,26,3,0,8,SURPLUS,0.0,0.0,Low
2026-07-11,B007,P005,20,21,36,5,0,11,SURPLUS,0.0,0.0,Low
2026-07-11,B007,P006,52,53,65,17,4,0,SHORTAGE,4.0,69486.24,Medium
2026-07-11,B007,P007,9,9,11,3,1,0,SHORTAGE,1.0,11952.33,Medium
2026-07-11,B007,P008,10,9,9,3,4,0,SHORTAGE,4.0,154686.68,High
2026-07-11,B007,P009,55,53,35,12,32,0,SHORTAGE,32.0,116528.96,Critical
2026-07-11,B007,P010,27,27,30,7,4,0,SHORTAGE,4.0,64091.56,Medium
2026-07-11,B008,P001,47,47,54,13,6,0,SHORTAGE,6.0,187766.22,Medium
2026-07-11,B008,P002,15,15,22,3,0,4,SURPLUS,0.0,0.0,Low
2026-07-11,B008,P003,24,23,16,7,15,0,SHORTAGE,15.0,385045.80000000005,Critical
2026-07-11,B008,P004,12,14,6,3,9,0,SHORTAGE,9.0,85595.84999999999,Critical
2026-07-11,B008,P005,23,25,44,4,0,17,SURPLUS,0.0,0.0,Low
2026-07-11,B008,P006,54,51,65,16,5,0,SHORTAGE,5.0,88375.45,Medium
2026-07-11,B008,P007,11,12,17,3,0,3,SURPLUS,0.0,0.0,Low
2026-07-11,B008,P008,17,18,29,4,0,8,SURPLUS,0.0,0.0,Low
2026-07-11,B008,P009,47,46,73,10,0,16,SURPLUS,0.0,0.0,Low
2026-07-11,B008,P010,25,24,37,7,0,5,SURPLUS,0.0,0.0,Low
2026-07-12,B001,P001,50,56,62,16,4,0,SHORTAGE,4.0,127804.4,Medium
2026-07-12,B001,P002,25,23,24,7,8,0,SHORTAGE,8.0,216249.44,High
2026-07-12,B001,P003,26,25,12,7,21,0,SHORTAGE,21.0,478430.81999999995,Critical
2026-07-12,B001,P004,19,19,19,4,4,0,SHORTAGE,4.0,33309.76,High
2026-07-12,B001,P005,49,43,43,12,18,0,SHORTAGE,18.0,890166.0599999999,High
2026-07-12,B001,P006,73,73,121,18,0,30,SURPLUS,0.0,0.0,Low
2026-07-12,B001,P007,16,15,11,3,8,0,SHORTAGE,8.0,94708.4,Critical
2026-07-12,B001,P008,20,20,13,6,13,0,SHORTAGE,13.0,530877.36,Critical
2026-07-12,B001,P009,76,66,64,25,37,0,SHORTAGE,37.0,127635.57,Critical
2026-07-12,B001,P010,27,27,49,8,0,14,SURPLUS,0.0,0.0,Low
2026-07-12,B002,P001,52,50,90,15,0,23,SURPLUS,0.0,0.0,Low
2026-07-12,B002,P002,17,17,24,4,0,3,SURPLUS,0.0,0.0,Low
2026-07-12,B002,P003,20,20,39,6,0,13,SURPLUS,0.0,0.0,Low
2026-07-12,B002,P004,15,14,9,4,10,0,SHORTAGE,10.0,89114.5,Critical
2026-07-12,B002,P005,21,22,24,4,1,0,SHORTAGE,1.0,49917.89,Medium
2026-07-12,B002,P006,63,54,51,16,28,0,SHORTAGE,28.0,489065.92,High
2026-07-12,B002,P007,12,11,16,3,0,1,SURPLUS,0.0,0.0,Low
2026-07-12,B002,P008,18,18,13,4,9,0,SHORTAGE,9.0,392171.04,Critical
2026-07-12,B002,P009,45,49,83,9,0,29,SURPLUS,0.0,0.0,Low
2026-07-12,B002,P010,30,30,59,10,0,19,SURPLUS,0.0,0.0,Low
2026-07-12,B003,P001,57,54,97,19,0,21,SURPLUS,0.0,0.0,Low
2026-07-12,B003,P002,19,18,17,5,7,0,SHORTAGE,7.0,204299.19999999998,High
2026-07-12,B003,P003,12,12,17,3,0,2,SURPLUS,0.0,0.0,Low
2026-07-12,B003,P004,20,19,12,6,14,0,SHORTAGE,14.0,119329.56000000001,Critical
2026-07-12,B003,P005,29,30,36,7,0,0,BALANCED,0.0,0.0,Low
2026-07-12,B003,P006,53,48,66,17,4,0,SHORTAGE,4.0,67157.6,Medium
2026-07-12,B003,P007,10,13,10,3,3,0,SHORTAGE,3.0,33254.97,High
2026-07-12,B003,P008,15,16,24,3,0,6,SURPLUS,0.0,0.0,Low
2026-07-12,B003,P009,44,47,52,10,2,0,SHORTAGE,2.0,7502.24,Medium
2026-07-12,B003,P010,26,26,17,7,16,0,SHORTAGE,16.0,272211.68,Critical
2026-07-12,B004,P001,20,20,12,5,13,0,SHORTAGE,13.0,441808.77,Critical
2026-07-12,B004,P002,15,15,17,4,2,0,SHORTAGE,2.0,55478.96,Medium
2026-07-12,B004,P003,12,14,24,3,0,9,SURPLUS,0.0,0.0,Low
2026-07-12,B004,P004,12,12,15,3,0,0,BALANCED,0.0,0.0,Low
2026-07-12,B004,P005,22,21,21,6,7,0,SHORTAGE,7.0,336994.20999999996,High
2026-07-12,B004,P006,63,62,68,15,10,0,SHORTAGE,10.0,183443.6,Medium
2026-07-12,B004,P007,13,13,8,3,8,0,SHORTAGE,8.0,90907.28,Critical
2026-07-12,B004,P008,11,11,17,3,0,3,SURPLUS,0.0,0.0,Low
2026-07-12,B004,P009,43,39,49,11,5,0,SHORTAGE,5.0,18622.550000000003,Medium
2026-07-12,B004,P010,13,13,11,3,5,0,SHORTAGE,5.0,78243.4,High
2026-07-12,B005,P001,34,33,24,8,18,0,SHORTAGE,18.0,593274.24,Critical
2026-07-12,B005,P002,17,18,15,3,5,0,SHORTAGE,5.0,132903.0,High
2026-07-12,B005,P003,12,12,9,3,6,0,SHORTAGE,6.0,138237.72,Critical
2026-07-12,B005,P004,11,11,13,3,1,0,SHORTAGE,1.0,8993.79,Medium
2026-07-12,B005,P005,25,28,34,6,0,3,SURPLUS,0.0,0.0,Low
2026-07-12,B005,P006,51,48,34,11,28,0,SHORTAGE,28.0,478841.72000000003,Critical
2026-07-12,B005,P007,9,11,7,3,5,0,SHORTAGE,5.0,61591.549999999996,Critical
2026-07-12,B005,P008,12,13,20,3,0,5,SURPLUS,0.0,0.0,Low
2026-07-12,B005,P009,36,37,28,10,18,0,SHORTAGE,18.0,61383.78,Critical
2026-07-12,B005,P010,26,25,51,5,0,20,SURPLUS,0.0,0.0,Low
2026-07-12,B006,P001,44,43,59,15,0,0,BALANCED,0.0,0.0,Low
2026-07-12,B006,P002,17,16,33,3,0,13,SURPLUS,0.0,0.0,Low
2026-07-12,B006,P003,12,11,7,3,8,0,SHORTAGE,8.0,188874.24,Critical
2026-07-12,B006,P004,12,12,5,3,10,0,SHORTAGE,10.0,93116.90000000001,Critical
2026-07-12,B006,P005,22,19,27,7,2,0,SHORTAGE,2.0,94422.4,Medium
2026-07-12,B006,P006,39,41,60,9,0,12,SURPLUS,0.0,0.0,Low
2026-07-12,B006,P007,15,15,12,3,6,0,SHORTAGE,6.0,71020.79999999999,High
2026-07-12,B006,P008,15,14,15,3,3,0,SHORTAGE,3.0,131436.0,Medium
2026-07-12,B006,P009,35,33,59,8,0,16,SURPLUS,0.0,0.0,Low
2026-07-12,B006,P010,26,24,44,6,0,12,SURPLUS,0.0,0.0,Low
2026-07-12,B007,P001,29,33,42,9,0,4,SURPLUS,0.0,0.0,Low
2026-07-12,B007,P002,15,16,19,4,0,0,BALANCED,0.0,0.0,Low
2026-07-12,B007,P003,17,18,32,5,0,10,SURPLUS,0.0,0.0,Low
2026-07-12,B007,P004,12,14,11,3,4,0,SHORTAGE,4.0,33284.56,High
2026-07-12,B007,P005,23,24,37,6,0,8,SURPLUS,0.0,0.0,Low
2026-07-12,B007,P006,63,58,83,15,0,5,SURPLUS,0.0,0.0,Low
2026-07-12,B007,P007,14,13,8,3,9,0,SHORTAGE,9.0,111026.25,Critical
2026-07-12,B007,P008,13,14,13,3,3,0,SHORTAGE,3.0,133059.48,High
2026-07-12,B007,P009,28,27,54,8,0,18,SURPLUS,0.0,0.0,Low
2026-07-12,B007,P010,20,20,20,5,5,0,SHORTAGE,5.0,79652.85,High
2026-07-12,B008,P001,22,23,45,6,0,17,SURPLUS,0.0,0.0,Low
2026-07-12,B008,P002,14,13,14,4,4,0,SHORTAGE,4.0,105059.12,High
2026-07-12,B008,P003,25,26,44,6,0,13,SURPLUS,0.0,0.0,Low
2026-07-12,B008,P004,12,13,23,4,0,7,SURPLUS,0.0,0.0,Low
2026-07-12,B008,P005,29,25,24,6,11,0,SHORTAGE,11.0,498216.84,High
2026-07-12,B008,P006,64,62,61,20,23,0,SHORTAGE,23.0,391241.73,High
2026-07-12,B008,P007,11,12,13,3,1,0,SHORTAGE,1.0,12274.18,Medium
2026-07-12,B008,P008,14,13,13,4,5,0,SHORTAGE,5.0,226340.65,High
2026-07-12,B008,P009,55,52,48,18,25,0,SHORTAGE,25.0,87918.25,Critical
2026-07-12,B008,P010,30,29,31,8,7,0,SHORTAGE,7.0,115924.34,High
2026-07-13,B001,P001,54,61,87,18,0,15,SURPLUS,0.0,0.0,Low
2026-07-13,B001,P002,22,22,31,4,0,5,SURPLUS,0.0,0.0,Low
2026-07-13,B001,P003,30,27,15,9,24,0,SHORTAGE,24.0,571140.72,Critical
2026-07-13,B001,P004,18,18,9,5,14,0,SHORTAGE,14.0,118130.31999999999,Critical
2026-07-13,B001,P005,34,36,41,11,4,0,SHORTAGE,4.0,176664.24,Medium
2026-07-13,B001,P006,81,82,105,23,0,1,SURPLUS,0.0,0.0,Low
2026-07-13,B001,P007,19,20,21,4,2,0,SHORTAGE,2.0,24927.88,Medium
2026-07-13,B001,P008,25,25,33,8,0,0,BALANCED,0.0,0.0,Low
2026-07-13,B001,P009,60,59,45,17,32,0,SHORTAGE,32.0,114856.96,Critical
2026-07-13,B001,P010,41,40,60,13,0,6,SURPLUS,0.0,0.0,Low
2026-07-13,B002,P001,34,37,38,6,2,0,SHORTAGE,2.0,64186.56,Medium
2026-07-13,B002,P002,16,15,15,4,5,0,SHORTAGE,5.0,147894.45,High
2026-07-13,B002,P003,21,22,19,5,7,0,SHORTAGE,7.0,174105.26,High
2026-07-13,B002,P004,13,13,23,3,0,7,SURPLUS,0.0,0.0,Low
2026-07-13,B002,P005,31,32,27,10,14,0,SHORTAGE,14.0,624316.56,Critical
2026-07-13,B002,P006,29,32,41,7,0,5,SURPLUS,0.0,0.0,Low
2026-07-13,B002,P007,10,12,17,3,0,4,SURPLUS,0.0,0.0,Low
2026-07-13,B002,P008,10,11,5,3,8,0,SHORTAGE,8.0,337517.44,Critical
2026-07-13,B002,P009,63,67,67,19,15,0,SHORTAGE,15.0,51991.799999999996,High
2026-07-13,B002,P010,27,29,18,8,17,0,SHORTAGE,17.0,289964.58,Critical
2026-07-13,B003,P001,46,50,43,14,17,0,SHORTAGE,17.0,536211.96,High
2026-07-13,B003,P002,20,20,21,5,4,0,SHORTAGE,4.0,110248.76,Medium
2026-07-13,B003,P003,13,15,25,3,0,9,SURPLUS,0.0,0.0,Low
2026-07-13,B003,P004,10,11,9,3,4,0,SHORTAGE,4.0,36072.48,High
2026-07-13,B003,P005,22,25,25,5,2,0,SHORTAGE,2.0,100633.24,Medium
2026-07-13,B003,P006,61,53,119,20,0,38,SURPLUS,0.0,0.0,Low
2026-07-13,B003,P007,11,12,4,3,10,0,SHORTAGE,10.0,125684.5,Critical
2026-07-13,B003,P008,20,19,32,5,0,7,SURPLUS,0.0,0.0,Low
2026-07-13,B003,P009,40,43,59,11,0,8,SURPLUS,0.0,0.0,Low
2026-07-13,B003,P010,21,21,17,6,10,0,SHORTAGE,10.0,155497.90000000002,Critical
2026-07-13,B004,P001,26,28,31,5,0,0,BALANCED,0.0,0.0,Low
2026-07-13,B004,P002,23,22,19,5,9,0,SHORTAGE,9.0,271833.12,High
2026-07-13,B004,P003,17,17,8,5,14,0,SHORTAGE,14.0,357169.26,Critical
2026-07-13,B004,P004,15,14,26,3,0,8,SURPLUS,0.0,0.0,Low
2026-07-13,B004,P005,23,24,42,7,0,12,SURPLUS,0.0,0.0,Low
2026-07-13,B004,P006,50,47,35,13,28,0,SHORTAGE,28.0,513313.08,Critical
2026-07-13,B004,P007,9,9,14,3,0,2,SURPLUS,0.0,0.0,Low
2026-07-13,B004,P008,14,15,21,4,0,3,SURPLUS,0.0,0.0,Low
2026-07-13,B004,P009,47,47,67,10,0,10,SURPLUS,0.0,0.0,Low
2026-07-13,B004,P010,19,19,10,6,15,0,SHORTAGE,15.0,246637.64999999997,Critical
2026-07-13,B005,P001,32,30,54,9,0,13,SURPLUS,0.0,0.0,Low
2026-07-13,B005,P002,13,14,19,3,0,3,SURPLUS,0.0,0.0,Low
2026-07-13,B005,P003,17,19,16,5,6,0,SHORTAGE,6.0,134997.78,High
2026-07-13,B005,P004,15,15,23,3,0,5,SURPLUS,0.0,0.0,Low
2026-07-13,B005,P005,21,21,9,6,18,0,SHORTAGE,18.0,812479.68,Critical
2026-07-13,B005,P006,59,57,92,17,0,16,SURPLUS,0.0,0.0,Low
2026-07-13,B005,P007,19,18,40,4,0,17,SURPLUS,0.0,0.0,Low
2026-07-13,B005,P008,16,17,16,3,3,0,SHORTAGE,3.0,117314.54999999999,Medium
2026-07-13,B005,P009,40,38,55,11,0,4,SURPLUS,0.0,0.0,Low
2026-07-13,B005,P010,29,27,33,9,5,0,SHORTAGE,5.0,84484.79999999999,Medium
2026-07-13,B006,P001,46,51,51,15,10,0,SHORTAGE,10.0,304181.89999999997,High
2026-07-13,B006,P002,13,14,24,4,0,7,SURPLUS,0.0,0.0,Low
2026-07-13,B006,P003,14,16,21,4,0,3,SURPLUS,0.0,0.0,Low
2026-07-13,B006,P004,7,7,7,3,3,0,SHORTAGE,3.0,28269.629999999997,High
2026-07-13,B006,P005,19,19,16,5,8,0,SHORTAGE,8.0,410641.36,High
2026-07-13,B006,P006,45,46,65,12,0,8,SURPLUS,0.0,0.0,Low
2026-07-13,B006,P007,13,13,14,3,2,0,SHORTAGE,2.0,24556.24,Medium
2026-07-13,B006,P008,18,18,16,3,5,0,SHORTAGE,5.0,201317.85,High
2026-07-13,B006,P009,39,42,49,10,0,0,BALANCED,0.0,0.0,Low
2026-07-13,B006,P010,22,22,8,4,18,0,SHORTAGE,18.0,310426.92,Critical
2026-07-13,B007,P001,39,37,34,10,15,0,SHORTAGE,15.0,459725.4,High
2026-07-13,B007,P002,14,13,14,3,3,0,SHORTAGE,3.0,84316.41,High
2026-07-13,B007,P003,17,16,29,4,0,8,SURPLUS,0.0,0.0,Low
2026-07-13,B007,P004,14,15,22,4,0,4,SURPLUS,0.0,0.0,Low
2026-07-13,B007,P005,22,21,18,6,10,0,SHORTAGE,10.0,465055.80000000005,Critical
2026-07-13,B007,P006,40,36,62,8,0,14,SURPLUS,0.0,0.0,Low
2026-07-13,B007,P007,10,10,11,3,2,0,SHORTAGE,2.0,24096.54,Medium
2026-07-13,B007,P008,11,13,6,3,8,0,SHORTAGE,8.0,358000.32,Critical
2026-07-13,B007,P009,28,27,44,8,0,8,SURPLUS,0.0,0.0,Low
2026-07-13,B007,P010,24,26,28,4,0,0,BALANCED,0.0,0.0,Low
2026-07-13,B008,P001,32,28,28,10,14,0,SHORTAGE,14.0,469040.74000000005,High
2026-07-13,B008,P002,3,4,1,3,5,0,SHORTAGE,5.0,142347.55,Critical
2026-07-13,B008,P003,25,23,20,6,11,0,SHORTAGE,11.0,264872.52,High
2026-07-13,B008,P004,13,14,13,3,3,0,SHORTAGE,3.0,28340.760000000002,High
2026-07-13,B008,P005,26,24,21,5,10,0,SHORTAGE,10.0,494838.5,High
2026-07-13,B008,P006,46,49,81,14,0,21,SURPLUS,0.0,0.0,Low
2026-07-13,B008,P007,10,10,7,3,6,0,SHORTAGE,6.0,68297.81999999999,Critical
2026-07-13,B008,P008,17,16,35,4,0,14,SURPLUS,0.0,0.0,Low
2026-07-13,B008,P009,45,46,75,14,0,16,SURPLUS,0.0,0.0,Low
2026-07-13,B008,P010,31,30,47,7,0,9,SURPLUS,0.0,0.0,Low
2026-07-14,B001,P001,69,61,77,22,14,0,SHORTAGE,14.0,479608.36,High
2026-07-14,B001,P002,24,27,16,6,14,0,SHORTAGE,14.0,361419.38,Critical
2026-07-14,B001,P003,30,29,39,6,0,3,SURPLUS,0.0,0.0,Low
2026-07-14,B001,P004,24,24,22,7,9,0,SHORTAGE,9.0,81360.36000000002,High
2026-07-14,B001,P005,37,36,47,8,0,2,SURPLUS,0.0,0.0,Low
2026-07-14,B001,P006,79,72,98,16,0,3,SURPLUS,0.0,0.0,Low
2026-07-14,B001,P007,15,16,21,3,0,3,SURPLUS,0.0,0.0,Low
2026-07-14,B001,P008,29,27,32,8,5,0,SHORTAGE,5.0,218961.30000000002,Medium
2026-07-14,B001,P009,72,66,94,20,0,2,SURPLUS,0.0,0.0,Low
2026-07-14,B001,P010,35,34,58,8,0,15,SURPLUS,0.0,0.0,Low
2026-07-14,B002,P001,33,39,30,11,14,0,SHORTAGE,14.0,415597.56,High
2026-07-14,B002,P002,15,16,16,4,3,0,SHORTAGE,3.0,89481.81,Medium
2026-07-14,B002,P003,19,20,35,4,0,12,SURPLUS,0.0,0.0,Low
2026-07-14,B002,P004,9,9,10,3,2,0,SHORTAGE,2.0,16766.82,High
2026-07-14,B002,P005,30,33,23,7,14,0,SHORTAGE,14.0,710564.4,Critical
2026-07-14,B002,P006,49,52,77,16,0,12,SURPLUS,0.0,0.0,Low
2026-07-14,B002,P007,13,12,15,4,2,0,SHORTAGE,2.0,23118.28,Medium
2026-07-14,B002,P008,18,18,21,3,0,0,BALANCED,0.0,0.0,Low
2026-07-14,B002,P009,39,45,63,8,0,16,SURPLUS,0.0,0.0,Low
2026-07-14,B002,P010,23,25,15,6,14,0,SHORTAGE,14.0,207355.26,Critical
2026-07-14,B003,P001,39,42,24,9,24,0,SHORTAGE,24.0,764148.0,Critical
2026-07-14,B003,P002,17,16,18,4,3,0,SHORTAGE,3.0,88960.98,Medium
2026-07-14,B003,P003,14,15,8,4,10,0,SHORTAGE,10.0,243693.4,Critical
2026-07-14,B003,P004,15,14,9,4,10,0,SHORTAGE,10.0,89760.8,Critical
2026-07-14,B003,P005,34,34,41,9,2,0,SHORTAGE,2.0,96574.72,Medium
2026-07-14,B003,P006,66,57,82,17,1,0,SHORTAGE,1.0,17683.25,Medium
2026-07-14,B003,P007,15,14,10,3,8,0,SHORTAGE,8.0,101807.84,Critical
2026-07-14,B003,P008,15,15,23,4,0,4,SURPLUS,0.0,0.0,Low
2026-07-14,B003,P009,38,38,24,12,26,0,SHORTAGE,26.0,89625.90000000001,Critical
2026-07-14,B003,P010,17,16,14,4,7,0,SHORTAGE,7.0,120340.15000000001,High
2026-07-14,B004,P001,40,37,72,11,0,21,SURPLUS,0.0,0.0,Low
2026-07-14,B004,P002,12,12,10,3,5,0,SHORTAGE,5.0,136165.15,High
2026-07-14,B004,P003,16,16,24,3,0,5,SURPLUS,0.0,0.0,Low
2026-07-14,B004,P004,13,14,15,4,2,0,SHORTAGE,2.0,18682.0,Medium
2026-07-14,B004,P005,27,26,35,7,0,1,SURPLUS,0.0,0.0,Low
2026-07-14,B004,P006,66,65,123,21,0,36,SURPLUS,0.0,0.0,Low
2026-07-14,B004,P007,14,14,22,3,0,5,SURPLUS,0.0,0.0,Low
2026-07-14,B004,P008,20,20,38,4,0,14,SURPLUS,0.0,0.0,Low
2026-07-14,B004,P009,30,28,29,9,10,0,SHORTAGE,10.0,33440.4,High
2026-07-14,B004,P010,24,24,31,7,0,0,BALANCED,0.0,0.0,Low
2026-07-14,B005,P001,41,37,37,9,13,0,SHORTAGE,13.0,412014.45999999996,High
2026-07-14,B005,P002,12,11,19,3,0,4,SURPLUS,0.0,0.0,Low
2026-07-14,B005,P003,20,25,14,4,10,0,SHORTAGE,10.0,236624.4,Critical
2026-07-14,B005,P004,14,15,9,3,8,0,SHORTAGE,8.0,72528.8,Critical
2026-07-14,B005,P005,24,25,35,5,0,6,SURPLUS,0.0,0.0,Low
2026-07-14,B005,P006,64,68,99,16,0,19,SURPLUS,0.0,0.0,Low
2026-07-14,B005,P007,10,10,15,3,0,2,SURPLUS,0.0,0.0,Low
2026-07-14,B005,P008,9,11,13,3,0,1,SURPLUS,0.0,0.0,Low
2026-07-14,B005,P009,48,42,70,10,0,12,SURPLUS,0.0,0.0,Low
2026-07-14,B005,P010,27,26,20,5,12,0,SHORTAGE,12.0,201942.84,High
2026-07-14,B006,P001,31,29,53,8,0,14,SURPLUS,0.0,0.0,Low
2026-07-14,B006,P002,14,12,25,3,0,8,SURPLUS,0.0,0.0,Low
2026-07-14,B006,P003,14,14,19,3,0,2,SURPLUS,0.0,0.0,Low
2026-07-14,B006,P004,17,16,33,4,0,12,SURPLUS,0.0,0.0,Low
2026-07-14,B006,P005,22,21,15,5,12,0,SHORTAGE,12.0,591793.3200000001,Critical
2026-07-14,B006,P006,36,38,22,10,24,0,SHORTAGE,24.0,434631.12,Critical
2026-07-14,B006,P007,8,9,7,3,4,0,SHORTAGE,4.0,51637.96,Critical
2026-07-14,B006,P008,15,16,24,3,0,6,SURPLUS,0.0,0.0,Low
2026-07-14,B006,P009,25,34,19,7,13,0,SHORTAGE,13.0,42280.68,Critical
2026-07-14,B006,P010,15,14,8,3,10,0,SHORTAGE,10.0,151240.5,Critical
2026-07-14,B007,P001,29,27,60,7,0,24,SURPLUS,0.0,0.0,Low
2026-07-14,B007,P002,10,10,13,3,0,0,BALANCED,0.0,0.0,Low
2026-07-14,B007,P003,20,18,24,5,1,0,SHORTAGE,1.0,25892.37,Medium
2026-07-14,B007,P004,10,11,13,3,0,0,BALANCED,0.0,0.0,Low
2026-07-14,B007,P005,25,22,16,8,17,0,SHORTAGE,17.0,870860.87,Critical
2026-07-14,B007,P006,28,30,13,7,22,0,SHORTAGE,22.0,376067.78,Critical
2026-07-14,B007,P007,10,9,17,3,0,4,SURPLUS,0.0,0.0,Low
2026-07-14,B007,P008,13,13,19,3,0,3,SURPLUS,0.0,0.0,Low
2026-07-14,B007,P009,41,38,65,8,0,16,SURPLUS,0.0,0.0,Low
2026-07-14,B007,P010,28,26,18,6,16,0,SHORTAGE,16.0,241820.64,Critical
2026-07-14,B008,P001,26,29,32,6,0,0,BALANCED,0.0,0.0,Low
2026-07-14,B008,P002,14,15,10,3,7,0,SHORTAGE,7.0,206938.06,Critical
2026-07-14,B008,P003,17,20,35,3,0,15,SURPLUS,0.0,0.0,Low
2026-07-14,B008,P004,11,14,15,3,0,1,SURPLUS,0.0,0.0,Low
2026-07-14,B008,P005,28,27,19,6,15,0,SHORTAGE,15.0,757921.8,Critical
2026-07-14,B008,P006,45,44,78,14,0,19,SURPLUS,0.0,0.0,Low
2026-07-14,B008,P007,9,9,16,3,0,4,SURPLUS,0.0,0.0,Low
2026-07-14,B008,P008,12,13,6,3,9,0,SHORTAGE,9.0,393470.27999999997,Critical
2026-07-14,B008,P009,47,48,47,15,15,0,SHORTAGE,15.0,56118.75,High
2026-07-14,B008,P010,14,14,11,3,6,0,SHORTAGE,6.0,101761.86000000002,High
2026-07-15,B001,P001,67,64,123,19,0,37,SURPLUS,0.0,0.0,Low
2026-07-15,B001,P002,27,24,32,6,1,0,SHORTAGE,1.0,28482.54,Medium
2026-07-15,B001,P003,24,26,25,6,5,0,SHORTAGE,5.0,116790.1,High
2026-07-15,B001,P004,23,22,34,6,0,5,SURPLUS,0.0,0.0,Low
2026-07-15,B001,P005,43,39,37,10,16,0,SHORTAGE,16.0,742940.48,High
2026-07-15,B001,P006,72,84,51,14,35,0,SHORTAGE,35.0,665496.6499999999,Critical
2026-07-15,B001,P007,14,15,16,4,2,0,SHORTAGE,2.0,23489.12,Medium
2026-07-15,B001,P008,23,23,38,4,0,11,SURPLUS,0.0,0.0,Low
2026-07-15,B001,P009,64,65,61,17,20,0,SHORTAGE,20.0,70720.20000000001,High
2026-07-15,B001,P010,28,29,28,5,5,0,SHORTAGE,5.0,73878.25,Medium
2026-07-15,B002,P001,42,41,64,13,0,9,SURPLUS,0.0,0.0,Low
2026-07-15,B002,P002,11,13,13,3,1,0,SHORTAGE,1.0,30202.81,Medium
2026-07-15,B002,P003,24,22,26,4,2,0,SHORTAGE,2.0,50758.12,Medium
2026-07-15,B002,P004,14,13,27,4,0,9,SURPLUS,0.0,0.0,Low
2026-07-15,B002,P005,22,22,16,6,12,0,SHORTAGE,12.0,599194.8,Critical
2026-07-15,B002,P006,60,63,85,19,0,6,SURPLUS,0.0,0.0,Low
2026-07-15,B002,P007,11,14,16,3,0,2,SURPLUS,0.0,0.0,Low
2026-07-15,B002,P008,16,16,19,3,0,0,BALANCED,0.0,0.0,Low
2026-07-15,B002,P009,51,59,43,16,24,0,SHORTAGE,24.0,81194.88,Critical
2026-07-15,B002,P010,29,26,29,7,7,0,SHORTAGE,7.0,107321.2,High
2026-07-15,B003,P001,33,39,67,9,0,25,SURPLUS,0.0,0.0,Low
2026-07-15,B003,P002,21,21,38,7,0,10,SURPLUS,0.0,0.0,Low
2026-07-15,B003,P003,23,20,40,5,0,12,SURPLUS,0.0,0.0,Low
2026-07-15,B003,P004,16,16,21,4,0,1,SURPLUS,0.0,0.0,Low
2026-07-15,B003,P005,19,22,25,4,0,2,SURPLUS,0.0,0.0,Low
2026-07-15,B003,P006,45,41,34,13,24,0,SHORTAGE,24.0,435934.55999999994,Critical
2026-07-15,B003,P007,18,17,36,4,0,14,SURPLUS,0.0,0.0,Low
2026-07-15,B003,P008,13,14,7,3,9,0,SHORTAGE,9.0,384130.26,Critical
2026-07-15,B003,P009,48,50,25,13,36,0,SHORTAGE,36.0,118217.16,Critical
2026-07-15,B003,P010,25,22,26,8,7,0,SHORTAGE,7.0,117945.09999999999,High
2026-07-15,B004,P001,43,41,69,9,0,17,SURPLUS,0.0,0.0,Low
2026-07-15,B004,P002,17,16,15,4,6,0,SHORTAGE,6.0,164650.13999999998,High
2026-07-15,B004,P003,16,17,18,3,1,0,SHORTAGE,1.0,25330.77,Medium
2026-07-15,B004,P004,16,14,14,4,6,0,SHORTAGE,6.0,54012.479999999996,High
2026-07-15,B004,P005,25,23,36,7,0,4,SURPLUS,0.0,0.0,Low
2026-07-15,B004,P006,46,44,49,13,10,0,SHORTAGE,10.0,166026.5,High
2026-07-15,B004,P007,16,15,29,4,0,9,SURPLUS,0.0,0.0,Low
2026-07-15,B004,P008,14,13,27,4,0,9,SURPLUS,0.0,0.0,Low
2026-07-15,B004,P009,42,44,53,9,0,2,SURPLUS,0.0,0.0,Low
2026-07-15,B004,P010,26,25,47,7,0,14,SURPLUS,0.0,0.0,Low
2026-07-15,B005,P001,35,31,37,10,8,0,SHORTAGE,8.0,236491.44,High
2026-07-15,B005,P002,18,17,32,5,0,9,SURPLUS,0.0,0.0,Low
2026-07-15,B005,P003,18,17,23,4,0,1,SURPLUS,0.0,0.0,Low
2026-07-15,B005,P004,19,17,23,3,0,1,SURPLUS,0.0,0.0,Low
2026-07-15,B005,P005,29,26,24,9,14,0,SHORTAGE,14.0,635952.24,Critical
2026-07-15,B005,P006,39,43,51,11,0,1,SURPLUS,0.0,0.0,Low
2026-07-15,B005,P007,14,16,12,4,6,0,SHORTAGE,6.0,71178.9,High
2026-07-15,B005,P008,14,14,17,4,1,0,SHORTAGE,1.0,42202.38,Medium
2026-07-15,B005,P009,31,32,61,9,0,21,SURPLUS,0.0,0.0,Low
2026-07-15,B005,P010,25,23,25,6,6,0,SHORTAGE,6.0,93306.78,High
2026-07-15,B006,P001,41,42,30,9,20,0,SHORTAGE,20.0,605455.6,Critical
2026-07-15,B006,P002,12,12,13,3,2,0,SHORTAGE,2.0,52141.78,Medium
2026-07-15,B006,P003,21,21,26,6,1,0,SHORTAGE,1.0,22272.25,Medium
2026-07-15,B006,P004,13,12,17,3,0,1,SURPLUS,0.0,0.0,Low
2026-07-15,B006,P005,23,27,32,5,0,4,SURPLUS,0.0,0.0,Low
2026-07-15,B006,P006,41,41,70,11,0,18,SURPLUS,0.0,0.0,Low
2026-07-15,B006,P007,11,11,5,3,9,0,SHORTAGE,9.0,109034.91,Critical
2026-07-15,B006,P008,11,12,16,3,0,2,SURPLUS,0.0,0.0,Low
2026-07-15,B006,P009,34,37,49,7,0,8,SURPLUS,0.0,0.0,Low
2026-07-15,B006,P010,21,23,46,5,0,20,SURPLUS,0.0,0.0,Low
2026-07-15,B007,P001,41,42,29,13,25,0,SHORTAGE,25.0,774079.0,Critical
2026-07-15,B007,P002,21,20,14,4,11,0,SHORTAGE,11.0,318556.58999999997,Critical
2026-07-15,B007,P003,11,14,20,3,0,6,SURPLUS,0.0,0.0,Low
2026-07-15,B007,P004,11,11,12,3,2,0,SHORTAGE,2.0,18936.56,Medium
2026-07-15,B007,P005,17,16,9,5,13,0,SHORTAGE,13.0,655268.12,Critical
2026-07-15,B007,P006,58,53,108,14,0,36,SURPLUS,0.0,0.0,Low
2026-07-15,B007,P007,10,10,8,3,5,0,SHORTAGE,5.0,62921.5,Critical
2026-07-15,B007,P008,19,19,33,4,0,10,SURPLUS,0.0,0.0,Low
2026-07-15,B007,P009,13,13,11,4,6,0,SHORTAGE,6.0,21190.98,Critical
2026-07-15,B007,P010,22,22,14,4,12,0,SHORTAGE,12.0,178533.59999999998,Critical
2026-07-15,B008,P001,31,31,46,9,0,6,SURPLUS,0.0,0.0,Low
2026-07-15,B008,P002,12,13,22,3,0,7,SURPLUS,0.0,0.0,Low
2026-07-15,B008,P003,20,21,25,5,0,0,BALANCED,0.0,0.0,Low
2026-07-15,B008,P004,15,16,9,3,9,0,SHORTAGE,9.0,80363.79,Critical
2026-07-15,B008,P005,36,32,27,11,20,0,SHORTAGE,20.0,973335.6,Critical
2026-07-15,B008,P006,57,52,74,13,0,4,SURPLUS,0.0,0.0,Low
2026-07-15,B008,P007,15,15,8,3,10,0,SHORTAGE,10.0,117698.9,Critical
2026-07-15,B008,P008,12,12,8,3,7,0,SHORTAGE,7.0,286342.84,Critical
2026-07-15,B008,P009,38,36,38,9,9,0,SHORTAGE,9.0,29624.399999999998,High
2026-07-15,B008,P010,28,26,49,6,0,15,SURPLUS,0.0,0.0,Low
2026-07-16,B001,P001,69,65,95,22,0,4,SURPLUS,0.0,0.0,Low
2026-07-16,B001,P002,16,20,26,5,0,5,SURPLUS,0.0,0.0,Low
2026-07-16,B001,P003,23,26,24,4,3,0,SHORTAGE,3.0,70044.99,Medium
2026-07-16,B001,P004,15,16,29,5,0,9,SURPLUS,0.0,0.0,Low
2026-07-16,B001,P005,31,33,12,10,29,0,SHORTAGE,29.0,1388345.71,Critical
2026-07-16,B001,P006,69,67,63,19,25,0,SHORTAGE,25.0,485076.0,High
2026-07-16,B001,P007,16,17,14,3,5,0,SHORTAGE,5.0,60601.8,High
2026-07-16,B001,P008,21,21,38,5,0,12,SURPLUS,0.0,0.0,Low
2026-07-16,B001,P009,73,68,106,19,0,14,SURPLUS,0.0,0.0,Low
2026-07-16,B001,P010,30,33,40,8,0,2,SURPLUS,0.0,0.0,Low
2026-07-16,B002,P001,52,47,48,13,17,0,SHORTAGE,17.0,573208.04,High
2026-07-16,B002,P002,19,20,34,4,0,11,SURPLUS,0.0,0.0,Low
2026-07-16,B002,P003,26,26,24,8,10,0,SHORTAGE,10.0,234090.5,High
2026-07-16,B002,P004,17,16,14,3,6,0,SHORTAGE,6.0,50948.34,High
2026-07-16,B002,P005,23,23,20,5,8,0,SHORTAGE,8.0,381685.44,High
2026-07-16,B002,P006,57,53,60,12,9,0,SHORTAGE,9.0,152432.27999999997,Medium
2026-07-16,B002,P007,15,16,25,4,0,6,SURPLUS,0.0,0.0,Low
2026-07-16,B002,P008,14,13,16,4,2,0,SHORTAGE,2.0,88459.72,Medium
2026-07-16,B002,P009,61,57,29,15,47,0,SHORTAGE,47.0,154142.61000000002,Critical
2026-07-16,B002,P010,32,29,25,11,18,0,SHORTAGE,18.0,294452.64,Critical
2026-07-16,B003,P001,41,40,59,12,0,6,SURPLUS,0.0,0.0,Low
2026-07-16,B003,P002,14,15,17,4,1,0,SHORTAGE,1.0,25916.26,Medium
2026-07-16,B003,P003,15,14,21,3,0,3,SURPLUS,0.0,0.0,Low
2026-07-16,B003,P004,14,14,8,3,9,0,SHORTAGE,9.0,75014.01,Critical
2026-07-16,B003,P005,43,41,71,14,0,14,SURPLUS,0.0,0.0,Low
2026-07-16,B003,P006,57,54,64,14,7,0,SHORTAGE,7.0,127890.0,Medium
2026-07-16,B003,P007,11,11,10,3,4,0,SHORTAGE,4.0,49511.4,High
2026-07-16,B003,P008,15,16,23,3,0,5,SURPLUS,0.0,0.0,Low
2026-07-16,B003,P009,56,56,74,15,0,3,SURPLUS,0.0,0.0,Low
2026-07-16,B003,P010,32,28,24,10,18,0,SHORTAGE,18.0,281480.04000000004,Critical
2026-07-16,B004,P001,41,40,32,14,23,0,SHORTAGE,23.0,725025.78,Critical
2026-07-16,B004,P002,15,16,7,3,11,0,SHORTAGE,11.0,319625.24,Critical
2026-07-16,B004,P003,18,17,22,3,0,1,SURPLUS,0.0,0.0,Low
2026-07-16,B004,P004,19,18,29,6,0,4,SURPLUS,0.0,0.0,Low
2026-07-16,B004,P005,20,22,20,5,5,0,SHORTAGE,5.0,224214.90000000002,High
2026-07-16,B004,P006,62,63,84,19,0,3,SURPLUS,0.0,0.0,Low
2026-07-16,B004,P007,11,12,18,3,0,4,SURPLUS,0.0,0.0,Low
2026-07-16,B004,P008,17,16,26,5,0,4,SURPLUS,0.0,0.0,Low
2026-07-16,B004,P009,31,32,63,8,0,24,SURPLUS,0.0,0.0,Low
2026-07-16,B004,P010,15,14,10,3,8,0,SHORTAGE,8.0,120828.72,Critical
2026-07-16,B005,P001,36,37,47,7,0,4,SURPLUS,0.0,0.0,Low
2026-07-16,B005,P002,12,12,18,3,0,3,SURPLUS,0.0,0.0,Low
2026-07-16,B005,P003,17,18,17,3,3,0,SHORTAGE,3.0,74040.51,Medium
2026-07-16,B005,P004,16,15,7,3,12,0,SHORTAGE,12.0,100938.59999999999,Critical
2026-07-16,B005,P005,18,20,22,4,0,0,BALANCED,0.0,0.0,Low
2026-07-16,B005,P006,55,49,91,13,0,23,SURPLUS,0.0,0.0,Low
2026-07-16,B005,P007,13,11,17,3,0,1,SURPLUS,0.0,0.0,Low
2026-07-16,B005,P008,11,12,19,3,0,5,SURPLUS,0.0,0.0,Low
2026-07-16,B005,P009,53,53,81,18,0,10,SURPLUS,0.0,0.0,Low
2026-07-16,B005,P010,25,24,28,5,2,0,SHORTAGE,2.0,29847.76,Medium
2026-07-16,B006,P001,28,33,22,9,15,0,SHORTAGE,15.0,514307.1,Critical
2026-07-16,B006,P002,15,17,11,4,8,0,SHORTAGE,8.0,239532.16,Critical
2026-07-16,B006,P003,16,17,26,5,0,5,SURPLUS,0.0,0.0,Low
2026-07-16,B006,P004,11,12,16,3,0,2,SURPLUS,0.0,0.0,Low
2026-07-16,B006,P005,27,25,17,8,18,0,SHORTAGE,18.0,918619.5599999999,Critical
2026-07-16,B006,P006,54,57,56,17,15,0,SHORTAGE,15.0,261342.45,High
2026-07-16,B006,P007,14,13,9,3,8,0,SHORTAGE,8.0,100760.24,Critical
2026-07-16,B006,P008,14,12,9,3,8,0,SHORTAGE,8.0,353267.76,Critical
2026-07-16,B006,P009,27,29,35,5,0,3,SURPLUS,0.0,0.0,Low
2026-07-16,B006,P010,23,22,35,7,0,5,SURPLUS,0.0,0.0,Low
2026-07-16,B007,P001,28,31,55,5,0,22,SURPLUS,0.0,0.0,Low
2026-07-16,B007,P002,13,12,17,3,0,1,SURPLUS,0.0,0.0,Low
2026-07-16,B007,P003,13,14,23,4,0,6,SURPLUS,0.0,0.0,Low
2026-07-16,B007,P004,10,12,11,3,2,0,SHORTAGE,2.0,17949.62,Medium
2026-07-16,B007,P005,19,22,13,4,10,0,SHORTAGE,10.0,495699.7,Critical
2026-07-16,B007,P006,32,30,55,9,0,14,SURPLUS,0.0,0.0,Low
2026-07-16,B007,P007,11,12,6,3,8,0,SHORTAGE,8.0,101326.56,Critical
2026-07-16,B007,P008,11,10,6,3,8,0,SHORTAGE,8.0,335271.36,Critical
2026-07-16,B007,P009,36,38,50,10,0,4,SURPLUS,0.0,0.0,Low
2026-07-16,B007,P010,17,17,32,5,0,10,SURPLUS,0.0,0.0,Low
2026-07-16,B008,P001,29,31,47,6,0,12,SURPLUS,0.0,0.0,Low
2026-07-16,B008,P002,14,15,25,4,0,7,SURPLUS,0.0,0.0,Low
2026-07-16,B008,P003,10,11,11,3,2,0,SHORTAGE,2.0,48100.92,Medium
2026-07-16,B008,P004,16,16,24,4,0,4,SURPLUS,0.0,0.0,Low
2026-07-16,B008,P005,12,13,19,3,0,4,SURPLUS,0.0,0.0,Low
2026-07-16,B008,P006,35,36,40,7,2,0,SHORTAGE,2.0,35774.9,Medium
2026-07-16,B008,P007,16,15,11,3,8,0,SHORTAGE,8.0,93011.44,Critical
2026-07-16,B008,P008,15,15,21,4,0,2,SURPLUS,0.0,0.0,Low
2026-07-16,B008,P009,33,34,62,9,0,20,SURPLUS,0.0,0.0,Low
2026-07-16,B008,P010,18,17,17,4,5,0,SHORTAGE,5.0,81676.40000000001,High
2026-07-17,B001,P001,77,72,66,17,28,0,SHORTAGE,28.0,947682.96,High
2026-07-17,B001,P002,29,29,26,6,9,0,SHORTAGE,9.0,246555.09,High
2026-07-17,B001,P003,27,30,20,6,13,0,SHORTAGE,13.0,326343.29000000004,Critical
2026-07-17,B001,P004,24,24,41,7,0,10,SURPLUS,0.0,0.0,Low
2026-07-17,B001,P005,54,49,92,16,0,22,SURPLUS,0.0,0.0,Low
2026-07-17,B001,P006,81,83,119,26,0,12,SURPLUS,0.0,0.0,Low
2026-07-17,B001,P007,26,27,27,8,7,0,SHORTAGE,7.0,82316.36,High
2026-07-17,B001,P008,30,27,54,10,0,14,SURPLUS,0.0,0.0,Low
2026-07-17,B001,P009,68,67,116,16,0,32,SURPLUS,0.0,0.0,Low
2026-07-17,B001,P010,34,36,58,10,0,14,SURPLUS,0.0,0.0,Low
2026-07-17,B002,P001,58,56,119,13,0,48,SURPLUS,0.0,0.0,Low
2026-07-17,B002,P002,19,21,19,6,6,0,SHORTAGE,6.0,175799.7,High
2026-07-17,B002,P003,19,19,10,6,15,0,SHORTAGE,15.0,355050.3,Critical
2026-07-17,B002,P004,17,20,23,4,0,2,SURPLUS,0.0,0.0,Low
2026-07-17,B002,P005,33,31,28,8,13,0,SHORTAGE,13.0,630553.9500000001,High
2026-07-17,B002,P006,82,82,138,28,0,28,SURPLUS,0.0,0.0,Low
2026-07-17,B002,P007,23,22,36,4,0,9,SURPLUS,0.0,0.0,Low
2026-07-17,B002,P008,19,18,30,5,0,6,SURPLUS,0.0,0.0,Low
2026-07-17,B002,P009,65,66,88,16,0,7,SURPLUS,0.0,0.0,Low
2026-07-17,B002,P010,30,30,43,8,0,5,SURPLUS,0.0,0.0,Low
2026-07-17,B003,P001,58,53,94,13,0,23,SURPLUS,0.0,0.0,Low
2026-07-17,B003,P002,19,22,23,4,0,0,BALANCED,0.0,0.0,Low
2026-07-17,B003,P003,26,23,30,7,3,0,SHORTAGE,3.0,69450.78,Medium
2026-07-17,B003,P004,19,21,30,4,0,7,SURPLUS,0.0,0.0,Low
2026-07-17,B003,P005,37,35,37,8,8,0,SHORTAGE,8.0,396152.64,High
2026-07-17,B003,P006,62,67,64,17,15,0,SHORTAGE,15.0,257267.7,High
2026-07-17,B003,P007,15,14,8,4,11,0,SHORTAGE,11.0,123191.42,Critical
2026-07-17,B003,P008,22,21,29,5,0,2,SURPLUS,0.0,0.0,Low
2026-07-17,B003,P009,55,59,94,14,0,25,SURPLUS,0.0,0.0,Low
2026-07-17,B003,P010,30,31,26,7,11,0,SHORTAGE,11.0,178295.91999999998,High
2026-07-17,B004,P001,62,48,110,17,0,31,SURPLUS,0.0,0.0,Low
2026-07-17,B004,P002,17,18,28,4,0,7,SURPLUS,0.0,0.0,Low
2026-07-17,B004,P003,20,20,23,5,2,0,SHORTAGE,2.0,50069.64,Medium
2026-07-17,B004,P004,15,16,25,3,0,7,SURPLUS,0.0,0.0,Low
2026-07-17,B004,P005,28,30,34,6,0,0,BALANCED,0.0,0.0,Low
2026-07-17,B004,P006,50,49,79,15,0,14,SURPLUS,0.0,0.0,Low
2026-07-17,B004,P007,13,14,15,3,1,0,SHORTAGE,1.0,12230.94,Medium
2026-07-17,B004,P008,15,15,17,5,3,0,SHORTAGE,3.0,118471.5,Medium
2026-07-17,B004,P009,56,50,111,11,0,44,SURPLUS,0.0,0.0,Low
2026-07-17,B004,P010,17,18,20,5,2,0,SHORTAGE,2.0,32471.68,Medium
2026-07-17,B005,P001,44,47,69,13,0,12,SURPLUS,0.0,0.0,Low
2026-07-17,B005,P002,14,14,17,3,0,0,BALANCED,0.0,0.0,Low
2026-07-17,B005,P003,18,18,14,5,9,0,SHORTAGE,9.0,231837.12,Critical
2026-07-17,B005,P004,17,16,21,5,1,0,SHORTAGE,1.0,8726.46,Medium
2026-07-17,B005,P005,36,35,41,8,3,0,SHORTAGE,3.0,154978.16999999998,Medium
2026-07-17,B005,P006,59,55,51,13,21,0,SHORTAGE,21.0,388757.45999999996,High
2026-07-17,B005,P007,13,13,23,4,0,6,SURPLUS,0.0,0.0,Low
2026-07-17,B005,P008,20,17,22,4,2,0,SHORTAGE,2.0,78042.12,Medium
2026-07-17,B005,P009,42,44,75,12,0,21,SURPLUS,0.0,0.0,Low
2026-07-17,B005,P010,31,30,61,7,0,23,SURPLUS,0.0,0.0,Low
2026-07-17,B006,P001,34,37,52,8,0,10,SURPLUS,0.0,0.0,Low
2026-07-17,B006,P002,16,16,21,4,0,1,SURPLUS,0.0,0.0,Low
2026-07-17,B006,P003,20,20,29,5,0,4,SURPLUS,0.0,0.0,Low
2026-07-17,B006,P004,10,10,8,3,5,0,SHORTAGE,5.0,44703.4,Critical
2026-07-17,B006,P005,30,29,52,9,0,13,SURPLUS,0.0,0.0,Low
2026-07-17,B006,P006,37,36,67,11,0,19,SURPLUS,0.0,0.0,Low
2026-07-17,B006,P007,11,11,7,3,7,0,SHORTAGE,7.0,89495.42,Critical
2026-07-17,B006,P008,14,14,24,3,0,7,SURPLUS,0.0,0.0,Low
2026-07-17,B006,P009,36,42,31,12,17,0,SHORTAGE,17.0,57575.43,Critical
2026-07-17,B006,P010,25,26,48,6,0,17,SURPLUS,0.0,0.0,Low
2026-07-17,B007,P001,40,39,46,13,7,0,SHORTAGE,7.0,212687.79,Medium
2026-07-17,B007,P002,14,15,11,4,7,0,SHORTAGE,7.0,200998.0,Critical
2026-07-17,B007,P003,19,19,36,5,0,12,SURPLUS,0.0,0.0,Low
2026-07-17,B007,P004,15,15,7,3,11,0,SHORTAGE,11.0,104563.90999999999,Critical
2026-07-17,B007,P005,17,21,28,3,0,8,SURPLUS,0.0,0.0,Low
2026-07-17,B007,P006,56,54,96,15,0,25,SURPLUS,0.0,0.0,Low
2026-07-17,B007,P007,11,11,15,3,0,1,SURPLUS,0.0,0.0,Low
2026-07-17,B007,P008,9,9,8,3,4,0,SHORTAGE,4.0,174786.48,High
2026-07-17,B007,P009,44,46,71,11,0,16,SURPLUS,0.0,0.0,Low
2026-07-17,B007,P010,18,19,10,5,13,0,SHORTAGE,13.0,224627.91,Critical
2026-07-17,B008,P001,44,38,37,10,17,0,SHORTAGE,17.0,565665.82,High
2026-07-17,B008,P002,13,17,15,3,1,0,SHORTAGE,1.0,28758.6,Medium
2026-07-17,B008,P003,19,17,15,6,10,0,SHORTAGE,10.0,227457.5,Critical
2026-07-17,B008,P004,13,12,19,3,0,3,SURPLUS,0.0,0.0,Low
2026-07-17,B008,P005,26,27,43,6,0,11,SURPLUS,0.0,0.0,Low
2026-07-17,B008,P006,45,48,71,15,0,11,SURPLUS,0.0,0.0,Low
2026-07-17,B008,P007,12,12,8,4,8,0,SHORTAGE,8.0,88713.68,Critical
2026-07-17,B008,P008,20,20,29,4,0,5,SURPLUS,0.0,0.0,Low
2026-07-17,B008,P009,55,55,39,13,29,0,SHORTAGE,29.0,107818.81,Critical
2026-07-17,B008,P010,31,31,34,6,3,0,SHORTAGE,3.0,50023.71,Medium
2026-07-18,B001,P001,75,68,82,25,18,0,SHORTAGE,18.0,537828.2999999999,High
2026-07-18,B001,P002,25,26,46,7,0,14,SURPLUS,0.0,0.0,Low
2026-07-18,B001,P003,31,32,33,7,5,0,SHORTAGE,5.0,128297.5,Medium
2026-07-18,B001,P004,24,28,22,6,8,0,SHORTAGE,8.0,73668.56,High
2026-07-18,B001,P005,45,41,33,13,25,0,SHORTAGE,25.0,1128548.0,Critical
2026-07-18,B001,P006,100,91,162,28,0,34,SURPLUS,0.0,0.0,Low
2026-07-18,B001,P007,23,24,9,5,19,0,SHORTAGE,19.0,242231.38,Critical
2026-07-18,B001,P008,31,26,20,6,17,0,SHORTAGE,17.0,767804.49,Critical
2026-07-18,B001,P009,67,63,85,21,3,0,SHORTAGE,3.0,11110.89,Medium
2026-07-18,B001,P010,36,41,73,9,0,28,SURPLUS,0.0,0.0,Low
2026-07-18,B002,P001,53,53,51,15,17,0,SHORTAGE,17.0,559680.9700000001,High
2026-07-18,B002,P002,24,25,26,8,6,0,SHORTAGE,6.0,159590.63999999998,High
2026-07-18,B002,P003,29,31,52,8,0,15,SURPLUS,0.0,0.0,Low
2026-07-18,B002,P004,19,18,37,4,0,14,SURPLUS,0.0,0.0,Low
2026-07-18,B002,P005,44,41,82,11,0,27,SURPLUS,0.0,0.0,Low
2026-07-18,B002,P006,83,73,103,20,0,0,BALANCED,0.0,0.0,Low
2026-07-18,B002,P007,19,18,26,5,0,2,SURPLUS,0.0,0.0,Low
2026-07-18,B002,P008,23,22,45,6,0,16,SURPLUS,0.0,0.0,Low
2026-07-18,B002,P009,54,54,79,18,0,7,SURPLUS,0.0,0.0,Low
2026-07-18,B002,P010,32,33,37,8,3,0,SHORTAGE,3.0,45645.899999999994,Medium
2026-07-18,B003,P001,52,52,27,15,40,0,SHORTAGE,40.0,1271874.8,Critical
2026-07-18,B003,P002,22,20,32,4,0,6,SURPLUS,0.0,0.0,Low
2026-07-18,B003,P003,27,26,42,9,0,6,SURPLUS,0.0,0.0,Low
2026-07-18,B003,P004,16,16,29,3,0,10,SURPLUS,0.0,0.0,Low
2026-07-18,B003,P005,25,26,21,5,9,0,SHORTAGE,9.0,465744.60000000003,High
2026-07-18,B003,P006,37,41,39,8,6,0,SHORTAGE,6.0,104059.56,Medium
2026-07-18,B003,P007,13,16,10,3,6,0,SHORTAGE,6.0,66764.76,Critical
2026-07-18,B003,P008,24,23,15,5,14,0,SHORTAGE,14.0,588599.48,Critical
2026-07-18,B003,P009,51,45,72,17,0,4,SURPLUS,0.0,0.0,Low
2026-07-18,B003,P010,31,27,40,7,0,2,SURPLUS,0.0,0.0,Low
2026-07-18,B004,P001,47,45,83,11,0,25,SURPLUS,0.0,0.0,Low
2026-07-18,B004,P002,19,18,32,5,0,8,SURPLUS,0.0,0.0,Low
2026-07-18,B004,P003,21,20,21,6,6,0,SHORTAGE,6.0,141029.34,High
2026-07-18,B004,P004,21,19,29,7,0,1,SURPLUS,0.0,0.0,Low
2026-07-18,B004,P005,37,32,37,8,8,0,SHORTAGE,8.0,413858.24,High
2026-07-18,B004,P006,48,46,30,10,28,0,SHORTAGE,28.0,476745.36,Critical
2026-07-18,B004,P007,9,11,7,3,5,0,SHORTAGE,5.0,61562.15,Critical
2026-07-18,B004,P008,15,16,7,5,13,0,SHORTAGE,13.0,553017.79,Critical
2026-07-18,B004,P009,40,45,75,8,0,27,SURPLUS,0.0,0.0,Low
2026-07-18,B004,P010,20,18,18,4,6,0,SHORTAGE,6.0,91383.42,High
2026-07-18,B005,P001,54,48,113,16,0,43,SURPLUS,0.0,0.0,Low
2026-07-18,B005,P002,22,21,10,5,17,0,SHORTAGE,17.0,481258.44,Critical
2026-07-18,B005,P003,17,21,16,5,6,0,SHORTAGE,6.0,149883.0,High
2026-07-18,B005,P004,16,16,12,3,7,0,SHORTAGE,7.0,59780.42,High
2026-07-18,B005,P005,28,28,27,9,10,0,SHORTAGE,10.0,474579.4,High
2026-07-18,B005,P006,47,54,54,10,3,0,SHORTAGE,3.0,52243.59,Medium
2026-07-18,B005,P007,17,18,10,4,11,0,SHORTAGE,11.0,132215.71000000002,Critical
2026-07-18,B005,P008,19,23,11,5,13,0,SHORTAGE,13.0,532315.29,Critical
2026-07-18,B005,P009,51,53,61,13,3,0,SHORTAGE,3.0,10590.33,Medium
2026-07-18,B005,P010,28,27,50,5,0,17,SURPLUS,0.0,0.0,Low
2026-07-18,B006,P001,31,33,46,7,0,8,SURPLUS,0.0,0.0,Low
2026-07-18,B006,P002,19,21,26,6,0,1,SURPLUS,0.0,0.0,Low
2026-07-18,B006,P003,17,18,24,4,0,3,SURPLUS,0.0,0.0,Low
2026-07-18,B006,P004,16,16,15,4,5,0,SHORTAGE,5.0,41741.25,High
2026-07-18,B006,P005,34,30,39,8,3,0,SHORTAGE,3.0,132738.03,Medium
2026-07-18,B006,P006,52,48,49,13,16,0,SHORTAGE,16.0,298346.88,High
2026-07-18,B006,P007,12,12,17,3,0,2,SURPLUS,0.0,0.0,Low
2026-07-18,B006,P008,20,18,31,4,0,7,SURPLUS,0.0,0.0,Low
2026-07-18,B006,P009,33,39,63,7,0,23,SURPLUS,0.0,0.0,Low
2026-07-18,B006,P010,24,23,30,6,0,0,BALANCED,0.0,0.0,Low
2026-07-18,B007,P001,28,29,55,7,0,20,SURPLUS,0.0,0.0,Low
2026-07-18,B007,P002,18,17,12,5,11,0,SHORTAGE,11.0,315571.19,Critical
2026-07-18,B007,P003,18,18,31,5,0,8,SURPLUS,0.0,0.0,Low
2026-07-18,B007,P004,9,9,6,3,6,0,SHORTAGE,6.0,53431.62,Critical
2026-07-18,B007,P005,27,25,31,8,4,0,SHORTAGE,4.0,189709.24,Medium
2026-07-18,B007,P006,48,48,53,14,9,0,SHORTAGE,9.0,160347.6,Medium
2026-07-18,B007,P007,12,12,18,3,0,3,SURPLUS,0.0,0.0,Low
2026-07-18,B007,P008,13,12,22,3,0,6,SURPLUS,0.0,0.0,Low
2026-07-18,B007,P009,47,43,63,10,0,6,SURPLUS,0.0,0.0,Low
2026-07-18,B007,P010,20,20,26,6,0,0,BALANCED,0.0,0.0,Low
2026-07-18,B008,P001,54,53,27,13,40,0,SHORTAGE,40.0,1274940.0,Critical
2026-07-18,B008,P002,20,21,41,4,0,17,SURPLUS,0.0,0.0,Low
2026-07-18,B008,P003,21,21,29,5,0,3,SURPLUS,0.0,0.0,Low
2026-07-18,B008,P004,15,13,15,4,4,0,SHORTAGE,4.0,34718.68,High
2026-07-18,B008,P005,29,29,38,6,0,3,SURPLUS,0.0,0.0,Low
2026-07-18,B008,P006,40,38,38,10,12,0,SHORTAGE,12.0,207790.68,High
2026-07-18,B008,P007,14,15,10,3,7,0,SHORTAGE,7.0,86727.83,Critical
2026-07-18,B008,P008,17,17,23,5,0,1,SURPLUS,0.0,0.0,Low
2026-07-18,B008,P009,37,36,42,9,4,0,SHORTAGE,4.0,13960.88,Medium
2026-07-18,B008,P010,25,24,45,6,0,14,SURPLUS,0.0,0.0,Low
2026-07-19,B001,P001,60,61,69,18,9,0,SHORTAGE,9.0,305665.64999999997,Medium
2026-07-19,B001,P002,19,27,8,5,16,0,SHORTAGE,16.0,440612.0,Critical
2026-07-19,B001,P003,23,21,37,5,0,9,SURPLUS,0.0,0.0,Low
2026-07-19,B001,P004,22,21,24,5,3,0,SHORTAGE,3.0,29003.79,Medium
2026-07-19,B001,P005,42,43,56,14,0,0,BALANCED,0.0,0.0,Low
2026-07-19,B001,P006,54,55,43,15,26,0,SHORTAGE,26.0,472965.48,Critical
2026-07-19,B001,P007,21,20,32,6,0,5,SURPLUS,0.0,0.0,Low
2026-07-19,B001,P008,16,18,10,4,10,0,SHORTAGE,10.0,393856.3,Critical
2026-07-19,B001,P009,60,60,99,12,0,27,SURPLUS,0.0,0.0,Low
2026-07-19,B001,P010,26,25,33,7,0,0,BALANCED,0.0,0.0,Low
2026-07-19,B002,P001,45,39,74,9,0,20,SURPLUS,0.0,0.0,Low
2026-07-19,B002,P002,24,24,25,7,6,0,SHORTAGE,6.0,161485.8,High
2026-07-19,B002,P003,24,25,43,8,0,11,SURPLUS,0.0,0.0,Low
2026-07-19,B002,P004,17,17,28,5,0,6,SURPLUS,0.0,0.0,Low
2026-07-19,B002,P005,28,31,16,6,18,0,SHORTAGE,18.0,804745.7999999999,Critical
2026-07-19,B002,P006,50,57,63,13,0,0,BALANCED,0.0,0.0,Low
2026-07-19,B002,P007,10,12,14,3,0,1,SURPLUS,0.0,0.0,Low
2026-07-19,B002,P008,20,20,11,6,15,0,SHORTAGE,15.0,647978.7000000001,Critical
2026-07-19,B002,P009,49,45,41,14,22,0,SHORTAGE,22.0,78339.14,High
2026-07-19,B002,P010,23,26,29,7,1,0,SHORTAGE,1.0,17059.32,Medium
2026-07-19,B003,P001,41,37,63,11,0,11,SURPLUS,0.0,0.0,Low
2026-07-19,B003,P002,11,13,7,3,7,0,SHORTAGE,7.0,182838.74,Critical
2026-07-19,B003,P003,17,20,30,4,0,9,SURPLUS,0.0,0.0,Low
2026-07-19,B003,P004,18,19,18,4,4,0,SHORTAGE,4.0,33378.84,High
2026-07-19,B003,P005,31,31,22,10,19,0,SHORTAGE,19.0,854597.96,Critical
2026-07-19,B003,P006,46,42,64,11,0,7,SURPLUS,0.0,0.0,Low
2026-07-19,B003,P007,13,14,9,3,7,0,SHORTAGE,7.0,86626.26000000001,Critical
2026-07-19,B003,P008,14,14,21,4,0,3,SURPLUS,0.0,0.0,Low
2026-07-19,B003,P009,46,49,26,10,30,0,SHORTAGE,30.0,101753.7,Critical
2026-07-19,B003,P010,26,27,51,8,0,17,SURPLUS,0.0,0.0,Low
2026-07-19,B004,P001,35,38,56,11,0,10,SURPLUS,0.0,0.0,Low
2026-07-19,B004,P002,14,14,20,4,0,2,SURPLUS,0.0,0.0,Low
2026-07-19,B004,P003,23,25,12,5,16,0,SHORTAGE,16.0,353792.96,Critical
2026-07-19,B004,P004,11,12,10,3,4,0,SHORTAGE,4.0,37222.24,High
2026-07-19,B004,P005,18,16,35,5,0,12,SURPLUS,0.0,0.0,Low
2026-07-19,B004,P006,64,65,99,13,0,22,SURPLUS,0.0,0.0,Low
2026-07-19,B004,P007,10,11,11,3,2,0,SHORTAGE,2.0,24985.44,Medium
2026-07-19,B004,P008,12,13,24,3,0,9,SURPLUS,0.0,0.0,Low
2026-07-19,B004,P009,38,40,61,12,0,11,SURPLUS,0.0,0.0,Low
2026-07-19,B004,P010,28,27,18,6,16,0,SHORTAGE,16.0,252987.04,Critical
2026-07-19,B005,P001,43,44,64,14,0,7,SURPLUS,0.0,0.0,Low
2026-07-19,B005,P002,15,14,25,4,0,6,SURPLUS,0.0,0.0,Low
2026-07-19,B005,P003,19,19,36,5,0,12,SURPLUS,0.0,0.0,Low
2026-07-19,B005,P004,11,12,9,3,5,0,SHORTAGE,5.0,46439.95,Critical
2026-07-19,B005,P005,24,23,22,5,7,0,SHORTAGE,7.0,345390.5,High
2026-07-19,B005,P006,45,45,39,14,20,0,SHORTAGE,20.0,363497.0,High
2026-07-19,B005,P007,16,17,26,5,0,5,SURPLUS,0.0,0.0,Low
2026-07-19,B005,P008,17,16,22,5,0,0,BALANCED,0.0,0.0,Low
2026-07-19,B005,P009,46,47,51,14,9,0,SHORTAGE,9.0,30471.93,Medium
2026-07-19,B005,P010,14,15,20,4,0,2,SURPLUS,0.0,0.0,Low
2026-07-19,B006,P001,29,32,45,6,0,10,SURPLUS,0.0,0.0,Low
2026-07-19,B006,P002,11,12,16,3,0,2,SURPLUS,0.0,0.0,Low
2026-07-19,B006,P003,24,23,20,8,12,0,SHORTAGE,12.0,303309.0,Critical
2026-07-19,B006,P004,10,11,9,3,4,0,SHORTAGE,4.0,33910.36,High
2026-07-19,B006,P005,21,24,37,5,0,11,SURPLUS,0.0,0.0,Low
2026-07-19,B006,P006,56,54,97,14,0,27,SURPLUS,0.0,0.0,Low
2026-07-19,B006,P007,6,7,2,3,7,0,SHORTAGE,7.0,82544.84000000001,Critical
2026-07-19,B006,P008,12,12,18,3,0,3,SURPLUS,0.0,0.0,Low
2026-07-19,B006,P009,41,41,60,10,0,9,SURPLUS,0.0,0.0,Low
2026-07-19,B006,P010,22,21,16,7,13,0,SHORTAGE,13.0,198840.19999999998,Critical
2026-07-19,B007,P001,34,37,56,7,0,15,SURPLUS,0.0,0.0,Low
2026-07-19,B007,P002,18,17,20,4,2,0,SHORTAGE,2.0,54895.58,Medium
2026-07-19,B007,P003,13,16,22,3,0,6,SURPLUS,0.0,0.0,Low
2026-07-19,B007,P004,14,13,11,3,6,0,SHORTAGE,6.0,56525.399999999994,High
2026-07-19,B007,P005,19,19,34,4,0,11,SURPLUS,0.0,0.0,Low
2026-07-19,B007,P006,54,53,68,16,2,0,SHORTAGE,2.0,34423.52,Medium
2026-07-19,B007,P007,12,12,17,3,0,2,SURPLUS,0.0,0.0,Low
2026-07-19,B007,P008,13,16,25,3,0,9,SURPLUS,0.0,0.0,Low
2026-07-19,B007,P009,43,43,64,9,0,12,SURPLUS,0.0,0.0,Low
2026-07-19,B007,P010,10,10,16,3,0,3,SURPLUS,0.0,0.0,Low
2026-07-19,B008,P001,25,24,18,5,12,0,SHORTAGE,12.0,364739.27999999997,Critical
2026-07-19,B008,P002,17,18,16,3,4,0,SHORTAGE,4.0,105062.6,High
2026-07-19,B008,P003,19,20,16,5,8,0,SHORTAGE,8.0,180051.52,High
2026-07-19,B008,P004,13,13,13,4,4,0,SHORTAGE,4.0,35565.48,High
2026-07-19,B008,P005,23,21,29,6,0,0,BALANCED,0.0,0.0,Low
2026-07-19,B008,P006,76,66,122,17,0,29,SURPLUS,0.0,0.0,Low
2026-07-19,B008,P007,10,11,15,3,0,2,SURPLUS,0.0,0.0,Low
2026-07-19,B008,P008,17,18,23,3,0,3,SURPLUS,0.0,0.0,Low
2026-07-19,B008,P009,32,36,23,8,17,0,SHORTAGE,17.0,57543.3,Critical
2026-07-19,B008,P010,29,29,45,9,0,7,SURPLUS,0.0,0.0,Low
2026-07-20,B001,P001,58,65,92,19,0,15,SURPLUS,0.0,0.0,Low
2026-07-20,B001,P002,25,28,19,8,14,0,SHORTAGE,14.0,392840.13999999996,Critical
2026-07-20,B001,P003,24,25,28,8,4,0,SHORTAGE,4.0,99288.92,Medium
2026-07-20,B001,P004,24,23,44,5,0,15,SURPLUS,0.0,0.0,Low
2026-07-20,B001,P005,30,35,26,9,13,0,SHORTAGE,13.0,605578.48,High
2026-07-20,B001,P006,74,79,141,25,0,42,SURPLUS,0.0,0.0,Low
2026-07-20,B001,P007,18,20,35,4,0,13,SURPLUS,0.0,0.0,Low
2026-07-20,B001,P008,15,15,17,3,1,0,SHORTAGE,1.0,41188.3,Medium
2026-07-20,B001,P009,55,55,59,15,11,0,SHORTAGE,11.0,36105.740000000005,Medium
2026-07-20,B001,P010,45,40,83,12,0,26,SURPLUS,0.0,0.0,Low
2026-07-20,B002,P001,44,44,68,15,0,9,SURPLUS,0.0,0.0,Low
2026-07-20,B002,P002,17,16,36,4,0,15,SURPLUS,0.0,0.0,Low
2026-07-20,B002,P003,20,20,21,6,5,0,SHORTAGE,5.0,122124.34999999999,High
2026-07-20,B002,P004,13,13,23,4,0,6,SURPLUS,0.0,0.0,Low
2026-07-20,B002,P005,42,39,45,10,7,0,SHORTAGE,7.0,331583.98,Medium
2026-07-20,B002,P006,59,65,70,18,7,0,SHORTAGE,7.0,124068.56000000001,Medium
2026-07-20,B002,P007,15,15,28,3,0,10,SURPLUS,0.0,0.0,Low
2026-07-20,B002,P008,14,15,16,3,1,0,SHORTAGE,1.0,44612.65,Medium
2026-07-20,B002,P009,62,55,71,18,9,0,SHORTAGE,9.0,30066.3,Medium
2026-07-20,B002,P010,19,23,36,6,0,11,SURPLUS,0.0,0.0,Low
2026-07-20,B003,P001,44,46,22,13,35,0,SHORTAGE,35.0,1140245.4,Critical
2026-07-20,B003,P002,17,19,17,5,5,0,SHORTAGE,5.0,150601.5,High
2026-07-20,B003,P003,13,15,13,3,3,0,SHORTAGE,3.0,75340.20000000001,High
2026-07-20,B003,P004,14,14,25,3,0,8,SURPLUS,0.0,0.0,Low
2026-07-20,B003,P005,25,27,21,7,11,0,SHORTAGE,11.0,537182.03,High
2026-07-20,B003,P006,57,58,96,14,0,25,SURPLUS,0.0,0.0,Low
2026-07-20,B003,P007,14,15,8,4,10,0,SHORTAGE,10.0,127696.7,Critical
2026-07-20,B003,P008,14,14,17,3,0,0,BALANCED,0.0,0.0,Low
2026-07-20,B003,P009,49,48,83,14,0,20,SURPLUS,0.0,0.0,Low
2026-07-20,B003,P010,39,33,33,11,17,0,SHORTAGE,17.0,258372.63,High
2026-07-20,B004,P001,36,35,24,12,24,0,SHORTAGE,24.0,776985.84,Critical
2026-07-20,B004,P002,19,17,34,5,0,10,SURPLUS,0.0,0.0,Low
2026-07-20,B004,P003,24,26,30,5,0,1,SURPLUS,0.0,0.0,Low
2026-07-20,B004,P004,8,9,7,3,4,0,SHORTAGE,4.0,36063.4,Critical
2026-07-20,B004,P005,21,22,26,4,0,1,SURPLUS,0.0,0.0,Low
2026-07-20,B004,P006,53,47,86,15,0,18,SURPLUS,0.0,0.0,Low
2026-07-20,B004,P007,7,8,10,3,0,0,BALANCED,0.0,0.0,Low
2026-07-20,B004,P008,9,9,13,3,0,1,SURPLUS,0.0,0.0,Low
2026-07-20,B004,P009,46,50,36,11,21,0,SHORTAGE,21.0,68658.66,Critical
2026-07-20,B004,P010,13,15,16,3,0,0,BALANCED,0.0,0.0,Low
2026-07-20,B005,P001,43,45,32,13,24,0,SHORTAGE,24.0,715674.24,Critical
2026-07-20,B005,P002,18,20,21,5,2,0,SHORTAGE,2.0,54262.28,Medium
2026-07-20,B005,P003,15,14,20,5,0,0,BALANCED,0.0,0.0,Low
2026-07-20,B005,P004,9,10,9,3,3,0,SHORTAGE,3.0,25148.46,High
2026-07-20,B005,P005,32,36,54,6,0,16,SURPLUS,0.0,0.0,Low
2026-07-20,B005,P006,39,41,77,9,0,29,SURPLUS,0.0,0.0,Low
2026-07-20,B005,P007,18,17,14,5,9,0,SHORTAGE,9.0,106723.88999999998,Critical
2026-07-20,B005,P008,10,10,17,3,0,4,SURPLUS,0.0,0.0,Low
2026-07-20,B005,P009,33,33,49,8,0,8,SURPLUS,0.0,0.0,Low
2026-07-20,B005,P010,21,20,24,6,3,0,SHORTAGE,3.0,50183.31,Medium
2026-07-20,B006,P001,44,41,70,9,0,17,SURPLUS,0.0,0.0,Low
2026-07-20,B006,P002,12,15,13,3,2,0,SHORTAGE,2.0,52378.08,Medium
2026-07-20,B006,P003,20,19,21,4,3,0,SHORTAGE,3.0,77160.0,Medium
2026-07-20,B006,P004,10,12,6,3,7,0,SHORTAGE,7.0,60733.75,Critical
2026-07-20,B006,P005,27,32,26,7,8,0,SHORTAGE,8.0,377144.96,High
2026-07-20,B006,P006,43,52,74,12,0,19,SURPLUS,0.0,0.0,Low
2026-07-20,B006,P007,8,9,11,3,0,0,BALANCED,0.0,0.0,Low
2026-07-20,B006,P008,18,16,25,5,0,2,SURPLUS,0.0,0.0,Low
2026-07-20,B006,P009,42,39,48,13,7,0,SHORTAGE,7.0,24648.68,Medium
2026-07-20,B006,P010,18,19,17,5,6,0,SHORTAGE,6.0,103327.32,High
2026-07-20,B007,P001,21,25,19,4,6,0,SHORTAGE,6.0,188762.28,High
2026-07-20,B007,P002,9,9,13,3,0,1,SURPLUS,0.0,0.0,Low
2026-07-20,B007,P003,18,19,16,5,7,0,SHORTAGE,7.0,157094.14,High
2026-07-20,B007,P004,13,14,23,3,0,7,SURPLUS,0.0,0.0,Low
2026-07-20,B007,P005,29,27,28,7,8,0,SHORTAGE,8.0,392578.08,High
2026-07-20,B007,P006,38,36,31,11,18,0,SHORTAGE,18.0,334141.92,Critical
2026-07-20,B007,P007,8,8,15,3,0,4,SURPLUS,0.0,0.0,Low
2026-07-20,B007,P008,15,14,8,4,11,0,SHORTAGE,11.0,448437.77,Critical
2026-07-20,B007,P009,48,41,41,10,17,0,SHORTAGE,17.0,61517.05,High
2026-07-20,B007,P010,23,21,15,5,13,0,SHORTAGE,13.0,215800.0,Critical
2026-07-20,B008,P001,43,39,39,10,14,0,SHORTAGE,14.0,424536.0,High
2026-07-20,B008,P002,17,16,31,5,0,9,SURPLUS,0.0,0.0,Low
2026-07-20,B008,P003,13,13,13,4,4,0,SHORTAGE,4.0,91017.44,High
2026-07-20,B008,P004,13,13,22,4,0,5,SURPLUS,0.0,0.0,Low
2026-07-20,B008,P005,24,23,17,5,12,0,SHORTAGE,12.0,586440.24,Critical
2026-07-20,B008,P006,37,40,64,8,0,19,SURPLUS,0.0,0.0,Low
2026-07-20,B008,P007,5,6,8,3,0,0,BALANCED,0.0,0.0,Low
2026-07-20,B008,P008,14,14,23,4,0,5,SURPLUS,0.0,0.0,Low
2026-07-20,B008,P009,42,44,50,14,6,0,SHORTAGE,6.0,20936.34,Medium
2026-07-20,B008,P010,15,16,20,3,0,2,SURPLUS,0.0,0.0,Low
2026-07-21,B001,P001,47,51,68,12,0,9,SURPLUS,0.0,0.0,Low
2026-07-21,B001,P002,24,24,44,5,0,15,SURPLUS,0.0,0.0,Low
2026-07-21,B001,P003,22,22,44,6,0,16,SURPLUS,0.0,0.0,Low
2026-07-21,B001,P004,17,17,10,5,12,0,SHORTAGE,12.0,108978.48000000001,Critical
2026-07-21,B001,P005,38,36,35,8,11,0,SHORTAGE,11.0,524199.28,High
2026-07-21,B001,P006,86,76,67,29,48,0,SHORTAGE,48.0,862882.56,Critical
2026-07-21,B001,P007,21,21,24,5,2,0,SHORTAGE,2.0,24478.14,Medium
2026-07-21,B001,P008,25,24,45,8,0,12,SURPLUS,0.0,0.0,Low
2026-07-21,B001,P009,50,52,80,14,0,16,SURPLUS,0.0,0.0,Low
2026-07-21,B001,P010,35,33,61,9,0,17,SURPLUS,0.0,0.0,Low
2026-07-21,B002,P001,54,48,39,14,29,0,SHORTAGE,29.0,899914.37,Critical
2026-07-21,B002,P002,14,13,18,4,0,0,BALANCED,0.0,0.0,Low
2026-07-21,B002,P003,21,20,37,4,0,12,SURPLUS,0.0,0.0,Low
2026-07-21,B002,P004,22,21,31,5,0,4,SURPLUS,0.0,0.0,Low
2026-07-21,B002,P005,18,18,13,5,10,0,SHORTAGE,10.0,457993.8,Critical
2026-07-21,B002,P006,60,58,63,17,14,0,SHORTAGE,14.0,244943.72,High
2026-07-21,B002,P007,18,18,19,5,4,0,SHORTAGE,4.0,48445.8,High
2026-07-21,B002,P008,16,17,25,5,0,4,SURPLUS,0.0,0.0,Low
2026-07-21,B002,P009,44,51,82,10,0,28,SURPLUS,0.0,0.0,Low
2026-07-21,B002,P010,21,25,15,4,10,0,SHORTAGE,10.0,160863.8,Critical
2026-07-21,B003,P001,40,38,39,8,9,0,SHORTAGE,9.0,293729.39999999997,High
2026-07-21,B003,P002,23,22,33,5,0,5,SURPLUS,0.0,0.0,Low
2026-07-21,B003,P003,16,16,18,5,3,0,SHORTAGE,3.0,66310.59,Medium
2026-07-21,B003,P004,16,17,31,4,0,11,SURPLUS,0.0,0.0,Low
2026-07-21,B003,P005,32,31,12,8,28,0,SHORTAGE,28.0,1440262.88,Critical
2026-07-21,B003,P006,47,49,89,15,0,27,SURPLUS,0.0,0.0,Low
2026-07-21,B003,P007,18,17,37,4,0,15,SURPLUS,0.0,0.0,Low
2026-07-21,B003,P008,15,17,24,4,0,5,SURPLUS,0.0,0.0,Low
2026-07-21,B003,P009,38,40,35,9,12,0,SHORTAGE,12.0,38924.64,High
2026-07-21,B003,P010,23,21,28,7,2,0,SHORTAGE,2.0,34436.36,Medium
2026-07-21,B004,P001,38,35,36,11,13,0,SHORTAGE,13.0,417219.01,High
2026-07-21,B004,P002,17,16,15,4,6,0,SHORTAGE,6.0,164907.48,High
2026-07-21,B004,P003,16,15,18,5,3,0,SHORTAGE,3.0,70406.16,Medium
2026-07-21,B004,P004,13,13,17,3,0,1,SURPLUS,0.0,0.0,Low
2026-07-21,B004,P005,28,28,51,8,0,15,SURPLUS,0.0,0.0,Low
2026-07-21,B004,P006,52,53,45,17,24,0,SHORTAGE,24.0,404284.32,Critical
2026-07-21,B004,P007,11,10,10,3,4,0,SHORTAGE,4.0,51123.8,High
2026-07-21,B004,P008,12,12,7,4,9,0,SHORTAGE,9.0,397607.76,Critical
2026-07-21,B004,P009,50,46,60,14,4,0,SHORTAGE,4.0,13268.96,Medium
2026-07-21,B004,P010,20,21,23,4,1,0,SHORTAGE,1.0,15222.87,Medium
2026-07-21,B005,P001,38,37,47,7,0,2,SURPLUS,0.0,0.0,Low
2026-07-21,B005,P002,19,19,17,6,8,0,SHORTAGE,8.0,215513.84,High
2026-07-21,B005,P003,14,16,11,3,6,0,SHORTAGE,6.0,146551.62,High
2026-07-21,B005,P004,15,15,13,4,6,0,SHORTAGE,6.0,50562.78,High
2026-07-21,B005,P005,25,25,19,8,14,0,SHORTAGE,14.0,676676.0,Critical
2026-07-21,B005,P006,67,65,131,18,0,46,SURPLUS,0.0,0.0,Low
2026-07-21,B005,P007,7,8,6,3,4,0,SHORTAGE,4.0,47379.44,Critical
2026-07-21,B005,P008,14,17,25,4,0,7,SURPLUS,0.0,0.0,Low
2026-07-21,B005,P009,43,39,63,9,0,11,SURPLUS,0.0,0.0,Low
2026-07-21,B005,P010,24,25,33,6,0,3,SURPLUS,0.0,0.0,Low
2026-07-21,B006,P001,39,37,29,12,22,0,SHORTAGE,22.0,666854.98,Critical
2026-07-21,B006,P002,13,13,13,3,3,0,SHORTAGE,3.0,87515.13,High
2026-07-21,B006,P003,18,18,31,5,0,8,SURPLUS,0.0,0.0,Low
2026-07-21,B006,P004,9,10,13,3,0,1,SURPLUS,0.0,0.0,Low
2026-07-21,B006,P005,31,29,35,9,5,0,SHORTAGE,5.0,239373.34999999998,Medium
2026-07-21,B006,P006,57,57,112,19,0,36,SURPLUS,0.0,0.0,Low
2026-07-21,B006,P007,10,9,17,3,0,4,SURPLUS,0.0,0.0,Low
2026-07-21,B006,P008,14,14,17,3,0,0,BALANCED,0.0,0.0,Low
2026-07-21,B006,P009,35,41,42,10,3,0,SHORTAGE,3.0,9768.630000000001,Medium
2026-07-21,B006,P010,26,27,43,8,0,9,SURPLUS,0.0,0.0,Low
2026-07-21,B007,P001,25,25,11,7,21,0,SHORTAGE,21.0,722665.44,Critical
2026-07-21,B007,P002,13,12,21,3,0,5,SURPLUS,0.0,0.0,Low
2026-07-21,B007,P003,21,18,38,7,0,10,SURPLUS,0.0,0.0,Low
2026-07-21,B007,P004,10,11,11,3,2,0,SHORTAGE,2.0,18668.44,Medium
2026-07-21,B007,P005,17,16,17,4,4,0,SHORTAGE,4.0,191794.2,High
2026-07-21,B007,P006,57,54,76,15,0,4,SURPLUS,0.0,0.0,Low
2026-07-21,B007,P007,12,12,15,3,0,0,BALANCED,0.0,0.0,Low
2026-07-21,B007,P008,14,13,13,3,4,0,SHORTAGE,4.0,166577.0,High
2026-07-21,B007,P009,41,38,75,8,0,26,SURPLUS,0.0,0.0,Low
2026-07-21,B007,P010,17,19,34,4,0,13,SURPLUS,0.0,0.0,Low
2026-07-21,B008,P001,42,40,69,11,0,16,SURPLUS,0.0,0.0,Low
2026-07-21,B008,P002,17,18,26,3,0,6,SURPLUS,0.0,0.0,Low
2026-07-21,B008,P003,18,16,16,4,6,0,SHORTAGE,6.0,146924.16,High
2026-07-21,B008,P004,12,11,17,3,0,2,SURPLUS,0.0,0.0,Low
2026-07-21,B008,P005,22,22,41,4,0,15,SURPLUS,0.0,0.0,Low
2026-07-21,B008,P006,71,67,144,22,0,51,SURPLUS,0.0,0.0,Low
2026-07-21,B008,P007,13,12,25,3,0,9,SURPLUS,0.0,0.0,Low
2026-07-21,B008,P008,12,11,11,3,4,0,SHORTAGE,4.0,160069.88,High
2026-07-21,B008,P009,33,34,30,11,14,0,SHORTAGE,14.0,52605.84,High
2026-07-21,B008,P010,14,14,14,4,4,0,SHORTAGE,4.0,62740.84,High
2026-07-22,B001,P001,58,59,70,14,2,0,SHORTAGE,2.0,66913.38,Medium
2026-07-22,B001,P002,21,24,12,6,15,0,SHORTAGE,15.0,421732.35000000003,Critical
2026-07-22,B001,P003,23,25,34,7,0,4,SURPLUS,0.0,0.0,Low
2026-07-22,B001,P004,17,20,34,4,0,13,SURPLUS,0.0,0.0,Low
2026-07-22,B001,P005,37,39,60,9,0,14,SURPLUS,0.0,0.0,Low
2026-07-22,B001,P006,66,64,65,15,16,0,SHORTAGE,16.0,308485.28,High
2026-07-22,B001,P007,16,17,28,4,0,8,SURPLUS,0.0,0.0,Low
2026-07-22,B001,P008,23,22,32,5,0,4,SURPLUS,0.0,0.0,Low
2026-07-22,B001,P009,74,72,115,18,0,23,SURPLUS,0.0,0.0,Low
2026-07-22,B001,P010,29,33,57,6,0,22,SURPLUS,0.0,0.0,Low
2026-07-22,B002,P001,41,42,57,13,0,3,SURPLUS,0.0,0.0,Low
2026-07-22,B002,P002,16,16,34,5,0,13,SURPLUS,0.0,0.0,Low
2026-07-22,B002,P003,21,20,42,5,0,16,SURPLUS,0.0,0.0,Low
2026-07-22,B002,P004,14,14,24,4,0,6,SURPLUS,0.0,0.0,Low
2026-07-22,B002,P005,32,33,21,8,19,0,SHORTAGE,19.0,914154.79,Critical
2026-07-22,B002,P006,79,75,107,19,0,9,SURPLUS,0.0,0.0,Low
2026-07-22,B002,P007,16,15,27,4,0,7,SURPLUS,0.0,0.0,Low
2026-07-22,B002,P008,20,20,31,5,0,6,SURPLUS,0.0,0.0,Low
2026-07-22,B002,P009,41,43,74,10,0,23,SURPLUS,0.0,0.0,Low
2026-07-22,B002,P010,22,20,29,4,0,3,SURPLUS,0.0,0.0,Low
2026-07-22,B003,P001,49,53,63,11,0,3,SURPLUS,0.0,0.0,Low
2026-07-22,B003,P002,12,13,8,3,7,0,SHORTAGE,7.0,207719.54,Critical
2026-07-22,B003,P003,15,19,24,3,0,6,SURPLUS,0.0,0.0,Low
2026-07-22,B003,P004,23,21,24,7,6,0,SHORTAGE,6.0,50582.22,High
2026-07-22,B003,P005,37,32,54,10,0,7,SURPLUS,0.0,0.0,Low
2026-07-22,B003,P006,54,51,76,15,0,7,SURPLUS,0.0,0.0,Low
2026-07-22,B003,P007,13,15,15,3,1,0,SHORTAGE,1.0,11587.02,Medium
2026-07-22,B003,P008,19,18,36,6,0,11,SURPLUS,0.0,0.0,Low
2026-07-22,B003,P009,50,51,52,13,11,0,SHORTAGE,11.0,40616.95,High
2026-07-22,B003,P010,18,20,10,4,12,0,SHORTAGE,12.0,203155.44,Critical
2026-07-22,B004,P001,38,41,71,8,0,25,SURPLUS,0.0,0.0,Low
2026-07-22,B004,P002,19,22,19,5,5,0,SHORTAGE,5.0,139871.75,High
2026-07-22,B004,P003,12,13,7,3,8,0,SHORTAGE,8.0,193747.68,Critical
2026-07-22,B004,P004,13,12,15,3,1,0,SHORTAGE,1.0,9317.88,Medium
2026-07-22,B004,P005,20,22,39,4,0,15,SURPLUS,0.0,0.0,Low
2026-07-22,B004,P006,43,47,63,9,0,11,SURPLUS,0.0,0.0,Low
2026-07-22,B004,P007,10,11,13,3,0,0,BALANCED,0.0,0.0,Low
2026-07-22,B004,P008,18,17,9,4,13,0,SHORTAGE,13.0,510689.52999999997,Critical
2026-07-22,B004,P009,37,37,24,10,23,0,SHORTAGE,23.0,80372.58,Critical
2026-07-22,B004,P010,20,20,25,6,1,0,SHORTAGE,1.0,15377.25,Medium
2026-07-22,B005,P001,43,50,56,13,0,0,BALANCED,0.0,0.0,Low
2026-07-22,B005,P002,17,15,28,5,0,6,SURPLUS,0.0,0.0,Low
2026-07-22,B005,P003,19,21,36,5,0,12,SURPLUS,0.0,0.0,Low
2026-07-22,B005,P004,14,14,8,4,10,0,SHORTAGE,10.0,88401.4,Critical
2026-07-22,B005,P005,17,18,8,4,13,0,SHORTAGE,13.0,605280.52,Critical
2026-07-22,B005,P006,51,47,46,16,21,0,SHORTAGE,21.0,398711.25,High
2026-07-22,B005,P007,15,17,17,3,1,0,SHORTAGE,1.0,11939.97,Medium
2026-07-22,B005,P008,16,15,21,4,0,1,SURPLUS,0.0,0.0,Low
2026-07-22,B005,P009,55,56,66,12,1,0,SHORTAGE,1.0,3458.72,Medium
2026-07-22,B005,P010,24,24,41,8,0,9,SURPLUS,0.0,0.0,Low
2026-07-22,B006,P001,39,36,38,10,11,0,SHORTAGE,11.0,373672.09,High
2026-07-22,B006,P002,12,15,22,3,0,7,SURPLUS,0.0,0.0,Low
2026-07-22,B006,P003,20,20,11,5,14,0,SHORTAGE,14.0,345258.89999999997,Critical
2026-07-22,B006,P004,8,9,12,3,0,1,SURPLUS,0.0,0.0,Low
2026-07-22,B006,P005,31,29,28,10,13,0,SHORTAGE,13.0,643622.46,High
2026-07-22,B006,P006,30,32,25,7,12,0,SHORTAGE,12.0,223616.40000000002,High
2026-07-22,B006,P007,5,5,2,3,6,0,SHORTAGE,6.0,76017.42,Critical
2026-07-22,B006,P008,12,13,14,3,1,0,SHORTAGE,1.0,40071.45,Medium
2026-07-22,B006,P009,36,39,28,8,16,0,SHORTAGE,16.0,56819.36,High
2026-07-22,B006,P010,17,16,15,5,7,0,SHORTAGE,7.0,114144.94,High
2026-07-22,B007,P001,41,41,38,9,12,0,SHORTAGE,12.0,367947.48,High
2026-07-22,B007,P002,9,10,13,3,0,1,SURPLUS,0.0,0.0,Low
2026-07-22,B007,P003,14,14,20,3,0,3,SURPLUS,0.0,0.0,Low
2026-07-22,B007,P004,12,12,10,3,5,0,SHORTAGE,5.0,46333.35,High
2026-07-22,B007,P005,20,23,33,6,0,7,SURPLUS,0.0,0.0,Low
2026-07-22,B007,P006,39,41,70,8,0,23,SURPLUS,0.0,0.0,Low
2026-07-22,B007,P007,8,9,4,3,7,0,SHORTAGE,7.0,82135.13,Critical
2026-07-22,B007,P008,12,12,12,3,3,0,SHORTAGE,3.0,126056.79000000001,High
2026-07-22,B007,P009,40,34,77,12,0,25,SURPLUS,0.0,0.0,Low
2026-07-22,B007,P010,25,23,18,6,13,0,SHORTAGE,13.0,223050.49,Critical
2026-07-22,B008,P001,39,40,43,9,5,0,SHORTAGE,5.0,156111.25,Medium
2026-07-22,B008,P002,13,15,15,3,1,0,SHORTAGE,1.0,26614.67,Medium
2026-07-22,B008,P003,24,23,25,5,4,0,SHORTAGE,4.0,88719.08,Medium
2026-07-22,B008,P004,16,16,7,5,14,0,SHORTAGE,14.0,128712.92000000001,Critical
2026-07-22,B008,P005,30,33,25,8,13,0,SHORTAGE,13.0,656202.04,High
2026-07-22,B008,P006,51,51,94,11,0,32,SURPLUS,0.0,0.0,Low
2026-07-22,B008,P007,12,12,9,3,6,0,SHORTAGE,6.0,70242.0,Critical
2026-07-22,B008,P008,9,10,13,3,0,1,SURPLUS,0.0,0.0,Low
2026-07-22,B008,P009,34,35,51,9,0,8,SURPLUS,0.0,0.0,Low
2026-07-22,B008,P010,25,23,18,6,13,0,SHORTAGE,13.0,214720.87000000002,Critical
2026-07-23,B001,P001,63,61,99,19,0,17,SURPLUS,0.0,0.0,Low
2026-07-23,B001,P002,21,20,23,5,3,0,SHORTAGE,3.0,89889.87,Medium
2026-07-23,B001,P003,20,22,41,4,0,17,SURPLUS,0.0,0.0,Low
2026-07-23,B001,P004,17,17,14,5,8,0,SHORTAGE,8.0,71930.0,Critical
2026-07-23,B001,P005,36,37,40,9,5,0,SHORTAGE,5.0,232906.75,Medium
2026-07-23,B001,P006,65,67,98,21,0,12,SURPLUS,0.0,0.0,Low
2026-07-23,B001,P007,24,22,20,5,9,0,SHORTAGE,9.0,114443.28,High
2026-07-23,B001,P008,21,22,37,5,0,11,SURPLUS,0.0,0.0,Low
2026-07-23,B001,P009,58,57,80,15,0,7,SURPLUS,0.0,0.0,Low
2026-07-23,B001,P010,34,34,51,11,0,6,SURPLUS,0.0,0.0,Low
2026-07-23,B002,P001,41,40,35,9,15,0,SHORTAGE,15.0,468262.35000000003,High
2026-07-23,B002,P002,23,22,39,5,0,11,SURPLUS,0.0,0.0,Low
2026-07-23,B002,P003,26,26,20,5,11,0,SHORTAGE,11.0,273461.54,High
2026-07-23,B002,P004,14,15,27,4,0,9,SURPLUS,0.0,0.0,Low
2026-07-23,B002,P005,31,29,19,6,18,0,SHORTAGE,18.0,862412.76,Critical
2026-07-23,B002,P006,70,71,101,24,0,7,SURPLUS,0.0,0.0,Low
2026-07-23,B002,P007,15,16,29,3,0,11,SURPLUS,0.0,0.0,Low
2026-07-23,B002,P008,13,13,22,4,0,5,SURPLUS,0.0,0.0,Low
2026-07-23,B002,P009,51,45,32,17,36,0,SHORTAGE,36.0,132595.19999999998,Critical
2026-07-23,B002,P010,20,22,15,6,11,0,SHORTAGE,11.0,165053.13,Critical
2026-07-23,B003,P001,51,51,32,15,34,0,SHORTAGE,34.0,1157332.46,Critical
2026-07-23,B003,P002,16,17,28,5,0,7,SURPLUS,0.0,0.0,Low
2026-07-23,B003,P003,25,25,47,7,0,15,SURPLUS,0.0,0.0,Low
2026-07-23,B003,P004,17,15,34,4,0,13,SURPLUS,0.0,0.0,Low
2026-07-23,B003,P005,33,31,21,10,22,0,SHORTAGE,22.0,997776.56,Critical
2026-07-23,B003,P006,49,53,64,12,0,3,SURPLUS,0.0,0.0,Low
2026-07-23,B003,P007,11,12,17,3,0,3,SURPLUS,0.0,0.0,Low
2026-07-23,B003,P008,16,16,19,3,0,0,BALANCED,0.0,0.0,Low
2026-07-23,B003,P009,27,30,19,6,14,0,SHORTAGE,14.0,45974.6,Critical
2026-07-23,B003,P010,25,25,31,7,1,0,SHORTAGE,1.0,17020.02,Medium
2026-07-23,B004,P001,34,35,64,11,0,19,SURPLUS,0.0,0.0,Low
2026-07-23,B004,P002,18,17,28,5,0,5,SURPLUS,0.0,0.0,Low
2026-07-23,B004,P003,22,21,26,4,0,0,BALANCED,0.0,0.0,Low
2026-07-23,B004,P004,13,12,22,3,0,6,SURPLUS,0.0,0.0,Low
2026-07-23,B004,P005,17,16,30,3,0,10,SURPLUS,0.0,0.0,Low
2026-07-23,B004,P006,62,58,95,19,0,14,SURPLUS,0.0,0.0,Low
2026-07-23,B004,P007,11,12,17,3,0,3,SURPLUS,0.0,0.0,Low
2026-07-23,B004,P008,14,15,23,3,0,6,SURPLUS,0.0,0.0,Low
2026-07-23,B004,P009,55,51,119,16,0,48,SURPLUS,0.0,0.0,Low
2026-07-23,B004,P010,32,32,18,7,21,0,SHORTAGE,21.0,319035.14999999997,Critical
2026-07-23,B005,P001,40,38,44,12,8,0,SHORTAGE,8.0,248732.0,Medium
2026-07-23,B005,P002,18,19,18,4,4,0,SHORTAGE,4.0,120857.0,High
2026-07-23,B005,P003,16,18,16,5,5,0,SHORTAGE,5.0,112595.0,High
2026-07-23,B005,P004,12,12,24,3,0,9,SURPLUS,0.0,0.0,Low
2026-07-23,B005,P005,20,19,43,6,0,17,SURPLUS,0.0,0.0,Low
2026-07-23,B005,P006,45,49,54,14,5,0,SHORTAGE,5.0,92480.75,Medium
2026-07-23,B005,P007,12,12,12,3,3,0,SHORTAGE,3.0,37418.49,High
2026-07-23,B005,P008,15,17,22,3,0,4,SURPLUS,0.0,0.0,Low
2026-07-23,B005,P009,47,46,63,9,0,7,SURPLUS,0.0,0.0,Low
2026-07-23,B005,P010,26,27,20,5,11,0,SHORTAGE,11.0,168138.41,High
2026-07-23,B006,P001,40,40,70,10,0,20,SURPLUS,0.0,0.0,Low
2026-07-23,B006,P002,13,17,16,3,0,0,BALANCED,0.0,0.0,Low
2026-07-23,B006,P003,15,16,10,4,9,0,SHORTAGE,9.0,228697.47000000003,Critical
2026-07-23,B006,P004,13,13,14,3,2,0,SHORTAGE,2.0,18073.26,Medium
2026-07-23,B006,P005,35,30,40,10,5,0,SHORTAGE,5.0,253469.94999999998,Medium
2026-07-23,B006,P006,35,30,24,9,20,0,SHORTAGE,20.0,380081.0,Critical
2026-07-23,B006,P007,15,15,11,4,8,0,SHORTAGE,8.0,100167.36,Critical
2026-07-23,B006,P008,16,17,25,5,0,4,SURPLUS,0.0,0.0,Low
2026-07-23,B006,P009,28,28,36,6,0,2,SURPLUS,0.0,0.0,Low
2026-07-23,B006,P010,26,26,49,5,0,18,SURPLUS,0.0,0.0,Low
2026-07-23,B007,P001,43,43,93,14,0,36,SURPLUS,0.0,0.0,Low
2026-07-23,B007,P002,10,12,8,3,5,0,SHORTAGE,5.0,140495.30000000002,Critical
2026-07-23,B007,P003,18,17,21,5,2,0,SHORTAGE,2.0,47087.22,Medium
2026-07-23,B007,P004,11,11,16,3,0,2,SURPLUS,0.0,0.0,Low
2026-07-23,B007,P005,15,16,12,4,7,0,SHORTAGE,7.0,319374.64999999997,Critical
2026-07-23,B007,P006,38,45,66,9,0,19,SURPLUS,0.0,0.0,Low
2026-07-23,B007,P007,14,13,26,4,0,8,SURPLUS,0.0,0.0,Low
2026-07-23,B007,P008,6,7,4,3,5,0,SHORTAGE,5.0,217497.55000000002,Critical
2026-07-23,B007,P009,49,45,98,11,0,38,SURPLUS,0.0,0.0,Low
2026-07-23,B007,P010,7,8,7,3,3,0,SHORTAGE,3.0,45688.649999999994,High
2026-07-23,B008,P001,34,33,25,6,15,0,SHORTAGE,15.0,508609.64999999997,High
2026-07-23,B008,P002,16,16,19,3,0,0,BALANCED,0.0,0.0,Low
2026-07-23,B008,P003,17,17,13,5,9,0,SHORTAGE,9.0,205381.26,Critical
2026-07-23,B008,P004,9,10,17,3,0,5,SURPLUS,0.0,0.0,Low
2026-07-23,B008,P005,29,29,35,8,2,0,SHORTAGE,2.0,89180.6,Medium
2026-07-23,B008,P006,65,61,88,18,0,5,SURPLUS,0.0,0.0,Low
2026-07-23,B008,P007,10,11,5,3,8,0,SHORTAGE,8.0,102382.32,Critical
2026-07-23,B008,P008,12,12,14,3,1,0,SHORTAGE,1.0,45119.26,Medium
2026-07-23,B008,P009,51,44,36,10,25,0,SHORTAGE,25.0,85501.75,Critical
2026-07-23,B008,P010,25,28,25,8,8,0,SHORTAGE,8.0,136233.04,High
2026-07-24,B001,P001,57,59,82,15,0,10,SURPLUS,0.0,0.0,Low
2026-07-24,B001,P002,31,27,50,7,0,12,SURPLUS,0.0,0.0,Low
2026-07-24,B001,P003,23,28,22,7,8,0,SHORTAGE,8.0,203319.28,High
2026-07-24,B001,P004,25,27,45,8,0,12,SURPLUS,0.0,0.0,Low
2026-07-24,B001,P005,48,44,79,12,0,19,SURPLUS,0.0,0.0,Low
2026-07-24,B001,P006,69,80,83,21,7,0,SHORTAGE,7.0,120462.79000000001,Medium
2026-07-24,B001,P007,18,20,36,5,0,13,SURPLUS,0.0,0.0,Low
2026-07-24,B001,P008,22,22,31,5,0,4,SURPLUS,0.0,0.0,Low
2026-07-24,B001,P009,70,59,80,18,8,0,SHORTAGE,8.0,27261.92,Medium
2026-07-24,B001,P010,43,41,36,13,20,0,SHORTAGE,20.0,339993.8,Critical
2026-07-24,B002,P001,57,51,102,15,0,30,SURPLUS,0.0,0.0,Low
2026-07-24,B002,P002,23,23,42,6,0,13,SURPLUS,0.0,0.0,Low
2026-07-24,B002,P003,28,27,53,7,0,18,SURPLUS,0.0,0.0,Low
2026-07-24,B002,P004,18,16,21,6,3,0,SHORTAGE,3.0,26642.909999999996,Medium
2026-07-24,B002,P005,34,32,26,9,17,0,SHORTAGE,17.0,756312.83,Critical
2026-07-24,B002,P006,67,61,32,21,56,0,SHORTAGE,56.0,945798.0,Critical
2026-07-24,B002,P007,21,19,35,4,0,10,SURPLUS,0.0,0.0,Low
2026-07-24,B002,P008,19,19,27,6,0,2,SURPLUS,0.0,0.0,Low
2026-07-24,B002,P009,61,58,29,16,48,0,SHORTAGE,48.0,156404.16,Critical
2026-07-24,B002,P010,33,38,37,11,7,0,SHORTAGE,7.0,106446.34000000001,High
2026-07-24,B003,P001,57,54,68,15,4,0,SHORTAGE,4.0,123035.0,Medium
2026-07-24,B003,P002,22,22,39,5,0,12,SURPLUS,0.0,0.0,Low
2026-07-24,B003,P003,29,29,54,9,0,16,SURPLUS,0.0,0.0,Low
2026-07-24,B003,P004,14,15,20,3,0,3,SURPLUS,0.0,0.0,Low
2026-07-24,B003,P005,37,35,57,9,0,11,SURPLUS,0.0,0.0,Low
2026-07-24,B003,P006,72,69,89,24,7,0,SHORTAGE,7.0,124356.75,Medium
2026-07-24,B003,P007,16,17,23,3,0,4,SURPLUS,0.0,0.0,Low
2026-07-24,B003,P008,16,15,17,4,3,0,SHORTAGE,3.0,119113.13999999998,Medium
2026-07-24,B003,P009,34,36,45,8,0,3,SURPLUS,0.0,0.0,Low
2026-07-24,B003,P010,31,32,52,9,0,12,SURPLUS,0.0,0.0,Low
2026-07-24,B004,P001,51,53,87,13,0,23,SURPLUS,0.0,0.0,Low
2026-07-24,B004,P002,24,27,30,5,0,1,SURPLUS,0.0,0.0,Low
2026-07-24,B004,P003,17,16,25,4,0,4,SURPLUS,0.0,0.0,Low
2026-07-24,B004,P004,11,11,21,3,0,7,SURPLUS,0.0,0.0,Low
2026-07-24,B004,P005,34,34,39,11,6,0,SHORTAGE,6.0,296681.33999999997,Medium
2026-07-24,B004,P006,44,45,27,14,31,0,SHORTAGE,31.0,537592.08,Critical
2026-07-24,B004,P007,8,8,16,3,0,5,SURPLUS,0.0,0.0,Low
2026-07-24,B004,P008,16,16,26,3,0,7,SURPLUS,0.0,0.0,Low
2026-07-24,B004,P009,62,57,43,17,36,0,SHORTAGE,36.0,125912.52,Critical
2026-07-24,B004,P010,33,28,50,6,0,11,SURPLUS,0.0,0.0,Low
2026-07-24,B005,P001,38,43,28,7,17,0,SHORTAGE,17.0,509185.53,High
2026-07-24,B005,P002,24,22,26,6,4,0,SHORTAGE,4.0,104425.48,Medium
2026-07-24,B005,P003,19,19,13,4,10,0,SHORTAGE,10.0,238843.80000000002,Critical
2026-07-24,B005,P004,18,18,24,4,0,2,SURPLUS,0.0,0.0,Low
2026-07-24,B005,P005,30,33,33,8,5,0,SHORTAGE,5.0,232453.80000000002,Medium
2026-07-24,B005,P006,62,61,117,13,0,42,SURPLUS,0.0,0.0,Low
2026-07-24,B005,P007,16,19,28,3,0,9,SURPLUS,0.0,0.0,Low
2026-07-24,B005,P008,18,17,11,5,12,0,SHORTAGE,12.0,496614.24,Critical
2026-07-24,B005,P009,70,68,64,16,22,0,SHORTAGE,22.0,81410.78,High
2026-07-24,B005,P010,31,27,63,10,0,22,SURPLUS,0.0,0.0,Low
2026-07-24,B006,P001,31,33,48,10,0,7,SURPLUS,0.0,0.0,Low
2026-07-24,B006,P002,15,14,8,3,10,0,SHORTAGE,10.0,284329.39999999997,Critical
2026-07-24,B006,P003,26,26,36,6,0,4,SURPLUS,0.0,0.0,Low
2026-07-24,B006,P004,13,12,14,3,2,0,SHORTAGE,2.0,19063.22,Medium
2026-07-24,B006,P005,25,24,45,5,0,15,SURPLUS,0.0,0.0,Low
2026-07-24,B006,P006,59,62,78,16,0,3,SURPLUS,0.0,0.0,Low
2026-07-24,B006,P007,11,14,12,3,2,0,SHORTAGE,2.0,23170.24,Medium
2026-07-24,B006,P008,18,17,25,6,0,1,SURPLUS,0.0,0.0,Low
2026-07-24,B006,P009,23,22,31,5,0,3,SURPLUS,0.0,0.0,Low
2026-07-24,B006,P010,19,19,15,6,10,0,SHORTAGE,10.0,167834.90000000002,Critical
2026-07-24,B007,P001,30,34,60,9,0,21,SURPLUS,0.0,0.0,Low
2026-07-24,B007,P002,15,16,19,3,0,1,SURPLUS,0.0,0.0,Low
2026-07-24,B007,P003,9,10,12,3,0,0,BALANCED,0.0,0.0,Low
2026-07-24,B007,P004,14,14,10,3,7,0,SHORTAGE,7.0,61613.65000000001,Critical
2026-07-24,B007,P005,24,25,42,5,0,13,SURPLUS,0.0,0.0,Low
2026-07-24,B007,P006,54,51,73,11,0,8,SURPLUS,0.0,0.0,Low
2026-07-24,B007,P007,9,10,7,3,5,0,SHORTAGE,5.0,61039.85,Critical
2026-07-24,B007,P008,14,14,19,4,0,1,SURPLUS,0.0,0.0,Low
2026-07-24,B007,P009,43,40,74,12,0,19,SURPLUS,0.0,0.0,Low
2026-07-24,B007,P010,25,28,42,6,0,11,SURPLUS,0.0,0.0,Low
2026-07-24,B008,P001,43,47,81,11,0,27,SURPLUS,0.0,0.0,Low
2026-07-24,B008,P002,17,19,19,4,2,0,SHORTAGE,2.0,56381.28,Medium
2026-07-24,B008,P003,20,21,17,4,7,0,SHORTAGE,7.0,175599.97,High
2026-07-24,B008,P004,11,12,22,3,0,8,SURPLUS,0.0,0.0,Low
2026-07-24,B008,P005,25,25,34,8,0,1,SURPLUS,0.0,0.0,Low
2026-07-24,B008,P006,55,56,49,13,19,0,SHORTAGE,19.0,322963.89999999997,High
2026-07-24,B008,P007,16,16,23,4,0,3,SURPLUS,0.0,0.0,Low
2026-07-24,B008,P008,14,14,26,4,0,8,SURPLUS,0.0,0.0,Low
2026-07-24,B008,P009,51,52,48,10,13,0,SHORTAGE,13.0,41937.22,High
2026-07-24,B008,P010,22,21,19,6,9,0,SHORTAGE,9.0,138933.81,High
2026-07-25,B001,P001,65,66,93,21,0,7,SURPLUS,0.0,0.0,Low
2026-07-25,B001,P002,29,28,55,8,0,18,SURPLUS,0.0,0.0,Low
2026-07-25,B001,P003,31,29,57,9,0,17,SURPLUS,0.0,0.0,Low
2026-07-25,B001,P004,19,19,24,4,0,1,SURPLUS,0.0,0.0,Low
2026-07-25,B001,P005,41,38,39,10,12,0,SHORTAGE,12.0,611292.84,High
2026-07-25,B001,P006,81,81,69,21,33,0,SHORTAGE,33.0,606009.6900000001,High
2026-07-25,B001,P007,22,22,35,6,0,7,SURPLUS,0.0,0.0,Low
2026-07-25,B001,P008,18,20,33,5,0,10,SURPLUS,0.0,0.0,Low
2026-07-25,B001,P009,94,90,92,25,27,0,SHORTAGE,27.0,93564.45,High
2026-07-25,B001,P010,50,51,89,11,0,28,SURPLUS,0.0,0.0,Low
2026-07-25,B002,P001,44,43,54,14,4,0,SHORTAGE,4.0,130837.0,Medium
2026-07-25,B002,P002,24,27,36,8,0,4,SURPLUS,0.0,0.0,Low
2026-07-25,B002,P003,22,22,25,6,3,0,SHORTAGE,3.0,73221.51,Medium
2026-07-25,B002,P004,16,16,8,3,11,0,SHORTAGE,11.0,99605.33,Critical
2026-07-25,B002,P005,41,35,54,9,0,4,SURPLUS,0.0,0.0,Low
2026-07-25,B002,P006,70,78,120,18,0,32,SURPLUS,0.0,0.0,Low
2026-07-25,B002,P007,21,20,20,6,7,0,SHORTAGE,7.0,81204.69,High
2026-07-25,B002,P008,21,24,31,4,0,6,SURPLUS,0.0,0.0,Low
2026-07-25,B002,P009,63,57,106,13,0,30,SURPLUS,0.0,0.0,Low
2026-07-25,B002,P010,25,25,22,5,8,0,SHORTAGE,8.0,138072.0,High
2026-07-25,B003,P001,33,35,54,6,0,15,SURPLUS,0.0,0.0,Low
2026-07-25,B003,P002,19,18,23,4,0,0,BALANCED,0.0,0.0,Low
2026-07-25,B003,P003,25,23,42,5,0,12,SURPLUS,0.0,0.0,Low
2026-07-25,B003,P004,20,19,37,4,0,13,SURPLUS,0.0,0.0,Low
2026-07-25,B003,P005,41,42,63,13,0,9,SURPLUS,0.0,0.0,Low
2026-07-25,B003,P006,33,32,12,6,27,0,SHORTAGE,27.0,476698.23000000004,Critical
2026-07-25,B003,P007,14,14,10,3,7,0,SHORTAGE,7.0,79988.51000000001,Critical
2026-07-25,B003,P008,17,17,11,3,9,0,SHORTAGE,9.0,355653.89999999997,Critical
2026-07-25,B003,P009,65,56,104,18,0,21,SURPLUS,0.0,0.0,Low
2026-07-25,B003,P010,21,18,23,5,3,0,SHORTAGE,3.0,51277.740000000005,Medium
2026-07-25,B004,P001,47,41,70,11,0,12,SURPLUS,0.0,0.0,Low
2026-07-25,B004,P002,14,14,10,4,8,0,SHORTAGE,8.0,220592.08,Critical
2026-07-25,B004,P003,10,12,11,3,2,0,SHORTAGE,2.0,50375.0,Medium
2026-07-25,B004,P004,11,11,7,3,7,0,SHORTAGE,7.0,59968.299999999996,Critical
2026-07-25,B004,P005,22,25,18,7,11,0,SHORTAGE,11.0,495021.12,Critical
2026-07-25,B004,P006,60,52,83,19,0,4,SURPLUS,0.0,0.0,Low
2026-07-25,B004,P007,19,18,34,4,0,11,SURPLUS,0.0,0.0,Low
2026-07-25,B004,P008,17,18,11,3,9,0,SHORTAGE,9.0,407381.39999999997,Critical
2026-07-25,B004,P009,43,44,33,14,24,0,SHORTAGE,24.0,78398.16,Critical
2026-07-25,B004,P010,37,33,52,8,0,7,SURPLUS,0.0,0.0,Low
2026-07-25,B005,P001,42,42,43,9,8,0,SHORTAGE,8.0,259647.92,Medium
2026-07-25,B005,P002,24,20,40,4,0,12,SURPLUS,0.0,0.0,Low
2026-07-25,B005,P003,20,21,25,6,1,0,SHORTAGE,1.0,25091.69,Medium
2026-07-25,B005,P004,12,15,18,3,0,3,SURPLUS,0.0,0.0,Low
2026-07-25,B005,P005,36,38,58,12,0,10,SURPLUS,0.0,0.0,Low
2026-07-25,B005,P006,44,45,52,9,1,0,SHORTAGE,1.0,19332.68,Medium
2026-07-25,B005,P007,17,16,10,4,11,0,SHORTAGE,11.0,127619.69,Critical
2026-07-25,B005,P008,23,21,28,7,2,0,SHORTAGE,2.0,83380.96,Medium
2026-07-25,B005,P009,42,42,76,9,0,25,SURPLUS,0.0,0.0,Low
2026-07-25,B005,P010,30,30,23,8,15,0,SHORTAGE,15.0,235902.15,Critical
2026-07-25,B006,P001,28,29,29,7,6,0,SHORTAGE,6.0,190726.62,High
2026-07-25,B006,P002,18,18,26,4,0,4,SURPLUS,0.0,0.0,Low
2026-07-25,B006,P003,13,13,14,3,2,0,SHORTAGE,2.0,45243.26,Medium
2026-07-25,B006,P004,12,13,20,3,0,5,SURPLUS,0.0,0.0,Low
2026-07-25,B006,P005,36,33,18,12,30,0,SHORTAGE,30.0,1524785.7000000002,Critical
2026-07-25,B006,P006,61,58,96,17,0,18,SURPLUS,0.0,0.0,Low
2026-07-25,B006,P007,11,11,13,3,1,0,SHORTAGE,1.0,12847.54,Medium
2026-07-25,B006,P008,20,22,17,5,8,0,SHORTAGE,8.0,324102.64,High
2026-07-25,B006,P009,33,33,20,9,22,0,SHORTAGE,22.0,74430.18000000001,Critical
2026-07-25,B006,P010,26,26,25,6,7,0,SHORTAGE,7.0,106307.04,High
2026-07-25,B007,P001,38,35,23,9,24,0,SHORTAGE,24.0,763004.3999999999,Critical
2026-07-25,B007,P002,21,22,31,5,0,5,SURPLUS,0.0,0.0,Low
2026-07-25,B007,P003,19,20,30,4,0,7,SURPLUS,0.0,0.0,Low
2026-07-25,B007,P004,21,19,32,5,0,6,SURPLUS,0.0,0.0,Low
2026-07-25,B007,P005,19,20,14,4,9,0,SHORTAGE,9.0,461994.93,Critical
2026-07-25,B007,P006,40,42,48,13,5,0,SHORTAGE,5.0,91216.7,Medium
2026-07-25,B007,P007,8,9,15,3,0,4,SURPLUS,0.0,0.0,Low
2026-07-25,B007,P008,15,18,11,3,7,0,SHORTAGE,7.0,317004.73,Critical
2026-07-25,B007,P009,40,40,17,13,36,0,SHORTAGE,36.0,123397.92,Critical
2026-07-25,B007,P010,31,30,44,9,0,4,SURPLUS,0.0,0.0,Low
2026-07-25,B008,P001,32,31,44,9,0,3,SURPLUS,0.0,0.0,Low
2026-07-25,B008,P002,14,15,8,4,10,0,SHORTAGE,10.0,301521.3,Critical
2026-07-25,B008,P003,26,25,22,7,11,0,SHORTAGE,11.0,265895.41000000003,High
2026-07-25,B008,P004,15,17,19,3,0,1,SURPLUS,0.0,0.0,Low
2026-07-25,B008,P005,31,28,28,10,13,0,SHORTAGE,13.0,660955.1,High
2026-07-25,B008,P006,41,39,65,9,0,15,SURPLUS,0.0,0.0,Low
2026-07-25,B008,P007,14,14,8,4,10,0,SHORTAGE,10.0,124705.5,Critical
2026-07-25,B008,P008,17,18,12,4,9,0,SHORTAGE,9.0,395874.54,Critical
2026-07-25,B008,P009,42,42,39,10,13,0,SHORTAGE,13.0,45826.04,High
2026-07-25,B008,P010,29,27,51,5,0,17,SURPLUS,0.0,0.0,Low
2026-07-26,B001,P001,63,56,113,19,0,31,SURPLUS,0.0,0.0,Low
2026-07-26,B001,P002,22,23,39,7,0,10,SURPLUS,0.0,0.0,Low
2026-07-26,B001,P003,23,23,11,7,19,0,SHORTAGE,19.0,466166.14,Critical
2026-07-26,B001,P004,18,17,34,5,0,11,SURPLUS,0.0,0.0,Low
2026-07-26,B001,P005,42,40,77,10,0,25,SURPLUS,0.0,0.0,Low
2026-07-26,B001,P006,78,91,153,22,0,53,SURPLUS,0.0,0.0,Low
2026-07-26,B001,P007,20,20,35,6,0,9,SURPLUS,0.0,0.0,Low
2026-07-26,B001,P008,21,20,18,4,7,0,SHORTAGE,7.0,284071.62,High
2026-07-26,B001,P009,71,69,141,21,0,49,SURPLUS,0.0,0.0,Low
2026-07-26,B001,P010,36,39,37,9,8,0,SHORTAGE,8.0,129930.32,High
2026-07-26,B002,P001,44,46,74,8,0,22,SURPLUS,0.0,0.0,Low
2026-07-26,B002,P002,24,22,13,6,17,0,SHORTAGE,17.0,473681.37,Critical
2026-07-26,B002,P003,22,21,20,5,7,0,SHORTAGE,7.0,160908.30000000002,High
2026-07-26,B002,P004,16,18,19,4,1,0,SHORTAGE,1.0,8509.0,Medium
2026-07-26,B002,P005,16,17,31,4,0,11,SURPLUS,0.0,0.0,Low
2026-07-26,B002,P006,58,57,92,12,0,22,SURPLUS,0.0,0.0,Low
2026-07-26,B002,P007,15,15,14,4,5,0,SHORTAGE,5.0,58101.049999999996,High
2026-07-26,B002,P008,20,21,28,5,0,3,SURPLUS,0.0,0.0,Low
2026-07-26,B002,P009,53,48,52,18,19,0,SHORTAGE,19.0,68131.53,High
2026-07-26,B002,P010,29,30,49,8,0,12,SURPLUS,0.0,0.0,Low
2026-07-26,B003,P001,27,28,45,5,0,13,SURPLUS,0.0,0.0,Low
2026-07-26,B003,P002,17,17,36,4,0,15,SURPLUS,0.0,0.0,Low
2026-07-26,B003,P003,19,20,28,5,0,4,SURPLUS,0.0,0.0,Low
2026-07-26,B003,P004,14,16,12,3,5,0,SHORTAGE,5.0,45326.3,High
2026-07-26,B003,P005,13,13,21,3,0,5,SURPLUS,0.0,0.0,Low
2026-07-26,B003,P006,71,63,54,20,37,0,SHORTAGE,37.0,714279.45,Critical
2026-07-26,B003,P007,13,13,22,3,0,6,SURPLUS,0.0,0.0,Low
2026-07-26,B003,P008,20,18,34,6,0,8,SURPLUS,0.0,0.0,Low
2026-07-26,B003,P009,29,26,38,7,0,2,SURPLUS,0.0,0.0,Low
2026-07-26,B003,P010,30,31,46,7,0,9,SURPLUS,0.0,0.0,Low
2026-07-26,B004,P001,39,34,68,12,0,17,SURPLUS,0.0,0.0,Low
2026-07-26,B004,P002,13,13,23,4,0,6,SURPLUS,0.0,0.0,Low
2026-07-26,B004,P003,16,16,22,3,0,3,SURPLUS,0.0,0.0,Low
2026-07-26,B004,P004,17,16,26,4,0,5,SURPLUS,0.0,0.0,Low
2026-07-26,B004,P005,26,27,22,8,12,0,SHORTAGE,12.0,613636.5599999999,Critical
2026-07-26,B004,P006,41,37,43,12,10,0,SHORTAGE,10.0,191019.4,High
2026-07-26,B004,P007,9,10,11,3,1,0,SHORTAGE,1.0,11109.47,Medium
2026-07-26,B004,P008,20,20,9,4,15,0,SHORTAGE,15.0,675425.1,Critical
2026-07-26,B004,P009,43,42,41,10,12,0,SHORTAGE,12.0,44939.76,High
2026-07-26,B004,P010,21,24,13,7,15,0,SHORTAGE,15.0,254950.2,Critical
2026-07-26,B005,P001,24,23,40,4,0,12,SURPLUS,0.0,0.0,Low
2026-07-26,B005,P002,22,22,14,4,12,0,SHORTAGE,12.0,336354.72000000003,Critical
2026-07-26,B005,P003,20,19,11,6,15,0,SHORTAGE,15.0,379784.55000000005,Critical
2026-07-26,B005,P004,16,17,15,5,6,0,SHORTAGE,6.0,51230.81999999999,High
2026-07-26,B005,P005,36,34,40,9,5,0,SHORTAGE,5.0,226739.55000000002,Medium
2026-07-26,B005,P006,51,50,30,13,34,0,SHORTAGE,34.0,614286.16,Critical
2026-07-26,B005,P007,11,10,10,3,4,0,SHORTAGE,4.0,45485.44,High
2026-07-26,B005,P008,15,16,14,3,4,0,SHORTAGE,4.0,163647.84,High
2026-07-26,B005,P009,34,36,65,9,0,22,SURPLUS,0.0,0.0,Low
2026-07-26,B005,P010,19,24,34,5,0,10,SURPLUS,0.0,0.0,Low
2026-07-26,B006,P001,27,29,32,8,3,0,SHORTAGE,3.0,97516.38,Medium
2026-07-26,B006,P002,15,14,26,4,0,7,SURPLUS,0.0,0.0,Low
2026-07-26,B006,P003,22,20,22,6,6,0,SHORTAGE,6.0,136093.44,High
2026-07-26,B006,P004,9,10,10,3,2,0,SHORTAGE,2.0,18921.54,High
2026-07-26,B006,P005,20,19,9,6,17,0,SHORTAGE,17.0,841767.07,Critical
2026-07-26,B006,P006,66,54,99,21,0,12,SURPLUS,0.0,0.0,Low
2026-07-26,B006,P007,10,10,10,3,3,0,SHORTAGE,3.0,35265.149999999994,High
2026-07-26,B006,P008,11,10,10,3,4,0,SHORTAGE,4.0,168129.08,High
2026-07-26,B006,P009,32,35,19,7,20,0,SHORTAGE,20.0,65773.4,Critical
2026-07-26,B006,P010,10,10,16,3,0,3,SURPLUS,0.0,0.0,Low
2026-07-26,B007,P001,22,20,14,5,13,0,SHORTAGE,13.0,424333.91,Critical
2026-07-26,B007,P002,20,21,28,4,0,4,SURPLUS,0.0,0.0,Low
2026-07-26,B007,P003,17,17,22,4,0,1,SURPLUS,0.0,0.0,Low
2026-07-26,B007,P004,11,12,18,3,0,4,SURPLUS,0.0,0.0,Low
2026-07-26,B007,P005,29,28,33,5,1,0,SHORTAGE,1.0,49163.34,Medium
2026-07-26,B007,P006,56,55,49,15,22,0,SHORTAGE,22.0,372557.24,High
2026-07-26,B007,P007,12,14,18,3,0,3,SURPLUS,0.0,0.0,Low
2026-07-26,B007,P008,13,14,10,4,7,0,SHORTAGE,7.0,304944.92,Critical
2026-07-26,B007,P009,40,38,81,8,0,33,SURPLUS,0.0,0.0,Low
2026-07-26,B007,P010,22,23,16,4,10,0,SHORTAGE,10.0,159137.6,Critical
2026-07-26,B008,P001,24,27,37,7,0,6,SURPLUS,0.0,0.0,Low
2026-07-26,B008,P002,15,15,13,3,5,0,SHORTAGE,5.0,133612.55,High
2026-07-26,B008,P003,16,18,19,4,1,0,SHORTAGE,1.0,24278.65,Medium
2026-07-26,B008,P004,12,14,20,3,0,5,SURPLUS,0.0,0.0,Low
2026-07-26,B008,P005,27,25,34,7,0,0,BALANCED,0.0,0.0,Low
2026-07-26,B008,P006,39,43,79,7,0,33,SURPLUS,0.0,0.0,Low
2026-07-26,B008,P007,14,15,13,4,5,0,SHORTAGE,5.0,59984.2,High
2026-07-26,B008,P008,13,13,13,3,3,0,SHORTAGE,3.0,127403.73000000001,High
2026-07-26,B008,P009,66,63,67,13,12,0,SHORTAGE,12.0,39618.72,Medium
2026-07-26,B008,P010,30,28,47,8,0,9,SURPLUS,0.0,0.0,Low
2026-07-27,B001,P001,46,43,72,16,0,10,SURPLUS,0.0,0.0,Low
2026-07-27,B001,P002,23,22,30,7,0,0,BALANCED,0.0,0.0,Low
2026-07-27,B001,P003,22,24,31,6,0,3,SURPLUS,0.0,0.0,Low
2026-07-27,B001,P004,16,18,14,3,5,0,SHORTAGE,5.0,43480.4,High
2026-07-27,B001,P005,36,39,28,11,19,0,SHORTAGE,19.0,927460.2999999999,Critical
2026-07-27,B001,P006,76,80,126,24,0,26,SURPLUS,0.0,0.0,Low
2026-07-27,B001,P007,15,16,16,3,2,0,SHORTAGE,2.0,25008.1,Medium
2026-07-27,B001,P008,22,23,36,5,0,9,SURPLUS,0.0,0.0,Low
2026-07-27,B001,P009,60,66,113,19,0,34,SURPLUS,0.0,0.0,Low
2026-07-27,B001,P010,32,30,47,8,0,7,SURPLUS,0.0,0.0,Low
2026-07-27,B002,P001,50,46,24,13,39,0,SHORTAGE,39.0,1253659.68,Critical
2026-07-27,B002,P002,18,17,26,5,0,3,SURPLUS,0.0,0.0,Low
2026-07-27,B002,P003,28,26,34,7,1,0,SHORTAGE,1.0,23680.05,Medium
2026-07-27,B002,P004,10,11,8,3,5,0,SHORTAGE,5.0,45731.049999999996,Critical
2026-07-27,B002,P005,36,35,58,12,0,10,SURPLUS,0.0,0.0,Low
2026-07-27,B002,P006,48,45,32,11,27,0,SHORTAGE,27.0,492583.14,Critical
2026-07-27,B002,P007,17,16,35,5,0,13,SURPLUS,0.0,0.0,Low
2026-07-27,B002,P008,18,17,30,5,0,7,SURPLUS,0.0,0.0,Low
2026-07-27,B002,P009,47,49,35,15,27,0,SHORTAGE,27.0,88764.93000000001,Critical
2026-07-27,B002,P010,23,23,43,5,0,15,SURPLUS,0.0,0.0,Low
2026-07-27,B003,P001,52,50,41,16,27,0,SHORTAGE,27.0,800026.74,Critical
2026-07-27,B003,P002,15,15,10,4,9,0,SHORTAGE,9.0,270082.44,Critical
2026-07-27,B003,P003,20,20,33,6,0,7,SURPLUS,0.0,0.0,Low
2026-07-27,B003,P004,16,17,16,5,5,0,SHORTAGE,5.0,46562.5,High
2026-07-27,B003,P005,28,31,57,8,0,21,SURPLUS,0.0,0.0,Low
2026-07-27,B003,P006,52,50,83,13,0,18,SURPLUS,0.0,0.0,Low
2026-07-27,B003,P007,19,16,35,5,0,11,SURPLUS,0.0,0.0,Low
2026-07-27,B003,P008,17,17,18,4,3,0,SHORTAGE,3.0,128147.54999999999,Medium
2026-07-27,B003,P009,37,38,44,9,2,0,SHORTAGE,2.0,6846.56,Medium
2026-07-27,B003,P010,22,22,10,7,19,0,SHORTAGE,19.0,283143.13,Critical
2026-07-27,B004,P001,40,40,66,12,0,14,SURPLUS,0.0,0.0,Low
2026-07-27,B004,P002,22,22,19,7,10,0,SHORTAGE,10.0,264965.1,Critical
2026-07-27,B004,P003,15,17,13,3,5,0,SHORTAGE,5.0,124401.65000000001,High
2026-07-27,B004,P004,15,15,26,3,0,8,SURPLUS,0.0,0.0,Low
2026-07-27,B004,P005,27,27,43,5,0,11,SURPLUS,0.0,0.0,Low
2026-07-27,B004,P006,71,72,90,15,0,4,SURPLUS,0.0,0.0,Low
2026-07-27,B004,P007,14,13,12,3,5,0,SHORTAGE,5.0,58030.0,High
2026-07-27,B004,P008,13,14,7,3,9,0,SHORTAGE,9.0,368725.05,Critical
2026-07-27,B004,P009,52,49,94,13,0,29,SURPLUS,0.0,0.0,Low
2026-07-27,B004,P010,19,20,13,5,11,0,SHORTAGE,11.0,162831.46000000002,Critical
2026-07-27,B005,P001,26,28,35,7,0,2,SURPLUS,0.0,0.0,Low
2026-07-27,B005,P002,12,11,7,3,8,0,SHORTAGE,8.0,235505.04,Critical
2026-07-27,B005,P003,20,20,28,6,0,2,SURPLUS,0.0,0.0,Low
2026-07-27,B005,P004,16,17,19,5,2,0,SHORTAGE,2.0,17107.56,Medium
2026-07-27,B005,P005,25,23,40,8,0,7,SURPLUS,0.0,0.0,Low
2026-07-27,B005,P006,58,60,36,18,40,0,SHORTAGE,40.0,745069.6000000001,Critical
2026-07-27,B005,P007,17,14,11,4,10,0,SHORTAGE,10.0,121407.8,Critical
2026-07-27,B005,P008,13,14,22,3,0,6,SURPLUS,0.0,0.0,Low
2026-07-27,B005,P009,35,35,60,9,0,16,SURPLUS,0.0,0.0,Low
2026-07-27,B005,P010,21,21,15,7,13,0,SHORTAGE,13.0,199267.51,Critical
2026-07-27,B006,P001,35,32,51,9,0,7,SURPLUS,0.0,0.0,Low
2026-07-27,B006,P002,16,15,22,3,0,3,SURPLUS,0.0,0.0,Low
2026-07-27,B006,P003,23,22,24,7,6,0,SHORTAGE,6.0,134545.2,High
2026-07-27,B006,P004,7,8,12,3,0,2,SURPLUS,0.0,0.0,Low
2026-07-27,B006,P005,27,25,18,6,15,0,SHORTAGE,15.0,767531.85,Critical
2026-07-27,B006,P006,42,44,54,8,0,4,SURPLUS,0.0,0.0,Low
2026-07-27,B006,P007,10,11,9,3,4,0,SHORTAGE,4.0,45464.24,High
2026-07-27,B006,P008,13,14,13,3,3,0,SHORTAGE,3.0,133103.84999999998,High
2026-07-27,B006,P009,38,42,73,8,0,27,SURPLUS,0.0,0.0,Low
2026-07-27,B006,P010,24,24,19,5,10,0,SHORTAGE,10.0,148128.6,High
2026-07-27,B007,P001,10,10,13,3,0,0,BALANCED,0.0,0.0,Low
2026-07-27,B007,P002,11,11,14,3,0,0,BALANCED,0.0,0.0,Low
2026-07-27,B007,P003,16,16,28,5,0,7,SURPLUS,0.0,0.0,Low
2026-07-27,B007,P004,6,7,10,3,0,1,SURPLUS,0.0,0.0,Low
2026-07-27,B007,P005,22,22,20,5,7,0,SHORTAGE,7.0,331117.99,High
2026-07-27,B007,P006,32,35,20,8,20,0,SHORTAGE,20.0,348236.2,Critical
2026-07-27,B007,P007,8,8,5,3,6,0,SHORTAGE,6.0,74580.12,Critical
2026-07-27,B007,P008,19,18,22,6,3,0,SHORTAGE,3.0,124991.07,Medium
2026-07-27,B007,P009,32,31,19,9,22,0,SHORTAGE,22.0,72472.4,Critical
2026-07-27,B007,P010,12,13,12,3,3,0,SHORTAGE,3.0,45468.149999999994,High
2026-07-27,B008,P001,36,39,50,11,0,3,SURPLUS,0.0,0.0,Low
2026-07-27,B008,P002,14,14,12,3,5,0,SHORTAGE,5.0,141276.95,High
2026-07-27,B008,P003,17,18,15,4,6,0,SHORTAGE,6.0,132705.18,High
2026-07-27,B008,P004,16,16,18,3,1,0,SHORTAGE,1.0,9009.91,Medium
2026-07-27,B008,P005,31,29,55,8,0,16,SURPLUS,0.0,0.0,Low
2026-07-27,B008,P006,45,47,43,15,17,0,SHORTAGE,17.0,310237.93,High
2026-07-27,B008,P007,9,11,13,3,0,1,SURPLUS,0.0,0.0,Low
2026-07-27,B008,P008,12,13,14,3,1,0,SHORTAGE,1.0,41972.97,Medium
2026-07-27,B008,P009,26,23,22,8,12,0,SHORTAGE,12.0,42733.68,Critical
2026-07-27,B008,P010,19,21,21,5,3,0,SHORTAGE,3.0,46428.45,Medium
2026-07-28,B001,P001,58,60,56,11,13,0,SHORTAGE,13.0,434447.25999999995,High
2026-07-28,B001,P002,25,29,38,7,0,6,SURPLUS,0.0,0.0,Low
2026-07-28,B001,P003,26,27,38,8,0,4,SURPLUS,0.0,0.0,Low
2026-07-28,B001,P004,16,18,16,4,4,0,SHORTAGE,4.0,34144.32,High
2026-07-28,B001,P005,46,42,44,14,16,0,SHORTAGE,16.0,760598.72,High
2026-07-28,B001,P006,88,71,68,26,46,0,SHORTAGE,46.0,822836.04,Critical
2026-07-28,B001,P007,14,15,23,3,0,6,SURPLUS,0.0,0.0,Low
2026-07-28,B001,P008,18,19,9,3,12,0,SHORTAGE,12.0,522760.32,Critical
2026-07-28,B001,P009,51,55,85,10,0,24,SURPLUS,0.0,0.0,Low
2026-07-28,B001,P010,30,32,31,6,5,0,SHORTAGE,5.0,75459.55,Medium
2026-07-28,B002,P001,56,50,101,15,0,30,SURPLUS,0.0,0.0,Low
2026-07-28,B002,P002,15,15,9,4,10,0,SHORTAGE,10.0,267453.8,Critical
2026-07-28,B002,P003,27,25,45,5,0,13,SURPLUS,0.0,0.0,Low
2026-07-28,B002,P004,16,15,21,4,0,1,SURPLUS,0.0,0.0,Low
2026-07-28,B002,P005,33,31,47,8,0,6,SURPLUS,0.0,0.0,Low
2026-07-28,B002,P006,68,64,95,16,0,11,SURPLUS,0.0,0.0,Low
2026-07-28,B002,P007,14,14,18,3,0,1,SURPLUS,0.0,0.0,Low
2026-07-28,B002,P008,23,23,27,7,3,0,SHORTAGE,3.0,131661.45,Medium
2026-07-28,B002,P009,34,33,69,8,0,27,SURPLUS,0.0,0.0,Low
2026-07-28,B002,P010,30,30,61,6,0,25,SURPLUS,0.0,0.0,Low
2026-07-28,B003,P001,38,37,48,10,0,0,BALANCED,0.0,0.0,Low
2026-07-28,B003,P002,17,17,28,4,0,7,SURPLUS,0.0,0.0,Low
2026-07-28,B003,P003,22,21,31,4,0,5,SURPLUS,0.0,0.0,Low
2026-07-28,B003,P004,17,18,17,3,3,0,SHORTAGE,3.0,24860.04,Medium
2026-07-28,B003,P005,24,28,37,6,0,7,SURPLUS,0.0,0.0,Low
2026-07-28,B003,P006,60,58,84,13,0,11,SURPLUS,0.0,0.0,Low
2026-07-28,B003,P007,12,12,19,3,0,4,SURPLUS,0.0,0.0,Low
2026-07-28,B003,P008,14,15,10,4,8,0,SHORTAGE,8.0,351700.64,Critical
2026-07-28,B003,P009,51,49,63,16,4,0,SHORTAGE,4.0,13928.72,Medium
2026-07-28,B003,P010,22,19,31,6,0,3,SURPLUS,0.0,0.0,Low
2026-07-28,B004,P001,45,40,57,15,3,0,SHORTAGE,3.0,95909.37,Medium
2026-07-28,B004,P002,10,12,13,3,0,0,BALANCED,0.0,0.0,Low
2026-07-28,B004,P003,13,14,24,3,0,8,SURPLUS,0.0,0.0,Low
2026-07-28,B004,P004,10,10,6,3,7,0,SHORTAGE,7.0,67079.67,Critical
2026-07-28,B004,P005,25,25,25,5,5,0,SHORTAGE,5.0,222984.5,Medium
2026-07-28,B004,P006,52,50,93,12,0,29,SURPLUS,0.0,0.0,Low
2026-07-28,B004,P007,16,14,26,4,0,6,SURPLUS,0.0,0.0,Low
2026-07-28,B004,P008,17,17,18,3,2,0,SHORTAGE,2.0,88686.36,Medium
2026-07-28,B004,P009,34,33,15,9,28,0,SHORTAGE,28.0,97610.23999999999,Critical
2026-07-28,B004,P010,33,30,47,8,0,6,SURPLUS,0.0,0.0,Low
2026-07-28,B005,P001,44,52,35,15,24,0,SHORTAGE,24.0,823185.1199999999,Critical
2026-07-28,B005,P002,14,15,26,4,0,8,SURPLUS,0.0,0.0,Low
2026-07-28,B005,P003,6,7,6,3,3,0,SHORTAGE,3.0,68245.23,Critical
2026-07-28,B005,P004,13,13,9,3,7,0,SHORTAGE,7.0,59408.229999999996,Critical
2026-07-28,B005,P005,26,27,50,6,0,18,SURPLUS,0.0,0.0,Low
2026-07-28,B005,P006,50,56,24,17,43,0,SHORTAGE,43.0,736752.11,Critical
2026-07-28,B005,P007,14,14,21,4,0,3,SURPLUS,0.0,0.0,Low
2026-07-28,B005,P008,18,17,33,5,0,10,SURPLUS,0.0,0.0,Low
2026-07-28,B005,P009,39,38,41,11,9,0,SHORTAGE,9.0,32536.44,High
2026-07-28,B005,P010,24,24,17,6,13,0,SHORTAGE,13.0,191949.55000000002,Critical
2026-07-28,B006,P001,31,31,22,8,17,0,SHORTAGE,17.0,576616.2,Critical
2026-07-28,B006,P002,11,11,19,3,0,5,SURPLUS,0.0,0.0,Low
2026-07-28,B006,P003,17,18,22,5,0,0,BALANCED,0.0,0.0,Low
2026-07-28,B006,P004,11,11,7,3,7,0,SHORTAGE,7.0,59289.719999999994,Critical
2026-07-28,B006,P005,22,24,25,6,3,0,SHORTAGE,3.0,143530.29,Medium
2026-07-28,B006,P006,39,47,53,11,0,3,SURPLUS,0.0,0.0,Low
2026-07-28,B006,P007,14,14,6,3,11,0,SHORTAGE,11.0,124114.21,Critical
2026-07-28,B006,P008,14,14,14,4,4,0,SHORTAGE,4.0,165435.6,High
2026-07-28,B006,P009,31,30,42,6,0,5,SURPLUS,0.0,0.0,Low
2026-07-28,B006,P010,23,21,15,7,15,0,SHORTAGE,15.0,224744.55,Critical
2026-07-28,B007,P001,26,27,35,8,0,1,SURPLUS,0.0,0.0,Low
2026-07-28,B007,P002,22,21,46,5,0,19,SURPLUS,0.0,0.0,Low
2026-07-28,B007,P003,11,11,20,3,0,6,SURPLUS,0.0,0.0,Low
2026-07-28,B007,P004,9,10,17,3,0,5,SURPLUS,0.0,0.0,Low
2026-07-28,B007,P005,17,18,22,5,0,0,BALANCED,0.0,0.0,Low
2026-07-28,B007,P006,24,26,30,4,0,2,SURPLUS,0.0,0.0,Low
2026-07-28,B007,P007,12,13,6,3,9,0,SHORTAGE,9.0,102412.08,Critical
2026-07-28,B007,P008,7,8,9,3,1,0,SHORTAGE,1.0,41534.64,Medium
2026-07-28,B007,P009,33,35,45,10,0,2,SURPLUS,0.0,0.0,Low
2026-07-28,B007,P010,19,20,32,5,0,8,SURPLUS,0.0,0.0,Low
2026-07-28,B008,P001,31,31,39,10,2,0,SHORTAGE,2.0,64488.6,Medium
2026-07-28,B008,P002,19,19,17,6,8,0,SHORTAGE,8.0,226721.6,High
2026-07-28,B008,P003,8,8,13,3,0,2,SURPLUS,0.0,0.0,Low
2026-07-28,B008,P004,10,12,7,3,6,0,SHORTAGE,6.0,56503.259999999995,Critical
2026-07-28,B008,P005,20,19,22,5,3,0,SHORTAGE,3.0,150195.75,Medium
2026-07-28,B008,P006,37,35,75,10,0,28,SURPLUS,0.0,0.0,Low
2026-07-28,B008,P007,6,6,6,3,3,0,SHORTAGE,3.0,35853.96,Critical
2026-07-28,B008,P008,16,16,14,5,7,0,SHORTAGE,7.0,284393.13,High
2026-07-28,B008,P009,33,36,23,10,20,0,SHORTAGE,20.0,74938.8,Critical
2026-07-28,B008,P010,20,19,16,4,8,0,SHORTAGE,8.0,127782.96,High
2026-07-29,B001,P001,65,57,50,18,33,0,SHORTAGE,33.0,1082437.2899999998,Critical
2026-07-29,B001,P002,29,27,42,6,0,7,SURPLUS,0.0,0.0,Low
2026-07-29,B001,P003,21,24,27,6,0,0,BALANCED,0.0,0.0,Low
2026-07-29,B001,P004,25,22,20,7,12,0,SHORTAGE,12.0,104855.51999999999,Critical
2026-07-29,B001,P005,25,27,40,7,0,8,SURPLUS,0.0,0.0,Low
2026-07-29,B001,P006,74,78,97,18,0,5,SURPLUS,0.0,0.0,Low
2026-07-29,B001,P007,20,18,34,4,0,10,SURPLUS,0.0,0.0,Low
2026-07-29,B001,P008,20,21,22,5,3,0,SHORTAGE,3.0,129963.57,Medium
2026-07-29,B001,P009,73,67,122,22,0,27,SURPLUS,0.0,0.0,Low
2026-07-29,B001,P010,33,32,35,11,9,0,SHORTAGE,9.0,143875.80000000002,High
2026-07-29,B002,P001,42,40,49,13,6,0,SHORTAGE,6.0,178546.2,Medium
2026-07-29,B002,P002,18,19,37,4,0,15,SURPLUS,0.0,0.0,Low
2026-07-29,B002,P003,24,23,32,6,0,2,SURPLUS,0.0,0.0,Low
2026-07-29,B002,P004,19,19,28,5,0,4,SURPLUS,0.0,0.0,Low
2026-07-29,B002,P005,36,35,13,7,30,0,SHORTAGE,30.0,1511343.9,Critical
2026-07-29,B002,P006,57,63,38,17,36,0,SHORTAGE,36.0,618969.24,Critical
2026-07-29,B002,P007,20,19,33,4,0,9,SURPLUS,0.0,0.0,Low
2026-07-29,B002,P008,21,22,19,7,9,0,SHORTAGE,9.0,404988.21,High
2026-07-29,B002,P009,44,40,69,11,0,14,SURPLUS,0.0,0.0,Low
2026-07-29,B002,P010,30,32,48,7,0,11,SURPLUS,0.0,0.0,Low
2026-07-29,B003,P001,65,54,116,13,0,38,SURPLUS,0.0,0.0,Low
2026-07-29,B003,P002,22,19,37,7,0,8,SURPLUS,0.0,0.0,Low
2026-07-29,B003,P003,18,20,9,3,12,0,SHORTAGE,12.0,269354.88,Critical
2026-07-29,B003,P004,16,17,11,5,10,0,SHORTAGE,10.0,82812.29999999999,Critical
2026-07-29,B003,P005,21,22,43,6,0,16,SURPLUS,0.0,0.0,Low
2026-07-29,B003,P006,49,46,33,13,29,0,SHORTAGE,29.0,558957.6000000001,Critical
2026-07-29,B003,P007,14,13,21,3,0,4,SURPLUS,0.0,0.0,Low
2026-07-29,B003,P008,14,13,10,3,7,0,SHORTAGE,7.0,284839.73,Critical
2026-07-29,B003,P009,34,39,23,10,21,0,SHORTAGE,21.0,75509.28,Critical
2026-07-29,B003,P010,33,30,66,11,0,22,SURPLUS,0.0,0.0,Low
2026-07-29,B004,P001,37,36,62,9,0,16,SURPLUS,0.0,0.0,Low
2026-07-29,B004,P002,16,16,22,4,0,2,SURPLUS,0.0,0.0,Low
2026-07-29,B004,P003,21,23,19,4,6,0,SHORTAGE,6.0,150191.52,High
2026-07-29,B004,P004,18,19,13,4,9,0,SHORTAGE,9.0,77038.38,Critical
2026-07-29,B004,P005,22,21,15,5,12,0,SHORTAGE,12.0,559977.96,Critical
2026-07-29,B004,P006,39,40,44,11,6,0,SHORTAGE,6.0,102977.51999999999,Medium
2026-07-29,B004,P007,15,14,14,4,5,0,SHORTAGE,5.0,62314.399999999994,High
2026-07-29,B004,P008,12,11,5,3,10,0,SHORTAGE,10.0,453233.30000000005,Critical
2026-07-29,B004,P009,40,40,32,8,16,0,SHORTAGE,16.0,56543.52,High
2026-07-29,B004,P010,19,21,27,6,0,2,SURPLUS,0.0,0.0,Low
2026-07-29,B005,P001,34,36,31,10,13,0,SHORTAGE,13.0,388059.75,High
2026-07-29,B005,P002,11,11,8,3,6,0,SHORTAGE,6.0,158741.58000000002,Critical
2026-07-29,B005,P003,23,25,32,7,0,2,SURPLUS,0.0,0.0,Low
2026-07-29,B005,P004,13,14,10,3,6,0,SHORTAGE,6.0,56772.0,Critical
2026-07-29,B005,P005,25,25,30,8,3,0,SHORTAGE,3.0,151708.53,Medium
2026-07-29,B005,P006,52,54,80,10,0,18,SURPLUS,0.0,0.0,Low
2026-07-29,B005,P007,13,12,16,3,0,0,BALANCED,0.0,0.0,Low
2026-07-29,B005,P008,8,9,9,3,2,0,SHORTAGE,2.0,86018.4,High
2026-07-29,B005,P009,37,35,52,8,0,7,SURPLUS,0.0,0.0,Low
2026-07-29,B005,P010,23,22,20,4,7,0,SHORTAGE,7.0,112881.23,High
2026-07-29,B006,P001,18,20,30,6,0,6,SURPLUS,0.0,0.0,Low
2026-07-29,B006,P002,19,18,34,4,0,11,SURPLUS,0.0,0.0,Low
2026-07-29,B006,P003,17,18,33,5,0,11,SURPLUS,0.0,0.0,Low
2026-07-29,B006,P004,10,11,17,3,0,4,SURPLUS,0.0,0.0,Low
2026-07-29,B006,P005,16,18,24,5,0,3,SURPLUS,0.0,0.0,Low
2026-07-29,B006,P006,51,51,74,11,0,12,SURPLUS,0.0,0.0,Low
2026-07-29,B006,P007,12,12,18,3,0,3,SURPLUS,0.0,0.0,Low
2026-07-29,B006,P008,15,15,21,4,0,2,SURPLUS,0.0,0.0,Low
2026-07-29,B006,P009,45,46,84,9,0,30,SURPLUS,0.0,0.0,Low
2026-07-29,B006,P010,32,30,40,7,0,1,SURPLUS,0.0,0.0,Low
2026-07-29,B007,P001,36,37,64,11,0,17,SURPLUS,0.0,0.0,Low
2026-07-29,B007,P002,15,15,19,5,1,0,SHORTAGE,1.0,27269.44,Medium
2026-07-29,B007,P003,19,18,20,3,2,0,SHORTAGE,2.0,50134.94,Medium
2026-07-29,B007,P004,10,10,20,3,0,7,SURPLUS,0.0,0.0,Low
2026-07-29,B007,P005,19,21,22,4,1,0,SHORTAGE,1.0,50850.29,Medium
2026-07-29,B007,P006,45,44,50,15,10,0,SHORTAGE,10.0,176557.40000000002,High
2026-07-29,B007,P007,9,10,12,3,0,0,BALANCED,0.0,0.0,Low
2026-07-29,B007,P008,13,13,24,3,0,8,SURPLUS,0.0,0.0,Low
2026-07-29,B007,P009,53,46,105,13,0,39,SURPLUS,0.0,0.0,Low
2026-07-29,B007,P010,18,17,16,3,5,0,SHORTAGE,5.0,82127.29999999999,High
2026-07-29,B008,P001,46,39,88,15,0,27,SURPLUS,0.0,0.0,Low
2026-07-29,B008,P002,16,17,29,4,0,9,SURPLUS,0.0,0.0,Low
2026-07-29,B008,P003,16,17,20,4,0,0,BALANCED,0.0,0.0,Low
2026-07-29,B008,P004,11,12,20,3,0,6,SURPLUS,0.0,0.0,Low
2026-07-29,B008,P005,25,24,28,5,2,0,SHORTAGE,2.0,91715.58,Medium
2026-07-29,B008,P006,56,56,106,12,0,38,SURPLUS,0.0,0.0,Low
2026-07-29,B008,P007,18,18,26,4,0,4,SURPLUS,0.0,0.0,Low
2026-07-29,B008,P008,11,12,9,3,5,0,SHORTAGE,5.0,211904.05,Critical
2026-07-29,B008,P009,58,54,88,19,0,11,SURPLUS,0.0,0.0,Low
2026-07-29,B008,P010,25,24,26,6,5,0,SHORTAGE,5.0,84696.90000000001,Medium
2026-07-30,B001,P001,56,59,86,12,0,18,SURPLUS,0.0,0.0,Low
2026-07-30,B001,P002,28,27,42,6,0,8,SURPLUS,0.0,0.0,Low
2026-07-30,B001,P003,33,31,25,7,15,0,SHORTAGE,15.0,376915.05,Critical
2026-07-30,B001,P004,17,18,26,3,0,6,SURPLUS,0.0,0.0,Low
2026-07-30,B001,P005,37,39,48,9,0,2,SURPLUS,0.0,0.0,Low
2026-07-30,B001,P006,93,89,91,27,29,0,SHORTAGE,29.0,541457.55,High
2026-07-30,B001,P007,19,18,26,4,0,3,SURPLUS,0.0,0.0,Low
2026-07-30,B001,P008,21,22,13,6,14,0,SHORTAGE,14.0,620797.1,Critical
2026-07-30,B001,P009,73,67,97,17,0,7,SURPLUS,0.0,0.0,Low
2026-07-30,B001,P010,31,31,37,6,0,0,BALANCED,0.0,0.0,Low
2026-07-30,B002,P001,37,37,45,11,3,0,SHORTAGE,3.0,100252.88999999998,Medium
2026-07-30,B002,P002,24,26,28,4,0,0,BALANCED,0.0,0.0,Low
2026-07-30,B002,P003,19,24,28,4,0,5,SURPLUS,0.0,0.0,Low
2026-07-30,B002,P004,17,19,30,4,0,9,SURPLUS,0.0,0.0,Low
2026-07-30,B002,P005,29,28,40,8,0,3,SURPLUS,0.0,0.0,Low
2026-07-30,B002,P006,65,63,46,13,32,0,SHORTAGE,32.0,600620.8,Critical
2026-07-30,B002,P007,15,14,26,3,0,8,SURPLUS,0.0,0.0,Low
2026-07-30,B002,P008,11,11,8,3,6,0,SHORTAGE,6.0,265526.1,Critical
2026-07-30,B002,P009,59,51,59,11,11,0,SHORTAGE,11.0,40340.96,Medium
2026-07-30,B002,P010,33,29,32,10,11,0,SHORTAGE,11.0,168813.48,High
2026-07-30,B003,P001,48,47,84,13,0,23,SURPLUS,0.0,0.0,Low
2026-07-30,B003,P002,23,23,38,7,0,8,SURPLUS,0.0,0.0,Low
2026-07-30,B003,P003,15,16,7,4,12,0,SHORTAGE,12.0,271119.48,Critical
2026-07-30,B003,P004,16,15,11,5,10,0,SHORTAGE,10.0,93431.0,Critical
2026-07-30,B003,P005,17,18,28,5,0,6,SURPLUS,0.0,0.0,Low
2026-07-30,B003,P006,63,65,108,20,0,25,SURPLUS,0.0,0.0,Low
2026-07-30,B003,P007,16,15,18,5,3,0,SHORTAGE,3.0,37401.75,Medium
2026-07-30,B003,P008,19,19,17,6,8,0,SHORTAGE,8.0,356604.48,High
2026-07-30,B003,P009,43,46,83,13,0,27,SURPLUS,0.0,0.0,Low
2026-07-30,B003,P010,26,26,39,7,0,6,SURPLUS,0.0,0.0,Low
2026-07-30,B004,P001,35,37,31,7,11,0,SHORTAGE,11.0,329818.06,High
2026-07-30,B004,P002,16,16,12,4,8,0,SHORTAGE,8.0,219364.56,Critical
2026-07-30,B004,P003,20,19,30,6,0,4,SURPLUS,0.0,0.0,Low
2026-07-30,B004,P004,14,15,12,3,5,0,SHORTAGE,5.0,41877.9,High
2026-07-30,B004,P005,38,35,69,12,0,19,SURPLUS,0.0,0.0,Low
2026-07-30,B004,P006,64,58,77,15,2,0,SHORTAGE,2.0,37253.54,Medium
2026-07-30,B004,P007,8,10,10,3,1,0,SHORTAGE,1.0,12471.93,Medium
2026-07-30,B004,P008,21,19,15,4,10,0,SHORTAGE,10.0,399170.5,Critical
2026-07-30,B004,P009,49,54,82,12,0,21,SURPLUS,0.0,0.0,Low
2026-07-30,B004,P010,17,19,31,3,0,11,SURPLUS,0.0,0.0,Low
2026-07-30,B005,P001,54,47,68,11,0,3,SURPLUS,0.0,0.0,Low
2026-07-30,B005,P002,16,15,26,4,0,6,SURPLUS,0.0,0.0,Low
2026-07-30,B005,P003,11,11,12,3,2,0,SHORTAGE,2.0,44682.24,Medium
2026-07-30,B005,P004,17,15,21,3,0,1,SURPLUS,0.0,0.0,Low
2026-07-30,B005,P005,30,30,51,8,0,13,SURPLUS,0.0,0.0,Low
2026-07-30,B005,P006,61,60,82,14,0,7,SURPLUS,0.0,0.0,Low
2026-07-30,B005,P007,10,10,10,3,3,0,SHORTAGE,3.0,38021.37,High
2026-07-30,B005,P008,17,16,17,5,5,0,SHORTAGE,5.0,194014.0,High
2026-07-30,B005,P009,38,31,36,10,12,0,SHORTAGE,12.0,41045.520000000004,High
2026-07-30,B005,P010,25,25,38,6,0,7,SURPLUS,0.0,0.0,Low
2026-07-30,B006,P001,42,46,77,12,0,23,SURPLUS,0.0,0.0,Low
2026-07-30,B006,P002,17,17,23,5,0,1,SURPLUS,0.0,0.0,Low
2026-07-30,B006,P003,17,15,24,5,0,2,SURPLUS,0.0,0.0,Low
2026-07-30,B006,P004,17,16,34,4,0,13,SURPLUS,0.0,0.0,Low
2026-07-30,B006,P005,26,24,23,8,11,0,SHORTAGE,11.0,537997.35,High
2026-07-30,B006,P006,50,55,61,17,6,0,SHORTAGE,6.0,107532.42,Medium
2026-07-30,B006,P007,15,13,7,5,13,0,SHORTAGE,13.0,148018.65,Critical
2026-07-30,B006,P008,15,14,29,5,0,9,SURPLUS,0.0,0.0,Low
2026-07-30,B006,P009,40,38,58,13,0,5,SURPLUS,0.0,0.0,Low
2026-07-30,B006,P010,21,22,11,5,15,0,SHORTAGE,15.0,240594.0,Critical
2026-07-30,B007,P001,26,26,31,5,0,0,BALANCED,0.0,0.0,Low
2026-07-30,B007,P002,16,16,22,4,0,2,SURPLUS,0.0,0.0,Low
2026-07-30,B007,P003,13,13,19,4,0,2,SURPLUS,0.0,0.0,Low
2026-07-30,B007,P004,9,10,11,3,1,0,SHORTAGE,1.0,8754.41,Medium
2026-07-30,B007,P005,14,13,12,3,5,0,SHORTAGE,5.0,258491.6,High
2026-07-30,B007,P006,54,55,57,15,12,0,SHORTAGE,12.0,216005.88,High
2026-07-30,B007,P007,10,10,9,3,4,0,SHORTAGE,4.0,48736.24,High
2026-07-30,B007,P008,10,11,10,3,3,0,SHORTAGE,3.0,124235.63999999998,High
2026-07-30,B007,P009,38,43,25,9,22,0,SHORTAGE,22.0,82800.3,Critical
2026-07-30,B007,P010,14,13,29,3,0,12,SURPLUS,0.0,0.0,Low
2026-07-30,B008,P001,41,38,37,12,16,0,SHORTAGE,16.0,492843.04,High
2026-07-30,B008,P002,14,14,21,3,0,4,SURPLUS,0.0,0.0,Low
2026-07-30,B008,P003,21,20,26,4,0,1,SURPLUS,0.0,0.0,Low
2026-07-30,B008,P004,10,10,16,3,0,3,SURPLUS,0.0,0.0,Low
2026-07-30,B008,P005,32,31,62,7,0,23,SURPLUS,0.0,0.0,Low
2026-07-30,B008,P006,49,62,79,13,0,17,SURPLUS,0.0,0.0,Low
2026-07-30,B008,P007,10,11,7,3,6,0,SHORTAGE,6.0,76209.06,Critical
2026-07-30,B008,P008,17,16,23,3,0,3,SURPLUS,0.0,0.0,Low
2026-07-30,B008,P009,51,46,75,12,0,12,SURPLUS,0.0,0.0,Low
2026-07-30,B008,P010,11,12,11,3,3,0,SHORTAGE,3.0,45856.62,High
2026-07-31,B001,P001,43,37,65,9,0,13,SURPLUS,0.0,0.0,Low
2026-07-31,B001,P002,28,26,41,9,0,4,SURPLUS,0.0,0.0,Low
2026-07-31,B001,P003,37,35,32,9,14,0,SHORTAGE,14.0,328315.82,High
2026-07-31,B001,P004,22,22,35,6,0,7,SURPLUS,0.0,0.0,Low
2026-07-31,B001,P005,52,49,102,14,0,36,SURPLUS,0.0,0.0,Low
2026-07-31,B001,P006,59,70,70,15,4,0,SHORTAGE,4.0,68102.88,Medium
2026-07-31,B001,P007,27,25,45,8,0,10,SURPLUS,0.0,0.0,Low
2026-07-31,B001,P008,24,24,26,5,3,0,SHORTAGE,3.0,128707.23000000001,Medium
2026-07-31,B001,P009,75,77,107,23,0,9,SURPLUS,0.0,0.0,Low
2026-07-31,B001,P010,37,38,72,11,0,24,SURPLUS,0.0,0.0,Low
2026-07-31,B002,P001,54,53,59,18,13,0,SHORTAGE,13.0,445638.95999999996,High
2026-07-31,B002,P002,22,21,16,6,12,0,SHORTAGE,12.0,348701.52,Critical
2026-07-31,B002,P003,34,33,42,9,1,0,SHORTAGE,1.0,25157.04,Medium
2026-07-31,B002,P004,19,18,24,4,0,1,SURPLUS,0.0,0.0,Low
2026-07-31,B002,P005,40,41,59,13,0,6,SURPLUS,0.0,0.0,Low
2026-07-31,B002,P006,67,76,43,22,46,0,SHORTAGE,46.0,763738.0,Critical
2026-07-31,B002,P007,16,15,28,3,0,9,SURPLUS,0.0,0.0,Low
2026-07-31,B002,P008,15,16,11,4,8,0,SHORTAGE,8.0,353850.32,Critical
2026-07-31,B002,P009,66,65,76,21,11,0,SHORTAGE,11.0,38188.479999999996,Medium
2026-07-31,B002,P010,34,33,23,9,20,0,SHORTAGE,20.0,314939.6,Critical
2026-07-31,B003,P001,55,48,80,15,0,10,SURPLUS,0.0,0.0,Low
2026-07-31,B003,P002,24,24,16,5,13,0,SHORTAGE,13.0,343468.70999999996,Critical
2026-07-31,B003,P003,16,17,15,5,6,0,SHORTAGE,6.0,144890.94,High
2026-07-31,B003,P004,17,18,25,5,0,3,SURPLUS,0.0,0.0,Low
2026-07-31,B003,P005,25,29,38,6,0,7,SURPLUS,0.0,0.0,Low
2026-07-31,B003,P006,69,69,95,19,0,7,SURPLUS,0.0,0.0,Low
2026-07-31,B003,P007,12,12,12,3,3,0,SHORTAGE,3.0,35380.47,High
2026-07-31,B003,P008,23,20,44,7,0,14,SURPLUS,0.0,0.0,Low
2026-07-31,B003,P009,66,58,57,21,30,0,SHORTAGE,30.0,103335.0,Critical
2026-07-31,B003,P010,30,30,17,7,20,0,SHORTAGE,20.0,335410.6,Critical
2026-07-31,B004,P001,43,40,56,9,0,4,SURPLUS,0.0,0.0,Low
2026-07-31,B004,P002,15,15,26,4,0,7,SURPLUS,0.0,0.0,Low
2026-07-31,B004,P003,14,15,27,4,0,9,SURPLUS,0.0,0.0,Low
2026-07-31,B004,P004,10,11,18,3,0,5,SURPLUS,0.0,0.0,Low
2026-07-31,B004,P005,34,30,69,8,0,27,SURPLUS,0.0,0.0,Low
2026-07-31,B004,P006,47,45,52,16,11,0,SHORTAGE,11.0,204084.65000000002,High
2026-07-31,B004,P007,17,16,15,4,6,0,SHORTAGE,6.0,75346.5,High
2026-07-31,B004,P008,21,20,14,4,11,0,SHORTAGE,11.0,433184.18,Critical
2026-07-31,B004,P009,40,39,82,9,0,33,SURPLUS,0.0,0.0,Low
2026-07-31,B004,P010,32,33,51,7,0,12,SURPLUS,0.0,0.0,Low
2026-07-31,B005,P001,43,42,39,13,17,0,SHORTAGE,17.0,513262.47,High
2026-07-31,B005,P002,14,14,19,3,0,2,SURPLUS,0.0,0.0,Low
2026-07-31,B005,P003,27,27,37,6,0,4,SURPLUS,0.0,0.0,Low
2026-07-31,B005,P004,16,17,11,3,8,0,SHORTAGE,8.0,70080.4,Critical
2026-07-31,B005,P005,28,27,18,6,16,0,SHORTAGE,16.0,829181.76,Critical
2026-07-31,B005,P006,54,56,90,14,0,22,SURPLUS,0.0,0.0,Low
2026-07-31,B005,P007,16,17,22,4,0,2,SURPLUS,0.0,0.0,Low
2026-07-31,B005,P008,17,17,19,4,2,0,SHORTAGE,2.0,80280.2,Medium
2026-07-31,B005,P009,57,50,96,13,0,26,SURPLUS,0.0,0.0,Low
2026-07-31,B005,P010,29,27,39,8,0,2,SURPLUS,0.0,0.0,Low
2026-07-31,B006,P001,32,31,34,7,5,0,SHORTAGE,5.0,170048.30000000002,Medium
2026-07-31,B006,P002,17,16,32,4,0,11,SURPLUS,0.0,0.0,Low
2026-07-31,B006,P003,15,18,14,4,5,0,SHORTAGE,5.0,119015.8,High
2026-07-31,B006,P004,13,12,15,4,2,0,SHORTAGE,2.0,17969.66,Medium
2026-07-31,B006,P005,30,25,26,6,10,0,SHORTAGE,10.0,493355.4,High
2026-07-31,B006,P006,47,49,26,11,32,0,SHORTAGE,32.0,550412.48,Critical
2026-07-31,B006,P007,12,12,23,3,0,8,SURPLUS,0.0,0.0,Low
2026-07-31,B006,P008,17,16,35,5,0,13,SURPLUS,0.0,0.0,Low
2026-07-31,B006,P009,44,48,43,13,14,0,SHORTAGE,14.0,48738.200000000004,High
2026-07-31,B006,P010,30,26,27,7,10,0,SHORTAGE,10.0,162560.1,High
2026-07-31,B007,P001,31,32,14,8,25,0,SHORTAGE,25.0,739109.5,Critical
2026-07-31,B007,P002,23,23,35,6,0,6,SURPLUS,0.0,0.0,Low
2026-07-31,B007,P003,15,15,24,3,0,6,SURPLUS,0.0,0.0,Low
2026-07-31,B007,P004,12,14,14,3,1,0,SHORTAGE,1.0,8641.51,Medium
2026-07-31,B007,P005,14,16,17,3,0,0,BALANCED,0.0,0.0,Low
2026-07-31,B007,P006,43,44,56,12,0,1,SURPLUS,0.0,0.0,Low
2026-07-31,B007,P007,14,15,25,4,0,7,SURPLUS,0.0,0.0,Low
2026-07-31,B007,P008,9,9,16,3,0,4,SURPLUS,0.0,0.0,Low
2026-07-31,B007,P009,49,42,66,12,0,5,SURPLUS,0.0,0.0,Low
2026-07-31,B007,P010,16,16,13,4,7,0,SHORTAGE,7.0,119142.59,High
2026-07-31,B008,P001,37,36,50,10,0,3,SURPLUS,0.0,0.0,Low
2026-07-31,B008,P002,18,21,17,4,5,0,SHORTAGE,5.0,140156.65000000002,High
2026-07-31,B008,P003,22,23,11,6,17,0,SHORTAGE,17.0,388156.75,Critical
2026-07-31,B008,P004,15,13,25,3,0,7,SURPLUS,0.0,0.0,Low
2026-07-31,B008,P005,31,28,59,8,0,20,SURPLUS,0.0,0.0,Low
2026-07-31,B008,P006,42,41,70,13,0,15,SURPLUS,0.0,0.0,Low
2026-07-31,B008,P007,8,8,13,3,0,2,SURPLUS,0.0,0.0,Low
2026-07-31,B008,P008,13,14,14,3,2,0,SHORTAGE,2.0,87488.42,Medium
2026-07-31,B008,P009,33,32,22,10,21,0,SHORTAGE,21.0,76041.84,Critical
2026-07-31,B008,P010,20,18,37,6,0,11,SURPLUS,0.0,0.0,Low
2026-08-01,B001,P001,93,82,62,28,59,0,SHORTAGE,59.0,1815690.7799999998,Critical
2026-08-01,B001,P002,33,33,24,10,19,0,SHORTAGE,19.0,568165.36,Critical
2026-08-01,B001,P003,36,36,43,11,4,0,SHORTAGE,4.0,88553.72,Medium
2026-08-01,B001,P004,28,27,24,9,13,0,SHORTAGE,13.0,112724.95,Critical
2026-08-01,B001,P005,47,47,32,10,25,0,SHORTAGE,25.0,1165606.0,Critical
2026-08-01,B001,P006,88,90,170,21,0,61,SURPLUS,0.0,0.0,Low
2026-08-01,B001,P007,25,23,41,5,0,11,SURPLUS,0.0,0.0,Low
2026-08-01,B001,P008,28,32,33,9,4,0,SHORTAGE,4.0,159238.92,Medium
2026-08-01,B001,P009,79,84,77,25,27,0,SHORTAGE,27.0,92361.6,High
2026-08-01,B001,P010,37,35,34,12,15,0,SHORTAGE,15.0,235334.4,High
2026-08-01,B002,P001,54,59,69,14,0,1,SURPLUS,0.0,0.0,Low
2026-08-01,B002,P002,29,26,45,8,0,8,SURPLUS,0.0,0.0,Low
2026-08-01,B002,P003,31,30,16,6,21,0,SHORTAGE,21.0,513988.23000000004,Critical
2026-08-01,B002,P004,15,17,21,4,0,2,SURPLUS,0.0,0.0,Low
2026-08-01,B002,P005,38,38,75,10,0,27,SURPLUS,0.0,0.0,Low
2026-08-01,B002,P006,97,89,122,33,8,0,SHORTAGE,8.0,151086.08,Medium
2026-08-01,B002,P007,18,19,31,6,0,7,SURPLUS,0.0,0.0,Low
2026-08-01,B002,P008,22,21,28,4,0,2,SURPLUS,0.0,0.0,Low
2026-08-01,B002,P009,54,60,38,11,27,0,SHORTAGE,27.0,100541.79,Critical
2026-08-01,B002,P010,30,31,61,6,0,25,SURPLUS,0.0,0.0,Low
2026-08-01,B003,P001,38,36,18,8,28,0,SHORTAGE,28.0,936921.4400000001,Critical
2026-08-01,B003,P002,21,25,31,4,0,6,SURPLUS,0.0,0.0,Low
2026-08-01,B003,P003,30,28,16,7,21,0,SHORTAGE,21.0,479462.34,Critical
2026-08-01,B003,P004,20,22,34,6,0,8,SURPLUS,0.0,0.0,Low
2026-08-01,B003,P005,32,33,49,10,0,7,SURPLUS,0.0,0.0,Low
2026-08-01,B003,P006,78,83,59,22,41,0,SHORTAGE,41.0,783049.5700000001,Critical
2026-08-01,B003,P007,21,20,18,5,8,0,SHORTAGE,8.0,94661.52,High
2026-08-01,B003,P008,21,21,19,6,8,0,SHORTAGE,8.0,309965.12,High
2026-08-01,B003,P009,71,52,111,21,0,19,SURPLUS,0.0,0.0,Low
2026-08-01,B003,P010,29,28,56,9,0,18,SURPLUS,0.0,0.0,Low
2026-08-01,B004,P001,49,55,89,10,0,30,SURPLUS,0.0,0.0,Low
2026-08-01,B004,P002,17,18,33,5,0,11,SURPLUS,0.0,0.0,Low
2026-08-01,B004,P003,21,22,39,6,0,12,SURPLUS,0.0,0.0,Low
2026-08-01,B004,P004,24,20,46,7,0,15,SURPLUS,0.0,0.0,Low
2026-08-01,B004,P005,30,30,32,6,4,0,SHORTAGE,4.0,186522.12,Medium
2026-08-01,B004,P006,77,73,106,16,0,13,SURPLUS,0.0,0.0,Low
2026-08-01,B004,P007,15,17,12,3,6,0,SHORTAGE,6.0,69103.38,High
2026-08-01,B004,P008,19,21,24,4,0,1,SURPLUS,0.0,0.0,Low
2026-08-01,B004,P009,45,49,81,9,0,27,SURPLUS,0.0,0.0,Low
2026-08-01,B004,P010,18,20,16,5,7,0,SHORTAGE,7.0,112564.55,High
2026-08-01,B005,P001,50,52,82,14,0,18,SURPLUS,0.0,0.0,Low
2026-08-01,B005,P002,24,22,44,6,0,14,SURPLUS,0.0,0.0,Low
2026-08-01,B005,P003,31,27,25,7,13,0,SHORTAGE,13.0,304284.5,High
2026-08-01,B005,P004,17,16,21,3,0,1,SURPLUS,0.0,0.0,Low
2026-08-01,B005,P005,42,40,44,12,10,0,SHORTAGE,10.0,482727.8,High
2026-08-01,B005,P006,51,53,89,16,0,22,SURPLUS,0.0,0.0,Low
2026-08-01,B005,P007,13,14,24,4,0,7,SURPLUS,0.0,0.0,Low
2026-08-01,B005,P008,16,16,29,3,0,10,SURPLUS,0.0,0.0,Low
2026-08-01,B005,P009,66,71,126,13,0,47,SURPLUS,0.0,0.0,Low
2026-08-01,B005,P010,34,33,59,10,0,15,SURPLUS,0.0,0.0,Low
2026-08-01,B006,P001,33,38,48,10,0,5,SURPLUS,0.0,0.0,Low
2026-08-01,B006,P002,19,20,23,5,1,0,SHORTAGE,1.0,29372.63,Medium
2026-08-01,B006,P003,22,23,23,7,6,0,SHORTAGE,6.0,150244.02,High
2026-08-01,B006,P004,13,12,18,3,0,2,SURPLUS,0.0,0.0,Low
2026-08-01,B006,P005,32,35,43,6,0,5,SURPLUS,0.0,0.0,Low
2026-08-01,B006,P006,63,61,74,15,4,0,SHORTAGE,4.0,70349.96,Medium
2026-08-01,B006,P007,18,17,35,3,0,14,SURPLUS,0.0,0.0,Low
2026-08-01,B006,P008,13,13,13,3,3,0,SHORTAGE,3.0,124770.26999999999,High
2026-08-01,B006,P009,63,59,114,15,0,36,SURPLUS,0.0,0.0,Low
2026-08-01,B006,P010,21,21,42,7,0,14,SURPLUS,0.0,0.0,Low
2026-08-01,B007,P001,35,36,45,11,1,0,SHORTAGE,1.0,30825.97,Medium
2026-08-01,B007,P002,15,16,10,4,9,0,SHORTAGE,9.0,239533.11000000002,Critical
2026-08-01,B007,P003,14,16,12,4,6,0,SHORTAGE,6.0,144271.74,High
2026-08-01,B007,P004,13,14,11,3,5,0,SHORTAGE,5.0,44662.85,High
2026-08-01,B007,P005,35,34,58,8,0,15,SURPLUS,0.0,0.0,Low
2026-08-01,B007,P006,57,61,61,18,14,0,SHORTAGE,14.0,247906.96,High
2026-08-01,B007,P007,11,11,19,3,0,5,SURPLUS,0.0,0.0,Low
2026-08-01,B007,P008,15,17,14,3,4,0,SHORTAGE,4.0,172213.68,High
2026-08-01,B007,P009,56,46,54,16,18,0,SHORTAGE,18.0,66942.36,High
2026-08-01,B007,P010,15,18,11,5,9,0,SHORTAGE,9.0,142010.01,Critical
2026-08-01,B008,P001,34,42,45,11,0,0,BALANCED,0.0,0.0,Low
2026-08-01,B008,P002,25,21,22,6,9,0,SHORTAGE,9.0,240459.93,High
2026-08-01,B008,P003,26,26,52,8,0,18,SURPLUS,0.0,0.0,Low
2026-08-01,B008,P004,18,16,31,4,0,9,SURPLUS,0.0,0.0,Low
2026-08-01,B008,P005,29,30,36,9,2,0,SHORTAGE,2.0,90099.74,Medium
2026-08-01,B008,P006,67,69,84,20,3,0,SHORTAGE,3.0,56513.009999999995,Medium
2026-08-01,B008,P007,17,16,19,5,3,0,SHORTAGE,3.0,37641.57,Medium
2026-08-01,B008,P008,21,20,34,4,0,9,SURPLUS,0.0,0.0,Low
2026-08-01,B008,P009,46,46,55,12,3,0,SHORTAGE,3.0,9971.16,Medium
2026-08-01,B008,P010,19,17,35,4,0,12,SURPLUS,0.0,0.0,Low
2026-08-02,B001,P001,66,63,119,16,0,37,SURPLUS,0.0,0.0,Low
2026-08-02,B001,P002,30,29,29,8,9,0,SHORTAGE,9.0,246148.92,High
2026-08-02,B001,P003,25,28,12,7,20,0,SHORTAGE,20.0,499161.2,Critical
2026-08-02,B001,P004,20,23,13,5,12,0,SHORTAGE,12.0,99989.63999999998,Critical
2026-08-02,B001,P005,47,38,69,9,0,13,SURPLUS,0.0,0.0,Low
2026-08-02,B001,P006,83,74,131,18,0,30,SURPLUS,0.0,0.0,Low
2026-08-02,B001,P007,16,18,23,3,0,4,SURPLUS,0.0,0.0,Low
2026-08-02,B001,P008,23,23,31,6,0,2,SURPLUS,0.0,0.0,Low
2026-08-02,B001,P009,56,58,102,14,0,32,SURPLUS,0.0,0.0,Low
2026-08-02,B001,P010,36,34,25,11,22,0,SHORTAGE,22.0,362398.74,Critical
2026-08-02,B002,P001,56,55,110,19,0,35,SURPLUS,0.0,0.0,Low
2026-08-02,B002,P002,19,20,24,4,0,1,SURPLUS,0.0,0.0,Low
2026-08-02,B002,P003,27,25,24,7,10,0,SHORTAGE,10.0,237594.7,High
2026-08-02,B002,P004,15,16,28,4,0,9,SURPLUS,0.0,0.0,Low
2026-08-02,B002,P005,40,38,36,11,15,0,SHORTAGE,15.0,702851.1,High
2026-08-02,B002,P006,61,65,41,19,39,0,SHORTAGE,39.0,727825.4099999999,Critical
2026-08-02,B002,P007,23,21,21,5,7,0,SHORTAGE,7.0,79142.77,High
2026-08-02,B002,P008,23,22,17,7,13,0,SHORTAGE,13.0,518463.14,Critical
2026-08-02,B002,P009,70,73,49,17,38,0,SHORTAGE,38.0,128470.40000000001,Critical
2026-08-02,B002,P010,27,27,29,6,4,0,SHORTAGE,4.0,64747.0,Medium
2026-08-02,B003,P001,61,67,75,14,0,0,BALANCED,0.0,0.0,Low
2026-08-02,B003,P002,21,23,44,6,0,17,SURPLUS,0.0,0.0,Low
2026-08-02,B003,P003,26,25,30,6,2,0,SHORTAGE,2.0,51697.24,Medium
2026-08-02,B003,P004,15,16,17,4,2,0,SHORTAGE,2.0,17457.9,Medium
2026-08-02,B003,P005,28,30,31,8,5,0,SHORTAGE,5.0,257573.25,Medium
2026-08-02,B003,P006,61,75,47,17,31,0,SHORTAGE,31.0,537482.96,Critical
2026-08-02,B003,P007,9,10,9,3,3,0,SHORTAGE,3.0,34347.600000000006,High
2026-08-02,B003,P008,22,20,39,6,0,11,SURPLUS,0.0,0.0,Low
2026-08-02,B003,P009,36,44,53,12,0,5,SURPLUS,0.0,0.0,Low
2026-08-02,B003,P010,20,22,23,4,1,0,SHORTAGE,1.0,15621.42,Medium
2026-08-02,B004,P001,40,36,76,9,0,27,SURPLUS,0.0,0.0,Low
2026-08-02,B004,P002,16,16,32,4,0,12,SURPLUS,0.0,0.0,Low
2026-08-02,B004,P003,21,21,16,7,12,0,SHORTAGE,12.0,296704.19999999995,Critical
2026-08-02,B004,P004,14,15,8,4,10,0,SHORTAGE,10.0,85256.7,Critical
2026-08-02,B004,P005,31,33,61,9,0,21,SURPLUS,0.0,0.0,Low
2026-08-02,B004,P006,44,45,78,13,0,21,SURPLUS,0.0,0.0,Low
2026-08-02,B004,P007,17,17,23,4,0,2,SURPLUS,0.0,0.0,Low
2026-08-02,B004,P008,15,15,21,4,0,2,SURPLUS,0.0,0.0,Low
2026-08-02,B004,P009,66,64,133,16,0,51,SURPLUS,0.0,0.0,Low
2026-08-02,B004,P010,24,25,27,6,3,0,SHORTAGE,3.0,46634.31,Medium
2026-08-02,B005,P001,54,48,109,11,0,44,SURPLUS,0.0,0.0,Low
2026-08-02,B005,P002,19,20,29,6,0,4,SURPLUS,0.0,0.0,Low
2026-08-02,B005,P003,18,22,31,4,0,9,SURPLUS,0.0,0.0,Low
2026-08-02,B005,P004,21,19,22,4,3,0,SHORTAGE,3.0,28245.72,Medium
2026-08-02,B005,P005,38,33,53,7,0,8,SURPLUS,0.0,0.0,Low
2026-08-02,B005,P006,64,69,65,16,15,0,SHORTAGE,15.0,251363.85,High
2026-08-02,B005,P007,15,15,23,3,0,5,SURPLUS,0.0,0.0,Low
2026-08-02,B005,P008,16,16,27,4,0,7,SURPLUS,0.0,0.0,Low
2026-08-02,B005,P009,65,62,124,21,0,38,SURPLUS,0.0,0.0,Low
2026-08-02,B005,P010,22,25,18,6,10,0,SHORTAGE,10.0,160888.5,Critical
2026-08-02,B006,P001,49,43,87,11,0,27,SURPLUS,0.0,0.0,Low
2026-08-02,B006,P002,11,13,11,3,3,0,SHORTAGE,3.0,89564.13,High
2026-08-02,B006,P003,26,24,15,5,16,0,SHORTAGE,16.0,357907.68,Critical
2026-08-02,B006,P004,14,14,21,4,0,3,SURPLUS,0.0,0.0,Low
2026-08-02,B006,P005,22,23,44,5,0,17,SURPLUS,0.0,0.0,Low
2026-08-02,B006,P006,55,60,61,12,6,0,SHORTAGE,6.0,100885.79999999999,Medium
2026-08-02,B006,P007,13,13,13,4,4,0,SHORTAGE,4.0,48973.84,High
2026-08-02,B006,P008,13,12,21,3,0,5,SURPLUS,0.0,0.0,Low
2026-08-02,B006,P009,40,39,81,12,0,29,SURPLUS,0.0,0.0,Low
2026-08-02,B006,P010,23,26,28,6,1,0,SHORTAGE,1.0,15035.89,Medium
2026-08-02,B007,P001,36,33,40,9,5,0,SHORTAGE,5.0,167397.35,Medium
2026-08-02,B007,P002,16,19,15,5,6,0,SHORTAGE,6.0,158853.0,High
2026-08-02,B007,P003,18,21,11,5,12,0,SHORTAGE,12.0,297822.83999999997,Critical
2026-08-02,B007,P004,15,16,16,3,2,0,SHORTAGE,2.0,18855.76,Medium
2026-08-02,B007,P005,19,20,13,5,11,0,SHORTAGE,11.0,545484.72,Critical
2026-08-02,B007,P006,32,35,50,7,0,11,SURPLUS,0.0,0.0,Low
2026-08-02,B007,P007,11,13,17,3,0,3,SURPLUS,0.0,0.0,Low
2026-08-02,B007,P008,11,12,19,3,0,5,SURPLUS,0.0,0.0,Low
2026-08-02,B007,P009,31,28,43,7,0,5,SURPLUS,0.0,0.0,Low
2026-08-02,B007,P010,29,27,15,8,22,0,SHORTAGE,22.0,359201.26,Critical
2026-08-02,B008,P001,40,37,50,13,3,0,SHORTAGE,3.0,101683.56,Medium
2026-08-02,B008,P002,15,15,9,4,10,0,SHORTAGE,10.0,292324.8,Critical
2026-08-02,B008,P003,27,28,18,8,17,0,SHORTAGE,17.0,379671.37,Critical
2026-08-02,B008,P004,17,20,16,4,5,0,SHORTAGE,5.0,42937.600000000006,High
2026-08-02,B008,P005,24,26,21,7,10,0,SHORTAGE,10.0,459596.69999999995,High
2026-08-02,B008,P006,51,51,44,13,20,0,SHORTAGE,20.0,341295.4,High
2026-08-02,B008,P007,18,19,13,5,10,0,SHORTAGE,10.0,113555.3,Critical
2026-08-02,B008,P008,14,16,22,3,0,5,SURPLUS,0.0,0.0,Low
2026-08-02,B008,P009,49,47,43,14,20,0,SHORTAGE,20.0,72241.40000000001,High
2026-08-02,B008,P010,20,23,18,5,7,0,SHORTAGE,7.0,109911.13,High
2026-08-03,B001,P001,52,52,70,17,0,1,SURPLUS,0.0,0.0,Low
2026-08-03,B001,P002,29,29,55,7,0,19,SURPLUS,0.0,0.0,Low
2026-08-03,B001,P003,24,26,30,5,0,1,SURPLUS,0.0,0.0,Low
2026-08-03,B001,P004,27,24,23,9,13,0,SHORTAGE,13.0,108701.71,Critical
2026-08-03,B001,P005,41,42,53,13,1,0,SHORTAGE,1.0,49532.9,Medium
2026-08-03,B001,P006,92,88,120,19,0,9,SURPLUS,0.0,0.0,Low
2026-08-03,B001,P007,21,22,37,7,0,9,SURPLUS,0.0,0.0,Low
2026-08-03,B001,P008,29,26,21,6,14,0,SHORTAGE,14.0,565960.64,Critical
2026-08-03,B001,P009,79,74,50,24,53,0,SHORTAGE,53.0,179715.58000000002,Critical
2026-08-03,B001,P010,41,39,53,12,0,0,BALANCED,0.0,0.0,Low
2026-08-03,B002,P001,47,48,76,10,0,19,SURPLUS,0.0,0.0,Low
2026-08-03,B002,P002,22,23,14,7,15,0,SHORTAGE,15.0,428661.0,Critical
2026-08-03,B002,P003,28,30,42,5,0,9,SURPLUS,0.0,0.0,Low
2026-08-03,B002,P004,16,16,12,4,8,0,SHORTAGE,8.0,66265.92,Critical
2026-08-03,B002,P005,29,31,38,8,0,1,SURPLUS,0.0,0.0,Low
2026-08-03,B002,P006,75,76,68,15,22,0,SHORTAGE,22.0,385623.26,High
2026-08-03,B002,P007,16,15,17,3,2,0,SHORTAGE,2.0,24014.38,Medium
2026-08-03,B002,P008,19,20,17,3,5,0,SHORTAGE,5.0,194678.69999999998,High
2026-08-03,B002,P009,64,57,128,21,0,43,SURPLUS,0.0,0.0,Low
2026-08-03,B002,P010,28,27,59,7,0,24,SURPLUS,0.0,0.0,Low
2026-08-03,B003,P001,57,49,114,19,0,38,SURPLUS,0.0,0.0,Low
2026-08-03,B003,P002,17,18,6,5,16,0,SHORTAGE,16.0,432428.48,Critical
2026-08-03,B003,P003,17,17,21,5,1,0,SHORTAGE,1.0,24537.0,Medium
2026-08-03,B003,P004,19,19,17,4,6,0,SHORTAGE,6.0,54561.84,High
2026-08-03,B003,P005,31,28,54,6,0,17,SURPLUS,0.0,0.0,Low
2026-08-03,B003,P006,67,68,128,20,0,41,SURPLUS,0.0,0.0,Low
2026-08-03,B003,P007,14,15,12,4,6,0,SHORTAGE,6.0,76876.31999999999,High
2026-08-03,B003,P008,17,18,28,4,0,7,SURPLUS,0.0,0.0,Low
2026-08-03,B003,P009,39,38,26,12,25,0,SHORTAGE,25.0,92160.0,Critical
2026-08-03,B003,P010,28,28,36,6,0,2,SURPLUS,0.0,0.0,Low
2026-08-03,B004,P001,29,28,55,10,0,16,SURPLUS,0.0,0.0,Low
2026-08-03,B004,P002,17,19,27,5,0,5,SURPLUS,0.0,0.0,Low
2026-08-03,B004,P003,18,20,15,5,8,0,SHORTAGE,8.0,181561.52,High
2026-08-03,B004,P004,16,15,31,5,0,10,SURPLUS,0.0,0.0,Low
2026-08-03,B004,P005,27,25,36,6,0,3,SURPLUS,0.0,0.0,Low
2026-08-03,B004,P006,46,56,46,10,10,0,SHORTAGE,10.0,172992.59999999998,High
2026-08-03,B004,P007,13,14,21,3,0,5,SURPLUS,0.0,0.0,Low
2026-08-03,B004,P008,14,14,26,3,0,9,SURPLUS,0.0,0.0,Low
2026-08-03,B004,P009,44,46,56,15,3,0,SHORTAGE,3.0,10091.25,Medium
2026-08-03,B004,P010,19,19,15,6,10,0,SHORTAGE,10.0,171188.9,Critical
2026-08-03,B005,P001,41,40,31,12,22,0,SHORTAGE,22.0,729441.46,Critical
2026-08-03,B005,P002,17,16,31,4,0,10,SURPLUS,0.0,0.0,Low
2026-08-03,B005,P003,21,21,40,4,0,15,SURPLUS,0.0,0.0,Low
2026-08-03,B005,P004,18,19,16,4,6,0,SHORTAGE,6.0,57310.68000000001,High
2026-08-03,B005,P005,26,27,52,5,0,21,SURPLUS,0.0,0.0,Low
2026-08-03,B005,P006,58,59,50,16,24,0,SHORTAGE,24.0,452622.0,High
2026-08-03,B005,P007,13,14,8,4,9,0,SHORTAGE,9.0,100034.91,Critical
2026-08-03,B005,P008,17,17,25,3,0,5,SURPLUS,0.0,0.0,Low
2026-08-03,B005,P009,57,54,84,16,0,11,SURPLUS,0.0,0.0,Low
2026-08-03,B005,P010,28,28,43,5,0,10,SURPLUS,0.0,0.0,Low
2026-08-03,B006,P001,57,50,60,13,10,0,SHORTAGE,10.0,295383.6,Medium
2026-08-03,B006,P002,19,19,23,4,0,0,BALANCED,0.0,0.0,Low
2026-08-03,B006,P003,20,19,25,4,0,1,SURPLUS,0.0,0.0,Low
2026-08-03,B006,P004,12,12,19,3,0,4,SURPLUS,0.0,0.0,Low
2026-08-03,B006,P005,30,28,17,6,19,0,SHORTAGE,19.0,957907.42,Critical
2026-08-03,B006,P006,46,55,21,15,40,0,SHORTAGE,40.0,686407.2,Critical
2026-08-03,B006,P007,12,12,13,3,2,0,SHORTAGE,2.0,25331.58,Medium
2026-08-03,B006,P008,12,13,19,3,0,4,SURPLUS,0.0,0.0,Low
2026-08-03,B006,P009,54,50,45,11,20,0,SHORTAGE,20.0,66173.0,High
2026-08-03,B006,P010,20,21,41,6,0,15,SURPLUS,0.0,0.0,Low
2026-08-03,B007,P001,37,37,51,7,0,7,SURPLUS,0.0,0.0,Low
2026-08-03,B007,P002,12,12,22,3,0,7,SURPLUS,0.0,0.0,Low
2026-08-03,B007,P003,15,14,19,3,0,1,SURPLUS,0.0,0.0,Low
2026-08-03,B007,P004,10,11,10,3,3,0,SHORTAGE,3.0,26044.409999999996,High
2026-08-03,B007,P005,20,22,37,4,0,13,SURPLUS,0.0,0.0,Low
2026-08-03,B007,P006,48,44,40,12,20,0,SHORTAGE,20.0,374698.6,High
2026-08-03,B007,P007,14,15,26,4,0,8,SURPLUS,0.0,0.0,Low
2026-08-03,B007,P008,13,13,17,3,0,1,SURPLUS,0.0,0.0,Low
2026-08-03,B007,P009,39,49,45,10,4,0,SHORTAGE,4.0,13775.96,Medium
2026-08-03,B007,P010,25,26,30,5,0,0,BALANCED,0.0,0.0,Low
2026-08-03,B008,P001,44,42,39,11,16,0,SHORTAGE,16.0,479636.16,High
2026-08-03,B008,P002,16,17,27,5,0,6,SURPLUS,0.0,0.0,Low
2026-08-03,B008,P003,18,19,21,3,0,0,BALANCED,0.0,0.0,Low
2026-08-03,B008,P004,12,13,20,3,0,5,SURPLUS,0.0,0.0,Low
2026-08-03,B008,P005,28,25,29,7,6,0,SHORTAGE,6.0,285646.74,High
2026-08-03,B008,P006,55,55,97,17,0,25,SURPLUS,0.0,0.0,Low
2026-08-03,B008,P007,17,15,21,4,0,0,BALANCED,0.0,0.0,Low
2026-08-03,B008,P008,15,14,13,4,6,0,SHORTAGE,6.0,255536.82,High
2026-08-03,B008,P009,52,59,54,13,11,0,SHORTAGE,11.0,36058.55,High
2026-08-03,B008,P010,24,22,26,7,5,0,SHORTAGE,5.0,78783.90000000001,High
2026-08-04,B001,P001,61,65,126,21,0,44,SURPLUS,0.0,0.0,Low
2026-08-04,B001,P002,22,26,44,5,0,17,SURPLUS,0.0,0.0,Low
2026-08-04,B001,P003,23,26,38,8,0,7,SURPLUS,0.0,0.0,Low
2026-08-04,B001,P004,22,21,39,5,0,12,SURPLUS,0.0,0.0,Low
2026-08-04,B001,P005,48,51,58,10,0,0,BALANCED,0.0,0.0,Low
2026-08-04,B001,P006,90,98,71,21,40,0,SHORTAGE,40.0,732024.0,High
2026-08-04,B001,P007,22,21,29,7,0,0,BALANCED,0.0,0.0,Low
2026-08-04,B001,P008,29,27,30,9,8,0,SHORTAGE,8.0,360617.6,High
2026-08-04,B001,P009,98,88,145,33,0,14,SURPLUS,0.0,0.0,Low
2026-08-04,B001,P010,30,31,18,8,20,0,SHORTAGE,20.0,312714.0,Critical
2026-08-04,B002,P001,50,49,38,10,22,0,SHORTAGE,22.0,671947.54,High
2026-08-04,B002,P002,18,21,14,6,10,0,SHORTAGE,10.0,282322.2,Critical
2026-08-04,B002,P003,20,19,11,6,15,0,SHORTAGE,15.0,373322.4,Critical
2026-08-04,B002,P004,20,18,34,6,0,8,SURPLUS,0.0,0.0,Low
2026-08-04,B002,P005,33,33,44,11,0,0,BALANCED,0.0,0.0,Low
2026-08-04,B002,P006,72,67,77,24,19,0,SHORTAGE,19.0,348318.83,High
2026-08-04,B002,P007,16,15,8,4,12,0,SHORTAGE,12.0,146772.59999999998,Critical
2026-08-04,B002,P008,18,18,25,4,0,3,SURPLUS,0.0,0.0,Low
2026-08-04,B002,P009,70,64,40,24,54,0,SHORTAGE,54.0,192944.16,Critical
2026-08-04,B002,P010,41,37,17,9,33,0,SHORTAGE,33.0,496486.32,Critical
2026-08-04,B003,P001,55,53,39,12,28,0,SHORTAGE,28.0,851716.88,Critical
2026-08-04,B003,P002,28,29,34,6,0,0,BALANCED,0.0,0.0,Low
2026-08-04,B003,P003,29,26,31,7,5,0,SHORTAGE,5.0,119196.25,Medium
2026-08-04,B003,P004,15,13,14,4,5,0,SHORTAGE,5.0,47036.899999999994,High
2026-08-04,B003,P005,34,29,67,10,0,23,SURPLUS,0.0,0.0,Low
2026-08-04,B003,P006,58,60,100,17,0,25,SURPLUS,0.0,0.0,Low
2026-08-04,B003,P007,17,18,18,4,3,0,SHORTAGE,3.0,33677.64,Medium
2026-08-04,B003,P008,11,11,21,3,0,7,SURPLUS,0.0,0.0,Low
2026-08-04,B003,P009,53,51,43,14,24,0,SHORTAGE,24.0,87026.64,Critical
2026-08-04,B003,P010,28,29,29,8,7,0,SHORTAGE,7.0,107123.87,High
2026-08-04,B004,P001,35,40,47,11,0,1,SURPLUS,0.0,0.0,Low
2026-08-04,B004,P002,10,11,6,3,7,0,SHORTAGE,7.0,202967.66,Critical
2026-08-04,B004,P003,21,22,9,4,16,0,SHORTAGE,16.0,378746.72,Critical
2026-08-04,B004,P004,17,16,7,5,15,0,SHORTAGE,15.0,131770.5,Critical
2026-08-04,B004,P005,27,23,32,9,4,0,SHORTAGE,4.0,200886.16,Medium
2026-08-04,B004,P006,55,54,104,14,0,35,SURPLUS,0.0,0.0,Low
2026-08-04,B004,P007,14,15,15,3,2,0,SHORTAGE,2.0,24588.04,Medium
2026-08-04,B004,P008,20,18,19,6,7,0,SHORTAGE,7.0,313509.20999999996,High
2026-08-04,B004,P009,46,46,91,14,0,31,SURPLUS,0.0,0.0,Low
2026-08-04,B004,P010,19,19,20,4,3,0,SHORTAGE,3.0,45173.159999999996,Medium
2026-08-04,B005,P001,27,30,25,6,8,0,SHORTAGE,8.0,261751.04,High
2026-08-04,B005,P002,24,22,18,6,12,0,SHORTAGE,12.0,346963.92,Critical
2026-08-04,B005,P003,27,26,43,7,0,9,SURPLUS,0.0,0.0,Low
2026-08-04,B005,P004,12,13,14,3,1,0,SHORTAGE,1.0,9178.94,Medium
2026-08-04,B005,P005,40,45,76,9,0,27,SURPLUS,0.0,0.0,Low
2026-08-04,B005,P006,73,72,66,14,21,0,SHORTAGE,21.0,377094.48000000004,High
2026-08-04,B005,P007,8,9,14,3,0,3,SURPLUS,0.0,0.0,Low
2026-08-04,B005,P008,18,16,11,4,11,0,SHORTAGE,11.0,442038.41,Critical
2026-08-04,B005,P009,42,45,37,12,17,0,SHORTAGE,17.0,55939.18,High
2026-08-04,B005,P010,16,20,18,5,3,0,SHORTAGE,3.0,50145.09,Medium
2026-08-04,B006,P001,46,44,30,15,31,0,SHORTAGE,31.0,1062965.2,Critical
2026-08-04,B006,P002,13,14,13,3,3,0,SHORTAGE,3.0,89349.39,High
2026-08-04,B006,P003,15,15,18,3,0,0,BALANCED,0.0,0.0,Low
2026-08-04,B006,P004,12,13,11,3,4,0,SHORTAGE,4.0,37538.92,High
2026-08-04,B006,P005,33,31,47,7,0,7,SURPLUS,0.0,0.0,Low
2026-08-04,B006,P006,32,34,46,11,0,3,SURPLUS,0.0,0.0,Low
2026-08-04,B006,P007,12,13,15,3,0,0,BALANCED,0.0,0.0,Low
2026-08-04,B006,P008,16,17,27,5,0,6,SURPLUS,0.0,0.0,Low
2026-08-04,B006,P009,29,28,45,10,0,6,SURPLUS,0.0,0.0,Low
2026-08-04,B006,P010,26,27,47,7,0,14,SURPLUS,0.0,0.0,Low
2026-08-04,B007,P001,29,29,23,6,12,0,SHORTAGE,12.0,365802.6,High
2026-08-04,B007,P002,15,15,17,3,1,0,SHORTAGE,1.0,26829.04,Medium
2026-08-04,B007,P003,16,14,14,4,6,0,SHORTAGE,6.0,137900.58000000002,High
2026-08-04,B007,P004,16,17,15,3,4,0,SHORTAGE,4.0,37249.68,High
2026-08-04,B007,P005,38,33,55,11,0,6,SURPLUS,0.0,0.0,Low
2026-08-04,B007,P006,57,57,52,15,20,0,SHORTAGE,20.0,369791.8,High
2026-08-04,B007,P007,12,11,13,3,2,0,SHORTAGE,2.0,22168.12,Medium
2026-08-04,B007,P008,14,15,8,4,10,0,SHORTAGE,10.0,427971.4,Critical
2026-08-04,B007,P009,31,31,34,10,7,0,SHORTAGE,7.0,26148.850000000002,High
2026-08-04,B007,P010,22,24,26,4,0,0,BALANCED,0.0,0.0,Low
2026-08-04,B008,P001,45,42,71,14,0,12,SURPLUS,0.0,0.0,Low
2026-08-04,B008,P002,18,17,21,4,1,0,SHORTAGE,1.0,29333.34,Medium
2026-08-04,B008,P003,15,15,13,4,6,0,SHORTAGE,6.0,154973.28,High
2026-08-04,B008,P004,12,13,21,3,0,6,SURPLUS,0.0,0.0,Low
2026-08-04,B008,P005,24,24,45,6,0,15,SURPLUS,0.0,0.0,Low
2026-08-04,B008,P006,71,74,70,23,24,0,SHORTAGE,24.0,412267.68,High
2026-08-04,B008,P007,12,12,7,3,8,0,SHORTAGE,8.0,95994.88,Critical
2026-08-04,B008,P008,9,10,10,3,2,0,SHORTAGE,2.0,85178.8,High
2026-08-04,B008,P009,51,47,50,13,14,0,SHORTAGE,14.0,46924.78,High
2026-08-04,B008,P010,25,28,46,5,0,16,SURPLUS,0.0,0.0,Low
2026-08-05,B001,P001,75,67,153,18,0,60,SURPLUS,0.0,0.0,Low
2026-08-05,B001,P002,27,30,22,5,10,0,SHORTAGE,10.0,271288.7,High
2026-08-05,B001,P003,38,33,71,11,0,22,SURPLUS,0.0,0.0,Low
2026-08-05,B001,P004,26,25,14,7,19,0,SHORTAGE,19.0,176878.21999999997,Critical
2026-08-05,B001,P005,54,48,91,18,0,19,SURPLUS,0.0,0.0,Low
2026-08-05,B001,P006,75,70,146,22,0,49,SURPLUS,0.0,0.0,Low
2026-08-05,B001,P007,16,19,12,3,7,0,SHORTAGE,7.0,85620.22,High
2026-08-05,B001,P008,25,22,27,5,3,0,SHORTAGE,3.0,123114.20999999999,Medium
2026-08-05,B001,P009,74,77,113,17,0,22,SURPLUS,0.0,0.0,Low
2026-08-05,B001,P010,35,36,51,7,0,9,SURPLUS,0.0,0.0,Low
2026-08-05,B002,P001,71,63,81,22,12,0,SHORTAGE,12.0,353949.36,Medium
2026-08-05,B002,P002,28,28,28,9,9,0,SHORTAGE,9.0,243137.07,High
2026-08-05,B002,P003,22,20,24,5,3,0,SHORTAGE,3.0,75617.97,Medium
2026-08-05,B002,P004,19,18,21,5,3,0,SHORTAGE,3.0,27980.370000000003,Medium
2026-08-05,B002,P005,41,36,21,12,32,0,SHORTAGE,32.0,1520656.0,Critical
2026-08-05,B002,P006,90,83,123,23,0,10,SURPLUS,0.0,0.0,Low
2026-08-05,B002,P007,16,21,29,4,0,9,SURPLUS,0.0,0.0,Low
2026-08-05,B002,P008,23,24,17,4,10,0,SHORTAGE,10.0,423458.6,High
2026-08-05,B002,P009,49,55,92,10,0,33,SURPLUS,0.0,0.0,Low
2026-08-05,B002,P010,20,21,13,6,13,0,SHORTAGE,13.0,207782.38,Critical
2026-08-05,B003,P001,37,36,50,10,0,3,SURPLUS,0.0,0.0,Low
2026-08-05,B003,P002,21,19,28,5,0,2,SURPLUS,0.0,0.0,Low
2026-08-05,B003,P003,30,30,52,7,0,15,SURPLUS,0.0,0.0,Low
2026-08-05,B003,P004,20,20,32,4,0,8,SURPLUS,0.0,0.0,Low
2026-08-05,B003,P005,36,42,14,8,30,0,SHORTAGE,30.0,1549071.9000000001,Critical
2026-08-05,B003,P006,66,65,118,22,0,30,SURPLUS,0.0,0.0,Low
2026-08-05,B003,P007,12,13,25,3,0,10,SURPLUS,0.0,0.0,Low
2026-08-05,B003,P008,20,19,33,4,0,9,SURPLUS,0.0,0.0,Low
2026-08-05,B003,P009,47,54,56,12,3,0,SHORTAGE,3.0,10793.61,Medium
2026-08-05,B003,P010,21,19,35,5,0,9,SURPLUS,0.0,0.0,Low
2026-08-05,B004,P001,37,38,62,10,0,15,SURPLUS,0.0,0.0,Low
2026-08-05,B004,P002,21,22,21,4,4,0,SHORTAGE,4.0,109828.16,Medium
2026-08-05,B004,P003,20,18,20,5,5,0,SHORTAGE,5.0,114662.6,High
2026-08-05,B004,P004,18,16,33,3,0,12,SURPLUS,0.0,0.0,Low
2026-08-05,B004,P005,30,35,43,8,0,5,SURPLUS,0.0,0.0,Low
2026-08-05,B004,P006,55,63,90,11,0,24,SURPLUS,0.0,0.0,Low
2026-08-05,B004,P007,10,10,16,3,0,3,SURPLUS,0.0,0.0,Low
2026-08-05,B004,P008,14,14,13,3,4,0,SHORTAGE,4.0,180593.96,High
2026-08-05,B004,P009,57,53,35,19,41,0,SHORTAGE,41.0,153093.18,Critical
2026-08-05,B004,P010,30,32,42,9,0,3,SURPLUS,0.0,0.0,Low
2026-08-05,B005,P001,26,28,30,8,4,0,SHORTAGE,4.0,127989.8,Medium
2026-08-05,B005,P002,19,18,34,4,0,11,SURPLUS,0.0,0.0,Low
2026-08-05,B005,P003,21,24,33,7,0,5,SURPLUS,0.0,0.0,Low
2026-08-05,B005,P004,14,14,20,3,0,3,SURPLUS,0.0,0.0,Low
2026-08-05,B005,P005,40,39,50,13,3,0,SHORTAGE,3.0,139511.66999999998,Medium
2026-08-05,B005,P006,47,48,94,10,0,37,SURPLUS,0.0,0.0,Low
2026-08-05,B005,P007,12,14,9,4,7,0,SHORTAGE,7.0,87340.96,Critical
2026-08-05,B005,P008,17,17,20,3,0,0,BALANCED,0.0,0.0,Low
2026-08-05,B005,P009,55,60,86,11,0,20,SURPLUS,0.0,0.0,Low
2026-08-05,B005,P010,23,26,15,5,13,0,SHORTAGE,13.0,196580.15,Critical
2026-08-05,B006,P001,33,37,52,9,0,10,SURPLUS,0.0,0.0,Low
2026-08-05,B006,P002,28,26,24,5,9,0,SHORTAGE,9.0,244566.54,High
2026-08-05,B006,P003,17,19,19,5,3,0,SHORTAGE,3.0,71258.25,Medium
2026-08-05,B006,P004,20,18,20,4,4,0,SHORTAGE,4.0,34924.48,Medium
2026-08-05,B006,P005,31,27,61,10,0,20,SURPLUS,0.0,0.0,Low
2026-08-05,B006,P006,45,42,70,14,0,11,SURPLUS,0.0,0.0,Low
2026-08-05,B006,P007,13,14,27,4,0,10,SURPLUS,0.0,0.0,Low
2026-08-05,B006,P008,19,20,20,6,5,0,SHORTAGE,5.0,223935.0,High
2026-08-05,B006,P009,46,45,58,15,3,0,SHORTAGE,3.0,11170.14,Medium
2026-08-05,B006,P010,35,28,61,8,0,18,SURPLUS,0.0,0.0,Low
2026-08-05,B007,P001,45,44,78,9,0,24,SURPLUS,0.0,0.0,Low
2026-08-05,B007,P002,17,18,18,4,3,0,SHORTAGE,3.0,81429.63,Medium
2026-08-05,B007,P003,17,16,24,4,0,3,SURPLUS,0.0,0.0,Low
2026-08-05,B007,P004,12,12,19,3,0,4,SURPLUS,0.0,0.0,Low
2026-08-05,B007,P005,30,27,37,6,0,1,SURPLUS,0.0,0.0,Low
2026-08-05,B007,P006,49,47,82,12,0,21,SURPLUS,0.0,0.0,Low
2026-08-05,B007,P007,10,10,9,3,4,0,SHORTAGE,4.0,49319.76,High
2026-08-05,B007,P008,16,16,14,3,5,0,SHORTAGE,5.0,197009.59999999998,High
2026-08-05,B007,P009,29,29,31,7,5,0,SHORTAGE,5.0,16930.75,Medium
2026-08-05,B007,P010,22,23,21,6,7,0,SHORTAGE,7.0,113822.52,High
2026-08-05,B008,P001,46,48,41,12,17,0,SHORTAGE,17.0,511366.12,High
2026-08-05,B008,P002,14,16,16,3,1,0,SHORTAGE,1.0,28832.04,Medium
2026-08-05,B008,P003,16,17,20,3,0,1,SURPLUS,0.0,0.0,Low
2026-08-05,B008,P004,17,18,10,5,12,0,SHORTAGE,12.0,101438.16,Critical
2026-08-05,B008,P005,22,26,24,6,4,0,SHORTAGE,4.0,184052.8,Medium
2026-08-05,B008,P006,47,48,83,12,0,24,SURPLUS,0.0,0.0,Low
2026-08-05,B008,P007,23,21,32,5,0,4,SURPLUS,0.0,0.0,Low
2026-08-05,B008,P008,16,15,13,3,6,0,SHORTAGE,6.0,257687.82,High
2026-08-05,B008,P009,60,57,92,17,0,15,SURPLUS,0.0,0.0,Low
2026-08-05,B008,P010,20,19,40,5,0,15,SURPLUS,0.0,0.0,Low
2026-08-06,B001,P001,70,70,47,16,39,0,SHORTAGE,39.0,1238907.15,Critical
2026-08-06,B001,P002,27,28,33,8,2,0,SHORTAGE,2.0,59302.16,Medium
2026-08-06,B001,P003,34,32,30,8,12,0,SHORTAGE,12.0,304465.80000000005,High
2026-08-06,B001,P004,20,19,24,6,2,0,SHORTAGE,2.0,17386.0,Medium
2026-08-06,B001,P005,38,39,40,7,5,0,SHORTAGE,5.0,244923.25,Medium
2026-08-06,B001,P006,78,78,114,23,0,13,SURPLUS,0.0,0.0,Low
2026-08-06,B001,P007,22,20,20,7,9,0,SHORTAGE,9.0,114784.38,High
2026-08-06,B001,P008,31,27,29,6,8,0,SHORTAGE,8.0,311198.88,High
2026-08-06,B001,P009,52,47,92,15,0,25,SURPLUS,0.0,0.0,Low
2026-08-06,B001,P010,39,37,20,11,30,0,SHORTAGE,30.0,481843.5,Critical
2026-08-06,B002,P001,65,61,110,15,0,30,SURPLUS,0.0,0.0,Low
2026-08-06,B002,P002,22,21,26,6,2,0,SHORTAGE,2.0,55348.7,Medium
2026-08-06,B002,P003,24,25,14,7,17,0,SHORTAGE,17.0,423518.44999999995,Critical
2026-08-06,B002,P004,19,19,37,4,0,14,SURPLUS,0.0,0.0,Low
2026-08-06,B002,P005,33,35,66,8,0,25,SURPLUS,0.0,0.0,Low
2026-08-06,B002,P006,83,80,38,19,64,0,SHORTAGE,64.0,1195160.96,Critical
2026-08-06,B002,P007,11,11,14,3,0,0,BALANCED,0.0,0.0,Low
2026-08-06,B002,P008,18,20,32,3,0,11,SURPLUS,0.0,0.0,Low
2026-08-06,B002,P009,50,55,86,12,0,24,SURPLUS,0.0,0.0,Low
2026-08-06,B002,P010,27,27,52,9,0,16,SURPLUS,0.0,0.0,Low
2026-08-06,B003,P001,42,46,33,14,23,0,SHORTAGE,23.0,783418.64,Critical
2026-08-06,B003,P002,13,13,22,4,0,5,SURPLUS,0.0,0.0,Low
2026-08-06,B003,P003,20,22,31,4,0,7,SURPLUS,0.0,0.0,Low
2026-08-06,B003,P004,18,18,34,5,0,11,SURPLUS,0.0,0.0,Low
2026-08-06,B003,P005,32,34,41,9,0,0,BALANCED,0.0,0.0,Low
2026-08-06,B003,P006,53,55,76,15,0,8,SURPLUS,0.0,0.0,Low
2026-08-06,B003,P007,14,16,26,4,0,8,SURPLUS,0.0,0.0,Low
2026-08-06,B003,P008,14,14,26,4,0,8,SURPLUS,0.0,0.0,Low
2026-08-06,B003,P009,66,67,101,13,0,22,SURPLUS,0.0,0.0,Low
2026-08-06,B003,P010,26,28,13,5,18,0,SHORTAGE,18.0,289994.76,Critical
2026-08-06,B004,P001,37,36,65,8,0,20,SURPLUS,0.0,0.0,Low
2026-08-06,B004,P002,17,17,27,3,0,7,SURPLUS,0.0,0.0,Low
2026-08-06,B004,P003,28,23,39,5,0,6,SURPLUS,0.0,0.0,Low
2026-08-06,B004,P004,11,13,13,3,1,0,SHORTAGE,1.0,8502.64,Medium
2026-08-06,B004,P005,24,25,17,8,15,0,SHORTAGE,15.0,777232.65,Critical
2026-08-06,B004,P006,69,67,116,15,0,32,SURPLUS,0.0,0.0,Low
2026-08-06,B004,P007,14,14,29,3,0,12,SURPLUS,0.0,0.0,Low
2026-08-06,B004,P008,14,15,15,4,3,0,SHORTAGE,3.0,128958.90000000001,High
2026-08-06,B004,P009,47,45,83,11,0,25,SURPLUS,0.0,0.0,Low
2026-08-06,B004,P010,21,20,36,5,0,10,SURPLUS,0.0,0.0,Low
2026-08-06,B005,P001,55,54,53,15,17,0,SHORTAGE,17.0,528278.06,High
2026-08-06,B005,P002,19,19,15,5,9,0,SHORTAGE,9.0,245338.92,Critical
2026-08-06,B005,P003,22,21,26,6,2,0,SHORTAGE,2.0,50232.02,Medium
2026-08-06,B005,P004,16,16,17,3,2,0,SHORTAGE,2.0,18453.98,Medium
2026-08-06,B005,P005,36,38,41,7,2,0,SHORTAGE,2.0,103232.88,Medium
2026-08-06,B005,P006,59,53,43,15,31,0,SHORTAGE,31.0,569628.72,Critical
2026-08-06,B005,P007,15,17,15,4,4,0,SHORTAGE,4.0,46075.04,High
2026-08-06,B005,P008,15,17,12,4,7,0,SHORTAGE,7.0,291941.23,Critical
2026-08-06,B005,P009,53,48,89,13,0,23,SURPLUS,0.0,0.0,Low
2026-08-06,B005,P010,25,24,50,7,0,18,SURPLUS,0.0,0.0,Low
2026-08-06,B006,P001,46,49,80,13,0,21,SURPLUS,0.0,0.0,Low
2026-08-06,B006,P002,10,12,7,3,6,0,SHORTAGE,6.0,168800.09999999998,Critical
2026-08-06,B006,P003,23,22,19,4,8,0,SHORTAGE,8.0,193887.68,High
2026-08-06,B006,P004,14,13,22,4,0,4,SURPLUS,0.0,0.0,Low
2026-08-06,B006,P005,28,26,50,9,0,13,SURPLUS,0.0,0.0,Low
2026-08-06,B006,P006,57,56,44,18,31,0,SHORTAGE,31.0,542815.2699999999,Critical
2026-08-06,B006,P007,15,14,27,3,0,9,SURPLUS,0.0,0.0,Low
2026-08-06,B006,P008,12,14,14,3,1,0,SHORTAGE,1.0,43072.71,Medium
2026-08-06,B006,P009,52,44,68,12,0,4,SURPLUS,0.0,0.0,Low
2026-08-06,B006,P010,27,26,36,8,0,1,SURPLUS,0.0,0.0,Low
2026-08-06,B007,P001,36,41,45,12,3,0,SHORTAGE,3.0,92217.78,Medium
2026-08-06,B007,P002,19,19,8,6,17,0,SHORTAGE,17.0,481181.43,Critical
2026-08-06,B007,P003,16,19,17,4,3,0,SHORTAGE,3.0,73170.84,Medium
2026-08-06,B007,P004,11,13,9,3,5,0,SHORTAGE,5.0,41976.1,Critical
2026-08-06,B007,P005,23,25,32,7,0,2,SURPLUS,0.0,0.0,Low
2026-08-06,B007,P006,48,48,73,13,0,12,SURPLUS,0.0,0.0,Low
2026-08-06,B007,P007,13,13,13,4,4,0,SHORTAGE,4.0,49380.8,High
2026-08-06,B007,P008,21,19,15,5,11,0,SHORTAGE,11.0,495822.69,Critical
2026-08-06,B007,P009,41,39,51,14,4,0,SHORTAGE,4.0,13197.4,Medium
2026-08-06,B007,P010,25,23,21,7,11,0,SHORTAGE,11.0,166480.71000000002,High
2026-08-06,B008,P001,45,46,55,10,0,0,BALANCED,0.0,0.0,Low
2026-08-06,B008,P002,18,16,10,5,13,0,SHORTAGE,13.0,388442.86,Critical
2026-08-06,B008,P003,24,23,23,6,7,0,SHORTAGE,7.0,167814.78,High
2026-08-06,B008,P004,17,18,22,3,0,2,SURPLUS,0.0,0.0,Low
2026-08-06,B008,P005,21,22,9,5,17,0,SHORTAGE,17.0,844523.96,Critical
2026-08-06,B008,P006,34,34,67,9,0,24,SURPLUS,0.0,0.0,Low
2026-08-06,B008,P007,13,13,11,4,6,0,SHORTAGE,6.0,76917.29999999999,Critical
2026-08-06,B008,P008,15,15,10,3,8,0,SHORTAGE,8.0,361407.52,Critical
2026-08-06,B008,P009,63,60,103,21,0,19,SURPLUS,0.0,0.0,Low
2026-08-06,B008,P010,22,23,9,5,18,0,SHORTAGE,18.0,284761.08,Critical
2026-08-07,B001,P001,56,64,63,18,11,0,SHORTAGE,11.0,366584.46,Medium
2026-08-07,B001,P002,31,32,57,10,0,16,SURPLUS,0.0,0.0,Low
2026-08-07,B001,P003,31,32,22,7,16,0,SHORTAGE,16.0,389331.2,Critical
2026-08-07,B001,P004,25,23,16,5,14,0,SHORTAGE,14.0,127457.26000000001,Critical
2026-08-07,B001,P005,46,46,35,10,21,0,SHORTAGE,21.0,965935.95,Critical
2026-08-07,B001,P006,97,94,98,20,19,0,SHORTAGE,19.0,318024.85000000003,Medium
2026-08-07,B001,P007,25,27,38,5,0,8,SURPLUS,0.0,0.0,Low
2026-08-07,B001,P008,28,26,49,8,0,13,SURPLUS,0.0,0.0,Low
2026-08-07,B001,P009,72,79,91,16,0,3,SURPLUS,0.0,0.0,Low
2026-08-07,B001,P010,40,42,23,11,28,0,SHORTAGE,28.0,439636.95999999996,Critical
2026-08-07,B002,P001,50,55,57,13,6,0,SHORTAGE,6.0,205715.64,Medium
2026-08-07,B002,P002,24,24,37,4,0,9,SURPLUS,0.0,0.0,Low
2026-08-07,B002,P003,33,30,59,10,0,16,SURPLUS,0.0,0.0,Low
2026-08-07,B002,P004,19,18,15,4,8,0,SHORTAGE,8.0,70906.56,High
2026-08-07,B002,P005,40,37,42,9,7,0,SHORTAGE,7.0,326845.88999999996,Medium
2026-08-07,B002,P006,73,76,64,16,25,0,SHORTAGE,25.0,419430.0,High
2026-08-07,B002,P007,17,18,25,3,0,5,SURPLUS,0.0,0.0,Low
2026-08-07,B002,P008,22,23,25,7,4,0,SHORTAGE,4.0,156384.76,Medium
2026-08-07,B002,P009,75,77,79,21,17,0,SHORTAGE,17.0,60633.73,High
2026-08-07,B002,P010,36,39,38,8,6,0,SHORTAGE,6.0,96867.12,Medium
2026-08-07,B003,P001,48,44,55,11,4,0,SHORTAGE,4.0,129601.68,Medium
2026-08-07,B003,P002,29,26,36,5,0,2,SURPLUS,0.0,0.0,Low
2026-08-07,B003,P003,37,35,65,11,0,17,SURPLUS,0.0,0.0,Low
2026-08-07,B003,P004,28,30,23,5,10,0,SHORTAGE,10.0,89058.4,High
2026-08-07,B003,P005,29,31,49,6,0,14,SURPLUS,0.0,0.0,Low
2026-08-07,B003,P006,68,72,83,20,5,0,SHORTAGE,5.0,83831.8,Medium
2026-08-07,B003,P007,17,17,10,3,10,0,SHORTAGE,10.0,125445.0,Critical
2026-08-07,B003,P008,14,15,16,3,1,0,SHORTAGE,1.0,43914.92,Medium
2026-08-07,B003,P009,49,46,38,12,23,0,SHORTAGE,23.0,76957.76999999999,Critical
2026-08-07,B003,P010,23,23,33,7,0,3,SURPLUS,0.0,0.0,Low
2026-08-07,B004,P001,48,44,58,16,6,0,SHORTAGE,6.0,187339.74,Medium
2026-08-07,B004,P002,19,19,24,5,0,0,BALANCED,0.0,0.0,Low
2026-08-07,B004,P003,14,16,20,3,0,3,SURPLUS,0.0,0.0,Low
2026-08-07,B004,P004,19,19,18,6,7,0,SHORTAGE,7.0,65107.49,High
2026-08-07,B004,P005,38,37,26,8,20,0,SHORTAGE,20.0,912688.8,Critical
2026-08-07,B004,P006,43,46,66,13,0,10,SURPLUS,0.0,0.0,Low
2026-08-07,B004,P007,13,15,18,3,0,2,SURPLUS,0.0,0.0,Low
2026-08-07,B004,P008,18,19,34,4,0,12,SURPLUS,0.0,0.0,Low
2026-08-07,B004,P009,30,29,24,7,13,0,SHORTAGE,13.0,42284.71,High
2026-08-07,B004,P010,23,25,29,7,1,0,SHORTAGE,1.0,14801.72,Medium
2026-08-07,B005,P001,66,61,105,14,0,25,SURPLUS,0.0,0.0,Low
2026-08-07,B005,P002,21,22,35,5,0,9,SURPLUS,0.0,0.0,Low
2026-08-07,B005,P003,25,27,41,5,0,11,SURPLUS,0.0,0.0,Low
2026-08-07,B005,P004,10,12,5,3,8,0,SHORTAGE,8.0,73760.88,Critical
2026-08-07,B005,P005,41,38,75,11,0,23,SURPLUS,0.0,0.0,Low
2026-08-07,B005,P006,49,55,44,14,19,0,SHORTAGE,19.0,323730.36,High
2026-08-07,B005,P007,21,20,22,4,3,0,SHORTAGE,3.0,34405.350000000006,Medium
2026-08-07,B005,P008,20,19,19,6,7,0,SHORTAGE,7.0,295969.8,High
2026-08-07,B005,P009,54,58,39,14,29,0,SHORTAGE,29.0,99059.65,Critical
2026-08-07,B005,P010,27,27,26,7,8,0,SHORTAGE,8.0,132712.32,High
2026-08-07,B006,P001,64,56,71,21,14,0,SHORTAGE,14.0,440831.58,High
2026-08-07,B006,P002,22,22,28,5,0,1,SURPLUS,0.0,0.0,Low
2026-08-07,B006,P003,21,19,12,6,15,0,SHORTAGE,15.0,388656.3,Critical
2026-08-07,B006,P004,16,17,8,5,13,0,SHORTAGE,13.0,122181.15,Critical
2026-08-07,B006,P005,40,33,46,11,5,0,SHORTAGE,5.0,256625.2,Medium
2026-08-07,B006,P006,58,59,103,15,0,30,SURPLUS,0.0,0.0,Low
2026-08-07,B006,P007,15,15,22,4,0,3,SURPLUS,0.0,0.0,Low
2026-08-07,B006,P008,16,15,23,3,0,4,SURPLUS,0.0,0.0,Low
2026-08-07,B006,P009,54,47,29,15,40,0,SHORTAGE,40.0,141004.8,Critical
2026-08-07,B006,P010,26,26,14,6,18,0,SHORTAGE,18.0,307355.04,Critical
2026-08-07,B007,P001,48,49,40,13,21,0,SHORTAGE,21.0,649090.0499999999,High
2026-08-07,B007,P002,16,16,15,3,4,0,SHORTAGE,4.0,106504.08,High
2026-08-07,B007,P003,21,21,25,6,2,0,SHORTAGE,2.0,45949.38,Medium
2026-08-07,B007,P004,10,11,12,3,1,0,SHORTAGE,1.0,8531.82,Medium
2026-08-07,B007,P005,32,32,40,10,2,0,SHORTAGE,2.0,102915.44,Medium
2026-08-07,B007,P006,51,51,87,17,0,19,SURPLUS,0.0,0.0,Low
2026-08-07,B007,P007,11,11,17,3,0,3,SURPLUS,0.0,0.0,Low
2026-08-07,B007,P008,17,16,20,5,2,0,SHORTAGE,2.0,77340.98,Medium
2026-08-07,B007,P009,42,41,50,10,2,0,SHORTAGE,2.0,6827.48,Medium
2026-08-07,B007,P010,27,32,39,6,0,6,SURPLUS,0.0,0.0,Low
2026-08-07,B008,P001,63,64,131,20,0,48,SURPLUS,0.0,0.0,Low
2026-08-07,B008,P002,16,15,16,5,5,0,SHORTAGE,5.0,148287.7,High
2026-08-07,B008,P003,15,17,12,4,7,0,SHORTAGE,7.0,169244.46,Critical
2026-08-07,B008,P004,24,22,18,5,11,0,SHORTAGE,11.0,93080.13,Critical
2026-08-07,B008,P005,26,28,43,5,0,12,SURPLUS,0.0,0.0,Low
2026-08-07,B008,P006,78,69,139,20,0,41,SURPLUS,0.0,0.0,Low
2026-08-07,B008,P007,14,13,19,4,0,1,SURPLUS,0.0,0.0,Low
2026-08-07,B008,P008,14,13,24,3,0,7,SURPLUS,0.0,0.0,Low
2026-08-07,B008,P009,56,55,71,17,2,0,SHORTAGE,2.0,7218.04,Medium
2026-08-07,B008,P010,34,35,31,9,12,0,SHORTAGE,12.0,198555.12,High
2026-08-08,B001,P001,83,77,46,24,61,0,SHORTAGE,61.0,1838755.94,Critical
2026-08-08,B001,P002,34,34,24,11,21,0,SHORTAGE,21.0,580589.73,Critical
2026-08-08,B001,P003,35,34,62,8,0,19,SURPLUS,0.0,0.0,Low
2026-08-08,B001,P004,25,26,15,5,15,0,SHORTAGE,15.0,131136.6,Critical
2026-08-08,B001,P005,57,53,61,16,12,0,SHORTAGE,12.0,596748.84,High
2026-08-08,B001,P006,88,88,115,29,2,0,SHORTAGE,2.0,37024.0,Medium
2026-08-08,B001,P007,22,22,18,5,9,0,SHORTAGE,9.0,101762.55,High
2026-08-08,B001,P008,25,27,39,7,0,7,SURPLUS,0.0,0.0,Low
2026-08-08,B001,P009,69,75,37,19,51,0,SHORTAGE,51.0,164497.94999999998,Critical
2026-08-08,B001,P010,46,45,73,10,0,17,SURPLUS,0.0,0.0,Low
2026-08-08,B002,P001,57,51,112,18,0,37,SURPLUS,0.0,0.0,Low
2026-08-08,B002,P002,37,32,43,11,5,0,SHORTAGE,5.0,129090.35,Medium
2026-08-08,B002,P003,29,30,51,6,0,16,SURPLUS,0.0,0.0,Low
2026-08-08,B002,P004,19,19,29,5,0,5,SURPLUS,0.0,0.0,Low
2026-08-08,B002,P005,44,41,81,14,0,23,SURPLUS,0.0,0.0,Low
2026-08-08,B002,P006,90,81,195,31,0,74,SURPLUS,0.0,0.0,Low
2026-08-08,B002,P007,21,21,38,6,0,11,SURPLUS,0.0,0.0,Low
2026-08-08,B002,P008,23,24,32,5,0,4,SURPLUS,0.0,0.0,Low
2026-08-08,B002,P009,68,62,40,20,48,0,SHORTAGE,48.0,171511.2,Critical
2026-08-08,B002,P010,31,34,46,9,0,6,SURPLUS,0.0,0.0,Low
2026-08-08,B003,P001,62,66,45,21,38,0,SHORTAGE,38.0,1244482.14,Critical
2026-08-08,B003,P002,18,19,32,5,0,9,SURPLUS,0.0,0.0,Low
2026-08-08,B003,P003,25,24,45,7,0,13,SURPLUS,0.0,0.0,Low
2026-08-08,B003,P004,16,16,28,4,0,8,SURPLUS,0.0,0.0,Low
2026-08-08,B003,P005,32,32,62,8,0,22,SURPLUS,0.0,0.0,Low
2026-08-08,B003,P006,84,79,110,28,2,0,SHORTAGE,2.0,37599.06,Medium
2026-08-08,B003,P007,19,17,26,4,0,3,SURPLUS,0.0,0.0,Low
2026-08-08,B003,P008,19,19,11,4,12,0,SHORTAGE,12.0,487351.44000000006,Critical
2026-08-08,B003,P009,80,76,101,23,2,0,SHORTAGE,2.0,6818.38,Medium
2026-08-08,B003,P010,31,35,63,8,0,24,SURPLUS,0.0,0.0,Low
2026-08-08,B004,P001,48,48,53,16,11,0,SHORTAGE,11.0,351887.91000000003,High
2026-08-08,B004,P002,15,14,13,5,7,0,SHORTAGE,7.0,191140.25,Critical
2026-08-08,B004,P003,21,21,13,6,14,0,SHORTAGE,14.0,318423.84,Critical
2026-08-08,B004,P004,16,16,15,4,5,0,SHORTAGE,5.0,45164.95,High
2026-08-08,B004,P005,33,32,39,11,5,0,SHORTAGE,5.0,247581.15000000002,Medium
2026-08-08,B004,P006,74,66,65,25,34,0,SHORTAGE,34.0,645524.0,Critical
2026-08-08,B004,P007,21,21,37,6,0,10,SURPLUS,0.0,0.0,Low
2026-08-08,B004,P008,19,19,23,6,2,0,SHORTAGE,2.0,86227.9,Medium
2026-08-08,B004,P009,41,39,68,8,0,19,SURPLUS,0.0,0.0,Low
2026-08-08,B004,P010,30,30,60,8,0,22,SURPLUS,0.0,0.0,Low
2026-08-08,B005,P001,63,58,99,18,0,18,SURPLUS,0.0,0.0,Low
2026-08-08,B005,P002,23,23,8,7,22,0,SHORTAGE,22.0,611888.2,Critical
2026-08-08,B005,P003,20,23,40,5,0,15,SURPLUS,0.0,0.0,Low
2026-08-08,B005,P004,21,22,14,5,12,0,SHORTAGE,12.0,116239.44,Critical
2026-08-08,B005,P005,57,49,81,19,0,5,SURPLUS,0.0,0.0,Low
2026-08-08,B005,P006,70,69,80,18,8,0,SHORTAGE,8.0,153729.36,Medium
2026-08-08,B005,P007,12,14,16,3,0,1,SURPLUS,0.0,0.0,Low
2026-08-08,B005,P008,16,17,22,4,0,2,SURPLUS,0.0,0.0,Low
2026-08-08,B005,P009,55,59,100,13,0,32,SURPLUS,0.0,0.0,Low
2026-08-08,B005,P010,35,34,24,11,22,0,SHORTAGE,22.0,372483.76,Critical
2026-08-08,B006,P001,63,58,57,14,20,0,SHORTAGE,20.0,668099.7999999999,High
2026-08-08,B006,P002,20,21,34,4,0,10,SURPLUS,0.0,0.0,Low
2026-08-08,B006,P003,25,24,50,6,0,19,SURPLUS,0.0,0.0,Low
2026-08-08,B006,P004,11,13,6,3,8,0,SHORTAGE,8.0,71615.28,Critical
2026-08-08,B006,P005,34,35,48,11,0,3,SURPLUS,0.0,0.0,Low
2026-08-08,B006,P006,72,72,28,24,68,0,SHORTAGE,68.0,1213247.84,Critical
2026-08-08,B006,P007,15,15,21,3,0,3,SURPLUS,0.0,0.0,Low
2026-08-08,B006,P008,15,16,11,3,7,0,SHORTAGE,7.0,291471.32,Critical
2026-08-08,B006,P009,55,56,40,11,26,0,SHORTAGE,26.0,96845.58,Critical
2026-08-08,B006,P010,30,29,20,10,20,0,SHORTAGE,20.0,314378.2,Critical
2026-08-08,B007,P001,40,43,64,11,0,13,SURPLUS,0.0,0.0,Low
2026-08-08,B007,P002,22,21,23,6,5,0,SHORTAGE,5.0,140326.0,High
2026-08-08,B007,P003,19,21,28,3,0,6,SURPLUS,0.0,0.0,Low
2026-08-08,B007,P004,14,14,14,4,4,0,SHORTAGE,4.0,36481.44,High
2026-08-08,B007,P005,28,30,31,6,3,0,SHORTAGE,3.0,135223.44,Medium
2026-08-08,B007,P006,55,54,68,12,0,1,SURPLUS,0.0,0.0,Low
2026-08-08,B007,P007,12,14,16,3,0,1,SURPLUS,0.0,0.0,Low
2026-08-08,B007,P008,16,17,23,4,0,3,SURPLUS,0.0,0.0,Low
2026-08-08,B007,P009,45,46,53,11,3,0,SHORTAGE,3.0,10595.52,Medium
2026-08-08,B007,P010,30,29,53,8,0,15,SURPLUS,0.0,0.0,Low
2026-08-08,B008,P001,45,49,37,15,23,0,SHORTAGE,23.0,786268.57,Critical
2026-08-08,B008,P002,14,17,24,4,0,6,SURPLUS,0.0,0.0,Low
2026-08-08,B008,P003,30,28,47,6,0,11,SURPLUS,0.0,0.0,Low
2026-08-08,B008,P004,15,15,9,3,9,0,SHORTAGE,9.0,85648.86000000002,Critical
2026-08-08,B008,P005,41,33,60,11,0,8,SURPLUS,0.0,0.0,Low
2026-08-08,B008,P006,85,79,148,19,0,44,SURPLUS,0.0,0.0,Low
2026-08-08,B008,P007,14,15,28,4,0,10,SURPLUS,0.0,0.0,Low
2026-08-08,B008,P008,21,21,39,6,0,12,SURPLUS,0.0,0.0,Low
2026-08-08,B008,P009,70,68,51,14,33,0,SHORTAGE,33.0,116026.34999999999,Critical
2026-08-08,B008,P010,29,26,50,8,0,13,SURPLUS,0.0,0.0,Low
2026-08-09,B001,P001,59,61,100,16,0,25,SURPLUS,0.0,0.0,Low
2026-08-09,B001,P002,28,27,34,6,0,0,BALANCED,0.0,0.0,Low
2026-08-09,B001,P003,22,24,28,6,0,0,BALANCED,0.0,0.0,Low
2026-08-09,B001,P004,25,22,19,6,12,0,SHORTAGE,12.0,111823.08,Critical
2026-08-09,B001,P005,34,33,61,8,0,19,SURPLUS,0.0,0.0,Low
2026-08-09,B001,P006,88,85,114,17,0,9,SURPLUS,0.0,0.0,Low
2026-08-09,B001,P007,22,22,34,7,0,5,SURPLUS,0.0,0.0,Low
2026-08-09,B001,P008,23,23,12,6,17,0,SHORTAGE,17.0,769835.14,Critical
2026-08-09,B001,P009,56,56,109,15,0,38,SURPLUS,0.0,0.0,Low
2026-08-09,B001,P010,45,42,79,15,0,19,SURPLUS,0.0,0.0,Low
2026-08-09,B002,P001,34,35,14,10,30,0,SHORTAGE,30.0,930345.2999999999,Critical
2026-08-09,B002,P002,23,24,32,6,0,3,SURPLUS,0.0,0.0,Low
2026-08-09,B002,P003,25,24,21,6,10,0,SHORTAGE,10.0,242338.80000000002,High
2026-08-09,B002,P004,25,23,52,5,0,22,SURPLUS,0.0,0.0,Low
2026-08-09,B002,P005,47,41,23,15,39,0,SHORTAGE,39.0,2006773.8599999999,Critical
2026-08-09,B002,P006,74,81,145,20,0,51,SURPLUS,0.0,0.0,Low
2026-08-09,B002,P007,15,14,24,5,0,4,SURPLUS,0.0,0.0,Low
2026-08-09,B002,P008,21,20,36,6,0,9,SURPLUS,0.0,0.0,Low
2026-08-09,B002,P009,61,54,114,18,0,35,SURPLUS,0.0,0.0,Low
2026-08-09,B002,P010,26,27,17,7,16,0,SHORTAGE,16.0,255633.28,Critical
2026-08-09,B003,P001,46,40,50,9,5,0,SHORTAGE,5.0,159863.95,Medium
2026-08-09,B003,P002,18,17,18,3,3,0,SHORTAGE,3.0,89641.79999999999,Medium
2026-08-09,B003,P003,19,17,14,3,8,0,SHORTAGE,8.0,179946.8,High
2026-08-09,B003,P004,17,16,17,4,4,0,SHORTAGE,4.0,37394.96,High
2026-08-09,B003,P005,33,33,53,8,0,12,SURPLUS,0.0,0.0,Low
2026-08-09,B003,P006,75,76,122,24,0,23,SURPLUS,0.0,0.0,Low
2026-08-09,B003,P007,18,19,11,6,13,0,SHORTAGE,13.0,149569.68,Critical
2026-08-09,B003,P008,16,17,18,3,1,0,SHORTAGE,1.0,40541.34,Medium
2026-08-09,B003,P009,52,52,93,15,0,26,SURPLUS,0.0,0.0,Low
2026-08-09,B003,P010,24,26,39,5,0,10,SURPLUS,0.0,0.0,Low
2026-08-09,B004,P001,34,31,35,9,8,0,SHORTAGE,8.0,274983.28,High
2026-08-09,B004,P002,13,14,12,4,5,0,SHORTAGE,5.0,144598.55,High
2026-08-09,B004,P003,24,23,25,5,4,0,SHORTAGE,4.0,100288.8,Medium
2026-08-09,B004,P004,16,16,27,4,0,7,SURPLUS,0.0,0.0,Low
2026-08-09,B004,P005,32,32,54,7,0,15,SURPLUS,0.0,0.0,Low
2026-08-09,B004,P006,46,47,71,15,0,10,SURPLUS,0.0,0.0,Low
2026-08-09,B004,P007,12,13,14,3,1,0,SHORTAGE,1.0,11884.63,Medium
2026-08-09,B004,P008,16,17,7,3,12,0,SHORTAGE,12.0,507021.0,Critical
2026-08-09,B004,P009,48,45,80,12,0,20,SURPLUS,0.0,0.0,Low
2026-08-09,B004,P010,32,27,49,9,0,8,SURPLUS,0.0,0.0,Low
2026-08-09,B005,P001,36,39,69,10,0,23,SURPLUS,0.0,0.0,Low
2026-08-09,B005,P002,18,20,15,5,8,0,SHORTAGE,8.0,216243.52,High
2026-08-09,B005,P003,24,23,49,7,0,18,SURPLUS,0.0,0.0,Low
2026-08-09,B005,P004,15,14,25,4,0,6,SURPLUS,0.0,0.0,Low
2026-08-09,B005,P005,26,25,45,5,0,14,SURPLUS,0.0,0.0,Low
2026-08-09,B005,P006,38,41,79,10,0,31,SURPLUS,0.0,0.0,Low
2026-08-09,B005,P007,14,14,23,3,0,6,SURPLUS,0.0,0.0,Low
2026-08-09,B005,P008,17,18,15,4,6,0,SHORTAGE,6.0,244441.19999999998,High
2026-08-09,B005,P009,46,47,45,14,15,0,SHORTAGE,15.0,51798.75,High
2026-08-09,B005,P010,23,21,35,6,0,6,SURPLUS,0.0,0.0,Low
2026-08-09,B006,P001,33,29,43,6,0,4,SURPLUS,0.0,0.0,Low
2026-08-09,B006,P002,17,16,7,5,15,0,SHORTAGE,15.0,445742.1,Critical
2026-08-09,B006,P003,22,21,44,4,0,18,SURPLUS,0.0,0.0,Low
2026-08-09,B006,P004,12,13,16,3,0,1,SURPLUS,0.0,0.0,Low
2026-08-09,B006,P005,23,25,33,6,0,4,SURPLUS,0.0,0.0,Low
2026-08-09,B006,P006,36,34,42,10,4,0,SHORTAGE,4.0,69769.12,Medium
2026-08-09,B006,P007,12,12,20,3,0,5,SURPLUS,0.0,0.0,Low
2026-08-09,B006,P008,8,10,7,3,4,0,SHORTAGE,4.0,157850.8,Critical
2026-08-09,B006,P009,47,49,78,14,0,17,SURPLUS,0.0,0.0,Low
2026-08-09,B006,P010,22,20,13,6,15,0,SHORTAGE,15.0,226181.55000000002,Critical
2026-08-09,B007,P001,32,33,48,10,0,6,SURPLUS,0.0,0.0,Low
2026-08-09,B007,P002,16,16,13,4,7,0,SHORTAGE,7.0,192731.84,High
2026-08-09,B007,P003,13,12,18,3,0,2,SURPLUS,0.0,0.0,Low
2026-08-09,B007,P004,9,8,7,3,5,0,SHORTAGE,5.0,44814.5,Critical
2026-08-09,B007,P005,26,26,33,8,1,0,SHORTAGE,1.0,51062.47,Medium
2026-08-09,B007,P006,27,27,31,8,4,0,SHORTAGE,4.0,69056.12,Medium
2026-08-09,B007,P007,10,11,9,3,4,0,SHORTAGE,4.0,47572.88,High
2026-08-09,B007,P008,11,10,9,3,5,0,SHORTAGE,5.0,220561.6,Critical
2026-08-09,B007,P009,41,43,76,12,0,23,SURPLUS,0.0,0.0,Low
2026-08-09,B007,P010,27,30,12,8,23,0,SHORTAGE,23.0,340219.45,Critical
2026-08-09,B008,P001,41,38,30,8,19,0,SHORTAGE,19.0,584670.66,Critical
2026-08-09,B008,P002,19,19,17,4,6,0,SHORTAGE,6.0,174534.78,High
2026-08-09,B008,P003,18,18,20,4,2,0,SHORTAGE,2.0,47717.66,Medium
2026-08-09,B008,P004,14,13,16,3,1,0,SHORTAGE,1.0,8321.58,Medium
2026-08-09,B008,P005,35,35,28,10,17,0,SHORTAGE,17.0,806060.95,Critical
2026-08-09,B008,P006,21,21,20,5,6,0,SHORTAGE,6.0,114779.04000000001,High
2026-08-09,B008,P007,18,19,30,4,0,8,SURPLUS,0.0,0.0,Low
2026-08-09,B008,P008,20,18,23,6,3,0,SHORTAGE,3.0,123691.34999999999,Medium
2026-08-09,B008,P009,38,38,44,8,2,0,SHORTAGE,2.0,6772.5,Medium
2026-08-09,B008,P010,26,25,36,6,0,4,SURPLUS,0.0,0.0,Low
2026-08-10,B001,P001,73,62,118,23,0,22,SURPLUS,0.0,0.0,Low
2026-08-10,B001,P002,31,32,30,6,7,0,SHORTAGE,7.0,204173.19999999998,High
2026-08-10,B001,P003,32,33,60,8,0,20,SURPLUS,0.0,0.0,Low
2026-08-10,B001,P004,22,22,12,7,17,0,SHORTAGE,17.0,157536.79,Critical
2026-08-10,B001,P005,38,46,27,11,22,0,SHORTAGE,22.0,1030725.08,Critical
2026-08-10,B001,P006,76,76,128,25,0,27,SURPLUS,0.0,0.0,Low
2026-08-10,B001,P007,18,19,23,6,1,0,SHORTAGE,1.0,11362.22,Medium
2026-08-10,B001,P008,24,26,27,6,3,0,SHORTAGE,3.0,122945.51999999999,Medium
2026-08-10,B001,P009,63,60,124,18,0,43,SURPLUS,0.0,0.0,Low
2026-08-10,B001,P010,35,33,52,7,0,10,SURPLUS,0.0,0.0,Low
2026-08-10,B002,P001,58,57,109,13,0,38,SURPLUS,0.0,0.0,Low
2026-08-10,B002,P002,21,20,25,5,1,0,SHORTAGE,1.0,27521.18,Medium
2026-08-10,B002,P003,16,18,31,3,0,12,SURPLUS,0.0,0.0,Low
2026-08-10,B002,P004,25,25,40,6,0,9,SURPLUS,0.0,0.0,Low
2026-08-10,B002,P005,33,32,62,8,0,21,SURPLUS,0.0,0.0,Low
2026-08-10,B002,P006,68,63,79,22,11,0,SHORTAGE,11.0,204547.42,Medium
2026-08-10,B002,P007,19,17,28,5,0,4,SURPLUS,0.0,0.0,Low
2026-08-10,B002,P008,23,21,24,6,5,0,SHORTAGE,5.0,203468.4,High
2026-08-10,B002,P009,65,68,101,14,0,22,SURPLUS,0.0,0.0,Low
2026-08-10,B002,P010,33,35,59,11,0,15,SURPLUS,0.0,0.0,Low
2026-08-10,B003,P001,42,42,46,13,9,0,SHORTAGE,9.0,303866.10000000003,High
2026-08-10,B003,P002,21,21,42,6,0,15,SURPLUS,0.0,0.0,Low
2026-08-10,B003,P003,17,18,22,4,0,1,SURPLUS,0.0,0.0,Low
2026-08-10,B003,P004,6,8,12,3,0,3,SURPLUS,0.0,0.0,Low
2026-08-10,B003,P005,27,28,50,6,0,17,SURPLUS,0.0,0.0,Low
2026-08-10,B003,P006,64,65,126,13,0,49,SURPLUS,0.0,0.0,Low
2026-08-10,B003,P007,14,15,12,4,6,0,SHORTAGE,6.0,71062.44,High
2026-08-10,B003,P008,19,17,25,4,0,2,SURPLUS,0.0,0.0,Low
2026-08-10,B003,P009,37,41,15,12,34,0,SHORTAGE,34.0,125154.0,Critical
2026-08-10,B003,P010,30,27,54,6,0,18,SURPLUS,0.0,0.0,Low
2026-08-10,B004,P001,46,43,90,12,0,32,SURPLUS,0.0,0.0,Low
2026-08-10,B004,P002,17,17,16,5,6,0,SHORTAGE,6.0,177012.96,High
2026-08-10,B004,P003,19,21,25,5,0,1,SURPLUS,0.0,0.0,Low
2026-08-10,B004,P004,15,14,26,4,0,7,SURPLUS,0.0,0.0,Low
2026-08-10,B004,P005,35,36,26,10,19,0,SHORTAGE,19.0,877175.66,Critical
2026-08-10,B004,P006,64,71,29,15,50,0,SHORTAGE,50.0,932195.9999999999,Critical
2026-08-10,B004,P007,14,14,29,3,0,12,SURPLUS,0.0,0.0,Low
2026-08-10,B004,P008,17,16,12,3,8,0,SHORTAGE,8.0,351052.16,Critical
2026-08-10,B004,P009,41,38,89,9,0,39,SURPLUS,0.0,0.0,Low
2026-08-10,B004,P010,25,26,35,8,0,2,SURPLUS,0.0,0.0,Low
2026-08-10,B005,P001,27,27,48,7,0,14,SURPLUS,0.0,0.0,Low
2026-08-10,B005,P002,17,18,17,5,5,0,SHORTAGE,5.0,133613.2,High
2026-08-10,B005,P003,22,21,28,4,0,2,SURPLUS,0.0,0.0,Low
2026-08-10,B005,P004,11,13,19,3,0,5,SURPLUS,0.0,0.0,Low
2026-08-10,B005,P005,25,25,41,6,0,10,SURPLUS,0.0,0.0,Low
2026-08-10,B005,P006,52,59,38,18,32,0,SHORTAGE,32.0,557970.24,Critical
2026-08-10,B005,P007,10,10,6,3,7,0,SHORTAGE,7.0,79726.01000000001,Critical
2026-08-10,B005,P008,19,18,15,5,9,0,SHORTAGE,9.0,350406.27,Critical
2026-08-10,B005,P009,52,51,80,17,0,11,SURPLUS,0.0,0.0,Low
2026-08-10,B005,P010,25,29,25,6,6,0,SHORTAGE,6.0,94711.20000000001,High
2026-08-10,B006,P001,40,38,24,8,24,0,SHORTAGE,24.0,719669.52,Critical
2026-08-10,B006,P002,15,17,13,4,6,0,SHORTAGE,6.0,162194.22,High
2026-08-10,B006,P003,21,21,21,5,5,0,SHORTAGE,5.0,119960.40000000001,High
2026-08-10,B006,P004,14,16,19,4,0,1,SURPLUS,0.0,0.0,Low
2026-08-10,B006,P005,26,25,15,8,19,0,SHORTAGE,19.0,904495.1900000001,Critical
2026-08-10,B006,P006,66,63,60,22,28,0,SHORTAGE,28.0,510267.52,High
2026-08-10,B006,P007,16,16,16,4,4,0,SHORTAGE,4.0,45075.16,High
2026-08-10,B006,P008,12,14,10,3,5,0,SHORTAGE,5.0,216443.15,High
2026-08-10,B006,P009,41,39,37,8,12,0,SHORTAGE,12.0,42256.68,High
2026-08-10,B006,P010,18,18,26,5,0,3,SURPLUS,0.0,0.0,Low
2026-08-10,B007,P001,38,37,39,10,9,0,SHORTAGE,9.0,280123.11,High
2026-08-10,B007,P002,21,20,23,4,2,0,SHORTAGE,2.0,59133.16,Medium
2026-08-10,B007,P003,21,20,28,4,0,3,SURPLUS,0.0,0.0,Low
2026-08-10,B007,P004,15,15,24,4,0,5,SURPLUS,0.0,0.0,Low
2026-08-10,B007,P005,25,25,32,7,0,0,BALANCED,0.0,0.0,Low
2026-08-10,B007,P006,44,42,56,11,0,1,SURPLUS,0.0,0.0,Low
2026-08-10,B007,P007,6,7,9,3,0,0,BALANCED,0.0,0.0,Low
2026-08-10,B007,P008,16,15,13,5,8,0,SHORTAGE,8.0,344685.52,Critical
2026-08-10,B007,P009,45,42,27,13,31,0,SHORTAGE,31.0,114539.42,Critical
2026-08-10,B007,P010,24,22,33,4,0,5,SURPLUS,0.0,0.0,Low
2026-08-10,B008,P001,39,38,32,12,19,0,SHORTAGE,19.0,627003.6100000001,Critical
2026-08-10,B008,P002,18,17,27,5,0,4,SURPLUS,0.0,0.0,Low
2026-08-10,B008,P003,22,24,22,6,6,0,SHORTAGE,6.0,136028.22,High
2026-08-10,B008,P004,15,16,19,4,0,0,BALANCED,0.0,0.0,Low
2026-08-10,B008,P005,20,25,17,5,8,0,SHORTAGE,8.0,388828.96,High
2026-08-10,B008,P006,44,45,24,9,29,0,SHORTAGE,29.0,500589.30000000005,Critical
2026-08-10,B008,P007,12,12,16,3,0,1,SURPLUS,0.0,0.0,Low
2026-08-10,B008,P008,17,17,16,5,6,0,SHORTAGE,6.0,239636.52,High
2026-08-10,B008,P009,47,46,80,11,0,22,SURPLUS,0.0,0.0,Low
2026-08-10,B008,P010,31,32,52,7,0,14,SURPLUS,0.0,0.0,Low
2026-08-11,B001,P001,63,71,54,14,23,0,SHORTAGE,23.0,711857.13,High
2026-08-11,B001,P002,24,24,16,5,13,0,SHORTAGE,13.0,381109.82,Critical
2026-08-11,B001,P003,25,27,23,5,7,0,SHORTAGE,7.0,155955.03,High
2026-08-11,B001,P004,24,21,38,7,0,7,SURPLUS,0.0,0.0,Low
2026-08-11,B001,P005,32,35,38,8,2,0,SHORTAGE,2.0,93398.22,Medium
2026-08-11,B001,P006,73,65,41,24,56,0,SHORTAGE,56.0,1014476.96,Critical
2026-08-11,B001,P007,18,19,31,4,0,9,SURPLUS,0.0,0.0,Low
2026-08-11,B001,P008,24,22,43,5,0,14,SURPLUS,0.0,0.0,Low
2026-08-11,B001,P009,78,80,70,23,31,0,SHORTAGE,31.0,110892.89,High
2026-08-11,B001,P010,39,37,20,9,28,0,SHORTAGE,28.0,436204.72,Critical
2026-08-11,B002,P001,64,56,104,18,0,22,SURPLUS,0.0,0.0,Low
2026-08-11,B002,P002,24,22,31,6,0,1,SURPLUS,0.0,0.0,Low
2026-08-11,B002,P003,23,26,31,7,0,1,SURPLUS,0.0,0.0,Low
2026-08-11,B002,P004,18,17,12,6,12,0,SHORTAGE,12.0,110243.16,Critical
2026-08-11,B002,P005,38,37,43,8,3,0,SHORTAGE,3.0,155077.8,Medium
2026-08-11,B002,P006,61,69,58,17,20,0,SHORTAGE,20.0,333194.4,High
2026-08-11,B002,P007,15,16,18,3,0,0,BALANCED,0.0,0.0,Low
2026-08-11,B002,P008,21,21,33,4,0,8,SURPLUS,0.0,0.0,Low
2026-08-11,B002,P009,49,44,85,16,0,20,SURPLUS,0.0,0.0,Low
2026-08-11,B002,P010,26,28,24,5,7,0,SHORTAGE,7.0,105953.33,High
2026-08-11,B003,P001,59,60,71,16,4,0,SHORTAGE,4.0,135528.04,Medium
2026-08-11,B003,P002,22,20,37,5,0,10,SURPLUS,0.0,0.0,Low
2026-08-11,B003,P003,26,26,34,5,0,3,SURPLUS,0.0,0.0,Low
2026-08-11,B003,P004,22,20,40,5,0,13,SURPLUS,0.0,0.0,Low
2026-08-11,B003,P005,31,30,41,6,0,4,SURPLUS,0.0,0.0,Low
2026-08-11,B003,P006,69,74,120,19,0,32,SURPLUS,0.0,0.0,Low
2026-08-11,B003,P007,17,15,16,3,4,0,SHORTAGE,4.0,46615.72,High
2026-08-11,B003,P008,21,20,35,6,0,8,SURPLUS,0.0,0.0,Low
2026-08-11,B003,P009,50,49,54,15,11,0,SHORTAGE,11.0,39595.93,High
2026-08-11,B003,P010,32,31,63,10,0,21,SURPLUS,0.0,0.0,Low
2026-08-11,B004,P001,45,41,76,14,0,17,SURPLUS,0.0,0.0,Low
2026-08-11,B004,P002,17,18,17,4,4,0,SHORTAGE,4.0,111814.24,High
2026-08-11,B004,P003,17,18,17,5,5,0,SHORTAGE,5.0,127707.25,High
2026-08-11,B004,P004,11,13,17,3,0,3,SURPLUS,0.0,0.0,Low
2026-08-11,B004,P005,32,32,65,8,0,25,SURPLUS,0.0,0.0,Low
2026-08-11,B004,P006,76,69,37,20,59,0,SHORTAGE,59.0,993898.07,Critical
2026-08-11,B004,P007,22,20,23,4,3,0,SHORTAGE,3.0,37499.13,Medium
2026-08-11,B004,P008,17,17,26,3,0,6,SURPLUS,0.0,0.0,Low
2026-08-11,B004,P009,45,48,85,13,0,27,SURPLUS,0.0,0.0,Low
2026-08-11,B004,P010,25,25,35,7,0,3,SURPLUS,0.0,0.0,Low
2026-08-11,B005,P001,49,47,77,11,0,17,SURPLUS,0.0,0.0,Low
2026-08-11,B005,P002,20,20,26,5,0,1,SURPLUS,0.0,0.0,Low
2026-08-11,B005,P003,20,22,26,5,0,1,SURPLUS,0.0,0.0,Low
2026-08-11,B005,P004,20,21,37,5,0,12,SURPLUS,0.0,0.0,Low
2026-08-11,B005,P005,28,28,33,8,3,0,SHORTAGE,3.0,138933.96,Medium
2026-08-11,B005,P006,34,40,47,7,0,6,SURPLUS,0.0,0.0,Low
2026-08-11,B005,P007,9,10,12,3,0,0,BALANCED,0.0,0.0,Low
2026-08-11,B005,P008,27,24,46,8,0,11,SURPLUS,0.0,0.0,Low
2026-08-11,B005,P009,43,47,69,11,0,15,SURPLUS,0.0,0.0,Low
2026-08-11,B005,P010,25,28,30,5,0,0,BALANCED,0.0,0.0,Low
2026-08-11,B006,P001,49,57,77,15,0,13,SURPLUS,0.0,0.0,Low
2026-08-11,B006,P002,21,22,30,6,0,3,SURPLUS,0.0,0.0,Low
2026-08-11,B006,P003,20,24,16,5,9,0,SHORTAGE,9.0,220540.13999999998,High
2026-08-11,B006,P004,17,16,11,5,11,0,SHORTAGE,11.0,100892.76999999999,Critical
2026-08-11,B006,P005,26,31,30,7,3,0,SHORTAGE,3.0,147502.41,Medium
2026-08-11,B006,P006,58,52,97,12,0,27,SURPLUS,0.0,0.0,Low
2026-08-11,B006,P007,10,10,15,3,0,2,SURPLUS,0.0,0.0,Low
2026-08-11,B006,P008,14,15,14,4,4,0,SHORTAGE,4.0,159589.24,High
2026-08-11,B006,P009,44,46,94,14,0,36,SURPLUS,0.0,0.0,Low
2026-08-11,B006,P010,23,27,30,7,0,0,BALANCED,0.0,0.0,Low
2026-08-11,B007,P001,34,33,55,8,0,13,SURPLUS,0.0,0.0,Low
2026-08-11,B007,P002,13,14,26,3,0,10,SURPLUS,0.0,0.0,Low
2026-08-11,B007,P003,23,22,20,5,8,0,SHORTAGE,8.0,200625.04,High
2026-08-11,B007,P004,15,14,28,5,0,8,SURPLUS,0.0,0.0,Low
2026-08-11,B007,P005,22,22,23,5,4,0,SHORTAGE,4.0,183085.84,Medium
2026-08-11,B007,P006,53,45,43,12,22,0,SHORTAGE,22.0,399056.68,High
2026-08-11,B007,P007,14,13,18,3,0,1,SURPLUS,0.0,0.0,Low
2026-08-11,B007,P008,12,12,8,3,7,0,SHORTAGE,7.0,280911.88999999996,Critical
2026-08-11,B007,P009,36,37,22,10,24,0,SHORTAGE,24.0,80494.56,Critical
2026-08-11,B007,P010,16,21,34,3,0,15,SURPLUS,0.0,0.0,Low
2026-08-11,B008,P001,41,37,64,9,0,14,SURPLUS,0.0,0.0,Low
2026-08-11,B008,P002,26,22,42,6,0,10,SURPLUS,0.0,0.0,Low
2026-08-11,B008,P003,29,27,45,8,0,8,SURPLUS,0.0,0.0,Low
2026-08-11,B008,P004,11,11,15,3,0,1,SURPLUS,0.0,0.0,Low
2026-08-11,B008,P005,23,25,42,7,0,12,SURPLUS,0.0,0.0,Low
2026-08-11,B008,P006,68,60,116,15,0,33,SURPLUS,0.0,0.0,Low
2026-08-11,B008,P007,11,12,6,3,8,0,SHORTAGE,8.0,88323.68,Critical
2026-08-11,B008,P008,17,16,28,4,0,7,SURPLUS,0.0,0.0,Low
2026-08-11,B008,P009,37,36,45,9,1,0,SHORTAGE,1.0,3713.32,Medium
2026-08-11,B008,P010,38,36,29,12,21,0,SHORTAGE,21.0,348460.14,Critical
2026-08-12,B001,P001,68,69,74,13,7,0,SHORTAGE,7.0,209692.35,Medium
2026-08-12,B001,P002,31,29,20,9,20,0,SHORTAGE,20.0,596895.6,Critical
2026-08-12,B001,P003,30,27,33,7,4,0,SHORTAGE,4.0,89870.8,Medium
2026-08-12,B001,P004,26,26,28,7,5,0,SHORTAGE,5.0,41878.450000000004,Medium
2026-08-12,B001,P005,45,43,46,10,9,0,SHORTAGE,9.0,461476.89,Medium
2026-08-12,B001,P006,59,67,88,14,0,15,SURPLUS,0.0,0.0,Low
2026-08-12,B001,P007,24,23,22,5,7,0,SHORTAGE,7.0,83850.83,High
2026-08-12,B001,P008,21,21,18,4,7,0,SHORTAGE,7.0,302164.03,High
2026-08-12,B001,P009,81,75,98,16,0,1,SURPLUS,0.0,0.0,Low
2026-08-12,B001,P010,37,35,67,11,0,19,SURPLUS,0.0,0.0,Low
2026-08-12,B002,P001,51,45,53,14,12,0,SHORTAGE,12.0,383415.96,High
2026-08-12,B002,P002,26,24,45,5,0,14,SURPLUS,0.0,0.0,Low
2026-08-12,B002,P003,23,23,34,6,0,5,SURPLUS,0.0,0.0,Low
2026-08-12,B002,P004,15,15,25,4,0,6,SURPLUS,0.0,0.0,Low
2026-08-12,B002,P005,32,31,43,8,0,3,SURPLUS,0.0,0.0,Low
2026-08-12,B002,P006,71,68,66,23,28,0,SHORTAGE,28.0,529093.88,High
2026-08-12,B002,P007,17,16,32,5,0,10,SURPLUS,0.0,0.0,Low
2026-08-12,B002,P008,16,18,14,4,6,0,SHORTAGE,6.0,243281.09999999998,High
2026-08-12,B002,P009,68,64,114,19,0,27,SURPLUS,0.0,0.0,Low
2026-08-12,B002,P010,25,24,23,5,7,0,SHORTAGE,7.0,118122.13,High
2026-08-12,B003,P001,67,63,98,23,0,8,SURPLUS,0.0,0.0,Low
2026-08-12,B003,P002,19,18,18,4,5,0,SHORTAGE,5.0,131485.0,High
2026-08-12,B003,P003,18,17,31,4,0,9,SURPLUS,0.0,0.0,Low
2026-08-12,B003,P004,13,15,9,3,7,0,SHORTAGE,7.0,61736.57,Critical
2026-08-12,B003,P005,29,31,59,7,0,23,SURPLUS,0.0,0.0,Low
2026-08-12,B003,P006,68,63,55,15,28,0,SHORTAGE,28.0,477974.56,High
2026-08-12,B003,P007,14,13,19,3,0,2,SURPLUS,0.0,0.0,Low
2026-08-12,B003,P008,19,18,31,4,0,8,SURPLUS,0.0,0.0,Low
2026-08-12,B003,P009,51,52,61,15,5,0,SHORTAGE,5.0,16706.0,Medium
2026-08-12,B003,P010,28,29,51,8,0,15,SURPLUS,0.0,0.0,Low
2026-08-12,B004,P001,39,39,45,8,2,0,SHORTAGE,2.0,62933.36,Medium
2026-08-12,B004,P002,20,19,27,6,0,1,SURPLUS,0.0,0.0,Low
2026-08-12,B004,P003,24,25,35,4,0,7,SURPLUS,0.0,0.0,Low
2026-08-12,B004,P004,13,16,14,3,2,0,SHORTAGE,2.0,16862.1,Medium
2026-08-12,B004,P005,21,19,27,4,0,2,SURPLUS,0.0,0.0,Low
2026-08-12,B004,P006,68,65,78,19,9,0,SHORTAGE,9.0,166094.63999999998,Medium
2026-08-12,B004,P007,13,12,19,4,0,2,SURPLUS,0.0,0.0,Low
2026-08-12,B004,P008,13,15,16,3,0,0,BALANCED,0.0,0.0,Low
2026-08-12,B004,P009,49,48,99,13,0,37,SURPLUS,0.0,0.0,Low
2026-08-12,B004,P010,16,17,14,5,7,0,SHORTAGE,7.0,111506.84999999999,High
2026-08-12,B005,P001,49,46,77,12,0,16,SURPLUS,0.0,0.0,Low
2026-08-12,B005,P002,13,14,20,4,0,3,SURPLUS,0.0,0.0,Low
2026-08-12,B005,P003,21,22,26,4,0,1,SURPLUS,0.0,0.0,Low
2026-08-12,B005,P004,11,12,16,3,0,2,SURPLUS,0.0,0.0,Low
2026-08-12,B005,P005,27,31,47,8,0,12,SURPLUS,0.0,0.0,Low
2026-08-12,B005,P006,73,64,96,24,1,0,SHORTAGE,1.0,16940.23,Medium
2026-08-12,B005,P007,17,15,22,5,0,0,BALANCED,0.0,0.0,Low
2026-08-12,B005,P008,20,19,29,6,0,3,SURPLUS,0.0,0.0,Low
2026-08-12,B005,P009,56,51,38,15,33,0,SHORTAGE,33.0,118991.06999999999,Critical
2026-08-12,B005,P010,22,22,20,5,7,0,SHORTAGE,7.0,114430.33,High
2026-08-12,B006,P001,40,38,74,10,0,24,SURPLUS,0.0,0.0,Low
2026-08-12,B006,P002,19,20,37,5,0,13,SURPLUS,0.0,0.0,Low
2026-08-12,B006,P003,21,19,41,5,0,15,SURPLUS,0.0,0.0,Low
2026-08-12,B006,P004,11,13,10,3,4,0,SHORTAGE,4.0,33366.72,High
2026-08-12,B006,P005,23,22,17,6,12,0,SHORTAGE,12.0,601278.72,Critical
2026-08-12,B006,P006,64,57,73,22,13,0,SHORTAGE,13.0,225691.44,High
2026-08-12,B006,P007,11,12,18,3,0,4,SURPLUS,0.0,0.0,Low
2026-08-12,B006,P008,14,15,24,4,0,6,SURPLUS,0.0,0.0,Low
2026-08-12,B006,P009,58,53,92,14,0,20,SURPLUS,0.0,0.0,Low
2026-08-12,B006,P010,22,23,35,5,0,8,SURPLUS,0.0,0.0,Low
2026-08-12,B007,P001,44,39,76,12,0,20,SURPLUS,0.0,0.0,Low
2026-08-12,B007,P002,16,14,23,3,0,4,SURPLUS,0.0,0.0,Low
2026-08-12,B007,P003,14,18,17,3,0,0,BALANCED,0.0,0.0,Low
2026-08-12,B007,P004,11,11,13,3,1,0,SHORTAGE,1.0,9125.96,Medium
2026-08-12,B007,P005,29,29,49,6,0,14,SURPLUS,0.0,0.0,Low
2026-08-12,B007,P006,20,21,17,4,7,0,SHORTAGE,7.0,124250.84,High
2026-08-12,B007,P007,8,9,12,3,0,1,SURPLUS,0.0,0.0,Low
2026-08-12,B007,P008,16,16,25,4,0,5,SURPLUS,0.0,0.0,Low
2026-08-12,B007,P009,36,35,49,11,0,2,SURPLUS,0.0,0.0,Low
2026-08-12,B007,P010,13,15,10,3,6,0,SHORTAGE,6.0,92545.68000000001,Critical
2026-08-12,B008,P001,46,42,43,9,12,0,SHORTAGE,12.0,366781.56,High
2026-08-12,B008,P002,25,25,21,7,11,0,SHORTAGE,11.0,295974.14,High
2026-08-12,B008,P003,22,24,36,7,0,7,SURPLUS,0.0,0.0,Low
2026-08-12,B008,P004,16,15,24,4,0,4,SURPLUS,0.0,0.0,Low
2026-08-12,B008,P005,20,21,19,4,5,0,SHORTAGE,5.0,224390.9,High
2026-08-12,B008,P006,60,58,79,18,0,1,SURPLUS,0.0,0.0,Low
2026-08-12,B008,P007,11,12,10,3,4,0,SHORTAGE,4.0,44724.88,High
2026-08-12,B008,P008,16,17,32,3,0,13,SURPLUS,0.0,0.0,Low
2026-08-12,B008,P009,40,49,30,12,22,0,SHORTAGE,22.0,81459.62,Critical
2026-08-12,B008,P010,21,22,21,4,4,0,SHORTAGE,4.0,67409.12,Medium
2026-08-13,B001,P001,76,76,55,21,42,0,SHORTAGE,42.0,1248972.9000000001,Critical
2026-08-13,B001,P002,27,25,50,6,0,17,SURPLUS,0.0,0.0,Low
2026-08-13,B001,P003,27,28,14,8,21,0,SHORTAGE,21.0,479899.56,Critical
2026-08-13,B001,P004,21,19,21,6,6,0,SHORTAGE,6.0,52083.299999999996,High
2026-08-13,B001,P005,31,36,28,7,10,0,SHORTAGE,10.0,471703.30000000005,High
2026-08-13,B001,P006,86,80,43,17,60,0,SHORTAGE,60.0,1122869.4000000001,Critical
2026-08-13,B001,P007,16,18,27,3,0,8,SURPLUS,0.0,0.0,Low
2026-08-13,B001,P008,22,21,23,6,5,0,SHORTAGE,5.0,223479.15000000002,High
2026-08-13,B001,P009,65,64,95,19,0,11,SURPLUS,0.0,0.0,Low
2026-08-13,B001,P010,39,36,31,11,19,0,SHORTAGE,19.0,319284.55,Critical
2026-08-13,B002,P001,56,58,47,11,20,0,SHORTAGE,20.0,624986.2000000001,High
2026-08-13,B002,P002,16,18,15,3,4,0,SHORTAGE,4.0,115587.04,High
2026-08-13,B002,P003,20,20,28,6,0,2,SURPLUS,0.0,0.0,Low
2026-08-13,B002,P004,20,19,29,5,0,4,SURPLUS,0.0,0.0,Low
2026-08-13,B002,P005,45,45,53,11,3,0,SHORTAGE,3.0,148505.43,Medium
2026-08-13,B002,P006,57,68,119,15,0,47,SURPLUS,0.0,0.0,Low
2026-08-13,B002,P007,17,18,10,4,11,0,SHORTAGE,11.0,138576.46000000002,Critical
2026-08-13,B002,P008,14,15,29,3,0,12,SURPLUS,0.0,0.0,Low
2026-08-13,B002,P009,55,57,103,17,0,31,SURPLUS,0.0,0.0,Low
2026-08-13,B002,P010,28,29,35,5,0,2,SURPLUS,0.0,0.0,Low
2026-08-13,B003,P001,58,58,106,19,0,29,SURPLUS,0.0,0.0,Low
2026-08-13,B003,P002,19,18,14,4,9,0,SHORTAGE,9.0,267161.22000000003,Critical
2026-08-13,B003,P003,25,24,13,6,18,0,SHORTAGE,18.0,414264.60000000003,Critical
2026-08-13,B003,P004,14,14,20,3,0,3,SURPLUS,0.0,0.0,Low
2026-08-13,B003,P005,35,38,51,7,0,9,SURPLUS,0.0,0.0,Low
2026-08-13,B003,P006,85,78,124,26,0,13,SURPLUS,0.0,0.0,Low
2026-08-13,B003,P007,19,17,16,4,7,0,SHORTAGE,7.0,85538.32,High
2026-08-13,B003,P008,15,15,10,4,9,0,SHORTAGE,9.0,387278.73,Critical
2026-08-13,B003,P009,53,48,72,18,0,1,SURPLUS,0.0,0.0,Low
2026-08-13,B003,P010,27,24,48,8,0,13,SURPLUS,0.0,0.0,Low
2026-08-13,B004,P001,57,56,33,17,41,0,SHORTAGE,41.0,1228934.82,Critical
2026-08-13,B004,P002,16,16,29,4,0,9,SURPLUS,0.0,0.0,Low
2026-08-13,B004,P003,21,21,24,6,3,0,SHORTAGE,3.0,75717.81,Medium
2026-08-13,B004,P004,18,20,11,4,11,0,SHORTAGE,11.0,103651.57,Critical
2026-08-13,B004,P005,29,29,38,6,0,3,SURPLUS,0.0,0.0,Low
2026-08-13,B004,P006,80,68,118,18,0,20,SURPLUS,0.0,0.0,Low
2026-08-13,B004,P007,13,12,17,3,0,1,SURPLUS,0.0,0.0,Low
2026-08-13,B004,P008,17,17,28,4,0,7,SURPLUS,0.0,0.0,Low
2026-08-13,B004,P009,48,50,67,11,0,8,SURPLUS,0.0,0.0,Low
2026-08-13,B004,P010,28,27,35,9,2,0,SHORTAGE,2.0,31930.64,Medium
2026-08-13,B005,P001,48,47,86,13,0,25,SURPLUS,0.0,0.0,Low
2026-08-13,B005,P002,20,21,27,6,0,1,SURPLUS,0.0,0.0,Low
2026-08-13,B005,P003,17,18,21,4,0,0,BALANCED,0.0,0.0,Low
2026-08-13,B005,P004,18,18,29,5,0,6,SURPLUS,0.0,0.0,Low
2026-08-13,B005,P005,27,25,42,8,0,7,SURPLUS,0.0,0.0,Low
2026-08-13,B005,P006,60,56,108,13,0,35,SURPLUS,0.0,0.0,Low
2026-08-13,B005,P007,11,13,20,3,0,6,SURPLUS,0.0,0.0,Low
2026-08-13,B005,P008,21,20,19,5,7,0,SHORTAGE,7.0,314289.29000000004,High
2026-08-13,B005,P009,45,40,70,13,0,12,SURPLUS,0.0,0.0,Low
2026-08-13,B005,P010,27,27,40,7,0,6,SURPLUS,0.0,0.0,Low
2026-08-13,B006,P001,27,27,44,7,0,10,SURPLUS,0.0,0.0,Low
2026-08-13,B006,P002,13,13,16,3,0,0,BALANCED,0.0,0.0,Low
2026-08-13,B006,P003,17,19,30,4,0,9,SURPLUS,0.0,0.0,Low
2026-08-13,B006,P004,17,17,32,5,0,10,SURPLUS,0.0,0.0,Low
2026-08-13,B006,P005,20,19,13,5,12,0,SHORTAGE,12.0,612417.12,Critical
2026-08-13,B006,P006,45,49,28,9,26,0,SHORTAGE,26.0,482132.82,Critical
2026-08-13,B006,P007,10,11,10,3,3,0,SHORTAGE,3.0,35349.18,High
2026-08-13,B006,P008,22,20,37,5,0,10,SURPLUS,0.0,0.0,Low
2026-08-13,B006,P009,46,43,42,11,15,0,SHORTAGE,15.0,53888.4,High
2026-08-13,B006,P010,20,21,19,5,6,0,SHORTAGE,6.0,98797.86000000002,High
2026-08-13,B007,P001,34,37,41,8,1,0,SHORTAGE,1.0,31530.9,Medium
2026-08-13,B007,P002,16,16,17,3,2,0,SHORTAGE,2.0,55912.46,Medium
2026-08-13,B007,P003,18,19,30,3,0,9,SURPLUS,0.0,0.0,Low
2026-08-13,B007,P004,14,15,22,3,0,5,SURPLUS,0.0,0.0,Low
2026-08-13,B007,P005,21,22,35,5,0,9,SURPLUS,0.0,0.0,Low
2026-08-13,B007,P006,49,46,33,11,27,0,SHORTAGE,27.0,521698.86,Critical
2026-08-13,B007,P007,14,14,12,3,5,0,SHORTAGE,5.0,63834.6,High
2026-08-13,B007,P008,13,13,21,3,0,5,SURPLUS,0.0,0.0,Low
2026-08-13,B007,P009,36,39,21,12,27,0,SHORTAGE,27.0,95103.45,Critical
2026-08-13,B007,P010,17,19,23,5,0,1,SURPLUS,0.0,0.0,Low
2026-08-13,B008,P001,40,37,25,8,23,0,SHORTAGE,23.0,689935.14,Critical
2026-08-13,B008,P002,17,17,19,3,1,0,SHORTAGE,1.0,26958.46,Medium
2026-08-13,B008,P003,13,14,18,3,0,2,SURPLUS,0.0,0.0,Low
2026-08-13,B008,P004,12,12,13,3,2,0,SHORTAGE,2.0,17902.5,Medium
2026-08-13,B008,P005,28,29,50,7,0,15,SURPLUS,0.0,0.0,Low
2026-08-13,B008,P006,53,50,64,18,7,0,SHORTAGE,7.0,136011.75,Medium
2026-08-13,B008,P007,8,8,5,3,6,0,SHORTAGE,6.0,76489.44,Critical
2026-08-13,B008,P008,17,16,13,5,9,0,SHORTAGE,9.0,383176.26,Critical
2026-08-13,B008,P009,47,51,74,10,0,17,SURPLUS,0.0,0.0,Low
2026-08-13,B008,P010,20,21,35,4,0,11,SURPLUS,0.0,0.0,Low
2026-08-14,B001,P001,69,67,63,22,28,0,SHORTAGE,28.0,929461.12,High
2026-08-14,B001,P002,33,31,48,9,0,6,SURPLUS,0.0,0.0,Low
2026-08-14,B001,P003,35,32,59,8,0,16,SURPLUS,0.0,0.0,Low
2026-08-14,B001,P004,30,27,19,7,18,0,SHORTAGE,18.0,149152.32,Critical
2026-08-14,B001,P005,57,49,88,13,0,18,SURPLUS,0.0,0.0,Low
2026-08-14,B001,P006,113,116,102,31,42,0,SHORTAGE,42.0,746143.8600000001,High
2026-08-14,B001,P007,26,24,18,5,13,0,SHORTAGE,13.0,160862.0,Critical
2026-08-14,B001,P008,24,25,23,7,8,0,SHORTAGE,8.0,348873.92,High
2026-08-14,B001,P009,80,81,80,16,16,0,SHORTAGE,16.0,56293.12,Medium
2026-08-14,B001,P010,48,49,90,11,0,31,SURPLUS,0.0,0.0,Low
2026-08-14,B002,P001,63,62,34,14,43,0,SHORTAGE,43.0,1371079.51,Critical
2026-08-14,B002,P002,18,20,16,4,6,0,SHORTAGE,6.0,155296.56,High
2026-08-14,B002,P003,29,29,36,10,3,0,SHORTAGE,3.0,73251.36,Medium
2026-08-14,B002,P004,19,20,37,4,0,14,SURPLUS,0.0,0.0,Low
2026-08-14,B002,P005,38,40,30,13,21,0,SHORTAGE,21.0,1018213.98,Critical
2026-08-14,B002,P006,97,89,73,26,50,0,SHORTAGE,50.0,934512.5,Critical
2026-08-14,B002,P007,15,18,13,3,5,0,SHORTAGE,5.0,63129.3,High
2026-08-14,B002,P008,16,16,11,5,10,0,SHORTAGE,10.0,388999.5,Critical
2026-08-14,B002,P009,60,57,68,14,6,0,SHORTAGE,6.0,22563.72,Medium
2026-08-14,B002,P010,30,35,25,6,11,0,SHORTAGE,11.0,181584.15000000002,High
2026-08-14,B003,P001,56,53,110,18,0,36,SURPLUS,0.0,0.0,Low
2026-08-14,B003,P002,18,21,29,5,0,6,SURPLUS,0.0,0.0,Low
2026-08-14,B003,P003,19,22,15,4,8,0,SHORTAGE,8.0,183330.8,High
2026-08-14,B003,P004,16,17,12,4,8,0,SHORTAGE,8.0,76080.24,Critical
2026-08-14,B003,P005,29,29,38,7,0,2,SURPLUS,0.0,0.0,Low
2026-08-14,B003,P006,53,58,59,16,10,0,SHORTAGE,10.0,181482.0,Medium
2026-08-14,B003,P007,16,17,11,4,9,0,SHORTAGE,9.0,101134.71,Critical
2026-08-14,B003,P008,19,18,20,3,2,0,SHORTAGE,2.0,90005.6,Medium
2026-08-14,B003,P009,38,38,40,13,11,0,SHORTAGE,11.0,36892.020000000004,High
2026-08-14,B003,P010,22,26,41,4,0,15,SURPLUS,0.0,0.0,Low
2026-08-14,B004,P001,39,38,56,8,0,9,SURPLUS,0.0,0.0,Low
2026-08-14,B004,P002,13,13,6,3,10,0,SHORTAGE,10.0,262239.0,Critical
2026-08-14,B004,P003,17,18,15,5,7,0,SHORTAGE,7.0,177603.58,High
2026-08-14,B004,P004,18,15,37,5,0,14,SURPLUS,0.0,0.0,Low
2026-08-14,B004,P005,45,45,21,9,33,0,SHORTAGE,33.0,1622573.0399999998,Critical
2026-08-14,B004,P006,64,61,112,13,0,35,SURPLUS,0.0,0.0,Low
2026-08-14,B004,P007,18,15,34,4,0,12,SURPLUS,0.0,0.0,Low
2026-08-14,B004,P008,21,23,30,4,0,5,SURPLUS,0.0,0.0,Low
2026-08-14,B004,P009,67,69,111,16,0,28,SURPLUS,0.0,0.0,Low
2026-08-14,B004,P010,29,32,51,6,0,16,SURPLUS,0.0,0.0,Low
2026-08-14,B005,P001,47,49,97,15,0,35,SURPLUS,0.0,0.0,Low
2026-08-14,B005,P002,23,23,30,7,0,0,BALANCED,0.0,0.0,Low
2026-08-14,B005,P003,25,23,36,7,0,4,SURPLUS,0.0,0.0,Low
2026-08-14,B005,P004,19,18,31,5,0,7,SURPLUS,0.0,0.0,Low
2026-08-14,B005,P005,34,34,30,10,14,0,SHORTAGE,14.0,685415.64,High
2026-08-14,B005,P006,56,58,82,11,0,15,SURPLUS,0.0,0.0,Low
2026-08-14,B005,P007,16,17,25,4,0,5,SURPLUS,0.0,0.0,Low
2026-08-14,B005,P008,19,20,24,6,1,0,SHORTAGE,1.0,41500.0,Medium
2026-08-14,B005,P009,39,39,78,10,0,29,SURPLUS,0.0,0.0,Low
2026-08-14,B005,P010,30,30,30,9,9,0,SHORTAGE,9.0,151063.02,High
2026-08-14,B006,P001,43,47,50,11,4,0,SHORTAGE,4.0,120919.84,Medium
2026-08-14,B006,P002,14,14,14,4,4,0,SHORTAGE,4.0,115337.48,High
2026-08-14,B006,P003,19,19,38,5,0,14,SURPLUS,0.0,0.0,Low
2026-08-14,B006,P004,19,17,32,6,0,7,SURPLUS,0.0,0.0,Low
2026-08-14,B006,P005,36,34,61,8,0,17,SURPLUS,0.0,0.0,Low
2026-08-14,B006,P006,79,69,144,27,0,38,SURPLUS,0.0,0.0,Low
2026-08-14,B006,P007,8,11,9,3,2,0,SHORTAGE,2.0,25075.36,High
2026-08-14,B006,P008,18,18,9,5,14,0,SHORTAGE,14.0,593436.06,Critical
2026-08-14,B006,P009,36,33,46,9,0,1,SURPLUS,0.0,0.0,Low
2026-08-14,B006,P010,27,32,37,8,0,2,SURPLUS,0.0,0.0,Low
2026-08-14,B007,P001,37,42,38,10,9,0,SHORTAGE,9.0,306630.45,High
2026-08-14,B007,P002,21,21,40,4,0,15,SURPLUS,0.0,0.0,Low
2026-08-14,B007,P003,18,19,15,3,6,0,SHORTAGE,6.0,137717.52,High
2026-08-14,B007,P004,11,13,20,3,0,6,SURPLUS,0.0,0.0,Low
2026-08-14,B007,P005,34,33,67,9,0,24,SURPLUS,0.0,0.0,Low
2026-08-14,B007,P006,41,45,30,13,24,0,SHORTAGE,24.0,438333.83999999997,Critical
2026-08-14,B007,P007,16,17,31,4,0,11,SURPLUS,0.0,0.0,Low
2026-08-14,B007,P008,8,9,14,3,0,3,SURPLUS,0.0,0.0,Low
2026-08-14,B007,P009,36,42,69,9,0,24,SURPLUS,0.0,0.0,Low
2026-08-14,B007,P010,24,27,19,7,12,0,SHORTAGE,12.0,198985.32,Critical
2026-08-14,B008,P001,55,49,45,11,21,0,SHORTAGE,21.0,707201.0399999999,High
2026-08-14,B008,P002,20,21,23,5,2,0,SHORTAGE,2.0,56318.78,Medium
2026-08-14,B008,P003,16,19,24,3,0,5,SURPLUS,0.0,0.0,Low
2026-08-14,B008,P004,16,20,33,3,0,14,SURPLUS,0.0,0.0,Low
2026-08-14,B008,P005,44,39,69,9,0,16,SURPLUS,0.0,0.0,Low
2026-08-14,B008,P006,87,80,94,21,14,0,SHORTAGE,14.0,238495.32,Medium
2026-08-14,B008,P007,15,15,14,4,5,0,SHORTAGE,5.0,61346.7,High
2026-08-14,B008,P008,14,14,21,3,0,4,SURPLUS,0.0,0.0,Low
2026-08-14,B008,P009,37,34,53,9,0,7,SURPLUS,0.0,0.0,Low
2026-08-14,B008,P010,30,29,25,9,14,0,SHORTAGE,14.0,237942.04,Critical
2026-08-15,B001,P001,61,65,89,12,0,16,SURPLUS,0.0,0.0,Low
2026-08-15,B001,P002,43,39,34,11,20,0,SHORTAGE,20.0,580367.0,Critical
2026-08-15,B001,P003,37,41,58,7,0,14,SURPLUS,0.0,0.0,Low
2026-08-15,B001,P004,26,27,25,7,8,0,SHORTAGE,8.0,72982.96,High
2026-08-15,B001,P005,41,39,78,8,0,29,SURPLUS,0.0,0.0,Low
2026-08-15,B001,P006,111,104,203,28,0,64,SURPLUS,0.0,0.0,Low
2026-08-15,B001,P007,28,26,30,9,7,0,SHORTAGE,7.0,90444.27,High
2026-08-15,B001,P008,30,29,39,7,0,2,SURPLUS,0.0,0.0,Low
2026-08-15,B001,P009,76,79,130,22,0,32,SURPLUS,0.0,0.0,Low
2026-08-15,B001,P010,48,48,44,12,16,0,SHORTAGE,16.0,251385.76,High
2026-08-15,B002,P001,59,62,42,17,34,0,SHORTAGE,34.0,1162113.2000000002,Critical
2026-08-15,B002,P002,27,26,56,5,0,24,SURPLUS,0.0,0.0,Low
2026-08-15,B002,P003,27,27,48,9,0,12,SURPLUS,0.0,0.0,Low
2026-08-15,B002,P004,19,20,16,6,9,0,SHORTAGE,9.0,75219.84,Critical
2026-08-15,B002,P005,41,42,47,12,6,0,SHORTAGE,6.0,274709.76,Medium
2026-08-15,B002,P006,94,91,124,24,0,6,SURPLUS,0.0,0.0,Low
2026-08-15,B002,P007,23,21,43,6,0,14,SURPLUS,0.0,0.0,Low
2026-08-15,B002,P008,24,23,13,4,15,0,SHORTAGE,15.0,637562.5499999999,Critical
2026-08-15,B002,P009,59,65,55,12,16,0,SHORTAGE,16.0,52863.52,High
2026-08-15,B002,P010,25,26,28,5,2,0,SHORTAGE,2.0,31842.2,Medium
2026-08-15,B003,P001,65,59,32,17,50,0,SHORTAGE,50.0,1502147.0,Critical
2026-08-15,B003,P002,24,23,28,7,3,0,SHORTAGE,3.0,81298.68000000001,Medium
2026-08-15,B003,P003,26,27,30,5,1,0,SHORTAGE,1.0,25680.82,Medium
2026-08-15,B003,P004,19,18,28,4,0,5,SURPLUS,0.0,0.0,Low
2026-08-15,B003,P005,40,37,54,13,0,1,SURPLUS,0.0,0.0,Low
2026-08-15,B003,P006,71,76,118,18,0,29,SURPLUS,0.0,0.0,Low
2026-08-15,B003,P007,21,20,16,4,9,0,SHORTAGE,9.0,115578.90000000001,High
2026-08-15,B003,P008,22,21,19,6,9,0,SHORTAGE,9.0,376064.01,High
2026-08-15,B003,P009,66,61,60,21,27,0,SHORTAGE,27.0,100166.48999999999,High
2026-08-15,B003,P010,24,28,22,6,8,0,SHORTAGE,8.0,124020.56,High
2026-08-15,B004,P001,45,45,34,12,23,0,SHORTAGE,23.0,731209.56,Critical
2026-08-15,B004,P002,18,19,21,4,1,0,SHORTAGE,1.0,29168.77,Medium
2026-08-15,B004,P003,24,27,31,6,0,1,SURPLUS,0.0,0.0,Low
2026-08-15,B004,P004,17,16,29,4,0,8,SURPLUS,0.0,0.0,Low
2026-08-15,B004,P005,29,32,46,8,0,9,SURPLUS,0.0,0.0,Low
2026-08-15,B004,P006,62,58,59,15,18,0,SHORTAGE,18.0,307928.52,High
2026-08-15,B004,P007,19,18,21,4,2,0,SHORTAGE,2.0,23203.48,Medium
2026-08-15,B004,P008,13,13,20,3,0,4,SURPLUS,0.0,0.0,Low
2026-08-15,B004,P009,51,51,31,15,35,0,SHORTAGE,35.0,122009.3,Critical
2026-08-15,B004,P010,33,32,55,9,0,13,SURPLUS,0.0,0.0,Low
2026-08-15,B005,P001,50,51,89,14,0,25,SURPLUS,0.0,0.0,Low
2026-08-15,B005,P002,19,20,33,5,0,9,SURPLUS,0.0,0.0,Low
2026-08-15,B005,P003,27,25,14,6,19,0,SHORTAGE,19.0,485739.75,Critical
2026-08-15,B005,P004,17,17,31,4,0,10,SURPLUS,0.0,0.0,Low
2026-08-15,B005,P005,33,31,54,9,0,12,SURPLUS,0.0,0.0,Low
2026-08-15,B005,P006,66,81,107,19,0,22,SURPLUS,0.0,0.0,Low
2026-08-15,B005,P007,17,18,15,3,5,0,SHORTAGE,5.0,58640.100000000006,High
2026-08-15,B005,P008,22,23,38,5,0,11,SURPLUS,0.0,0.0,Low
2026-08-15,B005,P009,53,53,34,15,34,0,SHORTAGE,34.0,116356.5,Critical
2026-08-15,B005,P010,22,21,19,7,10,0,SHORTAGE,10.0,171689.7,Critical
2026-08-15,B006,P001,61,52,91,15,0,15,SURPLUS,0.0,0.0,Low
2026-08-15,B006,P002,17,21,18,4,3,0,SHORTAGE,3.0,86152.79999999999,Medium
2026-08-15,B006,P003,20,23,25,6,1,0,SHORTAGE,1.0,23570.5,Medium
2026-08-15,B006,P004,8,8,10,3,1,0,SHORTAGE,1.0,9691.56,Medium
2026-08-15,B006,P005,40,35,55,11,0,4,SURPLUS,0.0,0.0,Low
2026-08-15,B006,P006,60,65,114,12,0,42,SURPLUS,0.0,0.0,Low
2026-08-15,B006,P007,14,15,21,3,0,4,SURPLUS,0.0,0.0,Low
2026-08-15,B006,P008,19,18,13,6,12,0,SHORTAGE,12.0,535706.3999999999,Critical
2026-08-15,B006,P009,52,49,52,14,14,0,SHORTAGE,14.0,52393.74,High
2026-08-15,B006,P010,35,32,41,10,4,0,SHORTAGE,4.0,59423.64,Medium
2026-08-15,B007,P001,37,46,51,7,0,7,SURPLUS,0.0,0.0,Low
2026-08-15,B007,P002,18,18,17,4,5,0,SHORTAGE,5.0,142913.34999999998,High
2026-08-15,B007,P003,25,22,18,7,14,0,SHORTAGE,14.0,327054.42,Critical
2026-08-15,B007,P004,13,13,19,3,0,3,SURPLUS,0.0,0.0,Low
2026-08-15,B007,P005,25,24,24,7,8,0,SHORTAGE,8.0,379251.12,High
2026-08-15,B007,P006,34,40,51,9,0,8,SURPLUS,0.0,0.0,Low
2026-08-15,B007,P007,10,10,14,3,0,1,SURPLUS,0.0,0.0,Low
2026-08-15,B007,P008,12,14,13,3,2,0,SHORTAGE,2.0,87004.74,Medium
2026-08-15,B007,P009,46,49,42,13,17,0,SHORTAGE,17.0,54759.55,High
2026-08-15,B007,P010,32,36,51,9,0,10,SURPLUS,0.0,0.0,Low
2026-08-15,B008,P001,45,50,35,13,23,0,SHORTAGE,23.0,778334.49,Critical
2026-08-15,B008,P002,16,16,14,3,5,0,SHORTAGE,5.0,136209.85,High
2026-08-15,B008,P003,17,19,9,4,12,0,SHORTAGE,12.0,287124.24,Critical
2026-08-15,B008,P004,14,16,9,3,8,0,SHORTAGE,8.0,70051.68,Critical
2026-08-15,B008,P005,34,32,49,10,0,5,SURPLUS,0.0,0.0,Low
2026-08-15,B008,P006,64,64,62,13,15,0,SHORTAGE,15.0,286475.55,High
2026-08-15,B008,P007,14,13,22,3,0,5,SURPLUS,0.0,0.0,Low
2026-08-15,B008,P008,22,20,17,7,12,0,SHORTAGE,12.0,529199.28,Critical
2026-08-15,B008,P009,40,42,25,11,26,0,SHORTAGE,26.0,92427.66,Critical
2026-08-15,B008,P010,23,29,25,5,3,0,SHORTAGE,3.0,46003.92,Medium
2026-08-16,B001,P001,58,54,101,18,0,25,SURPLUS,0.0,0.0,Low
2026-08-16,B001,P002,27,26,56,7,0,22,SURPLUS,0.0,0.0,Low
2026-08-16,B001,P003,27,27,55,7,0,21,SURPLUS,0.0,0.0,Low
2026-08-16,B001,P004,23,21,45,6,0,16,SURPLUS,0.0,0.0,Low
2026-08-16,B001,P005,46,47,45,16,17,0,SHORTAGE,17.0,849781.21,High
2026-08-16,B001,P006,67,66,108,16,0,25,SURPLUS,0.0,0.0,Low
2026-08-16,B001,P007,27,25,35,8,0,0,BALANCED,0.0,0.0,Low
2026-08-16,B001,P008,23,21,32,5,0,4,SURPLUS,0.0,0.0,Low
2026-08-16,B001,P009,66,69,80,18,4,0,SHORTAGE,4.0,13508.72,Medium
2026-08-16,B001,P010,40,36,63,11,0,12,SURPLUS,0.0,0.0,Low
2026-08-16,B002,P001,44,42,44,14,14,0,SHORTAGE,14.0,434607.88,High
2026-08-16,B002,P002,23,21,17,6,12,0,SHORTAGE,12.0,310288.19999999995,Critical
2026-08-16,B002,P003,26,25,41,6,0,9,SURPLUS,0.0,0.0,Low
2026-08-16,B002,P004,19,18,12,4,11,0,SHORTAGE,11.0,105694.93,Critical
2026-08-16,B002,P005,34,33,29,11,16,0,SHORTAGE,16.0,768869.92,Critical
2026-08-16,B002,P006,61,62,85,18,0,6,SURPLUS,0.0,0.0,Low
2026-08-16,B002,P007,18,18,28,4,0,6,SURPLUS,0.0,0.0,Low
2026-08-16,B002,P008,15,16,15,4,4,0,SHORTAGE,4.0,175788.56,High
2026-08-16,B002,P009,50,44,59,16,7,0,SHORTAGE,7.0,25128.67,Medium
2026-08-16,B002,P010,23,25,43,6,0,14,SURPLUS,0.0,0.0,Low
2026-08-16,B003,P001,60,50,34,13,39,0,SHORTAGE,39.0,1322627.2799999998,Critical
2026-08-16,B003,P002,19,18,16,5,8,0,SHORTAGE,8.0,233030.48,High
2026-08-16,B003,P003,21,23,15,6,12,0,SHORTAGE,12.0,287701.19999999995,Critical
2026-08-16,B003,P004,15,15,26,3,0,8,SURPLUS,0.0,0.0,Low
2026-08-16,B003,P005,29,28,15,9,23,0,SHORTAGE,23.0,1152530.46,Critical
2026-08-16,B003,P006,76,64,115,22,0,17,SURPLUS,0.0,0.0,Low
2026-08-16,B003,P007,17,17,24,5,0,2,SURPLUS,0.0,0.0,Low
2026-08-16,B003,P008,21,19,34,4,0,9,SURPLUS,0.0,0.0,Low
2026-08-16,B003,P009,39,38,78,11,0,28,SURPLUS,0.0,0.0,Low
2026-08-16,B003,P010,28,26,37,5,0,4,SURPLUS,0.0,0.0,Low
2026-08-16,B004,P001,49,49,96,15,0,32,SURPLUS,0.0,0.0,Low
2026-08-16,B004,P002,18,17,33,5,0,10,SURPLUS,0.0,0.0,Low
2026-08-16,B004,P003,14,15,24,4,0,6,SURPLUS,0.0,0.0,Low
2026-08-16,B004,P004,15,16,14,4,5,0,SHORTAGE,5.0,44231.5,High
2026-08-16,B004,P005,25,30,37,6,0,6,SURPLUS,0.0,0.0,Low
2026-08-16,B004,P006,62,60,107,13,0,32,SURPLUS,0.0,0.0,Low
2026-08-16,B004,P007,14,12,12,3,5,0,SHORTAGE,5.0,59957.600000000006,High
2026-08-16,B004,P008,16,15,28,3,0,9,SURPLUS,0.0,0.0,Low
2026-08-16,B004,P009,42,43,63,8,0,13,SURPLUS,0.0,0.0,Low
2026-08-16,B004,P010,24,25,44,6,0,14,SURPLUS,0.0,0.0,Low
2026-08-16,B005,P001,41,39,67,10,0,16,SURPLUS,0.0,0.0,Low
2026-08-16,B005,P002,19,18,28,6,0,3,SURPLUS,0.0,0.0,Low
2026-08-16,B005,P003,26,26,47,6,0,15,SURPLUS,0.0,0.0,Low
2026-08-16,B005,P004,19,18,11,5,13,0,SHORTAGE,13.0,119951.26000000001,Critical
2026-08-16,B005,P005,28,26,32,9,5,0,SHORTAGE,5.0,230251.45,Medium
2026-08-16,B005,P006,64,76,109,21,0,24,SURPLUS,0.0,0.0,Low
2026-08-16,B005,P007,14,15,20,3,0,3,SURPLUS,0.0,0.0,Low
2026-08-16,B005,P008,21,20,17,4,8,0,SHORTAGE,8.0,344310.64,High
2026-08-16,B005,P009,40,44,57,13,0,4,SURPLUS,0.0,0.0,Low
2026-08-16,B005,P010,26,26,47,8,0,13,SURPLUS,0.0,0.0,Low
2026-08-16,B006,P001,47,44,19,14,42,0,SHORTAGE,42.0,1371753.18,Critical
2026-08-16,B006,P002,21,21,34,7,0,6,SURPLUS,0.0,0.0,Low
2026-08-16,B006,P003,18,18,36,4,0,14,SURPLUS,0.0,0.0,Low
2026-08-16,B006,P004,13,13,18,4,0,1,SURPLUS,0.0,0.0,Low
2026-08-16,B006,P005,24,23,35,6,0,5,SURPLUS,0.0,0.0,Low
2026-08-16,B006,P006,58,58,60,16,14,0,SHORTAGE,14.0,254767.52000000002,High
2026-08-16,B006,P007,8,9,7,3,4,0,SHORTAGE,4.0,48674.72,Critical
2026-08-16,B006,P008,13,13,22,3,0,6,SURPLUS,0.0,0.0,Low
2026-08-16,B006,P009,40,36,28,12,24,0,SHORTAGE,24.0,81194.4,Critical
2026-08-16,B006,P010,31,28,26,9,14,0,SHORTAGE,14.0,235386.34000000003,Critical
2026-08-16,B007,P001,29,30,18,8,19,0,SHORTAGE,19.0,655268.01,Critical
2026-08-16,B007,P002,12,13,23,3,0,8,SURPLUS,0.0,0.0,Low
2026-08-16,B007,P003,11,13,8,3,6,0,SHORTAGE,6.0,153560.34,Critical
2026-08-16,B007,P004,15,13,27,4,0,8,SURPLUS,0.0,0.0,Low
2026-08-16,B007,P005,32,31,14,9,27,0,SHORTAGE,27.0,1361830.32,Critical
2026-08-16,B007,P006,35,38,43,10,2,0,SHORTAGE,2.0,33869.18,Medium
2026-08-16,B007,P007,13,12,17,3,0,1,SURPLUS,0.0,0.0,Low
2026-08-16,B007,P008,16,14,30,5,0,9,SURPLUS,0.0,0.0,Low
2026-08-16,B007,P009,46,43,33,11,24,0,SHORTAGE,24.0,87415.20000000001,Critical
2026-08-16,B007,P010,24,24,46,5,0,17,SURPLUS,0.0,0.0,Low
2026-08-16,B008,P001,41,43,29,9,21,0,SHORTAGE,21.0,636862.7999999999,Critical
2026-08-16,B008,P002,15,15,19,4,0,0,BALANCED,0.0,0.0,Low
2026-08-16,B008,P003,19,19,20,6,5,0,SHORTAGE,5.0,128134.59999999999,High
2026-08-16,B008,P004,11,12,14,3,0,0,BALANCED,0.0,0.0,Low
2026-08-16,B008,P005,26,28,28,5,3,0,SHORTAGE,3.0,136938.63,Medium
2026-08-16,B008,P006,46,53,69,10,0,13,SURPLUS,0.0,0.0,Low
2026-08-16,B008,P007,15,15,25,4,0,6,SURPLUS,0.0,0.0,Low
2026-08-16,B008,P008,15,17,17,3,1,0,SHORTAGE,1.0,42419.45,Medium
2026-08-16,B008,P009,37,37,34,11,14,0,SHORTAGE,14.0,48205.36,High
2026-08-16,B008,P010,32,30,36,8,4,0,SHORTAGE,4.0,66916.0,Medium
2026-08-17,B001,P001,75,71,121,20,0,26,SURPLUS,0.0,0.0,Low
2026-08-17,B001,P002,26,25,34,5,0,3,SURPLUS,0.0,0.0,Low
2026-08-17,B001,P003,34,33,39,8,3,0,SHORTAGE,3.0,66691.47,Medium
2026-08-17,B001,P004,24,27,17,4,11,0,SHORTAGE,11.0,99739.53,Critical
2026-08-17,B001,P005,47,44,27,15,35,0,SHORTAGE,35.0,1767360.0,Critical
2026-08-17,B001,P006,80,80,50,19,49,0,SHORTAGE,49.0,812332.78,Critical
2026-08-17,B001,P007,22,23,43,7,0,14,SURPLUS,0.0,0.0,Low
2026-08-17,B001,P008,30,29,27,8,11,0,SHORTAGE,11.0,472913.76,High
2026-08-17,B001,P009,63,54,123,16,0,44,SURPLUS,0.0,0.0,Low
2026-08-17,B001,P010,43,46,79,10,0,26,SURPLUS,0.0,0.0,Low
2026-08-17,B002,P001,54,50,49,18,23,0,SHORTAGE,23.0,686087.7000000001,High
2026-08-17,B002,P002,23,25,30,5,0,2,SURPLUS,0.0,0.0,Low
2026-08-17,B002,P003,16,19,31,3,0,12,SURPLUS,0.0,0.0,Low
2026-08-17,B002,P004,16,16,26,3,0,7,SURPLUS,0.0,0.0,Low
2026-08-17,B002,P005,24,27,29,8,3,0,SHORTAGE,3.0,150955.32,Medium
2026-08-17,B002,P006,59,60,67,17,9,0,SHORTAGE,9.0,150172.29,Medium
2026-08-17,B002,P007,18,18,13,5,10,0,SHORTAGE,10.0,122754.2,Critical
2026-08-17,B002,P008,18,17,36,6,0,12,SURPLUS,0.0,0.0,Low
2026-08-17,B002,P009,51,51,60,15,6,0,SHORTAGE,6.0,22311.6,Medium
2026-08-17,B002,P010,23,26,32,6,0,3,SURPLUS,0.0,0.0,Low
2026-08-17,B003,P001,57,52,106,15,0,34,SURPLUS,0.0,0.0,Low
2026-08-17,B003,P002,19,19,11,3,11,0,SHORTAGE,11.0,327372.21,Critical
2026-08-17,B003,P003,26,25,49,8,0,15,SURPLUS,0.0,0.0,Low
2026-08-17,B003,P004,18,17,12,4,10,0,SHORTAGE,10.0,96560.40000000001,Critical
2026-08-17,B003,P005,22,24,43,5,0,16,SURPLUS,0.0,0.0,Low
2026-08-17,B003,P006,75,80,129,21,0,33,SURPLUS,0.0,0.0,Low
2026-08-17,B003,P007,14,16,15,4,3,0,SHORTAGE,3.0,38508.24,High
2026-08-17,B003,P008,14,15,27,3,0,10,SURPLUS,0.0,0.0,Low
2026-08-17,B003,P009,49,52,69,15,0,5,SURPLUS,0.0,0.0,Low
2026-08-17,B003,P010,31,27,64,10,0,23,SURPLUS,0.0,0.0,Low
2026-08-17,B004,P001,43,48,20,13,36,0,SHORTAGE,36.0,1243935.36,Critical
2026-08-17,B004,P002,21,20,37,5,0,11,SURPLUS,0.0,0.0,Low
2026-08-17,B004,P003,12,13,16,3,0,1,SURPLUS,0.0,0.0,Low
2026-08-17,B004,P004,13,13,19,4,0,2,SURPLUS,0.0,0.0,Low
2026-08-17,B004,P005,30,28,31,7,6,0,SHORTAGE,6.0,301426.02,Medium
2026-08-17,B004,P006,55,46,99,14,0,30,SURPLUS,0.0,0.0,Low
2026-08-17,B004,P007,14,15,17,3,0,0,BALANCED,0.0,0.0,Low
2026-08-17,B004,P008,19,18,31,6,0,6,SURPLUS,0.0,0.0,Low
2026-08-17,B004,P009,47,53,39,13,21,0,SHORTAGE,21.0,68214.72,High
2026-08-17,B004,P010,35,33,38,10,7,0,SHORTAGE,7.0,105180.11,Medium
2026-08-17,B005,P001,56,49,58,15,13,0,SHORTAGE,13.0,423430.41,High
2026-08-17,B005,P002,18,17,20,6,4,0,SHORTAGE,4.0,111733.24,High
2026-08-17,B005,P003,26,28,51,6,0,19,SURPLUS,0.0,0.0,Low
2026-08-17,B005,P004,13,12,27,3,0,11,SURPLUS,0.0,0.0,Low
2026-08-17,B005,P005,29,29,49,9,0,11,SURPLUS,0.0,0.0,Low
2026-08-17,B005,P006,62,56,85,14,0,9,SURPLUS,0.0,0.0,Low
2026-08-17,B005,P007,18,17,30,5,0,7,SURPLUS,0.0,0.0,Low
2026-08-17,B005,P008,14,15,14,3,3,0,SHORTAGE,3.0,127073.51999999999,High
2026-08-17,B005,P009,50,47,78,15,0,13,SURPLUS,0.0,0.0,Low
2026-08-17,B005,P010,25,26,27,8,6,0,SHORTAGE,6.0,97601.81999999999,High
2026-08-17,B006,P001,37,39,57,12,0,8,SURPLUS,0.0,0.0,Low
2026-08-17,B006,P002,21,20,31,6,0,4,SURPLUS,0.0,0.0,Low
2026-08-17,B006,P003,14,13,9,3,8,0,SHORTAGE,8.0,203791.44,Critical
2026-08-17,B006,P004,9,8,9,3,3,0,SHORTAGE,3.0,27887.699999999997,High
2026-08-17,B006,P005,22,22,31,6,0,3,SURPLUS,0.0,0.0,Low
2026-08-17,B006,P006,43,39,44,8,7,0,SHORTAGE,7.0,131588.24,Medium
2026-08-17,B006,P007,10,12,7,3,6,0,SHORTAGE,6.0,70821.95999999999,Critical
2026-08-17,B006,P008,14,16,12,3,5,0,SHORTAGE,5.0,202397.75,High
2026-08-17,B006,P009,50,46,35,16,31,0,SHORTAGE,31.0,104069.79000000001,Critical
2026-08-17,B006,P010,20,18,20,6,6,0,SHORTAGE,6.0,93066.48,High
2026-08-17,B007,P001,21,23,11,6,16,0,SHORTAGE,16.0,496738.4,Critical
2026-08-17,B007,P002,22,22,39,6,0,11,SURPLUS,0.0,0.0,Low
2026-08-17,B007,P003,23,23,41,5,0,13,SURPLUS,0.0,0.0,Low
2026-08-17,B007,P004,16,16,27,3,0,8,SURPLUS,0.0,0.0,Low
2026-08-17,B007,P005,17,15,9,5,13,0,SHORTAGE,13.0,626728.7000000001,Critical
2026-08-17,B007,P006,65,62,96,18,0,13,SURPLUS,0.0,0.0,Low
2026-08-17,B007,P007,12,14,5,3,10,0,SHORTAGE,10.0,111915.1,Critical
2026-08-17,B007,P008,10,12,19,3,0,6,SURPLUS,0.0,0.0,Low
2026-08-17,B007,P009,27,27,50,7,0,16,SURPLUS,0.0,0.0,Low
2026-08-17,B007,P010,27,30,35,5,0,3,SURPLUS,0.0,0.0,Low
2026-08-17,B008,P001,44,42,91,9,0,38,SURPLUS,0.0,0.0,Low
2026-08-17,B008,P002,16,18,26,4,0,6,SURPLUS,0.0,0.0,Low
2026-08-17,B008,P003,13,14,19,3,0,3,SURPLUS,0.0,0.0,Low
2026-08-17,B008,P004,17,18,34,5,0,12,SURPLUS,0.0,0.0,Low
2026-08-17,B008,P005,28,29,20,9,17,0,SHORTAGE,17.0,849145.41,Critical
2026-08-17,B008,P006,50,55,48,12,14,0,SHORTAGE,14.0,247181.06,High
2026-08-17,B008,P007,18,16,32,5,0,9,SURPLUS,0.0,0.0,Low
2026-08-17,B008,P008,17,16,29,4,0,8,SURPLUS,0.0,0.0,Low
2026-08-17,B008,P009,52,44,48,13,17,0,SHORTAGE,17.0,60083.100000000006,High
2026-08-17,B008,P010,21,20,23,6,4,0,SHORTAGE,4.0,61517.6,Medium
2026-08-18,B001,P001,61,59,34,19,46,0,SHORTAGE,46.0,1489805.22,Critical
2026-08-18,B001,P002,29,29,43,6,0,8,SURPLUS,0.0,0.0,Low
2026-08-18,B001,P003,30,37,38,6,0,2,SURPLUS,0.0,0.0,Low
2026-08-18,B001,P004,21,22,15,6,12,0,SHORTAGE,12.0,99521.40000000001,Critical
2026-08-18,B001,P005,35,33,53,10,0,8,SURPLUS,0.0,0.0,Low
2026-08-18,B001,P006,70,76,109,15,0,24,SURPLUS,0.0,0.0,Low
2026-08-18,B001,P007,23,23,34,7,0,4,SURPLUS,0.0,0.0,Low
2026-08-18,B001,P008,21,25,13,5,13,0,SHORTAGE,13.0,538032.9500000001,Critical
2026-08-18,B001,P009,72,65,136,20,0,44,SURPLUS,0.0,0.0,Low
2026-08-18,B001,P010,38,38,54,13,0,3,SURPLUS,0.0,0.0,Low
2026-08-18,B002,P001,51,52,49,13,15,0,SHORTAGE,15.0,496183.19999999995,High
2026-08-18,B002,P002,18,19,25,5,0,2,SURPLUS,0.0,0.0,Low
2026-08-18,B002,P003,17,21,10,5,12,0,SHORTAGE,12.0,265027.56,Critical
2026-08-18,B002,P004,17,17,13,3,7,0,SHORTAGE,7.0,63195.299999999996,High
2026-08-18,B002,P005,34,34,35,7,6,0,SHORTAGE,6.0,283151.58,Medium
2026-08-18,B002,P006,79,80,151,23,0,49,SURPLUS,0.0,0.0,Low
2026-08-18,B002,P007,19,18,15,5,9,0,SHORTAGE,9.0,103385.43000000001,Critical
2026-08-18,B002,P008,26,25,41,8,0,7,SURPLUS,0.0,0.0,Low
2026-08-18,B002,P009,54,48,51,17,20,0,SHORTAGE,20.0,75249.0,High
2026-08-18,B002,P010,30,31,56,9,0,17,SURPLUS,0.0,0.0,Low
2026-08-18,B003,P001,49,48,77,16,0,12,SURPLUS,0.0,0.0,Low
2026-08-18,B003,P002,18,18,25,5,0,2,SURPLUS,0.0,0.0,Low
2026-08-18,B003,P003,23,23,38,4,0,11,SURPLUS,0.0,0.0,Low
2026-08-18,B003,P004,12,12,7,3,8,0,SHORTAGE,8.0,72383.84,Critical
2026-08-18,B003,P005,35,34,71,11,0,25,SURPLUS,0.0,0.0,Low
2026-08-18,B003,P006,82,75,124,16,0,26,SURPLUS,0.0,0.0,Low
2026-08-18,B003,P007,17,18,29,5,0,7,SURPLUS,0.0,0.0,Low
2026-08-18,B003,P008,18,17,31,4,0,9,SURPLUS,0.0,0.0,Low
2026-08-18,B003,P009,50,49,103,11,0,42,SURPLUS,0.0,0.0,Low
2026-08-18,B003,P010,26,29,21,8,13,0,SHORTAGE,13.0,197927.6,Critical
2026-08-18,B004,P001,43,39,42,12,13,0,SHORTAGE,13.0,420843.28,High
2026-08-18,B004,P002,18,19,29,4,0,7,SURPLUS,0.0,0.0,Low
2026-08-18,B004,P003,18,20,28,4,0,6,SURPLUS,0.0,0.0,Low
2026-08-18,B004,P004,13,15,14,3,2,0,SHORTAGE,2.0,17484.26,Medium
2026-08-18,B004,P005,31,35,31,6,6,0,SHORTAGE,6.0,306644.1,Medium
2026-08-18,B004,P006,56,51,82,13,0,13,SURPLUS,0.0,0.0,Low
2026-08-18,B004,P007,19,18,34,4,0,11,SURPLUS,0.0,0.0,Low
2026-08-18,B004,P008,15,14,12,4,7,0,SHORTAGE,7.0,291122.51,Critical
2026-08-18,B004,P009,47,44,39,16,24,0,SHORTAGE,24.0,87714.72,Critical
2026-08-18,B004,P010,24,23,23,5,6,0,SHORTAGE,6.0,96569.64,High
2026-08-18,B005,P001,37,38,19,11,29,0,SHORTAGE,29.0,924041.5,Critical
2026-08-18,B005,P002,21,21,33,6,0,6,SURPLUS,0.0,0.0,Low
2026-08-18,B005,P003,20,20,23,5,2,0,SHORTAGE,2.0,51707.36,Medium
2026-08-18,B005,P004,19,18,29,4,0,6,SURPLUS,0.0,0.0,Low
2026-08-18,B005,P005,28,31,28,5,5,0,SHORTAGE,5.0,252886.9,Medium
2026-08-18,B005,P006,50,47,28,12,34,0,SHORTAGE,34.0,630907.3999999999,Critical
2026-08-18,B005,P007,13,13,22,4,0,5,SURPLUS,0.0,0.0,Low
2026-08-18,B005,P008,21,20,21,4,4,0,SHORTAGE,4.0,155338.72,Medium
2026-08-18,B005,P009,42,41,44,8,6,0,SHORTAGE,6.0,20186.699999999997,Medium
2026-08-18,B005,P010,19,21,24,5,0,0,BALANCED,0.0,0.0,Low
2026-08-18,B006,P001,43,43,61,11,0,7,SURPLUS,0.0,0.0,Low
2026-08-18,B006,P002,21,21,19,6,8,0,SHORTAGE,8.0,235451.28,High
2026-08-18,B006,P003,18,20,12,5,11,0,SHORTAGE,11.0,253305.58,Critical
2026-08-18,B006,P004,18,17,32,4,0,10,SURPLUS,0.0,0.0,Low
2026-08-18,B006,P005,35,32,44,10,1,0,SHORTAGE,1.0,47611.48,Medium
2026-08-18,B006,P006,37,38,42,9,4,0,SHORTAGE,4.0,74712.2,Medium
2026-08-18,B006,P007,14,15,29,4,0,11,SURPLUS,0.0,0.0,Low
2026-08-18,B006,P008,13,12,21,3,0,5,SURPLUS,0.0,0.0,Low
2026-08-18,B006,P009,38,40,26,9,21,0,SHORTAGE,21.0,76986.42,Critical
2026-08-18,B006,P010,25,27,25,6,6,0,SHORTAGE,6.0,98723.09999999999,High
2026-08-18,B007,P001,50,47,28,10,32,0,SHORTAGE,32.0,1011002.56,Critical
2026-08-18,B007,P002,12,15,9,3,6,0,SHORTAGE,6.0,165777.18,Critical
2026-08-18,B007,P003,20,18,32,4,0,8,SURPLUS,0.0,0.0,Low
2026-08-18,B007,P004,13,15,11,4,6,0,SHORTAGE,6.0,58259.94,Critical
2026-08-18,B007,P005,21,23,36,5,0,10,SURPLUS,0.0,0.0,Low
2026-08-18,B007,P006,52,54,50,16,18,0,SHORTAGE,18.0,344228.94000000006,High
2026-08-18,B007,P007,7,7,7,3,3,0,SHORTAGE,3.0,36960.75,High
2026-08-18,B007,P008,18,18,13,5,10,0,SHORTAGE,10.0,425429.10000000003,Critical
2026-08-18,B007,P009,42,45,65,13,0,10,SURPLUS,0.0,0.0,Low
2026-08-18,B007,P010,18,19,27,5,0,4,SURPLUS,0.0,0.0,Low
2026-08-18,B008,P001,43,39,30,9,22,0,SHORTAGE,22.0,649034.1,Critical
2026-08-18,B008,P002,19,19,31,4,0,8,SURPLUS,0.0,0.0,Low
2026-08-18,B008,P003,19,18,19,4,4,0,SHORTAGE,4.0,95188.6,High
2026-08-18,B008,P004,11,10,8,3,6,0,SHORTAGE,6.0,53237.700000000004,Critical
2026-08-18,B008,P005,30,31,54,7,0,17,SURPLUS,0.0,0.0,Low
2026-08-18,B008,P006,42,50,63,10,0,11,SURPLUS,0.0,0.0,Low
2026-08-18,B008,P007,13,14,18,3,0,2,SURPLUS,0.0,0.0,Low
2026-08-18,B008,P008,19,18,32,3,0,10,SURPLUS,0.0,0.0,Low
2026-08-18,B008,P009,41,41,80,9,0,30,SURPLUS,0.0,0.0,Low
2026-08-18,B008,P010,21,21,26,6,1,0,SHORTAGE,1.0,15298.1,Medium
2026-08-19,B001,P001,55,59,59,16,12,0,SHORTAGE,12.0,391733.76,High
2026-08-19,B001,P002,31,29,21,7,17,0,SHORTAGE,17.0,466401.46,Critical
2026-08-19,B001,P003,25,27,30,7,2,0,SHORTAGE,2.0,50388.8,Medium
2026-08-19,B001,P004,18,20,30,5,0,7,SURPLUS,0.0,0.0,Low
2026-08-19,B001,P005,35,39,37,11,9,0,SHORTAGE,9.0,425177.46,High
2026-08-19,B001,P006,67,77,73,16,10,0,SHORTAGE,10.0,183562.3,Medium
2026-08-19,B001,P007,24,25,38,5,0,9,SURPLUS,0.0,0.0,Low
2026-08-19,B001,P008,28,27,37,8,0,1,SURPLUS,0.0,0.0,Low
2026-08-19,B001,P009,82,79,100,19,1,0,SHORTAGE,1.0,3564.25,Medium
2026-08-19,B001,P010,20,25,10,6,16,0,SHORTAGE,16.0,275257.44,Critical
2026-08-19,B002,P001,48,42,71,13,0,10,SURPLUS,0.0,0.0,Low
2026-08-19,B002,P002,24,24,31,7,0,0,BALANCED,0.0,0.0,Low
2026-08-19,B002,P003,24,24,26,7,5,0,SHORTAGE,5.0,129094.5,High
2026-08-19,B002,P004,23,23,36,7,0,6,SURPLUS,0.0,0.0,Low
2026-08-19,B002,P005,34,34,53,11,0,8,SURPLUS,0.0,0.0,Low
2026-08-19,B002,P006,94,88,75,25,44,0,SHORTAGE,44.0,809135.8,Critical
2026-08-19,B002,P007,14,15,24,3,0,7,SURPLUS,0.0,0.0,Low
2026-08-19,B002,P008,19,20,16,4,7,0,SHORTAGE,7.0,291197.97,High
2026-08-19,B002,P009,53,55,67,12,0,2,SURPLUS,0.0,0.0,Low
2026-08-19,B002,P010,25,23,44,6,0,13,SURPLUS,0.0,0.0,Low
2026-08-19,B003,P001,45,44,31,13,27,0,SHORTAGE,27.0,840056.4,Critical
2026-08-19,B003,P002,14,14,11,3,6,0,SHORTAGE,6.0,180933.41999999998,High
2026-08-19,B003,P003,20,22,26,6,0,0,BALANCED,0.0,0.0,Low
2026-08-19,B003,P004,14,14,9,3,8,0,SHORTAGE,8.0,76553.28,Critical
2026-08-19,B003,P005,34,34,74,9,0,31,SURPLUS,0.0,0.0,Low
2026-08-19,B003,P006,42,45,46,11,7,0,SHORTAGE,7.0,134688.47,Medium
2026-08-19,B003,P007,16,17,8,4,12,0,SHORTAGE,12.0,148223.88,Critical
2026-08-19,B003,P008,18,19,29,4,0,7,SURPLUS,0.0,0.0,Low
2026-08-19,B003,P009,49,49,99,13,0,37,SURPLUS,0.0,0.0,Low
2026-08-19,B003,P010,31,32,50,9,0,10,SURPLUS,0.0,0.0,Low
2026-08-19,B004,P001,36,37,28,7,15,0,SHORTAGE,15.0,498634.8,High
2026-08-19,B004,P002,17,16,36,5,0,14,SURPLUS,0.0,0.0,Low
2026-08-19,B004,P003,21,21,34,6,0,7,SURPLUS,0.0,0.0,Low
2026-08-19,B004,P004,12,13,15,3,0,0,BALANCED,0.0,0.0,Low
2026-08-19,B004,P005,20,23,13,6,13,0,SHORTAGE,13.0,614579.03,Critical
2026-08-19,B004,P006,52,55,63,14,3,0,SHORTAGE,3.0,52874.700000000004,Medium
2026-08-19,B004,P007,13,13,18,3,0,2,SURPLUS,0.0,0.0,Low
2026-08-19,B004,P008,16,15,27,4,0,7,SURPLUS,0.0,0.0,Low
2026-08-19,B004,P009,47,52,62,10,0,5,SURPLUS,0.0,0.0,Low
2026-08-19,B004,P010,21,19,38,5,0,12,SURPLUS,0.0,0.0,Low
2026-08-19,B005,P001,47,43,85,10,0,28,SURPLUS,0.0,0.0,Low
2026-08-19,B005,P002,20,19,22,4,2,0,SHORTAGE,2.0,56736.34,Medium
2026-08-19,B005,P003,22,23,30,5,0,3,SURPLUS,0.0,0.0,Low
2026-08-19,B005,P004,13,13,20,4,0,3,SURPLUS,0.0,0.0,Low
2026-08-19,B005,P005,40,39,39,9,10,0,SHORTAGE,10.0,479485.6,High
2026-08-19,B005,P006,54,58,22,15,47,0,SHORTAGE,47.0,788773.27,Critical
2026-08-19,B005,P007,12,13,8,3,7,0,SHORTAGE,7.0,90308.33,Critical
2026-08-19,B005,P008,16,15,14,5,7,0,SHORTAGE,7.0,283771.95,High
2026-08-19,B005,P009,41,40,43,10,8,0,SHORTAGE,8.0,27926.48,Medium
2026-08-19,B005,P010,23,23,18,5,10,0,SHORTAGE,10.0,159443.2,High
2026-08-19,B006,P001,40,42,17,8,31,0,SHORTAGE,31.0,1065699.4000000001,Critical
2026-08-19,B006,P002,8,10,6,3,5,0,SHORTAGE,5.0,128840.7,Critical
2026-08-19,B006,P003,21,21,25,7,3,0,SHORTAGE,3.0,68812.68000000001,Medium
2026-08-19,B006,P004,14,15,24,4,0,6,SURPLUS,0.0,0.0,Low
2026-08-19,B006,P005,13,14,22,3,0,6,SURPLUS,0.0,0.0,Low
2026-08-19,B006,P006,57,47,89,15,0,17,SURPLUS,0.0,0.0,Low
2026-08-19,B006,P007,12,13,20,3,0,5,SURPLUS,0.0,0.0,Low
2026-08-19,B006,P008,16,15,19,5,2,0,SHORTAGE,2.0,89959.02,Medium
2026-08-19,B006,P009,40,36,34,13,19,0,SHORTAGE,19.0,62372.44,Critical
2026-08-19,B006,P010,30,30,53,6,0,17,SURPLUS,0.0,0.0,Low
2026-08-19,B007,P001,28,33,45,7,0,10,SURPLUS,0.0,0.0,Low
2026-08-19,B007,P002,14,13,9,3,8,0,SHORTAGE,8.0,232326.32,Critical
2026-08-19,B007,P003,21,21,15,4,10,0,SHORTAGE,10.0,226675.0,Critical
2026-08-19,B007,P004,13,13,24,4,0,7,SURPLUS,0.0,0.0,Low
2026-08-19,B007,P005,29,27,48,10,0,9,SURPLUS,0.0,0.0,Low
2026-08-19,B007,P006,41,46,54,14,1,0,SHORTAGE,1.0,18325.66,Medium
2026-08-19,B007,P007,12,15,20,3,0,5,SURPLUS,0.0,0.0,Low
2026-08-19,B007,P008,11,11,16,3,0,2,SURPLUS,0.0,0.0,Low
2026-08-19,B007,P009,43,43,44,12,11,0,SHORTAGE,11.0,37057.35,High
2026-08-19,B007,P010,39,35,53,12,0,2,SURPLUS,0.0,0.0,Low
2026-08-19,B008,P001,52,54,95,17,0,26,SURPLUS,0.0,0.0,Low
2026-08-19,B008,P002,21,20,31,6,0,4,SURPLUS,0.0,0.0,Low
2026-08-19,B008,P003,16,16,18,3,1,0,SHORTAGE,1.0,23421.58,Medium
2026-08-19,B008,P004,9,9,14,3,0,2,SURPLUS,0.0,0.0,Low
2026-08-19,B008,P005,18,21,27,4,0,5,SURPLUS,0.0,0.0,Low
2026-08-19,B008,P006,66,60,50,21,37,0,SHORTAGE,37.0,697787.0700000001,Critical
2026-08-19,B008,P007,10,10,13,3,0,0,BALANCED,0.0,0.0,Low
2026-08-19,B008,P008,17,18,17,4,4,0,SHORTAGE,4.0,165040.32,High
2026-08-19,B008,P009,43,40,57,11,0,3,SURPLUS,0.0,0.0,Low
2026-08-19,B008,P010,30,29,52,9,0,13,SURPLUS,0.0,0.0,Low
2026-08-20,B001,P001,59,62,56,13,16,0,SHORTAGE,16.0,516943.68,High
2026-08-20,B001,P002,34,30,50,7,0,9,SURPLUS,0.0,0.0,Low
2026-08-20,B001,P003,28,27,47,8,0,11,SURPLUS,0.0,0.0,Low
2026-08-20,B001,P004,25,25,27,6,4,0,SHORTAGE,4.0,33667.6,Medium
2026-08-20,B001,P005,44,42,78,10,0,24,SURPLUS,0.0,0.0,Low
2026-08-20,B001,P006,68,83,115,18,0,29,SURPLUS,0.0,0.0,Low
2026-08-20,B001,P007,26,23,41,8,0,7,SURPLUS,0.0,0.0,Low
2026-08-20,B001,P008,22,25,40,5,0,13,SURPLUS,0.0,0.0,Low
2026-08-20,B001,P009,48,54,34,15,29,0,SHORTAGE,29.0,108329.5,Critical
2026-08-20,B001,P010,42,42,48,9,3,0,SHORTAGE,3.0,49551.21,Medium
2026-08-20,B002,P001,57,55,89,13,0,19,SURPLUS,0.0,0.0,Low
2026-08-20,B002,P002,18,19,26,4,0,4,SURPLUS,0.0,0.0,Low
2026-08-20,B002,P003,22,22,17,5,10,0,SHORTAGE,10.0,244111.1,Critical
2026-08-20,B002,P004,11,14,6,3,8,0,SHORTAGE,8.0,74102.32,Critical
2026-08-20,B002,P005,31,29,19,7,19,0,SHORTAGE,19.0,944904.96,Critical
2026-08-20,B002,P006,71,68,99,17,0,11,SURPLUS,0.0,0.0,Low
2026-08-20,B002,P007,17,17,12,3,8,0,SHORTAGE,8.0,97608.4,Critical
2026-08-20,B002,P008,17,17,17,4,4,0,SHORTAGE,4.0,165833.56,High
2026-08-20,B002,P009,48,47,47,12,13,0,SHORTAGE,13.0,46834.58,High
2026-08-20,B002,P010,33,33,50,8,0,9,SURPLUS,0.0,0.0,Low
2026-08-20,B003,P001,55,51,71,13,0,3,SURPLUS,0.0,0.0,Low
2026-08-20,B003,P002,27,24,49,8,0,14,SURPLUS,0.0,0.0,Low
2026-08-20,B003,P003,22,22,25,6,3,0,SHORTAGE,3.0,76634.1,Medium
2026-08-20,B003,P004,12,13,17,3,0,2,SURPLUS,0.0,0.0,Low
2026-08-20,B003,P005,27,27,40,8,0,5,SURPLUS,0.0,0.0,Low
2026-08-20,B003,P006,75,69,67,16,24,0,SHORTAGE,24.0,409400.64,High
2026-08-20,B003,P007,16,18,13,4,7,0,SHORTAGE,7.0,81695.95,High
2026-08-20,B003,P008,9,9,14,3,0,2,SURPLUS,0.0,0.0,Low
2026-08-20,B003,P009,52,49,45,11,18,0,SHORTAGE,18.0,62938.26,High
2026-08-20,B003,P010,31,29,57,8,0,18,SURPLUS,0.0,0.0,Low
2026-08-20,B004,P001,32,34,43,8,0,3,SURPLUS,0.0,0.0,Low
2026-08-20,B004,P002,15,14,26,4,0,7,SURPLUS,0.0,0.0,Low
2026-08-20,B004,P003,22,21,11,7,18,0,SHORTAGE,18.0,399214.98,Critical
2026-08-20,B004,P004,16,17,27,4,0,7,SURPLUS,0.0,0.0,Low
2026-08-20,B004,P005,36,31,70,11,0,23,SURPLUS,0.0,0.0,Low
2026-08-20,B004,P006,51,53,81,13,0,17,SURPLUS,0.0,0.0,Low
2026-08-20,B004,P007,16,16,21,5,0,0,BALANCED,0.0,0.0,Low
2026-08-20,B004,P008,21,21,39,4,0,14,SURPLUS,0.0,0.0,Low
2026-08-20,B004,P009,36,39,44,7,0,1,SURPLUS,0.0,0.0,Low
2026-08-20,B004,P010,26,30,14,6,18,0,SHORTAGE,18.0,285495.66000000003,Critical
2026-08-20,B005,P001,50,48,22,15,43,0,SHORTAGE,43.0,1289167.52,Critical
2026-08-20,B005,P002,22,21,30,5,0,3,SURPLUS,0.0,0.0,Low
2026-08-20,B005,P003,22,24,37,5,0,10,SURPLUS,0.0,0.0,Low
2026-08-20,B005,P004,14,12,12,4,6,0,SHORTAGE,6.0,49879.31999999999,High
2026-08-20,B005,P005,40,32,39,8,9,0,SHORTAGE,9.0,434012.67,High
2026-08-20,B005,P006,57,55,61,18,14,0,SHORTAGE,14.0,237191.63999999998,High
2026-08-20,B005,P007,14,15,23,3,0,6,SURPLUS,0.0,0.0,Low
2026-08-20,B005,P008,17,16,11,5,11,0,SHORTAGE,11.0,448365.5,Critical
2026-08-20,B005,P009,60,57,62,17,15,0,SHORTAGE,15.0,54847.35,High
2026-08-20,B005,P010,25,24,18,6,13,0,SHORTAGE,13.0,203964.28,Critical
2026-08-20,B006,P001,37,39,58,12,0,9,SURPLUS,0.0,0.0,Low
2026-08-20,B006,P002,20,19,27,6,0,1,SURPLUS,0.0,0.0,Low
2026-08-20,B006,P003,23,20,41,4,0,14,SURPLUS,0.0,0.0,Low
2026-08-20,B006,P004,7,8,8,3,2,0,SHORTAGE,2.0,18388.38,High
2026-08-20,B006,P005,24,25,10,5,19,0,SHORTAGE,19.0,964048.03,Critical
2026-08-20,B006,P006,48,52,60,13,1,0,SHORTAGE,1.0,19153.56,Medium
2026-08-20,B006,P007,12,11,20,3,0,5,SURPLUS,0.0,0.0,Low
2026-08-20,B006,P008,14,15,13,3,4,0,SHORTAGE,4.0,177263.72,High
2026-08-20,B006,P009,38,37,60,10,0,12,SURPLUS,0.0,0.0,Low
2026-08-20,B006,P010,26,26,41,5,0,10,SURPLUS,0.0,0.0,Low
2026-08-20,B007,P001,43,41,41,12,14,0,SHORTAGE,14.0,432854.24,High
2026-08-20,B007,P002,10,10,19,3,0,6,SURPLUS,0.0,0.0,Low
2026-08-20,B007,P003,17,20,10,3,10,0,SHORTAGE,10.0,247282.7,Critical
2026-08-20,B007,P004,14,14,27,3,0,10,SURPLUS,0.0,0.0,Low
2026-08-20,B007,P005,19,20,17,5,7,0,SHORTAGE,7.0,334774.23,High
2026-08-20,B007,P006,57,57,68,19,8,0,SHORTAGE,8.0,133758.08,Medium
2026-08-20,B007,P007,8,9,11,3,0,0,BALANCED,0.0,0.0,Low
2026-08-20,B007,P008,8,9,7,3,4,0,SHORTAGE,4.0,180919.4,Critical
2026-08-20,B007,P009,35,38,48,11,0,2,SURPLUS,0.0,0.0,Low
2026-08-20,B007,P010,31,30,45,10,0,4,SURPLUS,0.0,0.0,Low
2026-08-20,B008,P001,52,47,30,13,35,0,SHORTAGE,35.0,1093281.0,Critical
2026-08-20,B008,P002,11,12,11,3,3,0,SHORTAGE,3.0,90347.94,High
2026-08-20,B008,P003,16,18,11,5,10,0,SHORTAGE,10.0,242723.80000000002,Critical
2026-08-20,B008,P004,15,15,29,3,0,11,SURPLUS,0.0,0.0,Low
2026-08-20,B008,P005,27,23,33,7,1,0,SHORTAGE,1.0,45121.73,Medium
2026-08-20,B008,P006,44,48,69,13,0,12,SURPLUS,0.0,0.0,Low
2026-08-20,B008,P007,12,12,8,3,7,0,SHORTAGE,7.0,80135.79,Critical
2026-08-20,B008,P008,16,16,15,3,4,0,SHORTAGE,4.0,155907.76,High
2026-08-20,B008,P009,55,53,36,16,35,0,SHORTAGE,35.0,126336.0,Critical
2026-08-20,B008,P010,27,26,21,5,11,0,SHORTAGE,11.0,174187.86000000002,High
2026-08-21,B001,P001,79,75,119,26,0,14,SURPLUS,0.0,0.0,Low
2026-08-21,B001,P002,34,35,30,8,12,0,SHORTAGE,12.0,330921.12,High
2026-08-21,B001,P003,37,35,55,12,0,6,SURPLUS,0.0,0.0,Low
2026-08-21,B001,P004,22,22,22,6,6,0,SHORTAGE,6.0,54468.899999999994,High
2026-08-21,B001,P005,43,46,64,9,0,12,SURPLUS,0.0,0.0,Low
2026-08-21,B001,P006,84,92,27,27,84,0,SHORTAGE,84.0,1432376.4,Critical
2026-08-21,B001,P007,19,20,30,5,0,6,SURPLUS,0.0,0.0,Low
2026-08-21,B001,P008,29,30,51,9,0,13,SURPLUS,0.0,0.0,Low
2026-08-21,B001,P009,95,85,130,31,0,4,SURPLUS,0.0,0.0,Low
2026-08-21,B001,P010,35,37,59,9,0,15,SURPLUS,0.0,0.0,Low
2026-08-21,B002,P001,69,67,90,18,0,3,SURPLUS,0.0,0.0,Low
2026-08-21,B002,P002,28,25,20,8,16,0,SHORTAGE,16.0,459975.04,Critical
2026-08-21,B002,P003,28,30,20,9,17,0,SHORTAGE,17.0,385917.51,Critical
2026-08-21,B002,P004,22,23,19,5,8,0,SHORTAGE,8.0,76862.16,High
2026-08-21,B002,P005,28,31,48,6,0,14,SURPLUS,0.0,0.0,Low
2026-08-21,B002,P006,69,75,43,20,46,0,SHORTAGE,46.0,825019.2000000001,Critical
2026-08-21,B002,P007,17,16,19,5,3,0,SHORTAGE,3.0,36050.76,Medium
2026-08-21,B002,P008,25,26,30,7,2,0,SHORTAGE,2.0,79630.86,Medium
2026-08-21,B002,P009,69,59,63,16,22,0,SHORTAGE,22.0,73161.0,High
2026-08-21,B002,P010,34,31,45,7,0,4,SURPLUS,0.0,0.0,Low
2026-08-21,B003,P001,64,63,83,21,2,0,SHORTAGE,2.0,66881.9,Medium
2026-08-21,B003,P002,16,16,31,5,0,10,SURPLUS,0.0,0.0,Low
2026-08-21,B003,P003,24,27,34,7,0,3,SURPLUS,0.0,0.0,Low
2026-08-21,B003,P004,19,19,36,5,0,12,SURPLUS,0.0,0.0,Low
2026-08-21,B003,P005,50,41,47,12,15,0,SHORTAGE,15.0,690569.4,High
2026-08-21,B003,P006,85,78,130,24,0,21,SURPLUS,0.0,0.0,Low
2026-08-21,B003,P007,24,21,20,6,10,0,SHORTAGE,10.0,125555.40000000001,High
2026-08-21,B003,P008,21,22,27,6,0,0,BALANCED,0.0,0.0,Low
2026-08-21,B003,P009,43,42,45,14,12,0,SHORTAGE,12.0,40781.88,High
2026-08-21,B003,P010,31,30,51,7,0,13,SURPLUS,0.0,0.0,Low
2026-08-21,B004,P001,56,62,68,13,1,0,SHORTAGE,1.0,31223.46,Medium
2026-08-21,B004,P002,16,16,18,3,1,0,SHORTAGE,1.0,30038.4,Medium
2026-08-21,B004,P003,23,24,35,6,0,6,SURPLUS,0.0,0.0,Low
2026-08-21,B004,P004,15,16,10,3,8,0,SHORTAGE,8.0,67901.92,Critical
2026-08-21,B004,P005,43,41,76,10,0,23,SURPLUS,0.0,0.0,Low
2026-08-21,B004,P006,73,66,108,15,0,20,SURPLUS,0.0,0.0,Low
2026-08-21,B004,P007,11,10,11,3,3,0,SHORTAGE,3.0,36733.649999999994,High
2026-08-21,B004,P008,19,18,29,5,0,5,SURPLUS,0.0,0.0,Low
2026-08-21,B004,P009,30,34,24,6,12,0,SHORTAGE,12.0,44964.72,High
2026-08-21,B004,P010,32,30,56,8,0,16,SURPLUS,0.0,0.0,Low
2026-08-21,B005,P001,50,50,97,10,0,37,SURPLUS,0.0,0.0,Low
2026-08-21,B005,P002,21,21,29,7,0,1,SURPLUS,0.0,0.0,Low
2026-08-21,B005,P003,26,24,27,5,4,0,SHORTAGE,4.0,92458.92,Medium
2026-08-21,B005,P004,16,17,29,3,0,10,SURPLUS,0.0,0.0,Low
2026-08-21,B005,P005,33,35,45,10,0,2,SURPLUS,0.0,0.0,Low
2026-08-21,B005,P006,77,72,35,17,59,0,SHORTAGE,59.0,1070238.1700000002,Critical
2026-08-21,B005,P007,20,19,31,4,0,7,SURPLUS,0.0,0.0,Low
2026-08-21,B005,P008,13,14,11,4,6,0,SHORTAGE,6.0,267111.54,Critical
2026-08-21,B005,P009,56,53,86,13,0,17,SURPLUS,0.0,0.0,Low
2026-08-21,B005,P010,32,31,61,9,0,20,SURPLUS,0.0,0.0,Low
2026-08-21,B006,P001,59,49,107,11,0,37,SURPLUS,0.0,0.0,Low
2026-08-21,B006,P002,16,16,9,4,11,0,SHORTAGE,11.0,303106.98,Critical
2026-08-21,B006,P003,31,27,40,7,0,2,SURPLUS,0.0,0.0,Low
2026-08-21,B006,P004,20,18,23,4,1,0,SHORTAGE,1.0,8864.81,Medium
2026-08-21,B006,P005,29,31,21,9,17,0,SHORTAGE,17.0,867428.57,Critical
2026-08-21,B006,P006,61,56,60,13,14,0,SHORTAGE,14.0,242905.87999999998,High
2026-08-21,B006,P007,14,14,22,3,0,5,SURPLUS,0.0,0.0,Low
2026-08-21,B006,P008,13,12,20,4,0,3,SURPLUS,0.0,0.0,Low
2026-08-21,B006,P009,53,49,60,13,6,0,SHORTAGE,6.0,21276.06,Medium
2026-08-21,B006,P010,25,24,22,5,8,0,SHORTAGE,8.0,125431.92,High
2026-08-21,B007,P001,42,38,41,9,10,0,SHORTAGE,10.0,311883.30000000005,High
2026-08-21,B007,P002,12,11,7,4,9,0,SHORTAGE,9.0,267373.98,Critical
2026-08-21,B007,P003,19,17,19,4,4,0,SHORTAGE,4.0,89158.2,High
2026-08-21,B007,P004,16,18,9,3,10,0,SHORTAGE,10.0,84399.3,Critical
2026-08-21,B007,P005,29,29,57,8,0,20,SURPLUS,0.0,0.0,Low
2026-08-21,B007,P006,65,72,89,20,0,4,SURPLUS,0.0,0.0,Low
2026-08-21,B007,P007,10,10,18,3,0,5,SURPLUS,0.0,0.0,Low
2026-08-21,B007,P008,20,21,33,6,0,7,SURPLUS,0.0,0.0,Low
2026-08-21,B007,P009,59,53,58,13,14,0,SHORTAGE,14.0,49664.72,High
2026-08-21,B007,P010,25,24,18,5,12,0,SHORTAGE,12.0,186334.68,Critical
2026-08-21,B008,P001,65,62,124,19,0,40,SURPLUS,0.0,0.0,Low
2026-08-21,B008,P002,16,17,13,3,6,0,SHORTAGE,6.0,174257.76,High
2026-08-21,B008,P003,25,26,40,5,0,10,SURPLUS,0.0,0.0,Low
2026-08-21,B008,P004,13,14,22,3,0,6,SURPLUS,0.0,0.0,Low
2026-08-21,B008,P005,33,32,47,11,0,3,SURPLUS,0.0,0.0,Low
2026-08-21,B008,P006,71,64,81,19,9,0,SHORTAGE,9.0,169921.44,Medium
2026-08-21,B008,P007,16,15,11,5,10,0,SHORTAGE,10.0,112084.2,Critical
2026-08-21,B008,P008,12,14,16,3,0,1,SURPLUS,0.0,0.0,Low
2026-08-21,B008,P009,44,47,76,14,0,18,SURPLUS,0.0,0.0,Low
2026-08-21,B008,P010,30,30,38,8,0,0,BALANCED,0.0,0.0,Low
2026-08-22,B001,P001,81,75,50,18,49,0,SHORTAGE,49.0,1568974.12,Critical
2026-08-22,B001,P002,27,27,28,6,5,0,SHORTAGE,5.0,147382.75,Medium
2026-08-22,B001,P003,37,35,45,10,2,0,SHORTAGE,2.0,50801.9,Medium
2026-08-22,B001,P004,28,29,57,8,0,21,SURPLUS,0.0,0.0,Low
2026-08-22,B001,P005,57,55,83,12,0,14,SURPLUS,0.0,0.0,Low
2026-08-22,B001,P006,89,96,96,22,15,0,SHORTAGE,15.0,286981.35,Medium
2026-08-22,B001,P007,22,23,40,6,0,12,SURPLUS,0.0,0.0,Low
2026-08-22,B001,P008,38,33,72,7,0,27,SURPLUS,0.0,0.0,Low
2026-08-22,B001,P009,67,73,113,17,0,29,SURPLUS,0.0,0.0,Low
2026-08-22,B001,P010,38,41,17,13,34,0,SHORTAGE,34.0,532035.4,Critical
2026-08-22,B002,P001,53,54,103,14,0,36,SURPLUS,0.0,0.0,Low
2026-08-22,B002,P002,24,24,22,8,10,0,SHORTAGE,10.0,290601.1,High
2026-08-22,B002,P003,23,23,16,5,12,0,SHORTAGE,12.0,270421.80000000005,Critical
2026-08-22,B002,P004,21,22,28,7,0,0,BALANCED,0.0,0.0,Low
2026-08-22,B002,P005,53,45,61,16,8,0,SHORTAGE,8.0,377239.04,Medium
2026-08-22,B002,P006,103,99,78,24,49,0,SHORTAGE,49.0,933438.2399999999,Critical
2026-08-22,B002,P007,16,16,17,3,2,0,SHORTAGE,2.0,24389.74,Medium
2026-08-22,B002,P008,18,18,18,4,4,0,SHORTAGE,4.0,159447.6,High
2026-08-22,B002,P009,54,64,111,13,0,44,SURPLUS,0.0,0.0,Low
2026-08-22,B002,P010,31,30,42,6,0,5,SURPLUS,0.0,0.0,Low
2026-08-22,B003,P001,56,49,85,16,0,13,SURPLUS,0.0,0.0,Low
2026-08-22,B003,P002,24,24,37,7,0,6,SURPLUS,0.0,0.0,Low
2026-08-22,B003,P003,18,17,10,4,12,0,SHORTAGE,12.0,271494.24,Critical
2026-08-22,B003,P004,19,18,17,4,6,0,SHORTAGE,6.0,56366.22,High
2026-08-22,B003,P005,42,41,50,9,1,0,SHORTAGE,1.0,47648.21,Medium
2026-08-22,B003,P006,78,71,79,21,20,0,SHORTAGE,20.0,335843.0,High
2026-08-22,B003,P007,14,13,11,4,7,0,SHORTAGE,7.0,78982.12,Critical
2026-08-22,B003,P008,15,17,18,3,0,0,BALANCED,0.0,0.0,Low
2026-08-22,B003,P009,50,54,77,11,0,16,SURPLUS,0.0,0.0,Low
2026-08-22,B003,P010,39,35,57,12,0,6,SURPLUS,0.0,0.0,Low
2026-08-22,B004,P001,45,41,43,13,15,0,SHORTAGE,15.0,487911.75,High
2026-08-22,B004,P002,24,25,22,5,7,0,SHORTAGE,7.0,190994.72,High
2026-08-22,B004,P003,21,23,17,7,11,0,SHORTAGE,11.0,280915.14,Critical
2026-08-22,B004,P004,13,13,16,3,0,0,BALANCED,0.0,0.0,Low
2026-08-22,B004,P005,33,34,58,10,0,15,SURPLUS,0.0,0.0,Low
2026-08-22,B004,P006,58,55,91,19,0,14,SURPLUS,0.0,0.0,Low
2026-08-22,B004,P007,19,19,27,4,0,4,SURPLUS,0.0,0.0,Low
2026-08-22,B004,P008,20,20,32,6,0,6,SURPLUS,0.0,0.0,Low
2026-08-22,B004,P009,47,48,36,12,23,0,SHORTAGE,23.0,83605.46,Critical
2026-08-22,B004,P010,30,29,39,6,0,3,SURPLUS,0.0,0.0,Low
2026-08-22,B005,P001,60,58,76,16,0,0,BALANCED,0.0,0.0,Low
2026-08-22,B005,P002,27,28,28,9,8,0,SHORTAGE,8.0,232023.68,High
2026-08-22,B005,P003,17,19,28,3,0,8,SURPLUS,0.0,0.0,Low
2026-08-22,B005,P004,16,17,12,4,8,0,SHORTAGE,8.0,76791.52,Critical
2026-08-22,B005,P005,32,33,25,8,15,0,SHORTAGE,15.0,732295.5,Critical
2026-08-22,B005,P006,104,90,177,29,0,44,SURPLUS,0.0,0.0,Low
2026-08-22,B005,P007,16,17,12,4,8,0,SHORTAGE,8.0,89679.2,Critical
2026-08-22,B005,P008,22,21,16,5,11,0,SHORTAGE,11.0,432970.23,Critical
2026-08-22,B005,P009,28,30,34,6,0,0,BALANCED,0.0,0.0,Low
2026-08-22,B005,P010,27,31,45,8,0,10,SURPLUS,0.0,0.0,Low
2026-08-22,B006,P001,55,48,87,18,0,14,SURPLUS,0.0,0.0,Low
2026-08-22,B006,P002,17,19,22,5,0,0,BALANCED,0.0,0.0,Low
2026-08-22,B006,P003,20,20,25,4,0,1,SURPLUS,0.0,0.0,Low
2026-08-22,B006,P004,20,19,28,5,0,3,SURPLUS,0.0,0.0,Low
2026-08-22,B006,P005,24,25,35,5,0,6,SURPLUS,0.0,0.0,Low
2026-08-22,B006,P006,53,49,47,11,17,0,SHORTAGE,17.0,301620.97,High
2026-08-22,B006,P007,16,17,23,3,0,4,SURPLUS,0.0,0.0,Low
2026-08-22,B006,P008,12,13,18,3,0,3,SURPLUS,0.0,0.0,Low
2026-08-22,B006,P009,46,48,62,13,0,3,SURPLUS,0.0,0.0,Low
2026-08-22,B006,P010,19,22,33,4,0,10,SURPLUS,0.0,0.0,Low
2026-08-22,B007,P001,49,47,49,14,14,0,SHORTAGE,14.0,462656.31999999995,High
2026-08-22,B007,P002,21,23,22,6,5,0,SHORTAGE,5.0,139234.4,High
2026-08-22,B007,P003,21,21,9,5,17,0,SHORTAGE,17.0,420880.9,Critical
2026-08-22,B007,P004,14,14,19,4,0,1,SURPLUS,0.0,0.0,Low
2026-08-22,B007,P005,30,29,33,10,7,0,SHORTAGE,7.0,362105.94,High
2026-08-22,B007,P006,62,68,120,13,0,45,SURPLUS,0.0,0.0,Low
2026-08-22,B007,P007,15,14,17,3,1,0,SHORTAGE,1.0,11596.11,Medium
2026-08-22,B007,P008,16,14,10,3,9,0,SHORTAGE,9.0,354700.35000000003,Critical
2026-08-22,B007,P009,39,43,33,12,18,0,SHORTAGE,18.0,66211.92,Critical
2026-08-22,B007,P010,24,25,18,5,11,0,SHORTAGE,11.0,175506.1,Critical
2026-08-22,B008,P001,39,42,48,9,0,0,BALANCED,0.0,0.0,Low
2026-08-22,B008,P002,19,20,32,5,0,8,SURPLUS,0.0,0.0,Low
2026-08-22,B008,P003,22,20,37,6,0,9,SURPLUS,0.0,0.0,Low
2026-08-22,B008,P004,14,14,19,3,0,2,SURPLUS,0.0,0.0,Low
2026-08-22,B008,P005,38,38,72,12,0,22,SURPLUS,0.0,0.0,Low
2026-08-22,B008,P006,68,68,89,14,0,7,SURPLUS,0.0,0.0,Low
2026-08-22,B008,P007,14,15,7,3,10,0,SHORTAGE,10.0,112170.59999999999,Critical
2026-08-22,B008,P008,21,20,21,5,5,0,SHORTAGE,5.0,217573.75,High
2026-08-22,B008,P009,64,56,93,21,0,8,SURPLUS,0.0,0.0,Low
2026-08-22,B008,P010,31,30,64,9,0,24,SURPLUS,0.0,0.0,Low
2026-08-23,B001,P001,70,69,128,19,0,39,SURPLUS,0.0,0.0,Low
2026-08-23,B001,P002,21,22,28,6,0,1,SURPLUS,0.0,0.0,Low
2026-08-23,B001,P003,32,32,39,8,1,0,SHORTAGE,1.0,24668.79,Medium
2026-08-23,B001,P004,22,23,13,6,15,0,SHORTAGE,15.0,139495.94999999998,Critical
2026-08-23,B001,P005,42,40,67,14,0,11,SURPLUS,0.0,0.0,Low
2026-08-23,B001,P006,93,91,70,21,44,0,SHORTAGE,44.0,775853.76,Critical
2026-08-23,B001,P007,23,21,41,7,0,11,SURPLUS,0.0,0.0,Low
2026-08-23,B001,P008,22,21,35,5,0,8,SURPLUS,0.0,0.0,Low
2026-08-23,B001,P009,66,57,48,22,40,0,SHORTAGE,40.0,142935.6,Critical
2026-08-23,B001,P010,39,39,24,12,27,0,SHORTAGE,27.0,421628.75999999995,Critical
2026-08-23,B002,P001,48,49,56,11,3,0,SHORTAGE,3.0,88321.5,Medium
2026-08-23,B002,P002,20,20,17,5,8,0,SHORTAGE,8.0,228102.8,High
2026-08-23,B002,P003,20,24,27,5,0,2,SURPLUS,0.0,0.0,Low
2026-08-23,B002,P004,17,16,14,3,6,0,SHORTAGE,6.0,54015.299999999996,High
2026-08-23,B002,P005,29,29,17,7,19,0,SHORTAGE,19.0,909451.34,Critical
2026-08-23,B002,P006,72,78,140,17,0,51,SURPLUS,0.0,0.0,Low
2026-08-23,B002,P007,19,19,40,5,0,16,SURPLUS,0.0,0.0,Low
2026-08-23,B002,P008,20,20,25,4,0,1,SURPLUS,0.0,0.0,Low
2026-08-23,B002,P009,50,52,97,14,0,33,SURPLUS,0.0,0.0,Low
2026-08-23,B002,P010,22,25,36,6,0,8,SURPLUS,0.0,0.0,Low
2026-08-23,B003,P001,58,53,37,13,34,0,SHORTAGE,34.0,1119617.62,Critical
2026-08-23,B003,P002,19,18,35,6,0,10,SURPLUS,0.0,0.0,Low
2026-08-23,B003,P003,23,24,26,6,3,0,SHORTAGE,3.0,68998.08,Medium
2026-08-23,B003,P004,17,16,11,3,9,0,SHORTAGE,9.0,78891.12,Critical
2026-08-23,B003,P005,26,25,52,8,0,18,SURPLUS,0.0,0.0,Low
2026-08-23,B003,P006,60,56,102,19,0,23,SURPLUS,0.0,0.0,Low
2026-08-23,B003,P007,14,15,9,3,8,0,SHORTAGE,8.0,91925.76,Critical
2026-08-23,B003,P008,17,18,15,5,7,0,SHORTAGE,7.0,309628.97,High
2026-08-23,B003,P009,38,38,48,11,1,0,SHORTAGE,1.0,3642.81,Medium
2026-08-23,B003,P010,32,31,24,10,18,0,SHORTAGE,18.0,308243.88,Critical
2026-08-23,B004,P001,48,50,47,14,15,0,SHORTAGE,15.0,491385.3,High
2026-08-23,B004,P002,22,19,14,6,14,0,SHORTAGE,14.0,393512.13999999996,Critical
2026-08-23,B004,P003,20,22,25,4,0,1,SURPLUS,0.0,0.0,Low
2026-08-23,B004,P004,13,15,8,3,8,0,SHORTAGE,8.0,72994.64,Critical
2026-08-23,B004,P005,29,25,54,7,0,18,SURPLUS,0.0,0.0,Low
2026-08-23,B004,P006,61,56,119,17,0,41,SURPLUS,0.0,0.0,Low
2026-08-23,B004,P007,16,16,23,3,0,4,SURPLUS,0.0,0.0,Low
2026-08-23,B004,P008,22,21,29,4,0,3,SURPLUS,0.0,0.0,Low
2026-08-23,B004,P009,60,57,64,20,16,0,SHORTAGE,16.0,54538.08,High
2026-08-23,B004,P010,21,19,24,5,2,0,SHORTAGE,2.0,29748.44,Medium
2026-08-23,B005,P001,36,38,46,7,0,3,SURPLUS,0.0,0.0,Low
2026-08-23,B005,P002,21,20,13,7,15,0,SHORTAGE,15.0,429430.95,Critical
2026-08-23,B005,P003,23,22,13,7,17,0,SHORTAGE,17.0,422440.99,Critical
2026-08-23,B005,P004,19,19,29,4,0,6,SURPLUS,0.0,0.0,Low
2026-08-23,B005,P005,22,25,35,5,0,8,SURPLUS,0.0,0.0,Low
2026-08-23,B005,P006,78,70,152,15,0,59,SURPLUS,0.0,0.0,Low
2026-08-23,B005,P007,10,11,8,3,5,0,SHORTAGE,5.0,59378.100000000006,Critical
2026-08-23,B005,P008,13,13,24,3,0,8,SURPLUS,0.0,0.0,Low
2026-08-23,B005,P009,59,58,93,13,0,21,SURPLUS,0.0,0.0,Low
2026-08-23,B005,P010,22,21,13,5,14,0,SHORTAGE,14.0,236621.0,Critical
2026-08-23,B006,P001,48,46,60,10,0,2,SURPLUS,0.0,0.0,Low
2026-08-23,B006,P002,15,15,29,4,0,10,SURPLUS,0.0,0.0,Low
2026-08-23,B006,P003,20,20,33,6,0,7,SURPLUS,0.0,0.0,Low
2026-08-23,B006,P004,18,15,14,6,10,0,SHORTAGE,10.0,97048.0,Critical
2026-08-23,B006,P005,23,22,41,5,0,13,SURPLUS,0.0,0.0,Low
2026-08-23,B006,P006,63,70,119,17,0,39,SURPLUS,0.0,0.0,Low
2026-08-23,B006,P007,15,16,10,4,9,0,SHORTAGE,9.0,109655.01,Critical
2026-08-23,B006,P008,21,19,34,4,0,9,SURPLUS,0.0,0.0,Low
2026-08-23,B006,P009,61,57,106,15,0,30,SURPLUS,0.0,0.0,Low
2026-08-23,B006,P010,24,22,32,5,0,3,SURPLUS,0.0,0.0,Low
2026-08-23,B007,P001,54,48,42,12,24,0,SHORTAGE,24.0,727888.8,High
2026-08-23,B007,P002,13,14,23,3,0,7,SURPLUS,0.0,0.0,Low
2026-08-23,B007,P003,18,18,25,3,0,4,SURPLUS,0.0,0.0,Low
2026-08-23,B007,P004,9,9,15,3,0,3,SURPLUS,0.0,0.0,Low
2026-08-23,B007,P005,17,19,31,5,0,9,SURPLUS,0.0,0.0,Low
2026-08-23,B007,P006,41,44,32,9,18,0,SHORTAGE,18.0,341773.74,High
2026-08-23,B007,P007,14,13,19,4,0,1,SURPLUS,0.0,0.0,Low
2026-08-23,B007,P008,10,10,8,3,5,0,SHORTAGE,5.0,222438.15,Critical
2026-08-23,B007,P009,34,35,50,7,0,9,SURPLUS,0.0,0.0,Low
2026-08-23,B007,P010,28,28,49,6,0,15,SURPLUS,0.0,0.0,Low
2026-08-23,B008,P001,37,36,51,9,0,5,SURPLUS,0.0,0.0,Low
2026-08-23,B008,P002,21,19,20,5,6,0,SHORTAGE,6.0,176943.24,High
2026-08-23,B008,P003,16,19,26,4,0,6,SURPLUS,0.0,0.0,Low
2026-08-23,B008,P004,10,11,10,3,3,0,SHORTAGE,3.0,28466.25,High
2026-08-23,B008,P005,31,28,63,9,0,23,SURPLUS,0.0,0.0,Low
2026-08-23,B008,P006,38,37,45,9,2,0,SHORTAGE,2.0,34639.1,Medium
2026-08-23,B008,P007,14,15,17,4,1,0,SHORTAGE,1.0,11744.9,Medium
2026-08-23,B008,P008,12,14,22,3,0,7,SURPLUS,0.0,0.0,Low
2026-08-23,B008,P009,43,45,72,8,0,21,SURPLUS,0.0,0.0,Low
2026-08-23,B008,P010,28,30,42,9,0,5,SURPLUS,0.0,0.0,Low
2026-08-24,B001,P001,60,61,35,15,40,0,SHORTAGE,40.0,1241186.4,Critical
2026-08-24,B001,P002,28,27,40,9,0,3,SURPLUS,0.0,0.0,Low
2026-08-24,B001,P003,28,26,39,5,0,6,SURPLUS,0.0,0.0,Low
2026-08-24,B001,P004,22,22,25,6,3,0,SHORTAGE,3.0,26631.36,Medium
2026-08-24,B001,P005,35,35,42,10,3,0,SHORTAGE,3.0,135048.24,Medium
2026-08-24,B001,P006,90,95,60,19,49,0,SHORTAGE,49.0,818401.92,Critical
2026-08-24,B001,P007,20,20,26,4,0,2,SURPLUS,0.0,0.0,Low
2026-08-24,B001,P008,22,22,44,6,0,16,SURPLUS,0.0,0.0,Low
2026-08-24,B001,P009,89,85,154,18,0,47,SURPLUS,0.0,0.0,Low
2026-08-24,B001,P010,31,33,17,9,23,0,SHORTAGE,23.0,387338.39999999997,Critical
2026-08-24,B002,P001,44,40,27,13,30,0,SHORTAGE,30.0,941975.4,Critical
2026-08-24,B002,P002,18,21,12,4,10,0,SHORTAGE,10.0,275583.2,Critical
2026-08-24,B002,P003,39,34,26,8,21,0,SHORTAGE,21.0,503155.38,Critical
2026-08-24,B002,P004,16,18,31,4,0,11,SURPLUS,0.0,0.0,Low
2026-08-24,B002,P005,31,28,57,9,0,17,SURPLUS,0.0,0.0,Low
2026-08-24,B002,P006,58,54,99,14,0,27,SURPLUS,0.0,0.0,Low
2026-08-24,B002,P007,19,17,16,6,9,0,SHORTAGE,9.0,108664.92,Critical
2026-08-24,B002,P008,24,24,16,6,14,0,SHORTAGE,14.0,565134.7799999999,Critical
2026-08-24,B002,P009,64,63,46,18,36,0,SHORTAGE,36.0,134777.16,Critical
2026-08-24,B002,P010,34,35,33,11,12,0,SHORTAGE,12.0,193272.84,High
2026-08-24,B003,P001,57,55,96,13,0,26,SURPLUS,0.0,0.0,Low
2026-08-24,B003,P002,15,16,31,4,0,12,SURPLUS,0.0,0.0,Low
2026-08-24,B003,P003,22,21,29,5,0,2,SURPLUS,0.0,0.0,Low
2026-08-24,B003,P004,19,16,33,5,0,9,SURPLUS,0.0,0.0,Low
2026-08-24,B003,P005,25,26,50,8,0,17,SURPLUS,0.0,0.0,Low
2026-08-24,B003,P006,71,61,88,17,0,0,BALANCED,0.0,0.0,Low
2026-08-24,B003,P007,20,19,26,4,0,2,SURPLUS,0.0,0.0,Low
2026-08-24,B003,P008,19,21,24,5,0,0,BALANCED,0.0,0.0,Low
2026-08-24,B003,P009,54,45,77,15,0,8,SURPLUS,0.0,0.0,Low
2026-08-24,B003,P010,24,28,16,5,13,0,SHORTAGE,13.0,198181.75,Critical
2026-08-24,B004,P001,39,37,59,10,0,10,SURPLUS,0.0,0.0,Low
2026-08-24,B004,P002,20,19,27,6,0,1,SURPLUS,0.0,0.0,Low
2026-08-24,B004,P003,20,18,29,6,0,3,SURPLUS,0.0,0.0,Low
2026-08-24,B004,P004,18,15,19,5,4,0,SHORTAGE,4.0,33901.48,High
2026-08-24,B004,P005,23,23,17,5,11,0,SHORTAGE,11.0,525036.49,Critical
2026-08-24,B004,P006,58,54,39,15,34,0,SHORTAGE,34.0,599832.42,Critical
2026-08-24,B004,P007,13,13,16,3,0,0,BALANCED,0.0,0.0,Low
2026-08-24,B004,P008,15,15,19,4,0,0,BALANCED,0.0,0.0,Low
2026-08-24,B004,P009,37,38,36,10,11,0,SHORTAGE,11.0,40150.11,High
2026-08-24,B004,P010,24,22,25,8,7,0,SHORTAGE,7.0,111865.25,High
2026-08-24,B005,P001,42,41,25,12,29,0,SHORTAGE,29.0,978141.29,Critical
2026-08-24,B005,P002,19,18,28,4,0,5,SURPLUS,0.0,0.0,Low
2026-08-24,B005,P003,19,18,26,4,0,3,SURPLUS,0.0,0.0,Low
2026-08-24,B005,P004,17,21,12,4,9,0,SHORTAGE,9.0,84629.88,Critical
2026-08-24,B005,P005,21,19,14,6,13,0,SHORTAGE,13.0,589819.49,Critical
2026-08-24,B005,P006,82,74,134,21,0,31,SURPLUS,0.0,0.0,Low
2026-08-24,B005,P007,16,16,18,5,3,0,SHORTAGE,3.0,35294.67,Medium
2026-08-24,B005,P008,17,18,10,3,10,0,SHORTAGE,10.0,436934.7,Critical
2026-08-24,B005,P009,41,38,45,11,7,0,SHORTAGE,7.0,24443.02,Medium
2026-08-24,B005,P010,18,19,8,5,15,0,SHORTAGE,15.0,243355.8,Critical
2026-08-24,B006,P001,41,44,34,12,19,0,SHORTAGE,19.0,578117.94,Critical
2026-08-24,B006,P002,7,9,8,3,2,0,SHORTAGE,2.0,53031.26,High
2026-08-24,B006,P003,18,18,12,5,11,0,SHORTAGE,11.0,279436.85,Critical
2026-08-24,B006,P004,10,11,20,3,0,7,SURPLUS,0.0,0.0,Low
2026-08-24,B006,P005,23,22,33,5,0,5,SURPLUS,0.0,0.0,Low
2026-08-24,B006,P006,57,58,73,16,0,0,BALANCED,0.0,0.0,Low
2026-08-24,B006,P007,11,11,20,3,0,6,SURPLUS,0.0,0.0,Low
2026-08-24,B006,P008,11,12,15,3,0,1,SURPLUS,0.0,0.0,Low
2026-08-24,B006,P009,37,33,64,8,0,19,SURPLUS,0.0,0.0,Low
2026-08-24,B006,P010,25,24,21,7,11,0,SHORTAGE,11.0,165413.27,High
2026-08-24,B007,P001,44,41,61,14,0,3,SURPLUS,0.0,0.0,Low
2026-08-24,B007,P002,8,9,10,3,1,0,SHORTAGE,1.0,25772.74,Medium
2026-08-24,B007,P003,13,13,18,4,0,1,SURPLUS,0.0,0.0,Low
2026-08-24,B007,P004,14,16,15,3,2,0,SHORTAGE,2.0,17544.46,Medium
2026-08-24,B007,P005,22,23,16,5,11,0,SHORTAGE,11.0,535279.8,Critical
2026-08-24,B007,P006,34,36,57,10,0,13,SURPLUS,0.0,0.0,Low
2026-08-24,B007,P007,9,9,5,3,7,0,SHORTAGE,7.0,90656.58,Critical
2026-08-24,B007,P008,21,20,39,5,0,13,SURPLUS,0.0,0.0,Low
2026-08-24,B007,P009,54,51,44,15,25,0,SHORTAGE,25.0,80754.25,Critical
2026-08-24,B007,P010,24,23,20,7,11,0,SHORTAGE,11.0,172982.81,Critical
2026-08-24,B008,P001,33,34,47,10,0,4,SURPLUS,0.0,0.0,Low
2026-08-24,B008,P002,20,21,12,4,12,0,SHORTAGE,12.0,340368.0,Critical
2026-08-24,B008,P003,20,20,17,5,8,0,SHORTAGE,8.0,207303.2,High
2026-08-24,B008,P004,17,18,14,4,7,0,SHORTAGE,7.0,66691.23999999999,High
2026-08-24,B008,P005,26,28,46,8,0,12,SURPLUS,0.0,0.0,Low
2026-08-24,B008,P006,64,62,75,14,3,0,SHORTAGE,3.0,53103.240000000005,Medium
2026-08-24,B008,P007,13,13,18,4,0,1,SURPLUS,0.0,0.0,Low
2026-08-24,B008,P008,24,22,37,7,0,6,SURPLUS,0.0,0.0,Low
2026-08-24,B008,P009,42,41,33,12,21,0,SHORTAGE,21.0,70749.42,Critical
2026-08-24,B008,P010,24,27,38,8,0,6,SURPLUS,0.0,0.0,Low
2026-08-25,B001,P001,59,59,113,13,0,41,SURPLUS,0.0,0.0,Low
2026-08-25,B001,P002,28,25,57,5,0,24,SURPLUS,0.0,0.0,Low
2026-08-25,B001,P003,28,29,22,9,15,0,SHORTAGE,15.0,335743.5,Critical
2026-08-25,B001,P004,21,20,13,4,12,0,SHORTAGE,12.0,108615.84,Critical
2026-08-25,B001,P005,41,40,83,11,0,31,SURPLUS,0.0,0.0,Low
2026-08-25,B001,P006,75,70,122,20,0,27,SURPLUS,0.0,0.0,Low
2026-08-25,B001,P007,16,17,23,5,0,2,SURPLUS,0.0,0.0,Low
2026-08-25,B001,P008,21,24,12,4,13,0,SHORTAGE,13.0,552607.64,Critical
2026-08-25,B001,P009,83,78,136,28,0,25,SURPLUS,0.0,0.0,Low
2026-08-25,B001,P010,49,42,37,16,28,0,SHORTAGE,28.0,439321.12,Critical
2026-08-25,B002,P001,46,51,57,11,0,0,BALANCED,0.0,0.0,Low
2026-08-25,B002,P002,28,28,36,7,0,1,SURPLUS,0.0,0.0,Low
2026-08-25,B002,P003,21,20,29,6,0,2,SURPLUS,0.0,0.0,Low
2026-08-25,B002,P004,16,18,20,5,1,0,SHORTAGE,1.0,9068.49,Medium
2026-08-25,B002,P005,39,38,68,13,0,16,SURPLUS,0.0,0.0,Low
2026-08-25,B002,P006,52,53,91,16,0,23,SURPLUS,0.0,0.0,Low
2026-08-25,B002,P007,14,15,19,4,0,1,SURPLUS,0.0,0.0,Low
2026-08-25,B002,P008,18,18,29,5,0,6,SURPLUS,0.0,0.0,Low
2026-08-25,B002,P009,66,68,57,17,26,0,SHORTAGE,26.0,87485.58,High
2026-08-25,B002,P010,31,30,18,6,19,0,SHORTAGE,19.0,311874.17,Critical
2026-08-25,B003,P001,50,51,32,10,28,0,SHORTAGE,28.0,951639.6399999999,Critical
2026-08-25,B003,P002,14,14,21,4,0,3,SURPLUS,0.0,0.0,Low
2026-08-25,B003,P003,19,18,36,4,0,13,SURPLUS,0.0,0.0,Low
2026-08-25,B003,P004,16,17,25,3,0,6,SURPLUS,0.0,0.0,Low
2026-08-25,B003,P005,38,38,75,10,0,27,SURPLUS,0.0,0.0,Low
2026-08-25,B003,P006,46,52,56,12,2,0,SHORTAGE,2.0,35098.34,Medium
2026-08-25,B003,P007,16,16,26,4,0,6,SURPLUS,0.0,0.0,Low
2026-08-25,B003,P008,18,17,35,4,0,13,SURPLUS,0.0,0.0,Low
2026-08-25,B003,P009,32,36,34,11,9,0,SHORTAGE,9.0,30999.149999999998,High
2026-08-25,B003,P010,24,23,37,8,0,5,SURPLUS,0.0,0.0,Low
2026-08-25,B004,P001,40,37,60,8,0,12,SURPLUS,0.0,0.0,Low
2026-08-25,B004,P002,13,14,25,4,0,8,SURPLUS,0.0,0.0,Low
2026-08-25,B004,P003,17,19,15,5,7,0,SHORTAGE,7.0,171489.78,High
2026-08-25,B004,P004,16,15,18,3,1,0,SHORTAGE,1.0,9612.65,Medium
2026-08-25,B004,P005,21,22,19,5,7,0,SHORTAGE,7.0,347052.51,High
2026-08-25,B004,P006,60,56,104,13,0,31,SURPLUS,0.0,0.0,Low
2026-08-25,B004,P007,11,12,18,3,0,4,SURPLUS,0.0,0.0,Low
2026-08-25,B004,P008,12,13,12,3,3,0,SHORTAGE,3.0,121573.38,High
2026-08-25,B004,P009,48,45,30,9,27,0,SHORTAGE,27.0,92909.16,Critical
2026-08-25,B004,P010,27,27,15,8,20,0,SHORTAGE,20.0,341582.60000000003,Critical
2026-08-25,B005,P001,36,43,60,11,0,13,SURPLUS,0.0,0.0,Low
2026-08-25,B005,P002,17,17,16,4,5,0,SHORTAGE,5.0,130820.5,High
2026-08-25,B005,P003,21,20,15,5,11,0,SHORTAGE,11.0,256970.23,Critical
2026-08-25,B005,P004,11,12,21,3,0,7,SURPLUS,0.0,0.0,Low
2026-08-25,B005,P005,36,40,57,11,0,10,SURPLUS,0.0,0.0,Low
2026-08-25,B005,P006,59,60,44,16,31,0,SHORTAGE,31.0,543162.16,Critical
2026-08-25,B005,P007,11,13,15,3,0,1,SURPLUS,0.0,0.0,Low
2026-08-25,B005,P008,17,16,19,5,3,0,SHORTAGE,3.0,126366.15000000001,Medium
2026-08-25,B005,P009,43,44,40,12,15,0,SHORTAGE,15.0,50716.2,High
2026-08-25,B005,P010,30,30,42,9,0,3,SURPLUS,0.0,0.0,Low
2026-08-25,B006,P001,42,45,77,10,0,25,SURPLUS,0.0,0.0,Low
2026-08-25,B006,P002,10,11,4,3,9,0,SHORTAGE,9.0,260091.81,Critical
2026-08-25,B006,P003,26,25,25,8,9,0,SHORTAGE,9.0,202215.51,High
2026-08-25,B006,P004,10,10,8,3,5,0,SHORTAGE,5.0,42409.75,Critical
2026-08-25,B006,P005,19,19,30,4,0,7,SURPLUS,0.0,0.0,Low
2026-08-25,B006,P006,71,72,63,18,26,0,SHORTAGE,26.0,436295.34,High
2026-08-25,B006,P007,15,16,27,3,0,9,SURPLUS,0.0,0.0,Low
2026-08-25,B006,P008,18,16,26,4,0,4,SURPLUS,0.0,0.0,Low
2026-08-25,B006,P009,43,45,82,12,0,27,SURPLUS,0.0,0.0,Low
2026-08-25,B006,P010,22,23,33,7,0,4,SURPLUS,0.0,0.0,Low
2026-08-25,B007,P001,37,38,64,11,0,16,SURPLUS,0.0,0.0,Low
2026-08-25,B007,P002,17,17,23,4,0,2,SURPLUS,0.0,0.0,Low
2026-08-25,B007,P003,13,13,18,3,0,2,SURPLUS,0.0,0.0,Low
2026-08-25,B007,P004,8,9,13,3,0,2,SURPLUS,0.0,0.0,Low
2026-08-25,B007,P005,18,20,10,4,12,0,SHORTAGE,12.0,604536.84,Critical
2026-08-25,B007,P006,58,54,68,14,4,0,SHORTAGE,4.0,72241.28,Medium
2026-08-25,B007,P007,12,13,16,3,0,1,SURPLUS,0.0,0.0,Low
2026-08-25,B007,P008,10,11,10,3,3,0,SHORTAGE,3.0,130757.91,High
2026-08-25,B007,P009,43,45,31,12,24,0,SHORTAGE,24.0,88325.52,Critical
2026-08-25,B007,P010,19,18,33,5,0,9,SURPLUS,0.0,0.0,Low
2026-08-25,B008,P001,42,41,61,10,0,9,SURPLUS,0.0,0.0,Low
2026-08-25,B008,P002,15,16,22,3,0,4,SURPLUS,0.0,0.0,Low
2026-08-25,B008,P003,19,21,29,4,0,6,SURPLUS,0.0,0.0,Low
2026-08-25,B008,P004,12,15,22,4,0,6,SURPLUS,0.0,0.0,Low
2026-08-25,B008,P005,27,30,26,8,9,0,SHORTAGE,9.0,408003.39,High
2026-08-25,B008,P006,67,61,127,21,0,39,SURPLUS,0.0,0.0,Low
2026-08-25,B008,P007,14,14,12,4,6,0,SHORTAGE,6.0,73657.74,High
2026-08-25,B008,P008,16,15,19,4,1,0,SHORTAGE,1.0,43405.96,Medium
2026-08-25,B008,P009,46,48,68,10,0,12,SURPLUS,0.0,0.0,Low
2026-08-25,B008,P010,27,27,26,6,7,0,SHORTAGE,7.0,113796.48,High
2026-08-26,B001,P001,60,64,84,20,0,4,SURPLUS,0.0,0.0,Low
2026-08-26,B001,P002,30,29,28,10,12,0,SHORTAGE,12.0,329662.44,High
2026-08-26,B001,P003,31,30,20,10,21,0,SHORTAGE,21.0,466911.69,Critical
2026-08-26,B001,P004,27,24,49,6,0,16,SURPLUS,0.0,0.0,Low
2026-08-26,B001,P005,43,42,44,10,9,0,SHORTAGE,9.0,413577.89999999997,High
2026-08-26,B001,P006,90,94,75,24,39,0,SHORTAGE,39.0,719833.9199999999,High
2026-08-26,B001,P007,22,20,24,5,3,0,SHORTAGE,3.0,37583.94,Medium
2026-08-26,B001,P008,29,28,49,6,0,14,SURPLUS,0.0,0.0,Low
2026-08-26,B001,P009,72,66,105,24,0,9,SURPLUS,0.0,0.0,Low
2026-08-26,B001,P010,36,34,43,10,3,0,SHORTAGE,3.0,47675.04,Medium
2026-08-26,B002,P001,39,38,27,8,20,0,SHORTAGE,20.0,593107.8,Critical
2026-08-26,B002,P002,18,21,31,5,0,8,SURPLUS,0.0,0.0,Low
2026-08-26,B002,P003,25,22,47,7,0,15,SURPLUS,0.0,0.0,Low
2026-08-26,B002,P004,19,22,13,6,12,0,SHORTAGE,12.0,112869.84,Critical
2026-08-26,B002,P005,32,35,34,9,7,0,SHORTAGE,7.0,326910.36000000004,High
2026-08-26,B002,P006,65,64,42,13,36,0,SHORTAGE,36.0,640055.8800000001,Critical
2026-08-26,B002,P007,18,18,30,5,0,7,SURPLUS,0.0,0.0,Low
2026-08-26,B002,P008,18,18,19,4,3,0,SHORTAGE,3.0,123087.06,Medium
2026-08-26,B002,P009,60,70,97,16,0,21,SURPLUS,0.0,0.0,Low
2026-08-26,B002,P010,33,32,27,10,16,0,SHORTAGE,16.0,242705.92,Critical
2026-08-26,B003,P001,39,40,69,13,0,17,SURPLUS,0.0,0.0,Low
2026-08-26,B003,P002,16,17,34,5,0,13,SURPLUS,0.0,0.0,Low
2026-08-26,B003,P003,24,24,24,7,7,0,SHORTAGE,7.0,168389.97,High
2026-08-26,B003,P004,15,17,30,3,0,12,SURPLUS,0.0,0.0,Low
2026-08-26,B003,P005,50,49,59,11,2,0,SHORTAGE,2.0,103498.62,Medium
2026-08-26,B003,P006,58,55,40,12,30,0,SHORTAGE,30.0,579894.0,Critical
2026-08-26,B003,P007,15,15,13,4,6,0,SHORTAGE,6.0,73276.92,High
2026-08-26,B003,P008,12,14,22,3,0,7,SURPLUS,0.0,0.0,Low
2026-08-26,B003,P009,56,54,65,13,4,0,SHORTAGE,4.0,14778.32,Medium
2026-08-26,B003,P010,24,23,22,6,8,0,SHORTAGE,8.0,124831.6,High
2026-08-26,B004,P001,41,39,53,9,0,3,SURPLUS,0.0,0.0,Low
2026-08-26,B004,P002,16,17,21,3,0,2,SURPLUS,0.0,0.0,Low
2026-08-26,B004,P003,18,18,35,4,0,13,SURPLUS,0.0,0.0,Low
2026-08-26,B004,P004,14,13,16,3,1,0,SHORTAGE,1.0,8467.92,Medium
2026-08-26,B004,P005,20,22,37,5,0,12,SURPLUS,0.0,0.0,Low
2026-08-26,B004,P006,51,47,71,11,0,9,SURPLUS,0.0,0.0,Low
2026-08-26,B004,P007,14,15,24,4,0,6,SURPLUS,0.0,0.0,Low
2026-08-26,B004,P008,17,16,21,4,0,0,BALANCED,0.0,0.0,Low
2026-08-26,B004,P009,43,41,70,12,0,15,SURPLUS,0.0,0.0,Low
2026-08-26,B004,P010,24,26,21,5,8,0,SHORTAGE,8.0,125479.84,High
2026-08-26,B005,P001,38,37,72,9,0,25,SURPLUS,0.0,0.0,Low
2026-08-26,B005,P002,18,17,26,4,0,4,SURPLUS,0.0,0.0,Low
2026-08-26,B005,P003,18,20,17,4,5,0,SHORTAGE,5.0,124729.79999999999,High
2026-08-26,B005,P004,14,13,22,4,0,4,SURPLUS,0.0,0.0,Low
2026-08-26,B005,P005,30,30,40,9,0,1,SURPLUS,0.0,0.0,Low
2026-08-26,B005,P006,60,51,115,17,0,38,SURPLUS,0.0,0.0,Low
2026-08-26,B005,P007,10,11,9,3,4,0,SHORTAGE,4.0,48684.08,High
2026-08-26,B005,P008,12,14,4,3,11,0,SHORTAGE,11.0,428555.49,Critical
2026-08-26,B005,P009,63,59,85,19,0,3,SURPLUS,0.0,0.0,Low
2026-08-26,B005,P010,33,29,31,8,10,0,SHORTAGE,10.0,168244.3,High
2026-08-26,B006,P001,34,33,26,7,15,0,SHORTAGE,15.0,508713.45000000007,High
2026-08-26,B006,P002,23,22,20,4,7,0,SHORTAGE,7.0,202418.30000000002,High
2026-08-26,B006,P003,18,18,13,3,8,0,SHORTAGE,8.0,192098.24,High
2026-08-26,B006,P004,14,14,15,3,2,0,SHORTAGE,2.0,17981.38,Medium
2026-08-26,B006,P005,23,26,25,6,4,0,SHORTAGE,4.0,186712.36,Medium
2026-08-26,B006,P006,45,45,64,14,0,5,SURPLUS,0.0,0.0,Low
2026-08-26,B006,P007,8,9,15,3,0,4,SURPLUS,0.0,0.0,Low
2026-08-26,B006,P008,15,16,13,4,6,0,SHORTAGE,6.0,261880.68,High
2026-08-26,B006,P009,38,33,50,12,0,0,BALANCED,0.0,0.0,Low
2026-08-26,B006,P010,21,22,12,6,15,0,SHORTAGE,15.0,258662.55,Critical
2026-08-26,B007,P001,31,36,56,9,0,16,SURPLUS,0.0,0.0,Low
2026-08-26,B007,P002,18,16,15,4,7,0,SHORTAGE,7.0,202647.13,High
2026-08-26,B007,P003,16,17,16,3,3,0,SHORTAGE,3.0,75669.87,Medium
2026-08-26,B007,P004,15,14,21,3,0,3,SURPLUS,0.0,0.0,Low
2026-08-26,B007,P005,25,24,25,7,7,0,SHORTAGE,7.0,342834.10000000003,High
2026-08-26,B007,P006,63,65,68,15,10,0,SHORTAGE,10.0,186873.9,Medium
2026-08-26,B007,P007,13,15,23,4,0,6,SURPLUS,0.0,0.0,Low
2026-08-26,B007,P008,11,11,16,3,0,2,SURPLUS,0.0,0.0,Low
2026-08-26,B007,P009,29,31,28,10,11,0,SHORTAGE,11.0,36677.19,High
2026-08-26,B007,P010,21,25,25,5,1,0,SHORTAGE,1.0,17201.49,Medium
2026-08-26,B008,P001,37,47,23,8,22,0,SHORTAGE,22.0,733898.0,Critical
2026-08-26,B008,P002,20,20,30,6,0,4,SURPLUS,0.0,0.0,Low
2026-08-26,B008,P003,22,21,27,5,0,0,BALANCED,0.0,0.0,Low
2026-08-26,B008,P004,9,9,13,3,0,1,SURPLUS,0.0,0.0,Low
2026-08-26,B008,P005,23,23,14,6,15,0,SHORTAGE,15.0,746849.7000000001,Critical
2026-08-26,B008,P006,43,40,40,9,12,0,SHORTAGE,12.0,216494.40000000002,High
2026-08-26,B008,P007,15,15,17,3,1,0,SHORTAGE,1.0,12698.11,Medium
2026-08-26,B008,P008,4,5,8,3,0,1,SURPLUS,0.0,0.0,Low
2026-08-26,B008,P009,48,53,91,10,0,33,SURPLUS,0.0,0.0,Low
2026-08-26,B008,P010,27,29,46,8,0,11,SURPLUS,0.0,0.0,Low
2026-08-27,B001,P001,62,56,86,18,0,6,SURPLUS,0.0,0.0,Low
2026-08-27,B001,P002,29,26,55,7,0,19,SURPLUS,0.0,0.0,Low
2026-08-27,B001,P003,30,31,24,9,15,0,SHORTAGE,15.0,371368.2,Critical
2026-08-27,B001,P004,26,23,35,6,0,3,SURPLUS,0.0,0.0,Low
2026-08-27,B001,P005,39,39,76,10,0,27,SURPLUS,0.0,0.0,Low
2026-08-27,B001,P006,81,71,68,16,29,0,SHORTAGE,29.0,495806.04,High
2026-08-27,B001,P007,18,17,13,4,9,0,SHORTAGE,9.0,100493.63999999998,Critical
2026-08-27,B001,P008,27,25,48,7,0,14,SURPLUS,0.0,0.0,Low
2026-08-27,B001,P009,78,83,56,18,40,0,SHORTAGE,40.0,134068.0,Critical
2026-08-27,B001,P010,28,30,16,7,19,0,SHORTAGE,19.0,288354.26,Critical
2026-08-27,B002,P001,45,42,19,9,35,0,SHORTAGE,35.0,1050980.3499999999,Critical
2026-08-27,B002,P002,20,19,15,5,10,0,SHORTAGE,10.0,290770.80000000005,Critical
2026-08-27,B002,P003,20,22,29,6,0,3,SURPLUS,0.0,0.0,Low
2026-08-27,B002,P004,17,19,19,4,2,0,SHORTAGE,2.0,19195.12,Medium
2026-08-27,B002,P005,28,30,34,5,0,1,SURPLUS,0.0,0.0,Low
2026-08-27,B002,P006,63,64,126,18,0,45,SURPLUS,0.0,0.0,Low
2026-08-27,B002,P007,18,19,16,3,5,0,SHORTAGE,5.0,57104.55,High
2026-08-27,B002,P008,18,17,36,4,0,14,SURPLUS,0.0,0.0,Low
2026-08-27,B002,P009,46,47,43,14,17,0,SHORTAGE,17.0,58466.74,High
2026-08-27,B002,P010,31,32,38,10,3,0,SHORTAGE,3.0,44618.82,Medium
2026-08-27,B003,P001,33,35,54,9,0,12,SURPLUS,0.0,0.0,Low
2026-08-27,B003,P002,23,24,32,7,0,2,SURPLUS,0.0,0.0,Low
2026-08-27,B003,P003,24,22,18,7,13,0,SHORTAGE,13.0,302708.89999999997,Critical
2026-08-27,B003,P004,14,13,8,4,10,0,SHORTAGE,10.0,92745.40000000001,Critical
2026-08-27,B003,P005,24,24,34,6,0,4,SURPLUS,0.0,0.0,Low
2026-08-27,B003,P006,54,53,36,17,35,0,SHORTAGE,35.0,635665.1,Critical
2026-08-27,B003,P007,14,14,19,3,0,2,SURPLUS,0.0,0.0,Low
2026-08-27,B003,P008,15,15,17,4,2,0,SHORTAGE,2.0,83956.36,Medium
2026-08-27,B003,P009,53,51,71,17,0,1,SURPLUS,0.0,0.0,Low
2026-08-27,B003,P010,33,34,61,11,0,17,SURPLUS,0.0,0.0,Low
2026-08-27,B004,P001,35,36,48,9,0,4,SURPLUS,0.0,0.0,Low
2026-08-27,B004,P002,16,16,16,5,5,0,SHORTAGE,5.0,148574.2,High
2026-08-27,B004,P003,18,20,35,6,0,11,SURPLUS,0.0,0.0,Low
2026-08-27,B004,P004,19,19,23,6,2,0,SHORTAGE,2.0,17897.12,Medium
2026-08-27,B004,P005,32,32,50,10,0,8,SURPLUS,0.0,0.0,Low
2026-08-27,B004,P006,40,40,52,11,0,1,SURPLUS,0.0,0.0,Low
2026-08-27,B004,P007,10,10,18,3,0,5,SURPLUS,0.0,0.0,Low
2026-08-27,B004,P008,16,16,27,5,0,6,SURPLUS,0.0,0.0,Low
2026-08-27,B004,P009,48,51,38,11,21,0,SHORTAGE,21.0,79017.12,High
2026-08-27,B004,P010,23,23,22,6,7,0,SHORTAGE,7.0,106258.53,High
2026-08-27,B005,P001,48,49,60,15,3,0,SHORTAGE,3.0,97021.56,Medium
2026-08-27,B005,P002,16,15,13,4,7,0,SHORTAGE,7.0,189761.67,High
2026-08-27,B005,P003,19,21,31,5,0,7,SURPLUS,0.0,0.0,Low
2026-08-27,B005,P004,16,15,10,3,9,0,SHORTAGE,9.0,83955.15000000001,Critical
2026-08-27,B005,P005,29,32,52,9,0,14,SURPLUS,0.0,0.0,Low
2026-08-27,B005,P006,64,70,109,17,0,28,SURPLUS,0.0,0.0,Low
2026-08-27,B005,P007,13,14,10,4,7,0,SHORTAGE,7.0,84915.46,Critical
2026-08-27,B005,P008,15,17,13,3,5,0,SHORTAGE,5.0,200124.8,High
2026-08-27,B005,P009,43,45,28,15,30,0,SHORTAGE,30.0,107001.3,Critical
2026-08-27,B005,P010,27,26,33,8,2,0,SHORTAGE,2.0,32254.78,Medium
2026-08-27,B006,P001,28,30,35,6,0,1,SURPLUS,0.0,0.0,Low
2026-08-27,B006,P002,16,16,17,3,2,0,SHORTAGE,2.0,56079.76,Medium
2026-08-27,B006,P003,15,16,10,5,10,0,SHORTAGE,10.0,254026.4,Critical
2026-08-27,B006,P004,20,19,19,5,6,0,SHORTAGE,6.0,56590.92,High
2026-08-27,B006,P005,26,25,29,6,3,0,SHORTAGE,3.0,135617.37,Medium
2026-08-27,B006,P006,55,60,65,17,7,0,SHORTAGE,7.0,123669.48999999999,Medium
2026-08-27,B006,P007,15,14,25,4,0,6,SURPLUS,0.0,0.0,Low
2026-08-27,B006,P008,14,14,18,3,0,1,SURPLUS,0.0,0.0,Low
2026-08-27,B006,P009,35,34,57,11,0,11,SURPLUS,0.0,0.0,Low
2026-08-27,B006,P010,25,27,19,6,12,0,SHORTAGE,12.0,190618.44,Critical
2026-08-27,B007,P001,35,38,43,8,0,0,BALANCED,0.0,0.0,Low
2026-08-27,B007,P002,10,11,6,3,7,0,SHORTAGE,7.0,200211.47999999998,Critical
2026-08-27,B007,P003,18,19,31,4,0,9,SURPLUS,0.0,0.0,Low
2026-08-27,B007,P004,16,14,23,3,0,4,SURPLUS,0.0,0.0,Low
2026-08-27,B007,P005,27,25,29,6,4,0,SHORTAGE,4.0,204454.76,Medium
2026-08-27,B007,P006,61,50,62,19,18,0,SHORTAGE,18.0,349554.24,High
2026-08-27,B007,P007,18,16,12,5,11,0,SHORTAGE,11.0,140383.76,Critical
2026-08-27,B007,P008,16,16,23,3,0,4,SURPLUS,0.0,0.0,Low
2026-08-27,B007,P009,48,43,60,12,0,0,BALANCED,0.0,0.0,Low
2026-08-27,B007,P010,18,20,21,5,2,0,SHORTAGE,2.0,33049.86,Medium
2026-08-27,B008,P001,44,44,33,9,20,0,SHORTAGE,20.0,667148.3999999999,Critical
2026-08-27,B008,P002,17,18,22,5,0,0,BALANCED,0.0,0.0,Low
2026-08-27,B008,P003,15,17,16,4,3,0,SHORTAGE,3.0,66774.6,Medium
2026-08-27,B008,P004,14,15,19,3,0,2,SURPLUS,0.0,0.0,Low
2026-08-27,B008,P005,20,22,31,6,0,5,SURPLUS,0.0,0.0,Low
2026-08-27,B008,P006,65,64,103,20,0,18,SURPLUS,0.0,0.0,Low
2026-08-27,B008,P007,13,14,16,3,0,0,BALANCED,0.0,0.0,Low
2026-08-27,B008,P008,13,14,13,3,3,0,SHORTAGE,3.0,123555.18,High
2026-08-27,B008,P009,35,36,75,11,0,29,SURPLUS,0.0,0.0,Low
2026-08-27,B008,P010,23,24,18,6,11,0,SHORTAGE,11.0,168968.36000000002,Critical
2026-08-28,B001,P001,80,78,149,23,0,46,SURPLUS,0.0,0.0,Low
2026-08-28,B001,P002,23,26,19,5,9,0,SHORTAGE,9.0,264333.51,High
2026-08-28,B001,P003,34,37,22,7,19,0,SHORTAGE,19.0,428780.60000000003,Critical
2026-08-28,B001,P004,27,25,45,8,0,10,SURPLUS,0.0,0.0,Low
2026-08-28,B001,P005,37,44,72,11,0,24,SURPLUS,0.0,0.0,Low
2026-08-28,B001,P006,87,93,114,17,0,10,SURPLUS,0.0,0.0,Low
2026-08-28,B001,P007,24,25,36,6,0,6,SURPLUS,0.0,0.0,Low
2026-08-28,B001,P008,28,28,12,7,23,0,SHORTAGE,23.0,1002740.2000000001,Critical
2026-08-28,B001,P009,83,86,54,22,51,0,SHORTAGE,51.0,169308.27,Critical
2026-08-28,B001,P010,45,47,37,13,21,0,SHORTAGE,21.0,354804.24,Critical
2026-08-28,B002,P001,74,67,120,18,0,28,SURPLUS,0.0,0.0,Low
2026-08-28,B002,P002,27,26,16,8,19,0,SHORTAGE,19.0,553906.62,Critical
2026-08-28,B002,P003,30,28,57,9,0,18,SURPLUS,0.0,0.0,Low
2026-08-28,B002,P004,20,22,38,6,0,12,SURPLUS,0.0,0.0,Low
2026-08-28,B002,P005,38,35,75,9,0,28,SURPLUS,0.0,0.0,Low
2026-08-28,B002,P006,86,76,45,26,67,0,SHORTAGE,67.0,1131485.95,Critical
2026-08-28,B002,P007,20,21,24,4,0,0,BALANCED,0.0,0.0,Low
2026-08-28,B002,P008,28,24,48,5,0,15,SURPLUS,0.0,0.0,Low
2026-08-28,B002,P009,59,66,42,18,35,0,SHORTAGE,35.0,122637.54999999999,Critical
2026-08-28,B002,P010,35,37,61,8,0,18,SURPLUS,0.0,0.0,Low
2026-08-28,B003,P001,53,54,84,18,0,13,SURPLUS,0.0,0.0,Low
2026-08-28,B003,P002,21,21,37,5,0,11,SURPLUS,0.0,0.0,Low
2026-08-28,B003,P003,18,22,10,6,14,0,SHORTAGE,14.0,358610.0,Critical
2026-08-28,B003,P004,20,22,37,5,0,12,SURPLUS,0.0,0.0,Low
2026-08-28,B003,P005,22,26,27,6,1,0,SHORTAGE,1.0,45248.96,Medium
2026-08-28,B003,P006,70,71,133,16,0,47,SURPLUS,0.0,0.0,Low
2026-08-28,B003,P007,17,16,31,4,0,10,SURPLUS,0.0,0.0,Low
2026-08-28,B003,P008,21,19,39,6,0,12,SURPLUS,0.0,0.0,Low
2026-08-28,B003,P009,86,78,113,27,0,0,BALANCED,0.0,0.0,Low
2026-08-28,B003,P010,28,31,31,5,2,0,SHORTAGE,2.0,32822.66,Medium
2026-08-28,B004,P001,50,49,26,14,38,0,SHORTAGE,38.0,1190605.36,Critical
2026-08-28,B004,P002,14,15,12,3,5,0,SHORTAGE,5.0,131897.6,High
2026-08-28,B004,P003,22,20,24,4,2,0,SHORTAGE,2.0,51547.68,Medium
2026-08-28,B004,P004,23,22,42,4,0,15,SURPLUS,0.0,0.0,Low
2026-08-28,B004,P005,24,26,14,7,17,0,SHORTAGE,17.0,822466.29,Critical
2026-08-28,B004,P006,59,51,42,13,30,0,SHORTAGE,30.0,579951.9,Critical
2026-08-28,B004,P007,21,20,27,5,0,1,SURPLUS,0.0,0.0,Low
2026-08-28,B004,P008,18,18,26,5,0,3,SURPLUS,0.0,0.0,Low
2026-08-28,B004,P009,36,38,36,7,7,0,SHORTAGE,7.0,23735.67,Medium
2026-08-28,B004,P010,20,20,11,6,15,0,SHORTAGE,15.0,220873.34999999998,Critical
2026-08-28,B005,P001,59,55,58,16,17,0,SHORTAGE,17.0,573411.36,High
2026-08-28,B005,P002,16,17,33,4,0,13,SURPLUS,0.0,0.0,Low
2026-08-28,B005,P003,18,23,34,5,0,11,SURPLUS,0.0,0.0,Low
2026-08-28,B005,P004,13,13,20,3,0,4,SURPLUS,0.0,0.0,Low
2026-08-28,B005,P005,34,34,53,6,0,13,SURPLUS,0.0,0.0,Low
2026-08-28,B005,P006,63,68,117,17,0,37,SURPLUS,0.0,0.0,Low
2026-08-28,B005,P007,16,18,20,4,0,0,BALANCED,0.0,0.0,Low
2026-08-28,B005,P008,20,19,11,6,15,0,SHORTAGE,15.0,600249.0,Critical
2026-08-28,B005,P009,55,53,100,12,0,33,SURPLUS,0.0,0.0,Low
2026-08-28,B005,P010,24,26,31,5,0,2,SURPLUS,0.0,0.0,Low
2026-08-28,B006,P001,49,46,41,11,19,0,SHORTAGE,19.0,610521.68,High
2026-08-28,B006,P002,20,18,22,6,4,0,SHORTAGE,4.0,117940.52,Medium
2026-08-28,B006,P003,29,27,37,10,2,0,SHORTAGE,2.0,49279.54,Medium
2026-08-28,B006,P004,21,22,25,4,0,0,BALANCED,0.0,0.0,Low
2026-08-28,B006,P005,46,40,95,15,0,34,SURPLUS,0.0,0.0,Low
2026-08-28,B006,P006,70,60,124,22,0,32,SURPLUS,0.0,0.0,Low
2026-08-28,B006,P007,17,17,16,5,6,0,SHORTAGE,6.0,67825.20000000001,High
2026-08-28,B006,P008,10,10,16,3,0,3,SURPLUS,0.0,0.0,Low
2026-08-28,B006,P009,56,48,101,16,0,29,SURPLUS,0.0,0.0,Low
2026-08-28,B006,P010,25,24,33,6,0,2,SURPLUS,0.0,0.0,Low
2026-08-28,B007,P001,39,37,71,10,0,22,SURPLUS,0.0,0.0,Low
2026-08-28,B007,P002,19,19,12,4,11,0,SHORTAGE,11.0,298404.7,Critical
2026-08-28,B007,P003,20,19,18,6,8,0,SHORTAGE,8.0,201330.48,High
2026-08-28,B007,P004,17,17,10,4,11,0,SHORTAGE,11.0,100942.93,Critical
2026-08-28,B007,P005,17,21,10,3,10,0,SHORTAGE,10.0,492742.2,Critical
2026-08-28,B007,P006,45,44,81,10,0,26,SURPLUS,0.0,0.0,Low
2026-08-28,B007,P007,9,11,10,3,2,0,SHORTAGE,2.0,25128.32,High
2026-08-28,B007,P008,13,15,8,3,8,0,SHORTAGE,8.0,355215.28,Critical
2026-08-28,B007,P009,58,51,108,17,0,33,SURPLUS,0.0,0.0,Low
2026-08-28,B007,P010,22,21,33,7,0,4,SURPLUS,0.0,0.0,Low
2026-08-28,B008,P001,41,41,73,14,0,18,SURPLUS,0.0,0.0,Low
2026-08-28,B008,P002,17,20,31,3,0,11,SURPLUS,0.0,0.0,Low
2026-08-28,B008,P003,32,31,27,6,11,0,SHORTAGE,11.0,243974.06,High
2026-08-28,B008,P004,23,20,21,7,9,0,SHORTAGE,9.0,75467.79,High
2026-08-28,B008,P005,32,30,20,8,20,0,SHORTAGE,20.0,980644.0,Critical
2026-08-28,B008,P006,59,57,119,16,0,44,SURPLUS,0.0,0.0,Low
2026-08-28,B008,P007,19,19,35,5,0,11,SURPLUS,0.0,0.0,Low
2026-08-28,B008,P008,18,17,14,4,8,0,SHORTAGE,8.0,324819.6,High
2026-08-28,B008,P009,60,60,86,15,0,11,SURPLUS,0.0,0.0,Low
2026-08-28,B008,P010,31,29,21,6,16,0,SHORTAGE,16.0,238054.24,Critical
2026-08-29,B001,P001,75,78,51,17,41,0,SHORTAGE,41.0,1219640.53,Critical
2026-08-29,B001,P002,40,35,34,10,16,0,SHORTAGE,16.0,414658.4,High
2026-08-29,B001,P003,37,37,73,7,0,29,SURPLUS,0.0,0.0,Low
2026-08-29,B001,P004,24,24,24,6,6,0,SHORTAGE,6.0,57659.58,High
2026-08-29,B001,P005,44,47,35,14,23,0,SHORTAGE,23.0,1088968.81,Critical
2026-08-29,B001,P006,79,75,133,19,0,35,SURPLUS,0.0,0.0,Low
2026-08-29,B001,P007,25,29,15,6,16,0,SHORTAGE,16.0,194443.84,Critical
2026-08-29,B001,P008,30,28,34,9,5,0,SHORTAGE,5.0,198826.34999999998,Medium
2026-08-29,B001,P009,93,98,74,19,38,0,SHORTAGE,38.0,135724.22,High
2026-08-29,B001,P010,48,43,35,10,23,0,SHORTAGE,23.0,394348.34,Critical
2026-08-29,B002,P001,65,68,105,20,0,20,SURPLUS,0.0,0.0,Low
2026-08-29,B002,P002,33,31,50,10,0,7,SURPLUS,0.0,0.0,Low
2026-08-29,B002,P003,21,22,18,5,8,0,SHORTAGE,8.0,199959.84,High
2026-08-29,B002,P004,20,19,38,5,0,13,SURPLUS,0.0,0.0,Low
2026-08-29,B002,P005,33,37,45,10,0,2,SURPLUS,0.0,0.0,Low
2026-08-29,B002,P006,91,89,86,26,31,0,SHORTAGE,31.0,556964.29,High
2026-08-29,B002,P007,19,20,21,4,2,0,SHORTAGE,2.0,24032.14,Medium
2026-08-29,B002,P008,25,25,38,7,0,6,SURPLUS,0.0,0.0,Low
2026-08-29,B002,P009,59,66,95,19,0,17,SURPLUS,0.0,0.0,Low
2026-08-29,B002,P010,37,33,62,8,0,17,SURPLUS,0.0,0.0,Low
2026-08-29,B003,P001,63,67,32,16,47,0,SHORTAGE,47.0,1395492.04,Critical
2026-08-29,B003,P002,21,22,42,4,0,17,SURPLUS,0.0,0.0,Low
2026-08-29,B003,P003,25,24,33,7,0,1,SURPLUS,0.0,0.0,Low
2026-08-29,B003,P004,17,16,28,3,0,8,SURPLUS,0.0,0.0,Low
2026-08-29,B003,P005,40,37,37,13,16,0,SHORTAGE,16.0,798127.52,High
2026-08-29,B003,P006,53,55,59,10,4,0,SHORTAGE,4.0,72428.4,Medium
2026-08-29,B003,P007,21,19,14,5,12,0,SHORTAGE,12.0,147996.96,Critical
2026-08-29,B003,P008,20,23,20,6,6,0,SHORTAGE,6.0,259705.08000000002,High
2026-08-29,B003,P009,59,55,94,18,0,17,SURPLUS,0.0,0.0,Low
2026-08-29,B003,P010,32,28,33,8,7,0,SHORTAGE,7.0,106505.34999999999,High
2026-08-29,B004,P001,51,51,89,14,0,24,SURPLUS,0.0,0.0,Low
2026-08-29,B004,P002,19,18,16,6,9,0,SHORTAGE,9.0,240753.06,Critical
2026-08-29,B004,P003,31,30,20,9,20,0,SHORTAGE,20.0,442101.8,Critical
2026-08-29,B004,P004,19,20,29,4,0,6,SURPLUS,0.0,0.0,Low
2026-08-29,B004,P005,47,41,38,14,23,0,SHORTAGE,23.0,1032374.5499999999,Critical
2026-08-29,B004,P006,78,80,131,23,0,30,SURPLUS,0.0,0.0,Low
2026-08-29,B004,P007,15,14,16,4,3,0,SHORTAGE,3.0,38330.61,Medium
2026-08-29,B004,P008,19,19,27,4,0,4,SURPLUS,0.0,0.0,Low
2026-08-29,B004,P009,61,63,123,18,0,44,SURPLUS,0.0,0.0,Low
2026-08-29,B004,P010,22,24,32,7,0,3,SURPLUS,0.0,0.0,Low
2026-08-29,B005,P001,67,60,35,17,49,0,SHORTAGE,49.0,1655539.4799999997,Critical
2026-08-29,B005,P002,25,23,32,5,0,2,SURPLUS,0.0,0.0,Low
2026-08-29,B005,P003,27,28,14,6,19,0,SHORTAGE,19.0,491346.27,Critical
2026-08-29,B005,P004,14,15,19,3,0,2,SURPLUS,0.0,0.0,Low
2026-08-29,B005,P005,29,30,51,9,0,13,SURPLUS,0.0,0.0,Low
2026-08-29,B005,P006,78,71,82,18,14,0,SHORTAGE,14.0,248854.89999999997,Medium
2026-08-29,B005,P007,16,17,22,3,0,3,SURPLUS,0.0,0.0,Low
2026-08-29,B005,P008,17,17,10,4,11,0,SHORTAGE,11.0,435698.67000000004,Critical
2026-08-29,B005,P009,63,58,56,15,22,0,SHORTAGE,22.0,71455.56,High
2026-08-29,B005,P010,27,30,21,7,13,0,SHORTAGE,13.0,222528.54000000004,Critical
2026-08-29,B006,P001,55,55,44,13,24,0,SHORTAGE,24.0,765343.6799999999,High
2026-08-29,B006,P002,19,22,34,5,0,10,SURPLUS,0.0,0.0,Low
2026-08-29,B006,P003,20,25,27,4,0,3,SURPLUS,0.0,0.0,Low
2026-08-29,B006,P004,17,18,21,5,1,0,SHORTAGE,1.0,8873.85,Medium
2026-08-29,B006,P005,34,32,60,8,0,18,SURPLUS,0.0,0.0,Low
2026-08-29,B006,P006,81,75,59,23,45,0,SHORTAGE,45.0,819109.35,Critical
2026-08-29,B006,P007,12,12,16,3,0,1,SURPLUS,0.0,0.0,Low
2026-08-29,B006,P008,16,15,15,4,5,0,SHORTAGE,5.0,219600.3,High
2026-08-29,B006,P009,45,42,91,11,0,35,SURPLUS,0.0,0.0,Low
2026-08-29,B006,P010,23,21,29,5,0,1,SURPLUS,0.0,0.0,Low
2026-08-29,B007,P001,47,41,82,14,0,21,SURPLUS,0.0,0.0,Low
2026-08-29,B007,P002,15,17,20,3,0,2,SURPLUS,0.0,0.0,Low
2026-08-29,B007,P003,19,20,17,6,8,0,SHORTAGE,8.0,200530.64,High
2026-08-29,B007,P004,12,14,15,3,0,0,BALANCED,0.0,0.0,Low
2026-08-29,B007,P005,28,28,45,7,0,10,SURPLUS,0.0,0.0,Low
2026-08-29,B007,P006,60,58,48,18,30,0,SHORTAGE,30.0,504524.70000000007,Critical
2026-08-29,B007,P007,15,15,24,5,0,4,SURPLUS,0.0,0.0,Low
2026-08-29,B007,P008,16,17,13,4,7,0,SHORTAGE,7.0,296644.60000000003,High
2026-08-29,B007,P009,39,37,34,9,14,0,SHORTAGE,14.0,48336.68,High
2026-08-29,B007,P010,28,26,54,6,0,20,SURPLUS,0.0,0.0,Low
2026-08-29,B008,P001,54,62,81,13,0,14,SURPLUS,0.0,0.0,Low
2026-08-29,B008,P002,21,20,38,5,0,12,SURPLUS,0.0,0.0,Low
2026-08-29,B008,P003,25,23,40,5,0,10,SURPLUS,0.0,0.0,Low
2026-08-29,B008,P004,22,21,10,6,18,0,SHORTAGE,18.0,159156.72000000003,Critical
2026-08-29,B008,P005,32,31,44,10,0,2,SURPLUS,0.0,0.0,Low
2026-08-29,B008,P006,82,80,127,21,0,24,SURPLUS,0.0,0.0,Low
2026-08-29,B008,P007,15,15,18,4,1,0,SHORTAGE,1.0,12207.8,Medium
2026-08-29,B008,P008,20,18,30,6,0,4,SURPLUS,0.0,0.0,Low
2026-08-29,B008,P009,47,49,72,9,0,16,SURPLUS,0.0,0.0,Low
2026-08-29,B008,P010,28,28,19,7,16,0,SHORTAGE,16.0,266381.12,Critical
2026-08-30,B001,P001,58,65,82,12,0,12,SURPLUS,0.0,0.0,Low
2026-08-30,B001,P002,25,26,23,7,9,0,SHORTAGE,9.0,266438.88,High
2026-08-30,B001,P003,28,29,38,5,0,5,SURPLUS,0.0,0.0,Low
2026-08-30,B001,P004,23,23,20,7,10,0,SHORTAGE,10.0,89578.09999999999,High
2026-08-30,B001,P005,41,40,55,8,0,6,SURPLUS,0.0,0.0,Low
2026-08-30,B001,P006,82,81,45,18,55,0,SHORTAGE,55.0,984004.4500000001,Critical
2026-08-30,B001,P007,24,24,22,5,7,0,SHORTAGE,7.0,81228.34999999999,High
2026-08-30,B001,P008,25,25,15,6,16,0,SHORTAGE,16.0,690965.44,Critical
2026-08-30,B001,P009,72,64,99,25,0,2,SURPLUS,0.0,0.0,Low
2026-08-30,B001,P010,42,45,45,14,11,0,SHORTAGE,11.0,176889.46000000002,High
2026-08-30,B002,P001,50,52,88,14,0,24,SURPLUS,0.0,0.0,Low
2026-08-30,B002,P002,19,20,18,4,5,0,SHORTAGE,5.0,139945.7,High
2026-08-30,B002,P003,17,17,23,5,0,1,SURPLUS,0.0,0.0,Low
2026-08-30,B002,P004,20,20,41,4,0,17,SURPLUS,0.0,0.0,Low
2026-08-30,B002,P005,31,34,48,8,0,9,SURPLUS,0.0,0.0,Low
2026-08-30,B002,P006,62,63,96,19,0,15,SURPLUS,0.0,0.0,Low
2026-08-30,B002,P007,8,9,8,3,3,0,SHORTAGE,3.0,37736.04,High
2026-08-30,B002,P008,16,16,19,4,1,0,SHORTAGE,1.0,38857.23,Medium
2026-08-30,B002,P009,69,60,69,19,19,0,SHORTAGE,19.0,61378.92999999999,High
2026-08-30,B002,P010,33,31,32,8,9,0,SHORTAGE,9.0,138282.21,High
2026-08-30,B003,P001,45,48,43,14,16,0,SHORTAGE,16.0,545415.04,High
2026-08-30,B003,P002,24,25,25,6,5,0,SHORTAGE,5.0,136149.2,High
2026-08-30,B003,P003,21,21,28,4,0,3,SURPLUS,0.0,0.0,Low
2026-08-30,B003,P004,13,13,20,4,0,3,SURPLUS,0.0,0.0,Low
2026-08-30,B003,P005,38,41,56,11,0,7,SURPLUS,0.0,0.0,Low
2026-08-30,B003,P006,57,60,37,19,39,0,SHORTAGE,39.0,688172.55,Critical
2026-08-30,B003,P007,15,13,13,4,6,0,SHORTAGE,6.0,72052.31999999999,High
2026-08-30,B003,P008,12,14,13,3,2,0,SHORTAGE,2.0,86110.7,Medium
2026-08-30,B003,P009,35,31,63,10,0,18,SURPLUS,0.0,0.0,Low
2026-08-30,B003,P010,28,26,34,8,2,0,SHORTAGE,2.0,32762.52,Medium
2026-08-30,B004,P001,44,45,54,13,3,0,SHORTAGE,3.0,102352.79999999999,Medium
2026-08-30,B004,P002,20,20,14,6,12,0,SHORTAGE,12.0,350863.19999999995,Critical
2026-08-30,B004,P003,9,10,17,3,0,5,SURPLUS,0.0,0.0,Low
2026-08-30,B004,P004,10,14,10,3,3,0,SHORTAGE,3.0,27689.52,High
2026-08-30,B004,P005,36,36,35,10,11,0,SHORTAGE,11.0,536312.04,High
2026-08-30,B004,P006,45,47,57,14,2,0,SHORTAGE,2.0,33298.72,Medium
2026-08-30,B004,P007,12,13,16,3,0,1,SURPLUS,0.0,0.0,Low
2026-08-30,B004,P008,17,16,14,4,7,0,SHORTAGE,7.0,295319.36000000004,High
2026-08-30,B004,P009,60,50,42,17,35,0,SHORTAGE,35.0,121560.25,Critical
2026-08-30,B004,P010,24,25,49,6,0,19,SURPLUS,0.0,0.0,Low
2026-08-30,B005,P001,32,37,28,9,13,0,SHORTAGE,13.0,406189.68,High
2026-08-30,B005,P002,22,25,10,6,18,0,SHORTAGE,18.0,540719.1,Critical
2026-08-30,B005,P003,19,22,38,4,0,15,SURPLUS,0.0,0.0,Low
2026-08-30,B005,P004,15,16,21,4,0,2,SURPLUS,0.0,0.0,Low
2026-08-30,B005,P005,28,29,50,9,0,13,SURPLUS,0.0,0.0,Low
2026-08-30,B005,P006,70,67,24,19,65,0,SHORTAGE,65.0,1112487.3499999999,Critical
2026-08-30,B005,P007,16,15,20,4,0,0,BALANCED,0.0,0.0,Low
2026-08-30,B005,P008,16,15,14,3,5,0,SHORTAGE,5.0,217235.35,High
2026-08-30,B005,P009,38,39,44,9,3,0,SHORTAGE,3.0,10422.0,Medium
2026-08-30,B005,P010,24,26,28,5,1,0,SHORTAGE,1.0,15610.62,Medium
2026-08-30,B006,P001,44,43,54,13,3,0,SHORTAGE,3.0,99628.62,Medium
2026-08-30,B006,P002,21,20,22,7,6,0,SHORTAGE,6.0,165032.28,High
2026-08-30,B006,P003,14,15,24,3,0,7,SURPLUS,0.0,0.0,Low
2026-08-30,B006,P004,12,13,13,4,3,0,SHORTAGE,3.0,25407.449999999997,High
2026-08-30,B006,P005,27,32,35,9,1,0,SHORTAGE,1.0,50695.59,Medium
2026-08-30,B006,P006,66,64,70,13,9,0,SHORTAGE,9.0,158223.6,Medium
2026-08-30,B006,P007,16,16,18,3,1,0,SHORTAGE,1.0,11046.52,Medium
2026-08-30,B006,P008,21,19,43,7,0,15,SURPLUS,0.0,0.0,Low
2026-08-30,B006,P009,41,37,39,13,15,0,SHORTAGE,15.0,49096.2,High
2026-08-30,B006,P010,32,31,34,10,8,0,SHORTAGE,8.0,127780.56,High
2026-08-30,B007,P001,30,32,39,6,0,3,SURPLUS,0.0,0.0,Low
2026-08-30,B007,P002,18,18,11,4,11,0,SHORTAGE,11.0,299133.56,Critical
2026-08-30,B007,P003,13,14,12,3,4,0,SHORTAGE,4.0,94619.88,High
2026-08-30,B007,P004,8,8,7,3,4,0,SHORTAGE,4.0,36853.84,Critical
2026-08-30,B007,P005,13,14,23,3,0,7,SURPLUS,0.0,0.0,Low
2026-08-30,B007,P006,62,65,37,17,42,0,SHORTAGE,42.0,776995.38,Critical
2026-08-30,B007,P007,11,12,9,3,5,0,SHORTAGE,5.0,55615.950000000004,Critical
2026-08-30,B007,P008,8,9,11,3,0,0,BALANCED,0.0,0.0,Low
2026-08-30,B007,P009,39,37,50,12,1,0,SHORTAGE,1.0,3692.98,Medium
2026-08-30,B007,P010,24,24,45,7,0,14,SURPLUS,0.0,0.0,Low
2026-08-30,B008,P001,47,43,58,9,0,2,SURPLUS,0.0,0.0,Low
2026-08-30,B008,P002,17,18,15,4,6,0,SHORTAGE,6.0,175484.7,High
2026-08-30,B008,P003,19,18,19,4,4,0,SHORTAGE,4.0,100084.68,High
2026-08-30,B008,P004,15,14,16,3,2,0,SHORTAGE,2.0,17298.38,Medium
2026-08-30,B008,P005,39,33,56,11,0,6,SURPLUS,0.0,0.0,Low
2026-08-30,B008,P006,56,59,48,13,21,0,SHORTAGE,21.0,378823.62,High
2026-08-30,B008,P007,16,17,16,3,3,0,SHORTAGE,3.0,33423.840000000004,Medium
2026-08-30,B008,P008,12,14,11,3,4,0,SHORTAGE,4.0,158146.48,High
2026-08-30,B008,P009,47,50,83,12,0,24,SURPLUS,0.0,0.0,Low
2026-08-30,B008,P010,19,21,8,5,16,0,SHORTAGE,16.0,265505.28,Critical
2026-08-31,B001,P001,66,66,61,22,27,0,SHORTAGE,27.0,885336.75,High
2026-08-31,B001,P002,25,28,43,8,0,10,SURPLUS,0.0,0.0,Low
2026-08-31,B001,P003,29,28,30,7,6,0,SHORTAGE,6.0,144795.54,High
2026-08-31,B001,P004,19,21,26,3,0,4,SURPLUS,0.0,0.0,Low
2026-08-31,B001,P005,41,39,32,11,20,0,SHORTAGE,20.0,982272.8,Critical
2026-08-31,B001,P006,78,86,109,20,0,11,SURPLUS,0.0,0.0,Low
2026-08-31,B001,P007,24,22,32,5,0,3,SURPLUS,0.0,0.0,Low
2026-08-31,B001,P008,26,24,48,5,0,17,SURPLUS,0.0,0.0,Low
2026-08-31,B001,P009,76,79,130,21,0,33,SURPLUS,0.0,0.0,Low
2026-08-31,B001,P010,50,44,52,12,10,0,SHORTAGE,10.0,155816.9,Medium
2026-08-31,B002,P001,63,62,79,15,0,1,SURPLUS,0.0,0.0,Low
2026-08-31,B002,P002,22,25,14,6,14,0,SHORTAGE,14.0,413835.66,Critical
2026-08-31,B002,P003,22,22,22,6,6,0,SHORTAGE,6.0,147446.63999999998,High
2026-08-31,B002,P004,17,18,13,5,9,0,SHORTAGE,9.0,76464.09,Critical
2026-08-31,B002,P005,25,30,25,6,6,0,SHORTAGE,6.0,307075.08,High
2026-08-31,B002,P006,73,78,128,18,0,37,SURPLUS,0.0,0.0,Low
2026-08-31,B002,P007,17,18,19,3,1,0,SHORTAGE,1.0,11996.31,Medium
2026-08-31,B002,P008,20,20,15,6,11,0,SHORTAGE,11.0,461152.67000000004,Critical
2026-08-31,B002,P009,57,56,57,15,15,0,SHORTAGE,15.0,53887.65,High
2026-08-31,B002,P010,33,33,53,8,0,12,SURPLUS,0.0,0.0,Low
2026-08-31,B003,P001,41,44,69,12,0,16,SURPLUS,0.0,0.0,Low
2026-08-31,B003,P002,13,12,14,3,2,0,SHORTAGE,2.0,57526.68,Medium
2026-08-31,B003,P003,17,19,33,4,0,12,SURPLUS,0.0,0.0,Low
2026-08-31,B003,P004,17,19,25,4,0,4,SURPLUS,0.0,0.0,Low
2026-08-31,B003,P005,36,37,69,10,0,23,SURPLUS,0.0,0.0,Low
2026-08-31,B003,P006,68,65,57,17,28,0,SHORTAGE,28.0,505304.79999999993,High
2026-08-31,B003,P007,12,13,18,3,0,3,SURPLUS,0.0,0.0,Low
2026-08-31,B003,P008,12,12,16,3,0,1,SURPLUS,0.0,0.0,Low
2026-08-31,B003,P009,40,37,44,9,5,0,SHORTAGE,5.0,16174.349999999999,Medium
2026-08-31,B003,P010,24,25,16,6,14,0,SHORTAGE,14.0,229833.37999999998,Critical
2026-08-31,B004,P001,39,38,55,7,0,9,SURPLUS,0.0,0.0,Low
2026-08-31,B004,P002,18,20,11,6,13,0,SHORTAGE,13.0,382939.05,Critical
2026-08-31,B004,P003,21,19,33,5,0,7,SURPLUS,0.0,0.0,Low
2026-08-31,B004,P004,17,15,11,5,11,0,SHORTAGE,11.0,95676.79,Critical
2026-08-31,B004,P005,23,27,28,7,2,0,SHORTAGE,2.0,97873.46,Medium
2026-08-31,B004,P006,64,57,29,14,49,0,SHORTAGE,49.0,867524.42,Critical
2026-08-31,B004,P007,17,19,18,3,2,0,SHORTAGE,2.0,24605.72,Medium
2026-08-31,B004,P008,9,10,15,3,0,3,SURPLUS,0.0,0.0,Low
2026-08-31,B004,P009,53,49,103,15,0,35,SURPLUS,0.0,0.0,Low
2026-08-31,B004,P010,25,26,30,8,3,0,SHORTAGE,3.0,48147.090000000004,Medium
2026-08-31,B005,P001,64,55,118,17,0,37,SURPLUS,0.0,0.0,Low
2026-08-31,B005,P002,23,21,32,7,0,2,SURPLUS,0.0,0.0,Low
2026-08-31,B005,P003,23,23,49,7,0,19,SURPLUS,0.0,0.0,Low
2026-08-31,B005,P004,11,13,17,3,0,3,SURPLUS,0.0,0.0,Low
2026-08-31,B005,P005,42,41,18,12,36,0,SHORTAGE,36.0,1828804.32,Critical
2026-08-31,B005,P006,44,45,58,14,0,0,BALANCED,0.0,0.0,Low
2026-08-31,B005,P007,11,11,21,3,0,7,SURPLUS,0.0,0.0,Low
2026-08-31,B005,P008,19,20,29,5,0,5,SURPLUS,0.0,0.0,Low
2026-08-31,B005,P009,33,35,28,11,16,0,SHORTAGE,16.0,59767.52,Critical
2026-08-31,B005,P010,31,33,51,8,0,12,SURPLUS,0.0,0.0,Low
2026-08-31,B006,P001,33,35,64,6,0,25,SURPLUS,0.0,0.0,Low
2026-08-31,B006,P002,15,14,19,3,0,1,SURPLUS,0.0,0.0,Low
2026-08-31,B006,P003,22,22,20,5,7,0,SHORTAGE,7.0,162780.59,High
2026-08-31,B006,P004,12,11,21,3,0,6,SURPLUS,0.0,0.0,Low
2026-08-31,B006,P005,27,29,23,8,12,0,SHORTAGE,12.0,551697.6000000001,High
2026-08-31,B006,P006,64,63,85,17,0,4,SURPLUS,0.0,0.0,Low
2026-08-31,B006,P007,10,11,10,3,3,0,SHORTAGE,3.0,34859.94,High
2026-08-31,B006,P008,10,11,16,3,0,3,SURPLUS,0.0,0.0,Low
2026-08-31,B006,P009,45,39,71,13,0,13,SURPLUS,0.0,0.0,Low
2026-08-31,B006,P010,21,21,15,6,12,0,SHORTAGE,12.0,204652.80000000002,Critical
2026-08-31,B007,P001,43,42,89,10,0,36,SURPLUS,0.0,0.0,Low
2026-08-31,B007,P002,12,12,16,4,0,0,BALANCED,0.0,0.0,Low
2026-08-31,B007,P003,16,15,11,5,10,0,SHORTAGE,10.0,254881.5,Critical
2026-08-31,B007,P004,14,16,22,4,0,4,SURPLUS,0.0,0.0,Low
2026-08-31,B007,P005,32,29,42,7,0,3,SURPLUS,0.0,0.0,Low
2026-08-31,B007,P006,46,42,24,9,31,0,SHORTAGE,31.0,591331.2000000001,Critical
2026-08-31,B007,P007,9,10,17,3,0,5,SURPLUS,0.0,0.0,Low
2026-08-31,B007,P008,16,17,29,4,0,9,SURPLUS,0.0,0.0,Low
2026-08-31,B007,P009,33,34,59,7,0,19,SURPLUS,0.0,0.0,Low
2026-08-31,B007,P010,21,24,28,7,0,0,BALANCED,0.0,0.0,Low
2026-08-31,B008,P001,59,49,62,19,16,0,SHORTAGE,16.0,550435.36,High
2026-08-31,B008,P002,14,16,18,3,0,1,SURPLUS,0.0,0.0,Low
2026-08-31,B008,P003,26,23,24,5,7,0,SHORTAGE,7.0,166613.02000000002,High
2026-08-31,B008,P004,10,12,20,3,0,7,SURPLUS,0.0,0.0,Low
2026-08-31,B008,P005,25,24,15,7,17,0,SHORTAGE,17.0,801966.33,Critical
2026-08-31,B008,P006,68,65,79,21,10,0,SHORTAGE,10.0,178111.1,Medium
2026-08-31,B008,P007,9,9,7,3,5,0,SHORTAGE,5.0,56028.549999999996,Critical
2026-08-31,B008,P008,16,17,22,4,0,2,SURPLUS,0.0,0.0,Low
2026-08-31,B008,P009,53,51,90,15,0,22,SURPLUS,0.0,0.0,Low
2026-08-31,B008,P010,21,23,24,6,3,0,SHORTAGE,3.0,51170.97,Medium
2026-09-01,B001,P001,57,51,103,18,0,28,SURPLUS,0.0,0.0,Low
2026-09-01,B001,P002,27,28,35,7,0,1,SURPLUS,0.0,0.0,Low
2026-09-01,B001,P003,28,29,42,7,0,7,SURPLUS,0.0,0.0,Low
2026-09-01,B001,P004,24,23,18,6,12,0,SHORTAGE,12.0,111020.63999999998,Critical
2026-09-01,B001,P005,29,33,23,8,14,0,SHORTAGE,14.0,710342.64,Critical
2026-09-01,B001,P006,61,64,43,14,32,0,SHORTAGE,32.0,605170.56,Critical
2026-09-01,B001,P007,19,20,39,4,0,16,SURPLUS,0.0,0.0,Low
2026-09-01,B001,P008,23,24,23,5,5,0,SHORTAGE,5.0,196475.09999999998,High
2026-09-01,B001,P009,61,64,59,13,15,0,SHORTAGE,15.0,50932.35,High
2026-09-01,B001,P010,32,32,30,6,8,0,SHORTAGE,8.0,134581.36,High
2026-09-01,B002,P001,58,52,69,15,4,0,SHORTAGE,4.0,131098.04,Medium
2026-09-01,B002,P002,18,17,10,4,12,0,SHORTAGE,12.0,329971.80000000005,Critical
2026-09-01,B002,P003,19,19,11,4,12,0,SHORTAGE,12.0,281639.16000000003,Critical
2026-09-01,B002,P004,21,17,20,5,6,0,SHORTAGE,6.0,50777.04,High
2026-09-01,B002,P005,25,29,21,6,10,0,SHORTAGE,10.0,448097.9,High
2026-09-01,B002,P006,81,80,172,19,0,72,SURPLUS,0.0,0.0,Low
2026-09-01,B002,P007,13,14,21,3,0,5,SURPLUS,0.0,0.0,Low
2026-09-01,B002,P008,13,14,11,3,5,0,SHORTAGE,5.0,200067.94999999998,High
2026-09-01,B002,P009,47,46,39,13,21,0,SHORTAGE,21.0,70406.49,High
2026-09-01,B002,P010,28,27,43,8,0,7,SURPLUS,0.0,0.0,Low
2026-09-01,B003,P001,35,34,25,10,20,0,SHORTAGE,20.0,596422.2,Critical
2026-09-01,B003,P002,15,13,14,4,5,0,SHORTAGE,5.0,131434.3,High
2026-09-01,B003,P003,15,18,13,4,6,0,SHORTAGE,6.0,136642.68,High
2026-09-01,B003,P004,16,15,19,4,1,0,SHORTAGE,1.0,8430.18,Medium
2026-09-01,B003,P005,24,26,29,6,1,0,SHORTAGE,1.0,45016.78,Medium
2026-09-01,B003,P006,54,57,46,17,25,0,SHORTAGE,25.0,483652.49999999994,Critical
2026-09-01,B003,P007,9,11,6,3,6,0,SHORTAGE,6.0,71138.45999999999,Critical
2026-09-01,B003,P008,15,16,26,3,0,8,SURPLUS,0.0,0.0,Low
2026-09-01,B003,P009,46,51,37,14,23,0,SHORTAGE,23.0,86552.68,Critical
2026-09-01,B003,P010,18,18,21,3,0,0,BALANCED,0.0,0.0,Low
2026-09-01,B004,P001,45,43,65,15,0,5,SURPLUS,0.0,0.0,Low
2026-09-01,B004,P002,15,14,21,3,0,3,SURPLUS,0.0,0.0,Low
2026-09-01,B004,P003,12,15,16,3,0,1,SURPLUS,0.0,0.0,Low
2026-09-01,B004,P004,16,17,11,4,9,0,SHORTAGE,9.0,81391.05,Critical
2026-09-01,B004,P005,22,20,40,4,0,14,SURPLUS,0.0,0.0,Low
2026-09-01,B004,P006,50,51,95,16,0,29,SURPLUS,0.0,0.0,Low
2026-09-01,B004,P007,9,10,14,3,0,2,SURPLUS,0.0,0.0,Low
2026-09-01,B004,P008,14,14,13,3,4,0,SHORTAGE,4.0,179323.88,High
2026-09-01,B004,P009,44,44,45,15,14,0,SHORTAGE,14.0,50841.14,High
2026-09-01,B004,P010,21,22,38,7,0,10,SURPLUS,0.0,0.0,Low
2026-09-01,B005,P001,42,41,55,14,1,0,SHORTAGE,1.0,30581.38,Medium
2026-09-01,B005,P002,10,11,14,3,0,1,SURPLUS,0.0,0.0,Low
2026-09-01,B005,P003,19,18,33,4,0,10,SURPLUS,0.0,0.0,Low
2026-09-01,B005,P004,13,14,13,3,3,0,SHORTAGE,3.0,25435.02,High
2026-09-01,B005,P005,23,25,21,5,7,0,SHORTAGE,7.0,310011.17,High
2026-09-01,B005,P006,41,44,67,13,0,13,SURPLUS,0.0,0.0,Low
2026-09-01,B005,P007,13,14,23,4,0,6,SURPLUS,0.0,0.0,Low
2026-09-01,B005,P008,18,18,10,5,13,0,SHORTAGE,13.0,589036.11,Critical
2026-09-01,B005,P009,43,43,49,14,8,0,SHORTAGE,8.0,30056.56,Medium
2026-09-01,B005,P010,30,26,35,10,5,0,SHORTAGE,5.0,73835.20000000001,Medium
2026-09-01,B006,P001,46,42,56,15,5,0,SHORTAGE,5.0,150722.80000000002,Medium
2026-09-01,B006,P002,12,13,16,4,0,0,BALANCED,0.0,0.0,Low
2026-09-01,B006,P003,17,17,27,5,0,5,SURPLUS,0.0,0.0,Low
2026-09-01,B006,P004,14,13,19,4,0,1,SURPLUS,0.0,0.0,Low
2026-09-01,B006,P005,18,19,30,5,0,7,SURPLUS,0.0,0.0,Low
2026-09-01,B006,P006,70,67,72,15,13,0,SHORTAGE,13.0,220039.17,Medium
2026-09-01,B006,P007,11,12,16,3,0,2,SURPLUS,0.0,0.0,Low
2026-09-01,B006,P008,12,13,19,3,0,4,SURPLUS,0.0,0.0,Low
2026-09-01,B006,P009,42,43,60,11,0,7,SURPLUS,0.0,0.0,Low
2026-09-01,B006,P010,26,30,31,5,0,0,BALANCED,0.0,0.0,Low
2026-09-01,B007,P001,35,38,60,10,0,15,SURPLUS,0.0,0.0,Low
2026-09-01,B007,P002,12,12,15,3,0,0,BALANCED,0.0,0.0,Low
2026-09-01,B007,P003,18,17,29,5,0,6,SURPLUS,0.0,0.0,Low
2026-09-01,B007,P004,8,9,14,3,0,3,SURPLUS,0.0,0.0,Low
2026-09-01,B007,P005,19,19,22,6,3,0,SHORTAGE,3.0,139160.28,Medium
2026-09-01,B007,P006,47,44,82,10,0,25,SURPLUS,0.0,0.0,Low
2026-09-01,B007,P007,14,13,28,3,0,11,SURPLUS,0.0,0.0,Low
2026-09-01,B007,P008,9,11,17,3,0,5,SURPLUS,0.0,0.0,Low
2026-09-01,B007,P009,57,56,52,13,18,0,SHORTAGE,18.0,59432.4,High
2026-09-01,B007,P010,32,29,40,10,2,0,SHORTAGE,2.0,29584.82,Medium
2026-09-01,B008,P001,31,32,30,6,7,0,SHORTAGE,7.0,236964.07,High
2026-09-01,B008,P002,9,9,3,3,9,0,SHORTAGE,9.0,259636.05000000002,Critical
2026-09-01,B008,P003,22,20,41,6,0,13,SURPLUS,0.0,0.0,Low
2026-09-01,B008,P004,16,15,17,5,4,0,SHORTAGE,4.0,38466.36,High
2026-09-01,B008,P005,33,33,48,8,0,7,SURPLUS,0.0,0.0,Low
2026-09-01,B008,P006,58,59,72,13,0,1,SURPLUS,0.0,0.0,Low
2026-09-01,B008,P007,15,16,10,3,8,0,SHORTAGE,8.0,95449.04,Critical
2026-09-01,B008,P008,12,12,22,3,0,7,SURPLUS,0.0,0.0,Low
2026-09-01,B008,P009,22,24,18,7,11,0,SHORTAGE,11.0,37791.6,Critical
2026-09-01,B008,P010,22,21,14,5,13,0,SHORTAGE,13.0,221403.38999999998,Critical
2026-09-02,B001,P001,61,70,115,18,0,36,SURPLUS,0.0,0.0,Low
2026-09-02,B001,P002,23,28,27,6,2,0,SHORTAGE,2.0,53034.08,Medium
2026-09-02,B001,P003,28,23,46,9,0,9,SURPLUS,0.0,0.0,Low
2026-09-02,B001,P004,26,23,33,6,0,1,SURPLUS,0.0,0.0,Low
2026-09-02,B001,P005,40,35,46,13,7,0,SHORTAGE,7.0,352879.24,Medium
2026-09-02,B001,P006,65,67,56,16,25,0,SHORTAGE,25.0,451977.49999999994,High
2026-09-02,B001,P007,11,13,22,3,0,8,SURPLUS,0.0,0.0,Low
2026-09-02,B001,P008,24,23,25,8,7,0,SHORTAGE,7.0,307864.83,High
2026-09-02,B001,P009,52,54,42,13,23,0,SHORTAGE,23.0,81878.16,High
2026-09-02,B001,P010,36,30,64,8,0,20,SURPLUS,0.0,0.0,Low
2026-09-02,B002,P001,51,46,54,10,7,0,SHORTAGE,7.0,215207.44,Medium
2026-09-02,B002,P002,21,22,26,5,0,0,BALANCED,0.0,0.0,Low
2026-09-02,B002,P003,23,20,41,5,0,13,SURPLUS,0.0,0.0,Low
2026-09-02,B002,P004,13,15,16,3,0,0,BALANCED,0.0,0.0,Low
2026-09-02,B002,P005,30,31,25,10,15,0,SHORTAGE,15.0,714287.8500000001,Critical
2026-09-02,B002,P006,81,78,123,25,0,17,SURPLUS,0.0,0.0,Low
2026-09-02,B002,P007,15,17,9,4,10,0,SHORTAGE,10.0,113920.8,Critical
2026-09-02,B002,P008,20,21,30,6,0,4,SURPLUS,0.0,0.0,Low
2026-09-02,B002,P009,37,38,29,7,15,0,SHORTAGE,15.0,50190.75,High
2026-09-02,B002,P010,19,25,12,5,12,0,SHORTAGE,12.0,177613.68,Critical
2026-09-02,B003,P001,37,37,76,9,0,30,SURPLUS,0.0,0.0,Low
2026-09-02,B003,P002,16,16,13,5,8,0,SHORTAGE,8.0,222573.36,Critical
2026-09-02,B003,P003,17,17,15,4,6,0,SHORTAGE,6.0,147374.76,High
2026-09-02,B003,P004,15,13,25,4,0,6,SURPLUS,0.0,0.0,Low
2026-09-02,B003,P005,32,33,57,7,0,18,SURPLUS,0.0,0.0,Low
2026-09-02,B003,P006,60,53,88,15,0,13,SURPLUS,0.0,0.0,Low
2026-09-02,B003,P007,17,15,31,4,0,10,SURPLUS,0.0,0.0,Low
2026-09-02,B003,P008,17,19,14,5,8,0,SHORTAGE,8.0,311191.52,Critical
2026-09-02,B003,P009,32,34,68,9,0,27,SURPLUS,0.0,0.0,Low
2026-09-02,B003,P010,25,25,26,8,7,0,SHORTAGE,7.0,116633.79000000001,High
2026-09-02,B004,P001,27,26,22,9,14,0,SHORTAGE,14.0,434598.92,Critical
2026-09-02,B004,P002,15,16,10,3,8,0,SHORTAGE,8.0,213346.4,Critical
2026-09-02,B004,P003,17,18,19,5,3,0,SHORTAGE,3.0,75699.66,Medium
2026-09-02,B004,P004,13,15,22,4,0,5,SURPLUS,0.0,0.0,Low
2026-09-02,B004,P005,22,20,16,5,11,0,SHORTAGE,11.0,499841.76,Critical
2026-09-02,B004,P006,57,50,69,14,2,0,SHORTAGE,2.0,34564.06,Medium
2026-09-02,B004,P007,11,12,12,3,2,0,SHORTAGE,2.0,25873.5,Medium
2026-09-02,B004,P008,15,14,11,4,8,0,SHORTAGE,8.0,346397.28,Critical
2026-09-02,B004,P009,60,60,89,19,0,10,SURPLUS,0.0,0.0,Low
2026-09-02,B004,P010,24,26,12,5,17,0,SHORTAGE,17.0,291090.15,Critical
2026-09-02,B005,P001,49,52,58,12,3,0,SHORTAGE,3.0,94648.02,Medium
2026-09-02,B005,P002,11,10,16,3,0,2,SURPLUS,0.0,0.0,Low
2026-09-02,B005,P003,22,20,23,5,4,0,SHORTAGE,4.0,88770.72,Medium
2026-09-02,B005,P004,8,9,8,3,3,0,SHORTAGE,3.0,28221.090000000004,High
2026-09-02,B005,P005,19,20,26,4,0,3,SURPLUS,0.0,0.0,Low
2026-09-02,B005,P006,54,54,58,11,7,0,SHORTAGE,7.0,123072.81000000001,Medium
2026-09-02,B005,P007,12,10,14,3,1,0,SHORTAGE,1.0,11666.3,Medium
2026-09-02,B005,P008,15,17,23,5,0,3,SURPLUS,0.0,0.0,Low
2026-09-02,B005,P009,40,38,32,9,17,0,SHORTAGE,17.0,61930.49,High
2026-09-02,B005,P010,15,16,11,5,9,0,SHORTAGE,9.0,138823.47,Critical
2026-09-02,B006,P001,42,44,21,12,33,0,SHORTAGE,33.0,1008337.7699999999,Critical
2026-09-02,B006,P002,17,16,14,5,8,0,SHORTAGE,8.0,213733.6,Critical
2026-09-02,B006,P003,17,16,22,3,0,2,SURPLUS,0.0,0.0,Low
2026-09-02,B006,P004,18,18,37,5,0,14,SURPLUS,0.0,0.0,Low
2026-09-02,B006,P005,25,28,50,7,0,18,SURPLUS,0.0,0.0,Low
2026-09-02,B006,P006,22,24,27,7,2,0,SHORTAGE,2.0,35284.6,Medium
2026-09-02,B006,P007,11,12,8,3,6,0,SHORTAGE,6.0,67899.78,Critical
2026-09-02,B006,P008,13,12,23,3,0,7,SURPLUS,0.0,0.0,Low
2026-09-02,B006,P009,29,31,54,7,0,18,SURPLUS,0.0,0.0,Low
2026-09-02,B006,P010,25,26,44,5,0,14,SURPLUS,0.0,0.0,Low
2026-09-02,B007,P001,35,38,24,11,22,0,SHORTAGE,22.0,723855.88,Critical
2026-09-02,B007,P002,16,15,23,4,0,3,SURPLUS,0.0,0.0,Low
2026-09-02,B007,P003,17,19,32,4,0,11,SURPLUS,0.0,0.0,Low
2026-09-02,B007,P004,7,8,4,3,6,0,SHORTAGE,6.0,54605.88,Critical
2026-09-02,B007,P005,14,16,24,3,0,7,SURPLUS,0.0,0.0,Low
2026-09-02,B007,P006,37,39,67,8,0,22,SURPLUS,0.0,0.0,Low
2026-09-02,B007,P007,9,9,15,3,0,3,SURPLUS,0.0,0.0,Low
2026-09-02,B007,P008,15,14,28,4,0,9,SURPLUS,0.0,0.0,Low
2026-09-02,B007,P009,37,37,19,9,27,0,SHORTAGE,27.0,94994.37,Critical
2026-09-02,B007,P010,20,20,23,6,3,0,SHORTAGE,3.0,45547.08,Medium
2026-09-02,B008,P001,39,39,55,8,0,8,SURPLUS,0.0,0.0,Low
2026-09-02,B008,P002,17,17,22,3,0,2,SURPLUS,0.0,0.0,Low
2026-09-02,B008,P003,18,17,31,5,0,8,SURPLUS,0.0,0.0,Low
2026-09-02,B008,P004,14,13,15,3,2,0,SHORTAGE,2.0,18234.92,Medium
2026-09-02,B008,P005,15,17,17,4,2,0,SHORTAGE,2.0,93186.34,Medium
2026-09-02,B008,P006,50,51,105,13,0,42,SURPLUS,0.0,0.0,Low
2026-09-02,B008,P007,11,11,8,3,6,0,SHORTAGE,6.0,73052.88,Critical
2026-09-02,B008,P008,15,16,29,3,0,11,SURPLUS,0.0,0.0,Low
2026-09-02,B008,P009,47,58,80,13,0,20,SURPLUS,0.0,0.0,Low
2026-09-02,B008,P010,26,22,25,7,8,0,SHORTAGE,8.0,134088.32,High
2026-09-03,B001,P001,65,72,88,16,0,7,SURPLUS,0.0,0.0,Low
2026-09-03,B001,P002,27,26,40,5,0,8,SURPLUS,0.0,0.0,Low
2026-09-03,B001,P003,25,24,50,8,0,17,SURPLUS,0.0,0.0,Low
2026-09-03,B001,P004,13,15,10,3,6,0,SHORTAGE,6.0,53215.62,Critical
2026-09-03,B001,P005,30,32,58,8,0,20,SURPLUS,0.0,0.0,Low
2026-09-03,B001,P006,71,67,124,16,0,37,SURPLUS,0.0,0.0,Low
2026-09-03,B001,P007,18,19,19,4,3,0,SHORTAGE,3.0,33679.17,Medium
2026-09-03,B001,P008,24,24,18,5,11,0,SHORTAGE,11.0,460291.81,Critical
2026-09-03,B001,P009,68,69,101,19,0,14,SURPLUS,0.0,0.0,Low
2026-09-03,B001,P010,39,36,35,9,13,0,SHORTAGE,13.0,216067.67,High
2026-09-03,B002,P001,41,45,43,14,12,0,SHORTAGE,12.0,358238.27999999997,High
2026-09-03,B002,P002,20,24,14,5,11,0,SHORTAGE,11.0,291262.4,Critical
2026-09-03,B002,P003,26,25,23,7,10,0,SHORTAGE,10.0,257228.6,High
2026-09-03,B002,P004,13,14,11,3,5,0,SHORTAGE,5.0,42351.549999999996,High
2026-09-03,B002,P005,28,25,36,9,1,0,SHORTAGE,1.0,49061.14,Medium
2026-09-03,B002,P006,41,48,71,9,0,21,SURPLUS,0.0,0.0,Low
2026-09-03,B002,P007,14,16,24,4,0,6,SURPLUS,0.0,0.0,Low
2026-09-03,B002,P008,13,12,20,3,0,4,SURPLUS,0.0,0.0,Low
2026-09-03,B002,P009,54,52,85,17,0,14,SURPLUS,0.0,0.0,Low
2026-09-03,B002,P010,28,28,38,8,0,2,SURPLUS,0.0,0.0,Low
2026-09-03,B003,P001,31,35,55,10,0,14,SURPLUS,0.0,0.0,Low
2026-09-03,B003,P002,17,18,29,5,0,7,SURPLUS,0.0,0.0,Low
2026-09-03,B003,P003,20,20,23,6,3,0,SHORTAGE,3.0,75293.97,Medium
2026-09-03,B003,P004,12,14,22,3,0,7,SURPLUS,0.0,0.0,Low
2026-09-03,B003,P005,30,27,38,8,0,0,BALANCED,0.0,0.0,Low
2026-09-03,B003,P006,67,66,127,18,0,42,SURPLUS,0.0,0.0,Low
2026-09-03,B003,P007,16,16,23,5,0,2,SURPLUS,0.0,0.0,Low
2026-09-03,B003,P008,19,17,25,4,0,2,SURPLUS,0.0,0.0,Low
2026-09-03,B003,P009,43,40,64,14,0,7,SURPLUS,0.0,0.0,Low
2026-09-03,B003,P010,19,20,23,6,2,0,SHORTAGE,2.0,32234.68,Medium
2026-09-03,B004,P001,35,32,35,12,12,0,SHORTAGE,12.0,393739.19999999995,High
2026-09-03,B004,P002,18,19,30,3,0,9,SURPLUS,0.0,0.0,Low
2026-09-03,B004,P003,20,21,20,5,5,0,SHORTAGE,5.0,116204.0,High
2026-09-03,B004,P004,13,13,24,3,0,8,SURPLUS,0.0,0.0,Low
2026-09-03,B004,P005,29,31,14,6,21,0,SHORTAGE,21.0,1056669.5999999999,Critical
2026-09-03,B004,P006,44,39,32,13,25,0,SHORTAGE,25.0,427251.0,Critical
2026-09-03,B004,P007,13,14,27,3,0,11,SURPLUS,0.0,0.0,Low
2026-09-03,B004,P008,17,17,23,5,0,1,SURPLUS,0.0,0.0,Low
2026-09-03,B004,P009,39,41,21,9,27,0,SHORTAGE,27.0,97130.61,Critical
2026-09-03,B004,P010,23,25,35,4,0,8,SURPLUS,0.0,0.0,Low
2026-09-03,B005,P001,32,35,33,6,5,0,SHORTAGE,5.0,154255.45,Medium
2026-09-03,B005,P002,13,14,27,3,0,11,SURPLUS,0.0,0.0,Low
2026-09-03,B005,P003,19,18,34,4,0,11,SURPLUS,0.0,0.0,Low
2026-09-03,B005,P004,15,16,14,3,4,0,SHORTAGE,4.0,38834.04,High
2026-09-03,B005,P005,25,26,28,7,4,0,SHORTAGE,4.0,203798.84,Medium
2026-09-03,B005,P006,31,30,28,9,12,0,SHORTAGE,12.0,208091.40000000002,High
2026-09-03,B005,P007,11,11,9,3,5,0,SHORTAGE,5.0,62012.799999999996,Critical
2026-09-03,B005,P008,14,14,18,4,0,0,BALANCED,0.0,0.0,Low
2026-09-03,B005,P009,42,47,47,11,6,0,SHORTAGE,6.0,20263.5,Medium
2026-09-03,B005,P010,31,31,51,8,0,12,SURPLUS,0.0,0.0,Low
2026-09-03,B006,P001,33,37,58,9,0,16,SURPLUS,0.0,0.0,Low
2026-09-03,B006,P002,19,18,24,6,1,0,SHORTAGE,1.0,26439.74,Medium
2026-09-03,B006,P003,12,13,15,3,0,0,BALANCED,0.0,0.0,Low
2026-09-03,B006,P004,12,12,21,3,0,6,SURPLUS,0.0,0.0,Low
2026-09-03,B006,P005,15,17,21,4,0,2,SURPLUS,0.0,0.0,Low
2026-09-03,B006,P006,43,45,70,11,0,16,SURPLUS,0.0,0.0,Low
2026-09-03,B006,P007,16,15,28,5,0,7,SURPLUS,0.0,0.0,Low
2026-09-03,B006,P008,13,12,19,3,0,3,SURPLUS,0.0,0.0,Low
2026-09-03,B006,P009,44,44,48,13,9,0,SHORTAGE,9.0,32294.159999999996,High
2026-09-03,B006,P010,24,23,22,5,7,0,SHORTAGE,7.0,106245.86,High
2026-09-03,B007,P001,44,41,56,14,2,0,SHORTAGE,2.0,63902.4,Medium
2026-09-03,B007,P002,21,25,29,4,0,4,SURPLUS,0.0,0.0,Low
2026-09-03,B007,P003,13,14,20,3,0,4,SURPLUS,0.0,0.0,Low
2026-09-03,B007,P004,12,11,14,3,1,0,SHORTAGE,1.0,8915.77,Medium
2026-09-03,B007,P005,27,23,43,6,0,10,SURPLUS,0.0,0.0,Low
2026-09-03,B007,P006,27,27,22,9,14,0,SHORTAGE,14.0,271001.08,Critical
2026-09-03,B007,P007,10,11,9,3,4,0,SHORTAGE,4.0,47531.04,High
2026-09-03,B007,P008,14,14,14,3,3,0,SHORTAGE,3.0,131882.07,High
2026-09-03,B007,P009,42,46,75,9,0,24,SURPLUS,0.0,0.0,Low
2026-09-03,B007,P010,18,18,27,5,0,4,SURPLUS,0.0,0.0,Low
2026-09-03,B008,P001,27,29,21,9,15,0,SHORTAGE,15.0,497653.95,Critical
2026-09-03,B008,P002,22,21,30,4,0,4,SURPLUS,0.0,0.0,Low
2026-09-03,B008,P003,20,21,22,4,2,0,SHORTAGE,2.0,49765.04,Medium
2026-09-03,B008,P004,15,16,24,4,0,5,SURPLUS,0.0,0.0,Low
2026-09-03,B008,P005,19,19,13,5,11,0,SHORTAGE,11.0,520996.96,Critical
2026-09-03,B008,P006,39,42,47,7,0,1,SURPLUS,0.0,0.0,Low
2026-09-03,B008,P007,11,11,6,3,8,0,SHORTAGE,8.0,96140.56,Critical
2026-09-03,B008,P008,14,15,17,4,1,0,SHORTAGE,1.0,38821.1,Medium
2026-09-03,B008,P009,35,37,62,8,0,19,SURPLUS,0.0,0.0,Low
2026-09-03,B008,P010,15,14,25,4,0,6,SURPLUS,0.0,0.0,Low
2026-09-04,B001,P001,66,61,116,17,0,33,SURPLUS,0.0,0.0,Low
2026-09-04,B001,P002,28,27,42,6,0,8,SURPLUS,0.0,0.0,Low
2026-09-04,B001,P003,32,30,44,7,0,5,SURPLUS,0.0,0.0,Low
2026-09-04,B001,P004,17,18,22,5,0,0,BALANCED,0.0,0.0,Low
2026-09-04,B001,P005,50,48,43,10,17,0,SHORTAGE,17.0,812374.75,High
2026-09-04,B001,P006,80,78,111,23,0,8,SURPLUS,0.0,0.0,Low
2026-09-04,B001,P007,15,16,12,3,6,0,SHORTAGE,6.0,71739.84,High
2026-09-04,B001,P008,25,28,17,5,13,0,SHORTAGE,13.0,534620.71,Critical
2026-09-04,B001,P009,60,54,121,19,0,42,SURPLUS,0.0,0.0,Low
2026-09-04,B001,P010,39,38,35,8,12,0,SHORTAGE,12.0,192759.24,High
2026-09-04,B002,P001,60,57,107,20,0,27,SURPLUS,0.0,0.0,Low
2026-09-04,B002,P002,13,14,11,3,5,0,SHORTAGE,5.0,144693.95,High
2026-09-04,B002,P003,24,22,15,7,16,0,SHORTAGE,16.0,405947.2,Critical
2026-09-04,B002,P004,18,18,20,5,3,0,SHORTAGE,3.0,27292.32,Medium
2026-09-04,B002,P005,42,34,27,10,25,0,SHORTAGE,25.0,1225541.75,Critical
2026-09-04,B002,P006,81,76,148,21,0,46,SURPLUS,0.0,0.0,Low
2026-09-04,B002,P007,21,19,22,4,3,0,SHORTAGE,3.0,35897.850000000006,Medium
2026-09-04,B002,P008,15,16,30,4,0,11,SURPLUS,0.0,0.0,Low
2026-09-04,B002,P009,53,49,88,16,0,19,SURPLUS,0.0,0.0,Low
2026-09-04,B002,P010,34,33,62,9,0,19,SURPLUS,0.0,0.0,Low
2026-09-04,B003,P001,52,46,68,15,0,1,SURPLUS,0.0,0.0,Low
2026-09-04,B003,P002,19,21,10,4,13,0,SHORTAGE,13.0,339675.31,Critical
2026-09-04,B003,P003,30,29,34,8,4,0,SHORTAGE,4.0,97305.12,Medium
2026-09-04,B003,P004,17,16,26,5,0,4,SURPLUS,0.0,0.0,Low
2026-09-04,B003,P005,35,37,64,11,0,18,SURPLUS,0.0,0.0,Low
2026-09-04,B003,P006,74,68,97,21,0,2,SURPLUS,0.0,0.0,Low
2026-09-04,B003,P007,15,15,15,3,3,0,SHORTAGE,3.0,37906.71,Medium
2026-09-04,B003,P008,25,23,22,5,8,0,SHORTAGE,8.0,312116.88,High
2026-09-04,B003,P009,67,60,119,16,0,36,SURPLUS,0.0,0.0,Low
2026-09-04,B003,P010,24,25,30,8,2,0,SHORTAGE,2.0,34305.02,Medium
2026-09-04,B004,P001,41,40,45,10,6,0,SHORTAGE,6.0,186180.96,Medium
2026-09-04,B004,P002,17,16,12,4,9,0,SHORTAGE,9.0,232819.74,Critical
2026-09-04,B004,P003,28,29,34,8,2,0,SHORTAGE,2.0,46060.68,Medium
2026-09-04,B004,P004,11,10,15,3,0,1,SURPLUS,0.0,0.0,Low
2026-09-04,B004,P005,26,29,38,8,0,4,SURPLUS,0.0,0.0,Low
2026-09-04,B004,P006,58,55,74,12,0,4,SURPLUS,0.0,0.0,Low
2026-09-04,B004,P007,11,12,7,3,7,0,SHORTAGE,7.0,90100.71,Critical
2026-09-04,B004,P008,15,18,9,4,10,0,SHORTAGE,10.0,402931.2,Critical
2026-09-04,B004,P009,45,44,63,11,0,7,SURPLUS,0.0,0.0,Low
2026-09-04,B004,P010,30,35,17,7,20,0,SHORTAGE,20.0,313329.0,Critical
2026-09-04,B005,P001,48,44,95,15,0,32,SURPLUS,0.0,0.0,Low
2026-09-04,B005,P002,18,19,25,4,0,3,SURPLUS,0.0,0.0,Low
2026-09-04,B005,P003,22,20,14,6,14,0,SHORTAGE,14.0,339350.2,Critical
2026-09-04,B005,P004,20,17,11,5,14,0,SHORTAGE,14.0,136053.68000000002,Critical
2026-09-04,B005,P005,27,26,17,9,19,0,SHORTAGE,19.0,851580.1900000001,Critical
2026-09-04,B005,P006,78,69,164,21,0,65,SURPLUS,0.0,0.0,Low
2026-09-04,B005,P007,14,14,22,3,0,5,SURPLUS,0.0,0.0,Low
2026-09-04,B005,P008,25,23,43,7,0,11,SURPLUS,0.0,0.0,Low
2026-09-04,B005,P009,49,49,42,13,20,0,SHORTAGE,20.0,72712.4,High
2026-09-04,B005,P010,21,22,17,5,9,0,SHORTAGE,9.0,143722.44,High
2026-09-04,B006,P001,45,42,66,11,0,10,SURPLUS,0.0,0.0,Low
2026-09-04,B006,P002,17,16,33,5,0,11,SURPLUS,0.0,0.0,Low
2026-09-04,B006,P003,24,23,24,7,7,0,SHORTAGE,7.0,160868.4,High
2026-09-04,B006,P004,11,12,19,3,0,5,SURPLUS,0.0,0.0,Low
2026-09-04,B006,P005,33,30,67,6,0,28,SURPLUS,0.0,0.0,Low
2026-09-04,B006,P006,51,45,78,16,0,11,SURPLUS,0.0,0.0,Low
2026-09-04,B006,P007,8,8,15,3,0,4,SURPLUS,0.0,0.0,Low
2026-09-04,B006,P008,16,15,19,3,0,0,BALANCED,0.0,0.0,Low
2026-09-04,B006,P009,38,40,71,10,0,23,SURPLUS,0.0,0.0,Low
2026-09-04,B006,P010,22,21,36,5,0,9,SURPLUS,0.0,0.0,Low
2026-09-04,B007,P001,31,32,49,10,0,8,SURPLUS,0.0,0.0,Low
2026-09-04,B007,P002,11,11,11,3,3,0,SHORTAGE,3.0,86286.51,High
2026-09-04,B007,P003,23,21,34,7,0,4,SURPLUS,0.0,0.0,Low
2026-09-04,B007,P004,18,18,31,4,0,9,SURPLUS,0.0,0.0,Low
2026-09-04,B007,P005,22,21,30,6,0,2,SURPLUS,0.0,0.0,Low
2026-09-04,B007,P006,45,39,64,11,0,8,SURPLUS,0.0,0.0,Low
2026-09-04,B007,P007,12,13,15,3,0,0,BALANCED,0.0,0.0,Low
2026-09-04,B007,P008,10,11,16,3,0,3,SURPLUS,0.0,0.0,Low
2026-09-04,B007,P009,43,38,78,9,0,26,SURPLUS,0.0,0.0,Low
2026-09-04,B007,P010,23,23,44,4,0,17,SURPLUS,0.0,0.0,Low
2026-09-04,B008,P001,54,59,52,14,16,0,SHORTAGE,16.0,487482.4,High
2026-09-04,B008,P002,20,19,20,4,4,0,SHORTAGE,4.0,110853.68,Medium
2026-09-04,B008,P003,36,34,65,11,0,18,SURPLUS,0.0,0.0,Low
2026-09-04,B008,P004,15,14,11,5,9,0,SHORTAGE,9.0,78272.73,Critical
2026-09-04,B008,P005,18,20,12,4,10,0,SHORTAGE,10.0,489475.7,Critical
2026-09-04,B008,P006,66,73,46,21,41,0,SHORTAGE,41.0,739141.85,Critical
2026-09-04,B008,P007,12,12,4,3,11,0,SHORTAGE,11.0,137113.35,Critical
2026-09-04,B008,P008,22,23,37,5,0,10,SURPLUS,0.0,0.0,Low
2026-09-04,B008,P009,44,43,53,9,0,0,BALANCED,0.0,0.0,Low
2026-09-04,B008,P010,29,28,38,9,0,0,BALANCED,0.0,0.0,Low
2026-09-05,B001,P001,57,55,76,18,0,1,SURPLUS,0.0,0.0,Low
2026-09-05,B001,P002,31,31,53,7,0,15,SURPLUS,0.0,0.0,Low
2026-09-05,B001,P003,28,26,47,7,0,12,SURPLUS,0.0,0.0,Low
2026-09-05,B001,P004,24,25,20,7,11,0,SHORTAGE,11.0,98269.82,Critical
2026-09-05,B001,P005,35,38,29,7,13,0,SHORTAGE,13.0,586789.71,High
2026-09-05,B001,P006,74,80,85,15,4,0,SHORTAGE,4.0,75573.04,Medium
2026-09-05,B001,P007,19,18,8,6,17,0,SHORTAGE,17.0,195549.98,Critical
2026-09-05,B001,P008,25,27,41,5,0,11,SURPLUS,0.0,0.0,Low
2026-09-05,B001,P009,67,69,87,21,1,0,SHORTAGE,1.0,3703.53,Medium
2026-09-05,B001,P010,46,41,51,13,8,0,SHORTAGE,8.0,127419.84,Medium
2026-09-05,B002,P001,56,56,94,17,0,21,SURPLUS,0.0,0.0,Low
2026-09-05,B002,P002,23,24,16,5,12,0,SHORTAGE,12.0,313689.48,Critical
2026-09-05,B002,P003,25,26,14,6,17,0,SHORTAGE,17.0,379856.16,Critical
2026-09-05,B002,P004,16,18,17,4,3,0,SHORTAGE,3.0,26038.77,Medium
2026-09-05,B002,P005,33,34,45,7,0,5,SURPLUS,0.0,0.0,Low
2026-09-05,B002,P006,82,79,60,18,40,0,SHORTAGE,40.0,776030.3999999999,Critical
2026-09-05,B002,P007,14,15,25,4,0,7,SURPLUS,0.0,0.0,Low
2026-09-05,B002,P008,16,16,28,5,0,7,SURPLUS,0.0,0.0,Low
2026-09-05,B002,P009,47,43,86,14,0,25,SURPLUS,0.0,0.0,Low
2026-09-05,B002,P010,34,32,21,9,22,0,SHORTAGE,22.0,329221.2,Critical
2026-09-05,B003,P001,50,48,60,15,5,0,SHORTAGE,5.0,150326.05,Medium
2026-09-05,B003,P002,18,16,32,5,0,9,SURPLUS,0.0,0.0,Low
2026-09-05,B003,P003,30,30,24,9,15,0,SHORTAGE,15.0,388657.8,Critical
2026-09-05,B003,P004,17,18,24,3,0,4,SURPLUS,0.0,0.0,Low
2026-09-05,B003,P005,31,29,34,8,5,0,SHORTAGE,5.0,253648.4,Medium
2026-09-05,B003,P006,53,49,72,12,0,7,SURPLUS,0.0,0.0,Low
2026-09-05,B003,P007,13,14,14,3,2,0,SHORTAGE,2.0,23524.9,Medium
2026-09-05,B003,P008,14,14,16,3,1,0,SHORTAGE,1.0,43173.83,Medium
2026-09-05,B003,P009,46,52,93,13,0,34,SURPLUS,0.0,0.0,Low
2026-09-05,B003,P010,31,30,57,7,0,19,SURPLUS,0.0,0.0,Low
2026-09-05,B004,P001,58,54,67,14,5,0,SHORTAGE,5.0,149781.8,Medium
2026-09-05,B004,P002,14,15,11,3,6,0,SHORTAGE,6.0,162407.52,High
2026-09-05,B004,P003,20,21,15,5,10,0,SHORTAGE,10.0,231232.2,Critical
2026-09-05,B004,P004,17,15,26,3,0,6,SURPLUS,0.0,0.0,Low
2026-09-05,B004,P005,29,26,24,6,11,0,SHORTAGE,11.0,536796.7,High
2026-09-05,B004,P006,66,64,57,21,30,0,SHORTAGE,30.0,580217.1,Critical
2026-09-05,B004,P007,13,13,8,3,8,0,SHORTAGE,8.0,91384.72,Critical
2026-09-05,B004,P008,15,16,26,3,0,8,SURPLUS,0.0,0.0,Low
2026-09-05,B004,P009,44,46,30,14,28,0,SHORTAGE,28.0,99449.84000000001,Critical
2026-09-05,B004,P010,16,17,20,5,1,0,SHORTAGE,1.0,15068.34,Medium
2026-09-05,B005,P001,49,52,57,13,5,0,SHORTAGE,5.0,169112.65,Medium
2026-09-05,B005,P002,12,13,20,3,0,5,SURPLUS,0.0,0.0,Low
2026-09-05,B005,P003,19,19,13,5,11,0,SHORTAGE,11.0,264373.23,Critical
2026-09-05,B005,P004,18,17,28,3,0,7,SURPLUS,0.0,0.0,Low
2026-09-05,B005,P005,23,24,28,4,0,1,SURPLUS,0.0,0.0,Low
2026-09-05,B005,P006,66,62,31,17,52,0,SHORTAGE,52.0,1009607.5599999999,Critical
2026-09-05,B005,P007,12,12,19,3,0,4,SURPLUS,0.0,0.0,Low
2026-09-05,B005,P008,21,19,33,6,0,6,SURPLUS,0.0,0.0,Low
2026-09-05,B005,P009,40,38,25,13,28,0,SHORTAGE,28.0,95149.32,Critical
2026-09-05,B005,P010,29,30,29,9,9,0,SHORTAGE,9.0,137695.5,High
2026-09-05,B006,P001,45,40,41,12,16,0,SHORTAGE,16.0,473996.48,High
2026-09-05,B006,P002,15,16,20,5,0,0,BALANCED,0.0,0.0,Low
2026-09-05,B006,P003,15,17,16,4,3,0,SHORTAGE,3.0,68011.41,Medium
2026-09-05,B006,P004,14,14,19,3,0,2,SURPLUS,0.0,0.0,Low
2026-09-05,B006,P005,26,29,37,8,0,3,SURPLUS,0.0,0.0,Low
2026-09-05,B006,P006,64,67,83,21,2,0,SHORTAGE,2.0,35781.9,Medium
2026-09-05,B006,P007,15,14,13,4,6,0,SHORTAGE,6.0,69616.92,High
2026-09-05,B006,P008,15,16,25,4,0,6,SURPLUS,0.0,0.0,Low
2026-09-05,B006,P009,55,56,94,16,0,23,SURPLUS,0.0,0.0,Low
2026-09-05,B006,P010,22,23,28,6,0,0,BALANCED,0.0,0.0,Low
2026-09-05,B007,P001,43,40,53,11,1,0,SHORTAGE,1.0,33087.09,Medium
2026-09-05,B007,P002,20,18,24,6,2,0,SHORTAGE,2.0,55601.32,Medium
2026-09-05,B007,P003,17,17,23,4,0,2,SURPLUS,0.0,0.0,Low
2026-09-05,B007,P004,11,10,18,3,0,4,SURPLUS,0.0,0.0,Low
2026-09-05,B007,P005,25,27,13,7,19,0,SHORTAGE,19.0,885213.23,Critical
2026-09-05,B007,P006,44,44,79,13,0,22,SURPLUS,0.0,0.0,Low
2026-09-05,B007,P007,17,17,10,4,11,0,SHORTAGE,11.0,132166.1,Critical
2026-09-05,B007,P008,16,16,31,4,0,11,SURPLUS,0.0,0.0,Low
2026-09-05,B007,P009,44,46,68,10,0,14,SURPLUS,0.0,0.0,Low
2026-09-05,B007,P010,20,21,27,6,0,1,SURPLUS,0.0,0.0,Low
2026-09-05,B008,P001,50,48,57,10,3,0,SHORTAGE,3.0,91136.34,Medium
2026-09-05,B008,P002,20,19,19,4,5,0,SHORTAGE,5.0,145893.65,High
2026-09-05,B008,P003,18,18,29,4,0,7,SURPLUS,0.0,0.0,Low
2026-09-05,B008,P004,19,18,30,5,0,6,SURPLUS,0.0,0.0,Low
2026-09-05,B008,P005,29,25,30,8,7,0,SHORTAGE,7.0,331197.86000000004,High
2026-09-05,B008,P006,47,45,97,11,0,39,SURPLUS,0.0,0.0,Low
2026-09-05,B008,P007,17,15,24,4,0,3,SURPLUS,0.0,0.0,Low
2026-09-05,B008,P008,14,18,20,3,0,3,SURPLUS,0.0,0.0,Low
2026-09-05,B008,P009,45,47,66,10,0,11,SURPLUS,0.0,0.0,Low
2026-09-05,B008,P010,22,21,26,7,3,0,SHORTAGE,3.0,44287.47,Medium
2026-09-06,B001,P001,63,58,74,14,3,0,SHORTAGE,3.0,102263.28,Medium
2026-09-06,B001,P002,22,25,35,6,0,7,SURPLUS,0.0,0.0,Low
2026-09-06,B001,P003,31,28,33,10,8,0,SHORTAGE,8.0,182432.56,High
2026-09-06,B001,P004,20,19,19,4,5,0,SHORTAGE,5.0,48564.799999999996,High
2026-09-06,B001,P005,43,38,49,10,4,0,SHORTAGE,4.0,184840.68,Medium
2026-09-06,B001,P006,82,75,105,19,0,4,SURPLUS,0.0,0.0,Low
2026-09-06,B001,P007,18,19,23,4,0,1,SURPLUS,0.0,0.0,Low
2026-09-06,B001,P008,20,19,20,4,4,0,SHORTAGE,4.0,163869.76,Medium
2026-09-06,B001,P009,72,70,130,25,0,33,SURPLUS,0.0,0.0,Low
2026-09-06,B001,P010,31,29,29,9,11,0,SHORTAGE,11.0,185873.81999999998,High
2026-09-06,B002,P001,38,43,53,11,0,4,SURPLUS,0.0,0.0,Low
2026-09-06,B002,P002,17,17,17,5,5,0,SHORTAGE,5.0,143246.05,High
2026-09-06,B002,P003,16,17,12,4,8,0,SHORTAGE,8.0,185157.28,Critical
2026-09-06,B002,P004,13,14,26,3,0,10,SURPLUS,0.0,0.0,Low
2026-09-06,B002,P005,36,33,52,8,0,8,SURPLUS,0.0,0.0,Low
2026-09-06,B002,P006,49,50,68,11,0,8,SURPLUS,0.0,0.0,Low
2026-09-06,B002,P007,11,12,20,3,0,6,SURPLUS,0.0,0.0,Low
2026-09-06,B002,P008,15,17,26,4,0,7,SURPLUS,0.0,0.0,Low
2026-09-06,B002,P009,51,51,76,11,0,14,SURPLUS,0.0,0.0,Low
2026-09-06,B002,P010,26,25,31,8,3,0,SHORTAGE,3.0,51470.88,Medium
2026-09-06,B003,P001,37,42,64,9,0,18,SURPLUS,0.0,0.0,Low
2026-09-06,B003,P002,16,18,22,5,0,1,SURPLUS,0.0,0.0,Low
2026-09-06,B003,P003,14,16,9,3,8,0,SHORTAGE,8.0,189151.6,Critical
2026-09-06,B003,P004,16,13,16,4,4,0,SHORTAGE,4.0,38614.84,High
2026-09-06,B003,P005,19,20,27,4,0,4,SURPLUS,0.0,0.0,Low
2026-09-06,B003,P006,68,66,109,16,0,25,SURPLUS,0.0,0.0,Low
2026-09-06,B003,P007,13,13,16,4,1,0,SHORTAGE,1.0,11451.23,Medium
2026-09-06,B003,P008,12,12,10,3,5,0,SHORTAGE,5.0,222192.75,High
2026-09-06,B003,P009,33,41,48,9,0,6,SURPLUS,0.0,0.0,Low
2026-09-06,B003,P010,22,20,40,7,0,11,SURPLUS,0.0,0.0,Low
2026-09-06,B004,P001,45,42,64,9,0,10,SURPLUS,0.0,0.0,Low
2026-09-06,B004,P002,13,14,7,3,9,0,SHORTAGE,9.0,241466.13,Critical
2026-09-06,B004,P003,20,19,11,6,15,0,SHORTAGE,15.0,362215.2,Critical
2026-09-06,B004,P004,9,9,16,3,0,4,SURPLUS,0.0,0.0,Low
2026-09-06,B004,P005,31,25,50,6,0,13,SURPLUS,0.0,0.0,Low
2026-09-06,B004,P006,60,51,110,18,0,32,SURPLUS,0.0,0.0,Low
2026-09-06,B004,P007,16,18,27,4,0,7,SURPLUS,0.0,0.0,Low
2026-09-06,B004,P008,9,8,14,3,0,2,SURPLUS,0.0,0.0,Low
2026-09-06,B004,P009,32,38,49,10,0,7,SURPLUS,0.0,0.0,Low
2026-09-06,B004,P010,31,27,51,10,0,10,SURPLUS,0.0,0.0,Low
2026-09-06,B005,P001,44,40,26,13,31,0,SHORTAGE,31.0,983971.3099999999,Critical
2026-09-06,B005,P002,20,20,12,4,12,0,SHORTAGE,12.0,332543.52,Critical
2026-09-06,B005,P003,31,34,43,7,0,5,SURPLUS,0.0,0.0,Low
2026-09-06,B005,P004,10,12,5,3,8,0,SHORTAGE,8.0,75391.52,Critical
2026-09-06,B005,P005,23,23,43,7,0,13,SURPLUS,0.0,0.0,Low
2026-09-06,B005,P006,36,35,30,10,16,0,SHORTAGE,16.0,306775.36,High
2026-09-06,B005,P007,12,14,23,3,0,8,SURPLUS,0.0,0.0,Low
2026-09-06,B005,P008,17,18,23,3,0,3,SURPLUS,0.0,0.0,Low
2026-09-06,B005,P009,51,49,60,14,5,0,SHORTAGE,5.0,18570.8,Medium
2026-09-06,B005,P010,21,21,13,6,14,0,SHORTAGE,14.0,218502.9,Critical
2026-09-06,B006,P001,22,26,18,6,10,0,SHORTAGE,10.0,334845.6,Critical
2026-09-06,B006,P002,15,15,20,4,0,1,SURPLUS,0.0,0.0,Low
2026-09-06,B006,P003,21,23,10,7,18,0,SHORTAGE,18.0,403338.24,Critical
2026-09-06,B006,P004,12,11,18,3,0,3,SURPLUS,0.0,0.0,Low
2026-09-06,B006,P005,22,25,40,6,0,12,SURPLUS,0.0,0.0,Low
2026-09-06,B006,P006,26,30,33,5,0,2,SURPLUS,0.0,0.0,Low
2026-09-06,B006,P007,10,11,5,3,8,0,SHORTAGE,8.0,96517.76,Critical
2026-09-06,B006,P008,13,14,6,3,10,0,SHORTAGE,10.0,430496.9,Critical
2026-09-06,B006,P009,47,46,48,12,11,0,SHORTAGE,11.0,40288.159999999996,High
2026-09-06,B006,P010,17,19,22,4,0,1,SURPLUS,0.0,0.0,Low
2026-09-06,B007,P001,39,35,35,9,13,0,SHORTAGE,13.0,435143.93,High
2026-09-06,B007,P002,18,19,24,3,0,3,SURPLUS,0.0,0.0,Low
2026-09-06,B007,P003,13,13,10,3,6,0,SHORTAGE,6.0,149872.91999999998,Critical
2026-09-06,B007,P004,11,11,13,3,1,0,SHORTAGE,1.0,9019.72,Medium
2026-09-06,B007,P005,23,24,14,6,15,0,SHORTAGE,15.0,768948.6,Critical
2026-09-06,B007,P006,43,41,74,8,0,23,SURPLUS,0.0,0.0,Low
2026-09-06,B007,P007,12,12,12,3,3,0,SHORTAGE,3.0,35256.57,High
2026-09-06,B007,P008,12,12,12,3,3,0,SHORTAGE,3.0,117474.29999999999,High
2026-09-06,B007,P009,34,32,69,7,0,28,SURPLUS,0.0,0.0,Low
2026-09-06,B007,P010,18,18,12,4,10,0,SHORTAGE,10.0,150153.8,Critical
2026-09-06,B008,P001,30,32,50,6,0,14,SURPLUS,0.0,0.0,Low
2026-09-06,B008,P002,16,16,31,5,0,10,SURPLUS,0.0,0.0,Low
2026-09-06,B008,P003,21,19,32,6,0,5,SURPLUS,0.0,0.0,Low
2026-09-06,B008,P004,12,14,22,3,0,7,SURPLUS,0.0,0.0,Low
2026-09-06,B008,P005,16,18,8,4,12,0,SHORTAGE,12.0,572076.6000000001,Critical
2026-09-06,B008,P006,48,44,67,15,0,4,SURPLUS,0.0,0.0,Low
2026-09-06,B008,P007,9,9,5,3,7,0,SHORTAGE,7.0,84731.36,Critical
2026-09-06,B008,P008,16,16,9,3,10,0,SHORTAGE,10.0,444060.5,Critical
2026-09-06,B008,P009,44,37,35,9,18,0,SHORTAGE,18.0,67665.42,High
2026-09-06,B008,P010,18,17,12,5,11,0,SHORTAGE,11.0,163968.97,Critical
2026-09-07,B001,P001,49,47,66,11,0,6,SURPLUS,0.0,0.0,Low
2026-09-07,B001,P002,24,24,13,8,19,0,SHORTAGE,19.0,551447.64,Critical
2026-09-07,B001,P003,23,22,12,7,18,0,SHORTAGE,18.0,424099.62,Critical
2026-09-07,B001,P004,17,18,16,5,6,0,SHORTAGE,6.0,50331.06,High
2026-09-07,B001,P005,37,38,19,8,26,0,SHORTAGE,26.0,1273847.38,Critical
2026-09-07,B001,P006,100,98,159,30,0,29,SURPLUS,0.0,0.0,Low
2026-09-07,B001,P007,17,17,28,5,0,6,SURPLUS,0.0,0.0,Low
2026-09-07,B001,P008,18,19,23,5,0,0,BALANCED,0.0,0.0,Low
2026-09-07,B001,P009,64,62,33,15,46,0,SHORTAGE,46.0,173840.9,Critical
2026-09-07,B001,P010,40,33,47,8,1,0,SHORTAGE,1.0,16904.95,Medium
2026-09-07,B002,P001,49,51,62,11,0,2,SURPLUS,0.0,0.0,Low
2026-09-07,B002,P002,18,20,23,5,0,0,BALANCED,0.0,0.0,Low
2026-09-07,B002,P003,25,24,42,6,0,11,SURPLUS,0.0,0.0,Low
2026-09-07,B002,P004,18,19,34,3,0,13,SURPLUS,0.0,0.0,Low
2026-09-07,B002,P005,19,20,25,3,0,3,SURPLUS,0.0,0.0,Low
2026-09-07,B002,P006,58,57,103,16,0,29,SURPLUS,0.0,0.0,Low
2026-09-07,B002,P007,23,21,25,7,5,0,SHORTAGE,5.0,60440.25,High
2026-09-07,B002,P008,16,17,19,5,2,0,SHORTAGE,2.0,86203.24,Medium
2026-09-07,B002,P009,47,49,70,9,0,14,SURPLUS,0.0,0.0,Low
2026-09-07,B002,P010,24,25,39,7,0,8,SURPLUS,0.0,0.0,Low
2026-09-07,B003,P001,38,38,50,10,0,2,SURPLUS,0.0,0.0,Low
2026-09-07,B003,P002,20,21,13,5,12,0,SHORTAGE,12.0,336770.88,Critical
2026-09-07,B003,P003,15,18,23,3,0,5,SURPLUS,0.0,0.0,Low
2026-09-07,B003,P004,11,12,18,3,0,4,SURPLUS,0.0,0.0,Low
2026-09-07,B003,P005,27,31,48,8,0,13,SURPLUS,0.0,0.0,Low
2026-09-07,B003,P006,45,52,97,14,0,38,SURPLUS,0.0,0.0,Low
2026-09-07,B003,P007,18,17,24,4,0,2,SURPLUS,0.0,0.0,Low
2026-09-07,B003,P008,18,18,19,6,5,0,SHORTAGE,5.0,209944.85,High
2026-09-07,B003,P009,42,44,79,10,0,27,SURPLUS,0.0,0.0,Low
2026-09-07,B003,P010,27,25,38,8,0,3,SURPLUS,0.0,0.0,Low
2026-09-07,B004,P001,26,26,38,6,0,6,SURPLUS,0.0,0.0,Low
2026-09-07,B004,P002,16,16,18,4,2,0,SHORTAGE,2.0,58010.74,Medium
2026-09-07,B004,P003,18,17,26,4,0,4,SURPLUS,0.0,0.0,Low
2026-09-07,B004,P004,15,15,23,3,0,5,SURPLUS,0.0,0.0,Low
2026-09-07,B004,P005,29,27,41,7,0,5,SURPLUS,0.0,0.0,Low
2026-09-07,B004,P006,53,55,91,11,0,27,SURPLUS,0.0,0.0,Low
2026-09-07,B004,P007,15,14,9,3,9,0,SHORTAGE,9.0,105115.23,Critical
2026-09-07,B004,P008,9,9,15,3,0,3,SURPLUS,0.0,0.0,Low
2026-09-07,B004,P009,18,18,25,3,0,4,SURPLUS,0.0,0.0,Low
2026-09-07,B004,P010,19,25,37,5,0,13,SURPLUS,0.0,0.0,Low
2026-09-07,B005,P001,28,29,22,6,12,0,SHORTAGE,12.0,354268.80000000005,High
2026-09-07,B005,P002,15,16,30,4,0,11,SURPLUS,0.0,0.0,Low
2026-09-07,B005,P003,20,22,31,6,0,5,SURPLUS,0.0,0.0,Low
2026-09-07,B005,P004,12,13,6,3,9,0,SHORTAGE,9.0,85378.41,Critical
2026-09-07,B005,P005,19,21,33,4,0,10,SURPLUS,0.0,0.0,Low
2026-09-07,B005,P006,59,56,67,15,7,0,SHORTAGE,7.0,124068.06999999999,Medium
2026-09-07,B005,P007,9,10,13,3,0,1,SURPLUS,0.0,0.0,Low
2026-09-07,B005,P008,15,15,19,4,0,0,BALANCED,0.0,0.0,Low
2026-09-07,B005,P009,47,45,38,12,21,0,SHORTAGE,21.0,77732.97,High
2026-09-07,B005,P010,24,24,16,7,15,0,SHORTAGE,15.0,231292.80000000002,Critical
2026-09-07,B006,P001,40,40,21,9,28,0,SHORTAGE,28.0,931719.04,Critical
2026-09-07,B006,P002,10,13,14,3,0,1,SURPLUS,0.0,0.0,Low
2026-09-07,B006,P003,15,14,12,5,8,0,SHORTAGE,8.0,192473.76,Critical
2026-09-07,B006,P004,10,9,16,3,0,3,SURPLUS,0.0,0.0,Low
2026-09-07,B006,P005,27,25,37,6,0,4,SURPLUS,0.0,0.0,Low
2026-09-07,B006,P006,56,45,37,19,38,0,SHORTAGE,38.0,647961.9400000001,Critical
2026-09-07,B006,P007,7,8,11,3,0,1,SURPLUS,0.0,0.0,Low
2026-09-07,B006,P008,15,15,14,4,5,0,SHORTAGE,5.0,226378.30000000002,High
2026-09-07,B006,P009,44,47,57,10,0,3,SURPLUS,0.0,0.0,Low
2026-09-07,B006,P010,21,20,15,6,12,0,SHORTAGE,12.0,178166.16,Critical
2026-09-07,B007,P001,29,31,11,8,26,0,SHORTAGE,26.0,769512.38,Critical
2026-09-07,B007,P002,12,12,11,3,4,0,SHORTAGE,4.0,106778.24,High
2026-09-07,B007,P003,16,16,10,4,10,0,SHORTAGE,10.0,235488.80000000002,Critical
2026-09-07,B007,P004,13,13,14,3,2,0,SHORTAGE,2.0,18288.9,Medium
2026-09-07,B007,P005,21,23,34,5,0,8,SURPLUS,0.0,0.0,Low
2026-09-07,B007,P006,55,55,98,13,0,30,SURPLUS,0.0,0.0,Low
2026-09-07,B007,P007,11,11,13,3,1,0,SHORTAGE,1.0,12584.58,Medium
2026-09-07,B007,P008,15,15,11,5,9,0,SHORTAGE,9.0,394116.3,Critical
2026-09-07,B007,P009,43,40,22,14,35,0,SHORTAGE,35.0,113424.5,Critical
2026-09-07,B007,P010,16,19,16,3,3,0,SHORTAGE,3.0,48106.56,Medium
2026-09-07,B008,P001,38,34,68,11,0,19,SURPLUS,0.0,0.0,Low
2026-09-07,B008,P002,14,15,23,4,0,5,SURPLUS,0.0,0.0,Low
2026-09-07,B008,P003,20,19,20,4,4,0,SHORTAGE,4.0,88784.24,Medium
2026-09-07,B008,P004,9,10,9,3,3,0,SHORTAGE,3.0,27098.879999999997,High
2026-09-07,B008,P005,30,29,31,6,5,0,SHORTAGE,5.0,246903.95,Medium
2026-09-07,B008,P006,70,68,63,17,24,0,SHORTAGE,24.0,397718.16000000003,High
2026-09-07,B008,P007,11,12,12,3,2,0,SHORTAGE,2.0,23985.48,Medium
2026-09-07,B008,P008,15,16,13,5,7,0,SHORTAGE,7.0,289033.5,Critical
2026-09-07,B008,P009,53,49,60,10,3,0,SHORTAGE,3.0,10148.91,Medium
2026-09-07,B008,P010,17,17,12,3,8,0,SHORTAGE,8.0,129160.08,Critical
2026-09-08,B001,P001,50,53,84,15,0,19,SURPLUS,0.0,0.0,Low
2026-09-08,B001,P002,28,26,42,8,0,6,SURPLUS,0.0,0.0,Low
2026-09-08,B001,P003,32,28,63,6,0,25,SURPLUS,0.0,0.0,Low
2026-09-08,B001,P004,18,16,18,4,4,0,SHORTAGE,4.0,34667.6,High
2026-09-08,B001,P005,35,33,25,10,20,0,SHORTAGE,20.0,985944.0,Critical
2026-09-08,B001,P006,68,77,85,16,0,1,SURPLUS,0.0,0.0,Low
2026-09-08,B001,P007,13,13,14,3,2,0,SHORTAGE,2.0,22695.7,Medium
2026-09-08,B001,P008,11,12,20,3,0,6,SURPLUS,0.0,0.0,Low
2026-09-08,B001,P009,67,66,79,15,3,0,SHORTAGE,3.0,10784.16,Medium
2026-09-08,B001,P010,37,35,28,8,17,0,SHORTAGE,17.0,261076.99,Critical
2026-09-08,B002,P001,53,50,94,11,0,30,SURPLUS,0.0,0.0,Low
2026-09-08,B002,P002,16,16,30,4,0,10,SURPLUS,0.0,0.0,Low
2026-09-08,B002,P003,26,23,44,6,0,12,SURPLUS,0.0,0.0,Low
2026-09-08,B002,P004,13,13,19,3,0,3,SURPLUS,0.0,0.0,Low
2026-09-08,B002,P005,35,31,60,9,0,16,SURPLUS,0.0,0.0,Low
2026-09-08,B002,P006,50,45,72,13,0,9,SURPLUS,0.0,0.0,Low
2026-09-08,B002,P007,16,16,17,4,3,0,SHORTAGE,3.0,36579.45,Medium
2026-09-08,B002,P008,14,15,23,3,0,6,SURPLUS,0.0,0.0,Low
2026-09-08,B002,P009,51,52,104,16,0,37,SURPLUS,0.0,0.0,Low
2026-09-08,B002,P010,24,25,34,5,0,5,SURPLUS,0.0,0.0,Low
2026-09-08,B003,P001,36,37,39,10,7,0,SHORTAGE,7.0,215988.64,Medium
2026-09-08,B003,P002,14,15,13,4,5,0,SHORTAGE,5.0,129289.95000000001,High
2026-09-08,B003,P003,23,23,27,5,1,0,SHORTAGE,1.0,22167.94,Medium
2026-09-08,B003,P004,13,13,21,3,0,5,SURPLUS,0.0,0.0,Low
2026-09-08,B003,P005,28,29,22,7,13,0,SHORTAGE,13.0,607868.2999999999,Critical
2026-09-08,B003,P006,37,41,69,10,0,22,SURPLUS,0.0,0.0,Low
2026-09-08,B003,P007,15,15,19,4,0,0,BALANCED,0.0,0.0,Low
2026-09-08,B003,P008,16,19,23,4,0,3,SURPLUS,0.0,0.0,Low
2026-09-08,B003,P009,26,29,33,9,2,0,SHORTAGE,2.0,6616.82,Medium
2026-09-08,B003,P010,22,25,39,4,0,13,SURPLUS,0.0,0.0,Low
2026-09-08,B004,P001,20,23,34,5,0,9,SURPLUS,0.0,0.0,Low
2026-09-08,B004,P002,19,20,23,3,0,1,SURPLUS,0.0,0.0,Low
2026-09-08,B004,P003,17,19,28,5,0,6,SURPLUS,0.0,0.0,Low
2026-09-08,B004,P004,7,8,6,3,4,0,SHORTAGE,4.0,36879.56,Critical
2026-09-08,B004,P005,29,29,16,5,18,0,SHORTAGE,18.0,851313.78,Critical
2026-09-08,B004,P006,42,44,61,10,0,9,SURPLUS,0.0,0.0,Low
2026-09-08,B004,P007,8,8,16,3,0,5,SURPLUS,0.0,0.0,Low
2026-09-08,B004,P008,16,14,32,5,0,11,SURPLUS,0.0,0.0,Low
2026-09-08,B004,P009,40,37,22,9,27,0,SHORTAGE,27.0,95508.45,Critical
2026-09-08,B004,P010,19,19,24,5,0,0,BALANCED,0.0,0.0,Low
2026-09-08,B005,P001,25,27,47,6,0,16,SURPLUS,0.0,0.0,Low
2026-09-08,B005,P002,17,17,12,3,8,0,SHORTAGE,8.0,240668.08,Critical
2026-09-08,B005,P003,23,24,25,5,3,0,SHORTAGE,3.0,75218.13,Medium
2026-09-08,B005,P004,13,13,15,4,2,0,SHORTAGE,2.0,19418.06,Medium
2026-09-08,B005,P005,34,32,59,7,0,18,SURPLUS,0.0,0.0,Low
2026-09-08,B005,P006,63,66,70,20,13,0,SHORTAGE,13.0,232328.97999999998,High
2026-09-08,B005,P007,14,16,23,3,0,6,SURPLUS,0.0,0.0,Low
2026-09-08,B005,P008,14,15,21,3,0,4,SURPLUS,0.0,0.0,Low
2026-09-08,B005,P009,36,36,61,8,0,17,SURPLUS,0.0,0.0,Low
2026-09-08,B005,P010,23,22,23,7,7,0,SHORTAGE,7.0,109348.75,High
2026-09-08,B006,P001,20,22,17,5,8,0,SHORTAGE,8.0,268590.64,High
2026-09-08,B006,P002,12,13,13,3,2,0,SHORTAGE,2.0,57057.94,Medium
2026-09-08,B006,P003,14,15,15,3,2,0,SHORTAGE,2.0,48321.42,Medium
2026-09-08,B006,P004,14,13,13,3,4,0,SHORTAGE,4.0,35971.84,High
2026-09-08,B006,P005,28,25,45,7,0,10,SURPLUS,0.0,0.0,Low
2026-09-08,B006,P006,63,59,78,19,4,0,SHORTAGE,4.0,73885.64,Medium
2026-09-08,B006,P007,8,8,13,3,0,2,SURPLUS,0.0,0.0,Low
2026-09-08,B006,P008,11,14,12,3,2,0,SHORTAGE,2.0,89405.22,Medium
2026-09-08,B006,P009,45,49,38,14,21,0,SHORTAGE,21.0,74991.0,Critical
2026-09-08,B006,P010,23,21,31,7,0,1,SURPLUS,0.0,0.0,Low
2026-09-08,B007,P001,32,33,49,7,0,10,SURPLUS,0.0,0.0,Low
2026-09-08,B007,P002,16,16,26,3,0,7,SURPLUS,0.0,0.0,Low
2026-09-08,B007,P003,17,17,12,4,9,0,SHORTAGE,9.0,229218.48,Critical
2026-09-08,B007,P004,10,12,14,3,0,1,SURPLUS,0.0,0.0,Low
2026-09-08,B007,P005,16,18,12,4,8,0,SHORTAGE,8.0,396582.32,Critical
2026-09-08,B007,P006,32,36,38,8,2,0,SHORTAGE,2.0,36894.16,Medium
2026-09-08,B007,P007,12,12,12,3,3,0,SHORTAGE,3.0,38337.479999999996,High
2026-09-08,B007,P008,14,14,17,3,0,0,BALANCED,0.0,0.0,Low
2026-09-08,B007,P009,43,43,85,14,0,28,SURPLUS,0.0,0.0,Low
2026-09-08,B007,P010,14,18,17,3,0,0,BALANCED,0.0,0.0,Low
2026-09-08,B008,P001,45,46,40,10,15,0,SHORTAGE,15.0,452581.35,High
2026-09-08,B008,P002,10,12,7,3,6,0,SHORTAGE,6.0,154649.52,Critical
2026-09-08,B008,P003,15,15,22,4,0,3,SURPLUS,0.0,0.0,Low
2026-09-08,B008,P004,17,17,12,4,9,0,SHORTAGE,9.0,86907.59999999999,Critical
2026-09-08,B008,P005,22,26,22,5,5,0,SHORTAGE,5.0,243477.94999999998,High
2026-09-08,B008,P006,44,40,72,8,0,20,SURPLUS,0.0,0.0,Low
2026-09-08,B008,P007,12,12,7,3,8,0,SHORTAGE,8.0,91967.04,Critical
2026-09-08,B008,P008,11,11,14,3,0,0,BALANCED,0.0,0.0,Low
2026-09-08,B008,P009,36,38,51,10,0,5,SURPLUS,0.0,0.0,Low
2026-09-08,B008,P010,21,25,27,5,0,1,SURPLUS,0.0,0.0,Low
2026-09-09,B001,P001,58,57,32,19,45,0,SHORTAGE,45.0,1398401.55,Critical
2026-09-09,B001,P002,22,23,35,5,0,8,SURPLUS,0.0,0.0,Low
2026-09-09,B001,P003,32,28,26,10,16,0,SHORTAGE,16.0,400050.08,Critical
2026-09-09,B001,P004,14,15,11,3,6,0,SHORTAGE,6.0,55411.259999999995,High
2026-09-09,B001,P005,36,38,73,8,0,29,SURPLUS,0.0,0.0,Low
2026-09-09,B001,P006,90,89,178,18,0,70,SURPLUS,0.0,0.0,Low
2026-09-09,B001,P007,14,14,27,4,0,9,SURPLUS,0.0,0.0,Low
2026-09-09,B001,P008,22,23,29,6,0,1,SURPLUS,0.0,0.0,Low
2026-09-09,B001,P009,51,55,88,11,0,26,SURPLUS,0.0,0.0,Low
2026-09-09,B001,P010,28,28,54,7,0,19,SURPLUS,0.0,0.0,Low
2026-09-09,B002,P001,35,38,59,7,0,17,SURPLUS,0.0,0.0,Low
2026-09-09,B002,P002,19,22,35,4,0,12,SURPLUS,0.0,0.0,Low
2026-09-09,B002,P003,23,23,26,5,2,0,SHORTAGE,2.0,45518.04,Medium
2026-09-09,B002,P004,15,16,29,4,0,10,SURPLUS,0.0,0.0,Low
2026-09-09,B002,P005,32,29,23,8,17,0,SHORTAGE,17.0,773548.96,Critical
2026-09-09,B002,P006,66,57,113,17,0,30,SURPLUS,0.0,0.0,Low
2026-09-09,B002,P007,17,16,16,4,5,0,SHORTAGE,5.0,61882.55,High
2026-09-09,B002,P008,21,19,28,6,0,1,SURPLUS,0.0,0.0,Low
2026-09-09,B002,P009,48,49,56,11,3,0,SHORTAGE,3.0,10973.039999999999,Medium
2026-09-09,B002,P010,30,31,44,8,0,6,SURPLUS,0.0,0.0,Low
2026-09-09,B003,P001,25,29,35,8,0,2,SURPLUS,0.0,0.0,Low
2026-09-09,B003,P002,17,16,24,5,0,2,SURPLUS,0.0,0.0,Low
2026-09-09,B003,P003,25,23,43,6,0,12,SURPLUS,0.0,0.0,Low
2026-09-09,B003,P004,17,17,31,3,0,11,SURPLUS,0.0,0.0,Low
2026-09-09,B003,P005,30,30,34,7,3,0,SHORTAGE,3.0,139196.04,Medium
2026-09-09,B003,P006,50,51,48,11,13,0,SHORTAGE,13.0,217561.11000000002,High
2026-09-09,B003,P007,6,7,9,3,0,0,BALANCED,0.0,0.0,Low
2026-09-09,B003,P008,10,10,10,3,3,0,SHORTAGE,3.0,119592.26999999999,High
2026-09-09,B003,P009,49,49,69,11,0,9,SURPLUS,0.0,0.0,Low
2026-09-09,B003,P010,31,31,38,8,1,0,SHORTAGE,1.0,15250.14,Medium
2026-09-09,B004,P001,34,30,19,8,23,0,SHORTAGE,23.0,732711.92,Critical
2026-09-09,B004,P002,16,14,12,4,8,0,SHORTAGE,8.0,222776.48,Critical
2026-09-09,B004,P003,15,16,21,3,0,3,SURPLUS,0.0,0.0,Low
2026-09-09,B004,P004,10,12,12,3,1,0,SHORTAGE,1.0,8752.98,Medium
2026-09-09,B004,P005,23,26,44,5,0,16,SURPLUS,0.0,0.0,Low
2026-09-09,B004,P006,63,71,84,15,0,6,SURPLUS,0.0,0.0,Low
2026-09-09,B004,P007,17,17,25,5,0,3,SURPLUS,0.0,0.0,Low
2026-09-09,B004,P008,12,13,10,3,5,0,SHORTAGE,5.0,211230.3,High
2026-09-09,B004,P009,42,39,36,10,16,0,SHORTAGE,16.0,56103.68,High
2026-09-09,B004,P010,16,20,27,5,0,6,SURPLUS,0.0,0.0,Low
2026-09-09,B005,P001,31,31,45,6,0,8,SURPLUS,0.0,0.0,Low
2026-09-09,B005,P002,19,18,10,5,14,0,SHORTAGE,14.0,399986.86000000004,Critical
2026-09-09,B005,P003,14,14,14,4,4,0,SHORTAGE,4.0,99256.52,High
2026-09-09,B005,P004,18,18,14,4,8,0,SHORTAGE,8.0,69665.28,High
2026-09-09,B005,P005,22,22,33,7,0,4,SURPLUS,0.0,0.0,Low
2026-09-09,B005,P006,39,37,57,13,0,5,SURPLUS,0.0,0.0,Low
2026-09-09,B005,P007,13,14,21,3,0,5,SURPLUS,0.0,0.0,Low
2026-09-09,B005,P008,15,15,25,4,0,6,SURPLUS,0.0,0.0,Low
2026-09-09,B005,P009,32,32,50,9,0,9,SURPLUS,0.0,0.0,Low
2026-09-09,B005,P010,26,24,35,6,0,3,SURPLUS,0.0,0.0,Low
2026-09-09,B006,P001,43,48,20,14,37,0,SHORTAGE,37.0,1142180.75,Critical
2026-09-09,B006,P002,11,11,9,3,5,0,SHORTAGE,5.0,137700.45,Critical
2026-09-09,B006,P003,16,15,21,3,0,2,SURPLUS,0.0,0.0,Low
2026-09-09,B006,P004,17,19,30,5,0,8,SURPLUS,0.0,0.0,Low
2026-09-09,B006,P005,9,9,12,3,0,0,BALANCED,0.0,0.0,Low
2026-09-09,B006,P006,39,45,63,13,0,11,SURPLUS,0.0,0.0,Low
2026-09-09,B006,P007,14,14,20,3,0,3,SURPLUS,0.0,0.0,Low
2026-09-09,B006,P008,11,11,13,3,1,0,SHORTAGE,1.0,42087.07,Medium
2026-09-09,B006,P009,44,43,17,14,41,0,SHORTAGE,41.0,153272.35,Critical
2026-09-09,B006,P010,19,17,17,6,8,0,SHORTAGE,8.0,126009.92,High
2026-09-09,B007,P001,34,36,40,9,3,0,SHORTAGE,3.0,102775.88999999998,Medium
2026-09-09,B007,P002,11,12,7,3,7,0,SHORTAGE,7.0,181269.97,Critical
2026-09-09,B007,P003,20,20,22,6,4,0,SHORTAGE,4.0,91910.68,Medium
2026-09-09,B007,P004,9,9,9,3,3,0,SHORTAGE,3.0,25908.659999999996,High
2026-09-09,B007,P005,25,23,34,5,0,4,SURPLUS,0.0,0.0,Low
2026-09-09,B007,P006,51,49,65,11,0,3,SURPLUS,0.0,0.0,Low
2026-09-09,B007,P007,13,13,9,3,7,0,SHORTAGE,7.0,83683.11,Critical
2026-09-09,B007,P008,12,13,10,3,5,0,SHORTAGE,5.0,222703.1,High
2026-09-09,B007,P009,27,30,29,5,3,0,SHORTAGE,3.0,10593.210000000001,Medium
2026-09-09,B007,P010,13,13,23,3,0,7,SURPLUS,0.0,0.0,Low
2026-09-09,B008,P001,34,37,46,7,0,5,SURPLUS,0.0,0.0,Low
2026-09-09,B008,P002,17,17,31,4,0,10,SURPLUS,0.0,0.0,Low
2026-09-09,B008,P003,12,11,21,3,0,6,SURPLUS,0.0,0.0,Low
2026-09-09,B008,P004,5,5,9,3,0,1,SURPLUS,0.0,0.0,Low
2026-09-09,B008,P005,18,20,27,5,0,4,SURPLUS,0.0,0.0,Low
2026-09-09,B008,P006,40,41,37,11,14,0,SHORTAGE,14.0,237328.69999999998,High
2026-09-09,B008,P007,13,14,19,3,0,3,SURPLUS,0.0,0.0,Low
2026-09-09,B008,P008,11,10,9,3,5,0,SHORTAGE,5.0,196142.40000000002,Critical
2026-09-09,B008,P009,41,38,58,10,0,7,SURPLUS,0.0,0.0,Low
2026-09-09,B008,P010,12,13,13,4,3,0,SHORTAGE,3.0,50923.89,High
2026-09-10,B001,P001,72,63,144,19,0,53,SURPLUS,0.0,0.0,Low
2026-09-10,B001,P002,19,20,26,5,0,2,SURPLUS,0.0,0.0,Low
2026-09-10,B001,P003,32,30,39,9,2,0,SHORTAGE,2.0,50514.74,Medium
2026-09-10,B001,P004,22,20,20,4,6,0,SHORTAGE,6.0,53149.92,High
2026-09-10,B001,P005,28,32,36,9,1,0,SHORTAGE,1.0,48141.51,Medium
2026-09-10,B001,P006,76,82,107,22,0,9,SURPLUS,0.0,0.0,Low
2026-09-10,B001,P007,16,20,16,4,4,0,SHORTAGE,4.0,46520.64,High
2026-09-10,B001,P008,23,22,25,5,3,0,SHORTAGE,3.0,133320.45,Medium
2026-09-10,B001,P009,63,53,51,18,30,0,SHORTAGE,30.0,107311.2,Critical
2026-09-10,B001,P010,37,34,38,10,9,0,SHORTAGE,9.0,136841.31,High
2026-09-10,B002,P001,49,46,68,12,0,7,SURPLUS,0.0,0.0,Low
2026-09-10,B002,P002,22,23,37,4,0,11,SURPLUS,0.0,0.0,Low
2026-09-10,B002,P003,20,23,26,6,0,0,BALANCED,0.0,0.0,Low
2026-09-10,B002,P004,20,18,25,4,0,1,SURPLUS,0.0,0.0,Low
2026-09-10,B002,P005,27,27,26,8,9,0,SHORTAGE,9.0,452455.29,High
2026-09-10,B002,P006,58,54,69,11,0,0,BALANCED,0.0,0.0,Low
2026-09-10,B002,P007,19,18,25,5,0,1,SURPLUS,0.0,0.0,Low
2026-09-10,B002,P008,18,17,11,5,12,0,SHORTAGE,12.0,537951.0,Critical
2026-09-10,B002,P009,46,45,38,13,21,0,SHORTAGE,21.0,72897.09,Critical
2026-09-10,B002,P010,31,31,29,6,8,0,SHORTAGE,8.0,125761.52,High
2026-09-10,B003,P001,43,39,32,12,23,0,SHORTAGE,23.0,783127.92,Critical
2026-09-10,B003,P002,19,20,30,5,0,6,SURPLUS,0.0,0.0,Low
2026-09-10,B003,P003,19,18,34,6,0,9,SURPLUS,0.0,0.0,Low
2026-09-10,B003,P004,16,15,24,3,0,5,SURPLUS,0.0,0.0,Low
2026-09-10,B003,P005,21,22,40,6,0,13,SURPLUS,0.0,0.0,Low
2026-09-10,B003,P006,59,63,56,14,17,0,SHORTAGE,17.0,287382.28,High
2026-09-10,B003,P007,12,12,23,3,0,8,SURPLUS,0.0,0.0,Low
2026-09-10,B003,P008,17,18,24,3,0,4,SURPLUS,0.0,0.0,Low
2026-09-10,B003,P009,27,27,37,8,0,2,SURPLUS,0.0,0.0,Low
2026-09-10,B003,P010,32,29,20,10,22,0,SHORTAGE,22.0,330965.14,Critical
2026-09-10,B004,P001,28,30,20,5,13,0,SHORTAGE,13.0,405617.94,Critical
2026-09-10,B004,P002,11,11,8,3,6,0,SHORTAGE,6.0,159391.68,Critical
2026-09-10,B004,P003,13,14,18,4,0,1,SURPLUS,0.0,0.0,Low
2026-09-10,B004,P004,14,15,18,4,0,0,BALANCED,0.0,0.0,Low
2026-09-10,B004,P005,30,31,43,10,0,3,SURPLUS,0.0,0.0,Low
2026-09-10,B004,P006,60,56,42,12,30,0,SHORTAGE,30.0,564494.4,Critical
2026-09-10,B004,P007,12,11,16,3,0,1,SURPLUS,0.0,0.0,Low
2026-09-10,B004,P008,14,15,25,4,0,7,SURPLUS,0.0,0.0,Low
2026-09-10,B004,P009,29,30,51,6,0,16,SURPLUS,0.0,0.0,Low
2026-09-10,B004,P010,23,24,38,7,0,8,SURPLUS,0.0,0.0,Low
2026-09-10,B005,P001,36,33,68,12,0,20,SURPLUS,0.0,0.0,Low
2026-09-10,B005,P002,17,18,15,5,7,0,SHORTAGE,7.0,191103.29,High
2026-09-10,B005,P003,18,17,12,5,11,0,SHORTAGE,11.0,249844.87,Critical
2026-09-10,B005,P004,15,15,9,3,9,0,SHORTAGE,9.0,82689.3,Critical
2026-09-10,B005,P005,30,30,51,8,0,13,SURPLUS,0.0,0.0,Low
2026-09-10,B005,P006,75,71,46,17,46,0,SHORTAGE,46.0,882531.6200000001,Critical
2026-09-10,B005,P007,11,12,9,3,5,0,SHORTAGE,5.0,62353.35,Critical
2026-09-10,B005,P008,18,17,18,5,5,0,SHORTAGE,5.0,205326.0,High
2026-09-10,B005,P009,40,41,27,11,24,0,SHORTAGE,24.0,84326.16,Critical
2026-09-10,B005,P010,15,16,14,4,5,0,SHORTAGE,5.0,75932.05,High
2026-09-10,B006,P001,31,36,46,6,0,9,SURPLUS,0.0,0.0,Low
2026-09-10,B006,P002,16,17,32,3,0,13,SURPLUS,0.0,0.0,Low
2026-09-10,B006,P003,13,14,21,3,0,5,SURPLUS,0.0,0.0,Low
2026-09-10,B006,P004,10,10,7,3,6,0,SHORTAGE,6.0,51570.12,Critical
2026-09-10,B006,P005,25,28,12,5,18,0,SHORTAGE,18.0,822233.8800000001,Critical
2026-09-10,B006,P006,39,43,63,9,0,15,SURPLUS,0.0,0.0,Low
2026-09-10,B006,P007,12,13,14,3,1,0,SHORTAGE,1.0,11637.18,Medium
2026-09-10,B006,P008,14,17,10,3,7,0,SHORTAGE,7.0,294724.01,Critical
2026-09-10,B006,P009,32,32,29,8,11,0,SHORTAGE,11.0,35641.65,High
2026-09-10,B006,P010,21,23,12,5,14,0,SHORTAGE,14.0,229882.37999999998,Critical
2026-09-10,B007,P001,20,20,37,4,0,13,SURPLUS,0.0,0.0,Low
2026-09-10,B007,P002,9,11,13,3,0,1,SURPLUS,0.0,0.0,Low
2026-09-10,B007,P003,14,14,19,3,0,2,SURPLUS,0.0,0.0,Low
2026-09-10,B007,P004,10,10,19,3,0,6,SURPLUS,0.0,0.0,Low
2026-09-10,B007,P005,30,30,57,6,0,21,SURPLUS,0.0,0.0,Low
2026-09-10,B007,P006,53,51,84,12,0,19,SURPLUS,0.0,0.0,Low
2026-09-10,B007,P007,5,5,8,3,0,0,BALANCED,0.0,0.0,Low
2026-09-10,B007,P008,13,13,12,3,4,0,SHORTAGE,4.0,163558.8,High
2026-09-10,B007,P009,38,36,42,11,7,0,SHORTAGE,7.0,25431.77,Medium
2026-09-10,B007,P010,28,28,29,9,8,0,SHORTAGE,8.0,129814.4,High
2026-09-10,B008,P001,39,37,64,9,0,16,SURPLUS,0.0,0.0,Low
2026-09-10,B008,P002,14,16,10,3,7,0,SHORTAGE,7.0,183588.44,Critical
2026-09-10,B008,P003,20,18,18,4,6,0,SHORTAGE,6.0,149020.62,High
2026-09-10,B008,P004,12,11,8,3,7,0,SHORTAGE,7.0,61390.909999999996,Critical
2026-09-10,B008,P005,25,23,15,7,17,0,SHORTAGE,17.0,787739.88,Critical
2026-09-10,B008,P006,55,54,26,14,43,0,SHORTAGE,43.0,764763.6,Critical
2026-09-10,B008,P007,13,14,23,3,0,7,SURPLUS,0.0,0.0,Low
2026-09-10,B008,P008,14,14,24,3,0,7,SURPLUS,0.0,0.0,Low
2026-09-10,B008,P009,44,44,38,15,21,0,SHORTAGE,21.0,71953.98,Critical
2026-09-10,B008,P010,23,21,21,5,7,0,SHORTAGE,7.0,109605.79,High
2026-09-11,B001,P001,55,55,45,19,29,0,SHORTAGE,29.0,870216.92,Critical
2026-09-11,B001,P002,24,25,32,6,0,2,SURPLUS,0.0,0.0,Low
2026-09-11,B001,P003,27,28,12,7,22,0,SHORTAGE,22.0,532164.6,Critical
2026-09-11,B001,P004,24,24,46,8,0,14,SURPLUS,0.0,0.0,Low
2026-09-11,B001,P005,42,40,60,8,0,10,SURPLUS,0.0,0.0,Low
2026-09-11,B001,P006,78,76,154,24,0,52,SURPLUS,0.0,0.0,Low
2026-09-11,B001,P007,17,17,34,5,0,12,SURPLUS,0.0,0.0,Low
2026-09-11,B001,P008,27,26,52,8,0,17,SURPLUS,0.0,0.0,Low
2026-09-11,B001,P009,69,71,108,23,0,16,SURPLUS,0.0,0.0,Low
2026-09-11,B001,P010,40,44,70,10,0,20,SURPLUS,0.0,0.0,Low
2026-09-11,B002,P001,74,71,114,25,0,15,SURPLUS,0.0,0.0,Low
2026-09-11,B002,P002,22,23,39,5,0,12,SURPLUS,0.0,0.0,Low
2026-09-11,B002,P003,26,25,21,8,13,0,SHORTAGE,13.0,294277.88,Critical
2026-09-11,B002,P004,16,16,16,3,3,0,SHORTAGE,3.0,28326.78,Medium
2026-09-11,B002,P005,31,29,51,9,0,11,SURPLUS,0.0,0.0,Low
2026-09-11,B002,P006,60,59,58,15,17,0,SHORTAGE,17.0,301025.63,High
2026-09-11,B002,P007,19,20,13,5,11,0,SHORTAGE,11.0,134449.03999999998,Critical
2026-09-11,B002,P008,19,19,22,5,2,0,SHORTAGE,2.0,85519.32,Medium
2026-09-11,B002,P009,72,70,39,14,47,0,SHORTAGE,47.0,151509.67,Critical
2026-09-11,B002,P010,42,42,86,11,0,33,SURPLUS,0.0,0.0,Low
2026-09-11,B003,P001,50,51,29,11,32,0,SHORTAGE,32.0,982461.44,Critical
2026-09-11,B003,P002,24,24,44,7,0,13,SURPLUS,0.0,0.0,Low
2026-09-11,B003,P003,16,17,32,3,0,13,SURPLUS,0.0,0.0,Low
2026-09-11,B003,P004,20,19,22,6,4,0,SHORTAGE,4.0,34104.56,Medium
2026-09-11,B003,P005,38,31,69,7,0,24,SURPLUS,0.0,0.0,Low
2026-09-11,B003,P006,54,56,99,13,0,32,SURPLUS,0.0,0.0,Low
2026-09-11,B003,P007,14,16,22,4,0,4,SURPLUS,0.0,0.0,Low
2026-09-11,B003,P008,19,20,32,4,0,9,SURPLUS,0.0,0.0,Low
2026-09-11,B003,P009,49,49,67,13,0,5,SURPLUS,0.0,0.0,Low
2026-09-11,B003,P010,26,27,32,8,2,0,SHORTAGE,2.0,30790.86,Medium
2026-09-11,B004,P001,45,48,54,12,3,0,SHORTAGE,3.0,98790.81,Medium
2026-09-11,B004,P002,23,21,25,6,4,0,SHORTAGE,4.0,107925.44,Medium
2026-09-11,B004,P003,20,19,18,5,7,0,SHORTAGE,7.0,166713.33,High
2026-09-11,B004,P004,18,18,35,5,0,12,SURPLUS,0.0,0.0,Low
2026-09-11,B004,P005,22,24,23,4,3,0,SHORTAGE,3.0,152300.52,Medium
2026-09-11,B004,P006,69,63,63,22,28,0,SHORTAGE,28.0,532114.7999999999,High
2026-09-11,B004,P007,12,12,11,3,4,0,SHORTAGE,4.0,51414.6,High
2026-09-11,B004,P008,16,18,27,5,0,6,SURPLUS,0.0,0.0,Low
2026-09-11,B004,P009,55,57,80,19,0,6,SURPLUS,0.0,0.0,Low
2026-09-11,B004,P010,34,36,38,10,6,0,SHORTAGE,6.0,98880.84,Medium
2026-09-11,B005,P001,45,41,83,13,0,25,SURPLUS,0.0,0.0,Low
2026-09-11,B005,P002,23,25,16,6,13,0,SHORTAGE,13.0,377866.58,Critical
2026-09-11,B005,P003,24,23,30,5,0,1,SURPLUS,0.0,0.0,Low
2026-09-11,B005,P004,16,17,29,3,0,10,SURPLUS,0.0,0.0,Low
2026-09-11,B005,P005,29,27,22,8,15,0,SHORTAGE,15.0,760582.05,Critical
2026-09-11,B005,P006,55,64,78,16,0,7,SURPLUS,0.0,0.0,Low
2026-09-11,B005,P007,18,17,29,5,0,6,SURPLUS,0.0,0.0,Low
2026-09-11,B005,P008,13,14,14,3,2,0,SHORTAGE,2.0,81766.4,Medium
2026-09-11,B005,P009,44,45,35,8,17,0,SHORTAGE,17.0,62331.18,High
2026-09-11,B005,P010,28,26,13,9,24,0,SHORTAGE,24.0,369386.88,Critical
2026-09-11,B006,P001,40,35,34,12,18,0,SHORTAGE,18.0,581490.9,High
2026-09-11,B006,P002,11,13,10,3,4,0,SHORTAGE,4.0,120523.52,High
2026-09-11,B006,P003,18,18,26,4,0,4,SURPLUS,0.0,0.0,Low
2026-09-11,B006,P004,19,17,22,6,3,0,SHORTAGE,3.0,28274.52,Medium
2026-09-11,B006,P005,18,17,34,4,0,12,SURPLUS,0.0,0.0,Low
2026-09-11,B006,P006,50,51,92,10,0,32,SURPLUS,0.0,0.0,Low
2026-09-11,B006,P007,10,11,8,3,5,0,SHORTAGE,5.0,56412.65,Critical
2026-09-11,B006,P008,16,15,19,4,1,0,SHORTAGE,1.0,41459.64,Medium
2026-09-11,B006,P009,48,49,48,13,13,0,SHORTAGE,13.0,47214.700000000004,High
2026-09-11,B006,P010,17,17,23,4,0,2,SURPLUS,0.0,0.0,Low
2026-09-11,B007,P001,43,41,63,9,0,11,SURPLUS,0.0,0.0,Low
2026-09-11,B007,P002,14,15,23,3,0,6,SURPLUS,0.0,0.0,Low
2026-09-11,B007,P003,17,17,20,5,2,0,SHORTAGE,2.0,50204.32,Medium
2026-09-11,B007,P004,15,14,10,4,9,0,SHORTAGE,9.0,80708.04,Critical
2026-09-11,B007,P005,33,31,20,8,21,0,SHORTAGE,21.0,1016881.95,Critical
2026-09-11,B007,P006,34,33,24,10,20,0,SHORTAGE,20.0,339200.19999999995,Critical
2026-09-11,B007,P007,17,19,22,4,0,1,SURPLUS,0.0,0.0,Low
2026-09-11,B007,P008,17,15,17,3,3,0,SHORTAGE,3.0,128592.99,Medium
2026-09-11,B007,P009,32,36,48,6,0,10,SURPLUS,0.0,0.0,Low
2026-09-11,B007,P010,27,26,48,8,0,13,SURPLUS,0.0,0.0,Low
2026-09-11,B008,P001,58,51,90,19,0,13,SURPLUS,0.0,0.0,Low
2026-09-11,B008,P002,16,16,8,4,12,0,SHORTAGE,12.0,361395.0,Critical
2026-09-11,B008,P003,23,22,15,5,13,0,SHORTAGE,13.0,335732.41,Critical
2026-09-11,B008,P004,16,16,12,5,9,0,SHORTAGE,9.0,82971.54,Critical
2026-09-11,B008,P005,25,27,40,7,0,8,SURPLUS,0.0,0.0,Low
2026-09-11,B008,P006,65,65,66,19,18,0,SHORTAGE,18.0,321467.76,High
2026-09-11,B008,P007,16,15,15,5,6,0,SHORTAGE,6.0,76462.86,High
2026-09-11,B008,P008,15,17,15,5,5,0,SHORTAGE,5.0,223190.40000000002,High
2026-09-11,B008,P009,51,54,90,13,0,26,SURPLUS,0.0,0.0,Low
2026-09-11,B008,P010,26,28,38,5,0,7,SURPLUS,0.0,0.0,Low
2026-09-12,B001,P001,71,68,62,14,23,0,SHORTAGE,23.0,769394.6200000001,High
2026-09-12,B001,P002,27,28,20,8,15,0,SHORTAGE,15.0,408889.95,Critical
2026-09-12,B001,P003,26,26,44,7,0,11,SURPLUS,0.0,0.0,Low
2026-09-12,B001,P004,25,24,30,5,0,0,BALANCED,0.0,0.0,Low
2026-09-12,B001,P005,46,48,86,10,0,30,SURPLUS,0.0,0.0,Low
2026-09-12,B001,P006,99,94,131,27,0,5,SURPLUS,0.0,0.0,Low
2026-09-12,B001,P007,20,20,24,5,1,0,SHORTAGE,1.0,11331.74,Medium
2026-09-12,B001,P008,27,30,27,9,9,0,SHORTAGE,9.0,348382.89,High
2026-09-12,B001,P009,62,65,51,17,28,0,SHORTAGE,28.0,104492.08,Critical
2026-09-12,B001,P010,43,45,17,14,40,0,SHORTAGE,40.0,665948.0,Critical
2026-09-12,B002,P001,53,53,77,17,0,7,SURPLUS,0.0,0.0,Low
2026-09-12,B002,P002,24,24,32,7,0,1,SURPLUS,0.0,0.0,Low
2026-09-12,B002,P003,30,30,51,7,0,14,SURPLUS,0.0,0.0,Low
2026-09-12,B002,P004,22,22,33,7,0,4,SURPLUS,0.0,0.0,Low
2026-09-12,B002,P005,48,44,82,15,0,19,SURPLUS,0.0,0.0,Low
2026-09-12,B002,P006,59,69,65,17,11,0,SHORTAGE,11.0,209339.13,Medium
2026-09-12,B002,P007,16,19,18,4,2,0,SHORTAGE,2.0,23039.94,Medium
2026-09-12,B002,P008,22,21,38,6,0,10,SURPLUS,0.0,0.0,Low
2026-09-12,B002,P009,67,57,80,14,1,0,SHORTAGE,1.0,3770.13,Medium
2026-09-12,B002,P010,35,36,39,7,3,0,SHORTAGE,3.0,48900.18,Medium
2026-09-12,B003,P001,48,51,38,12,22,0,SHORTAGE,22.0,711619.04,Critical
2026-09-12,B003,P002,21,21,26,5,0,0,BALANCED,0.0,0.0,Low
2026-09-12,B003,P003,22,21,14,6,14,0,SHORTAGE,14.0,318926.72,Critical
2026-09-12,B003,P004,18,18,12,4,10,0,SHORTAGE,10.0,92332.09999999999,Critical
2026-09-12,B003,P005,31,30,55,7,0,17,SURPLUS,0.0,0.0,Low
2026-09-12,B003,P006,72,74,31,17,58,0,SHORTAGE,58.0,1108297.6400000001,Critical
2026-09-12,B003,P007,16,15,9,4,11,0,SHORTAGE,11.0,136589.86000000002,Critical
2026-09-12,B003,P008,22,20,23,4,3,0,SHORTAGE,3.0,134690.19,Medium
2026-09-12,B003,P009,44,43,19,13,38,0,SHORTAGE,38.0,124854.31999999999,Critical
2026-09-12,B003,P010,36,33,62,10,0,16,SURPLUS,0.0,0.0,Low
2026-09-12,B004,P001,44,40,57,11,0,2,SURPLUS,0.0,0.0,Low
2026-09-12,B004,P002,17,17,18,5,4,0,SHORTAGE,4.0,117296.28,High
2026-09-12,B004,P003,18,17,33,3,0,12,SURPLUS,0.0,0.0,Low
2026-09-12,B004,P004,16,18,31,4,0,11,SURPLUS,0.0,0.0,Low
2026-09-12,B004,P005,22,22,7,4,19,0,SHORTAGE,19.0,892448.43,Critical
2026-09-12,B004,P006,48,43,59,9,0,2,SURPLUS,0.0,0.0,Low
2026-09-12,B004,P007,14,15,24,3,0,7,SURPLUS,0.0,0.0,Low
2026-09-12,B004,P008,16,18,19,5,2,0,SHORTAGE,2.0,90454.58,Medium
2026-09-12,B004,P009,43,40,59,8,0,8,SURPLUS,0.0,0.0,Low
2026-09-12,B004,P010,24,22,33,5,0,4,SURPLUS,0.0,0.0,Low
2026-09-12,B005,P001,49,50,96,16,0,31,SURPLUS,0.0,0.0,Low
2026-09-12,B005,P002,29,27,14,7,22,0,SHORTAGE,22.0,621500.0,Critical
2026-09-12,B005,P003,22,23,40,4,0,14,SURPLUS,0.0,0.0,Low
2026-09-12,B005,P004,11,12,11,3,3,0,SHORTAGE,3.0,26187.36,High
2026-09-12,B005,P005,33,32,56,7,0,16,SURPLUS,0.0,0.0,Low
2026-09-12,B005,P006,69,68,49,16,36,0,SHORTAGE,36.0,624328.92,Critical
2026-09-12,B005,P007,15,14,12,5,8,0,SHORTAGE,8.0,103559.84,Critical
2026-09-12,B005,P008,14,14,14,3,3,0,SHORTAGE,3.0,125182.29000000001,High
2026-09-12,B005,P009,51,49,54,10,7,0,SHORTAGE,7.0,24160.710000000003,Medium
2026-09-12,B005,P010,23,22,39,7,0,9,SURPLUS,0.0,0.0,Low
2026-09-12,B006,P001,47,45,84,14,0,23,SURPLUS,0.0,0.0,Low
2026-09-12,B006,P002,13,16,16,3,0,0,BALANCED,0.0,0.0,Low
2026-09-12,B006,P003,18,18,21,5,2,0,SHORTAGE,2.0,45328.28,Medium
2026-09-12,B006,P004,14,15,19,3,0,2,SURPLUS,0.0,0.0,Low
2026-09-12,B006,P005,26,26,51,6,0,19,SURPLUS,0.0,0.0,Low
2026-09-12,B006,P006,52,50,68,15,0,1,SURPLUS,0.0,0.0,Low
2026-09-12,B006,P007,9,10,7,3,5,0,SHORTAGE,5.0,61345.55,Critical
2026-09-12,B006,P008,19,17,21,4,2,0,SHORTAGE,2.0,82343.46,Medium
2026-09-12,B006,P009,47,49,84,10,0,27,SURPLUS,0.0,0.0,Low
2026-09-12,B006,P010,22,23,36,7,0,7,SURPLUS,0.0,0.0,Low
2026-09-12,B007,P001,45,44,45,14,14,0,SHORTAGE,14.0,450587.62,High
2026-09-12,B007,P002,20,18,32,4,0,8,SURPLUS,0.0,0.0,Low
2026-09-12,B007,P003,20,21,21,6,5,0,SHORTAGE,5.0,121369.25,High
2026-09-12,B007,P004,12,12,15,3,0,0,BALANCED,0.0,0.0,Low
2026-09-12,B007,P005,31,30,49,7,0,11,SURPLUS,0.0,0.0,Low
2026-09-12,B007,P006,38,43,67,8,0,21,SURPLUS,0.0,0.0,Low
2026-09-12,B007,P007,9,9,15,3,0,3,SURPLUS,0.0,0.0,Low
2026-09-12,B007,P008,10,12,14,3,0,1,SURPLUS,0.0,0.0,Low
2026-09-12,B007,P009,40,41,51,9,0,2,SURPLUS,0.0,0.0,Low
2026-09-12,B007,P010,31,30,20,9,20,0,SHORTAGE,20.0,297166.8,Critical
2026-09-12,B008,P001,41,42,33,12,20,0,SHORTAGE,20.0,609525.8,Critical
2026-09-12,B008,P002,15,17,11,5,9,0,SHORTAGE,9.0,234874.62,Critical
2026-09-12,B008,P003,21,21,14,4,11,0,SHORTAGE,11.0,271195.76,Critical
2026-09-12,B008,P004,14,14,26,3,0,9,SURPLUS,0.0,0.0,Low
2026-09-12,B008,P005,28,25,50,9,0,13,SURPLUS,0.0,0.0,Low
2026-09-12,B008,P006,77,80,142,23,0,42,SURPLUS,0.0,0.0,Low
2026-09-12,B008,P007,12,11,20,4,0,4,SURPLUS,0.0,0.0,Low
2026-09-12,B008,P008,14,12,14,3,3,0,SHORTAGE,3.0,121074.69,High
2026-09-12,B008,P009,47,44,26,16,37,0,SHORTAGE,37.0,139776.38,Critical
2026-09-12,B008,P010,22,21,43,5,0,16,SURPLUS,0.0,0.0,Low
2026-09-13,B001,P001,73,67,127,16,0,38,SURPLUS,0.0,0.0,Low
2026-09-13,B001,P002,27,26,21,6,12,0,SHORTAGE,12.0,348117.6,High
2026-09-13,B001,P003,32,33,23,10,19,0,SHORTAGE,19.0,478840.47000000003,Critical
2026-09-13,B001,P004,21,21,37,6,0,10,SURPLUS,0.0,0.0,Low
2026-09-13,B001,P005,42,39,52,13,3,0,SHORTAGE,3.0,149399.09999999998,Medium
2026-09-13,B001,P006,70,66,61,15,24,0,SHORTAGE,24.0,410957.28,High
2026-09-13,B001,P007,20,19,30,6,0,4,SURPLUS,0.0,0.0,Low
2026-09-13,B001,P008,24,26,31,7,0,0,BALANCED,0.0,0.0,Low
2026-09-13,B001,P009,73,68,62,19,30,0,SHORTAGE,30.0,107247.9,High
2026-09-13,B001,P010,30,32,55,10,0,15,SURPLUS,0.0,0.0,Low
2026-09-13,B002,P001,39,37,59,12,0,8,SURPLUS,0.0,0.0,Low
2026-09-13,B002,P002,24,23,34,7,0,3,SURPLUS,0.0,0.0,Low
2026-09-13,B002,P003,15,15,9,3,9,0,SHORTAGE,9.0,202430.79,Critical
2026-09-13,B002,P004,19,17,20,4,3,0,SHORTAGE,3.0,27803.879999999997,Medium
2026-09-13,B002,P005,24,24,44,7,0,13,SURPLUS,0.0,0.0,Low
2026-09-13,B002,P006,75,64,126,26,0,25,SURPLUS,0.0,0.0,Low
2026-09-13,B002,P007,15,15,12,4,7,0,SHORTAGE,7.0,89477.01000000001,Critical
2026-09-13,B002,P008,18,17,30,5,0,7,SURPLUS,0.0,0.0,Low
2026-09-13,B002,P009,43,39,73,14,0,16,SURPLUS,0.0,0.0,Low
2026-09-13,B002,P010,20,19,29,6,0,3,SURPLUS,0.0,0.0,Low
2026-09-13,B003,P001,47,43,79,13,0,19,SURPLUS,0.0,0.0,Low
2026-09-13,B003,P002,12,12,9,3,6,0,SHORTAGE,6.0,163856.52,Critical
2026-09-13,B003,P003,23,23,30,6,0,1,SURPLUS,0.0,0.0,Low
2026-09-13,B003,P004,15,13,23,3,0,5,SURPLUS,0.0,0.0,Low
2026-09-13,B003,P005,28,26,45,8,0,9,SURPLUS,0.0,0.0,Low
2026-09-13,B003,P006,60,61,106,19,0,27,SURPLUS,0.0,0.0,Low
2026-09-13,B003,P007,10,10,16,3,0,3,SURPLUS,0.0,0.0,Low
2026-09-13,B003,P008,16,16,30,3,0,11,SURPLUS,0.0,0.0,Low
2026-09-13,B003,P009,44,39,37,12,19,0,SHORTAGE,19.0,69574.39,High
2026-09-13,B003,P010,18,21,10,3,11,0,SHORTAGE,11.0,184812.98,Critical
2026-09-13,B004,P001,32,34,32,8,8,0,SHORTAGE,8.0,274674.32,High
2026-09-13,B004,P002,12,14,17,3,0,2,SURPLUS,0.0,0.0,Low
2026-09-13,B004,P003,18,18,18,3,3,0,SHORTAGE,3.0,74632.29000000001,Medium
2026-09-13,B004,P004,13,15,22,3,0,6,SURPLUS,0.0,0.0,Low
2026-09-13,B004,P005,32,29,30,7,9,0,SHORTAGE,9.0,400152.60000000003,High
2026-09-13,B004,P006,24,26,11,7,20,0,SHORTAGE,20.0,348957.2,Critical
2026-09-13,B004,P007,16,17,20,5,1,0,SHORTAGE,1.0,12555.42,Medium
2026-09-13,B004,P008,14,13,21,3,0,4,SURPLUS,0.0,0.0,Low
2026-09-13,B004,P009,47,42,26,16,37,0,SHORTAGE,37.0,136393.1,Critical
2026-09-13,B004,P010,21,21,44,4,0,19,SURPLUS,0.0,0.0,Low
2026-09-13,B005,P001,22,24,30,7,0,1,SURPLUS,0.0,0.0,Low
2026-09-13,B005,P002,14,15,15,4,3,0,SHORTAGE,3.0,89466.36,High
2026-09-13,B005,P003,18,19,26,6,0,2,SURPLUS,0.0,0.0,Low
2026-09-13,B005,P004,13,14,20,4,0,3,SURPLUS,0.0,0.0,Low
2026-09-13,B005,P005,19,22,18,4,5,0,SHORTAGE,5.0,234746.15000000002,High
2026-09-13,B005,P006,55,50,65,12,2,0,SHORTAGE,2.0,34730.22,Medium
2026-09-13,B005,P007,10,12,17,3,0,4,SURPLUS,0.0,0.0,Low
2026-09-13,B005,P008,18,16,36,3,0,15,SURPLUS,0.0,0.0,Low
2026-09-13,B005,P009,48,44,24,11,35,0,SHORTAGE,35.0,119753.9,Critical
2026-09-13,B005,P010,21,24,42,6,0,15,SURPLUS,0.0,0.0,Low
2026-09-13,B006,P001,30,31,27,8,11,0,SHORTAGE,11.0,365310.22,High
2026-09-13,B006,P002,15,15,23,3,0,5,SURPLUS,0.0,0.0,Low
2026-09-13,B006,P003,16,17,16,3,3,0,SHORTAGE,3.0,69469.53,Medium
2026-09-13,B006,P004,12,12,16,3,0,1,SURPLUS,0.0,0.0,Low
2026-09-13,B006,P005,25,23,38,6,0,7,SURPLUS,0.0,0.0,Low
2026-09-13,B006,P006,53,52,64,16,5,0,SHORTAGE,5.0,86594.3,Medium
2026-09-13,B006,P007,15,14,10,5,10,0,SHORTAGE,10.0,119834.7,Critical
2026-09-13,B006,P008,9,9,11,3,1,0,SHORTAGE,1.0,44600.32,Medium
2026-09-13,B006,P009,39,39,76,11,0,26,SURPLUS,0.0,0.0,Low
2026-09-13,B006,P010,22,19,28,4,0,2,SURPLUS,0.0,0.0,Low
2026-09-13,B007,P001,36,39,23,8,21,0,SHORTAGE,21.0,655242.84,Critical
2026-09-13,B007,P002,11,11,5,3,9,0,SHORTAGE,9.0,232530.93,Critical
2026-09-13,B007,P003,16,18,29,5,0,8,SURPLUS,0.0,0.0,Low
2026-09-13,B007,P004,11,12,7,3,7,0,SHORTAGE,7.0,60287.64,Critical
2026-09-13,B007,P005,22,21,41,6,0,13,SURPLUS,0.0,0.0,Low
2026-09-13,B007,P006,56,54,105,18,0,31,SURPLUS,0.0,0.0,Low
2026-09-13,B007,P007,11,10,10,3,4,0,SHORTAGE,4.0,44726.24,High
2026-09-13,B007,P008,10,11,18,3,0,5,SURPLUS,0.0,0.0,Low
2026-09-13,B007,P009,40,43,29,13,24,0,SHORTAGE,24.0,80172.48,Critical
2026-09-13,B007,P010,20,19,37,5,0,12,SURPLUS,0.0,0.0,Low
2026-09-13,B008,P001,30,31,23,9,16,0,SHORTAGE,16.0,510340.48,Critical
2026-09-13,B008,P002,21,19,37,7,0,9,SURPLUS,0.0,0.0,Low
2026-09-13,B008,P003,19,19,35,3,0,13,SURPLUS,0.0,0.0,Low
2026-09-13,B008,P004,9,10,12,3,0,0,BALANCED,0.0,0.0,Low
2026-09-13,B008,P005,24,25,43,7,0,12,SURPLUS,0.0,0.0,Low
2026-09-13,B008,P006,41,46,65,8,0,16,SURPLUS,0.0,0.0,Low
2026-09-13,B008,P007,11,11,14,3,0,0,BALANCED,0.0,0.0,Low
2026-09-13,B008,P008,8,9,8,3,3,0,SHORTAGE,3.0,132269.04,High
2026-09-13,B008,P009,48,51,82,11,0,23,SURPLUS,0.0,0.0,Low
2026-09-13,B008,P010,24,28,20,8,12,0,SHORTAGE,12.0,198173.64,Critical
2026-09-14,B001,P001,44,48,44,13,13,0,SHORTAGE,13.0,395590.0,High
2026-09-14,B001,P002,22,23,27,6,1,0,SHORTAGE,1.0,26894.04,Medium
2026-09-14,B001,P003,26,26,27,6,5,0,SHORTAGE,5.0,111599.25,Medium
2026-09-14,B001,P004,20,19,15,6,11,0,SHORTAGE,11.0,105719.79,Critical
2026-09-14,B001,P005,36,35,53,10,0,7,SURPLUS,0.0,0.0,Low
2026-09-14,B001,P006,67,66,82,20,5,0,SHORTAGE,5.0,93169.34999999999,Medium
2026-09-14,B001,P007,22,21,24,5,3,0,SHORTAGE,3.0,34802.159999999996,Medium
2026-09-14,B001,P008,25,24,34,8,0,1,SURPLUS,0.0,0.0,Low
2026-09-14,B001,P009,48,50,50,13,11,0,SHORTAGE,11.0,35881.12,High
2026-09-14,B001,P010,28,25,22,6,12,0,SHORTAGE,12.0,206539.08000000002,High
2026-09-14,B002,P001,63,56,60,16,19,0,SHORTAGE,19.0,577399.93,High
2026-09-14,B002,P002,18,19,14,4,8,0,SHORTAGE,8.0,208723.68,High
2026-09-14,B002,P003,21,21,21,6,6,0,SHORTAGE,6.0,137952.41999999998,High
2026-09-14,B002,P004,16,15,20,4,0,0,BALANCED,0.0,0.0,Low
2026-09-14,B002,P005,23,22,40,6,0,11,SURPLUS,0.0,0.0,Low
2026-09-14,B002,P006,91,81,116,22,0,3,SURPLUS,0.0,0.0,Low
2026-09-14,B002,P007,16,15,10,4,10,0,SHORTAGE,10.0,110667.90000000001,Critical
2026-09-14,B002,P008,19,19,18,3,4,0,SHORTAGE,4.0,159327.8,High
2026-09-14,B002,P009,44,50,50,13,7,0,SHORTAGE,7.0,23178.12,Medium
2026-09-14,B002,P010,32,30,54,9,0,13,SURPLUS,0.0,0.0,Low
2026-09-14,B003,P001,39,41,53,11,0,3,SURPLUS,0.0,0.0,Low
2026-09-14,B003,P002,19,18,30,4,0,7,SURPLUS,0.0,0.0,Low
2026-09-14,B003,P003,21,21,41,5,0,15,SURPLUS,0.0,0.0,Low
2026-09-14,B003,P004,10,9,9,3,4,0,SHORTAGE,4.0,34097.92,High
2026-09-14,B003,P005,22,23,24,4,2,0,SHORTAGE,2.0,88621.42,Medium
2026-09-14,B003,P006,38,37,47,9,0,0,BALANCED,0.0,0.0,Low
2026-09-14,B003,P007,16,15,32,5,0,11,SURPLUS,0.0,0.0,Low
2026-09-14,B003,P008,11,11,19,3,0,5,SURPLUS,0.0,0.0,Low
2026-09-14,B003,P009,48,49,86,11,0,27,SURPLUS,0.0,0.0,Low
2026-09-14,B003,P010,29,27,44,9,0,6,SURPLUS,0.0,0.0,Low
2026-09-14,B004,P001,41,40,37,9,13,0,SHORTAGE,13.0,430024.79000000004,High
2026-09-14,B004,P002,13,14,25,3,0,9,SURPLUS,0.0,0.0,Low
2026-09-14,B004,P003,11,12,5,3,9,0,SHORTAGE,9.0,203170.23,Critical
2026-09-14,B004,P004,12,11,9,3,6,0,SHORTAGE,6.0,50486.81999999999,Critical
2026-09-14,B004,P005,28,22,30,6,4,0,SHORTAGE,4.0,183112.16,Medium
2026-09-14,B004,P006,65,65,115,21,0,29,SURPLUS,0.0,0.0,Low
2026-09-14,B004,P007,11,11,19,3,0,5,SURPLUS,0.0,0.0,Low
2026-09-14,B004,P008,8,9,10,3,1,0,SHORTAGE,1.0,45177.97,Medium
2026-09-14,B004,P009,47,46,99,15,0,37,SURPLUS,0.0,0.0,Low
2026-09-14,B004,P010,24,23,13,6,17,0,SHORTAGE,17.0,262286.54000000004,Critical
2026-09-14,B005,P001,29,32,39,9,0,1,SURPLUS,0.0,0.0,Low
2026-09-14,B005,P002,12,13,10,3,5,0,SHORTAGE,5.0,142758.44999999998,High
2026-09-14,B005,P003,18,20,18,5,5,0,SHORTAGE,5.0,128315.04999999999,High
2026-09-14,B005,P004,10,11,13,3,0,0,BALANCED,0.0,0.0,Low
2026-09-14,B005,P005,28,26,29,9,8,0,SHORTAGE,8.0,356510.64,High
2026-09-14,B005,P006,45,40,51,12,6,0,SHORTAGE,6.0,102261.29999999999,Medium
2026-09-14,B005,P007,12,13,11,3,4,0,SHORTAGE,4.0,50443.12,High
2026-09-14,B005,P008,14,14,15,4,3,0,SHORTAGE,3.0,122916.06,High
2026-09-14,B005,P009,36,41,48,12,0,0,BALANCED,0.0,0.0,Low
2026-09-14,B005,P010,36,33,73,8,0,29,SURPLUS,0.0,0.0,Low
2026-09-14,B006,P001,40,41,73,12,0,21,SURPLUS,0.0,0.0,Low
2026-09-14,B006,P002,20,21,32,5,0,7,SURPLUS,0.0,0.0,Low
2026-09-14,B006,P003,12,12,22,3,0,7,SURPLUS,0.0,0.0,Low
2026-09-14,B006,P004,17,19,22,5,0,0,BALANCED,0.0,0.0,Low
2026-09-14,B006,P005,19,21,37,4,0,14,SURPLUS,0.0,0.0,Low
2026-09-14,B006,P006,48,48,88,16,0,24,SURPLUS,0.0,0.0,Low
2026-09-14,B006,P007,10,10,19,3,0,6,SURPLUS,0.0,0.0,Low
2026-09-14,B006,P008,12,14,8,3,7,0,SHORTAGE,7.0,298649.39999999997,Critical
2026-09-14,B006,P009,29,29,54,8,0,17,SURPLUS,0.0,0.0,Low
2026-09-14,B006,P010,15,15,9,5,11,0,SHORTAGE,11.0,188799.49,Critical
2026-09-14,B007,P001,19,17,32,5,0,8,SURPLUS,0.0,0.0,Low
2026-09-14,B007,P002,12,12,8,3,7,0,SHORTAGE,7.0,186580.17,Critical
2026-09-14,B007,P003,18,17,13,4,9,0,SHORTAGE,9.0,228617.19,Critical
2026-09-14,B007,P004,17,15,30,3,0,10,SURPLUS,0.0,0.0,Low
2026-09-14,B007,P005,23,23,40,7,0,10,SURPLUS,0.0,0.0,Low
2026-09-14,B007,P006,41,38,77,13,0,23,SURPLUS,0.0,0.0,Low
2026-09-14,B007,P007,5,6,7,3,1,0,SHORTAGE,1.0,11703.47,Medium
2026-09-14,B007,P008,13,15,24,3,0,8,SURPLUS,0.0,0.0,Low
2026-09-14,B007,P009,35,36,21,7,21,0,SHORTAGE,21.0,68503.05,Critical
2026-09-14,B007,P010,15,15,10,4,9,0,SHORTAGE,9.0,150592.23,Critical
2026-09-14,B008,P001,22,24,20,6,8,0,SHORTAGE,8.0,271171.76,High
2026-09-14,B008,P002,13,14,7,3,9,0,SHORTAGE,9.0,251404.56,Critical
2026-09-14,B008,P003,15,16,13,4,6,0,SHORTAGE,6.0,149984.63999999998,High
2026-09-14,B008,P004,11,14,12,3,2,0,SHORTAGE,2.0,18095.9,Medium
2026-09-14,B008,P005,19,26,26,6,0,1,SURPLUS,0.0,0.0,Low
2026-09-14,B008,P006,31,29,48,9,0,8,SURPLUS,0.0,0.0,Low
2026-09-14,B008,P007,18,17,23,4,0,1,SURPLUS,0.0,0.0,Low
2026-09-14,B008,P008,7,8,7,3,3,0,SHORTAGE,3.0,119170.88999999998,High
2026-09-14,B008,P009,22,26,38,5,0,11,SURPLUS,0.0,0.0,Low
2026-09-14,B008,P010,16,18,25,4,0,5,SURPLUS,0.0,0.0,Low
2026-09-15,B001,P001,45,49,23,15,37,0,SHORTAGE,37.0,1154824.76,Critical
2026-09-15,B001,P002,17,18,28,4,0,7,SURPLUS,0.0,0.0,Low
2026-09-15,B001,P003,34,32,34,8,8,0,SHORTAGE,8.0,199800.24,High
2026-09-15,B001,P004,26,24,14,8,20,0,SHORTAGE,20.0,189595.0,Critical
2026-09-15,B001,P005,34,34,51,10,0,7,SURPLUS,0.0,0.0,Low
2026-09-15,B001,P006,66,68,89,13,0,10,SURPLUS,0.0,0.0,Low
2026-09-15,B001,P007,16,17,22,3,0,3,SURPLUS,0.0,0.0,Low
2026-09-15,B001,P008,19,21,21,5,3,0,SHORTAGE,3.0,131702.49,Medium
2026-09-15,B001,P009,69,61,106,15,0,22,SURPLUS,0.0,0.0,Low
2026-09-15,B001,P010,37,33,25,10,22,0,SHORTAGE,22.0,350142.54,Critical
2026-09-15,B002,P001,40,46,58,12,0,6,SURPLUS,0.0,0.0,Low
2026-09-15,B002,P002,16,15,12,4,8,0,SHORTAGE,8.0,208882.08,Critical
2026-09-15,B002,P003,22,21,34,4,0,8,SURPLUS,0.0,0.0,Low
2026-09-15,B002,P004,19,19,20,5,4,0,SHORTAGE,4.0,36149.2,High
2026-09-15,B002,P005,36,33,62,10,0,16,SURPLUS,0.0,0.0,Low
2026-09-15,B002,P006,62,57,115,17,0,36,SURPLUS,0.0,0.0,Low
2026-09-15,B002,P007,17,17,19,5,3,0,SHORTAGE,3.0,34242.75,Medium
2026-09-15,B002,P008,16,15,10,4,10,0,SHORTAGE,10.0,419218.1,Critical
2026-09-15,B002,P009,43,45,89,14,0,32,SURPLUS,0.0,0.0,Low
2026-09-15,B002,P010,26,26,40,5,0,9,SURPLUS,0.0,0.0,Low
2026-09-15,B003,P001,53,47,75,14,0,8,SURPLUS,0.0,0.0,Low
2026-09-15,B003,P002,16,15,14,4,6,0,SHORTAGE,6.0,161416.08000000002,High
2026-09-15,B003,P003,25,26,32,7,0,0,BALANCED,0.0,0.0,Low
2026-09-15,B003,P004,14,14,22,4,0,4,SURPLUS,0.0,0.0,Low
2026-09-15,B003,P005,24,26,23,5,6,0,SHORTAGE,6.0,299743.98,High
2026-09-15,B003,P006,57,58,108,17,0,34,SURPLUS,0.0,0.0,Low
2026-09-15,B003,P007,11,11,9,3,5,0,SHORTAGE,5.0,61829.2,Critical
2026-09-15,B003,P008,12,12,18,3,0,3,SURPLUS,0.0,0.0,Low
2026-09-15,B003,P009,50,60,84,11,0,23,SURPLUS,0.0,0.0,Low
2026-09-15,B003,P010,21,20,15,7,13,0,SHORTAGE,13.0,195151.84,Critical
2026-09-15,B004,P001,38,39,15,11,34,0,SHORTAGE,34.0,1025751.1000000001,Critical
2026-09-15,B004,P002,24,22,20,4,8,0,SHORTAGE,8.0,239291.76,High
2026-09-15,B004,P003,19,19,33,4,0,10,SURPLUS,0.0,0.0,Low
2026-09-15,B004,P004,13,14,12,3,4,0,SHORTAGE,4.0,35097.88,High
2026-09-15,B004,P005,25,27,34,6,0,3,SURPLUS,0.0,0.0,Low
2026-09-15,B004,P006,42,42,85,10,0,33,SURPLUS,0.0,0.0,Low
2026-09-15,B004,P007,10,10,9,3,4,0,SHORTAGE,4.0,50394.04,High
2026-09-15,B004,P008,14,15,18,3,0,1,SURPLUS,0.0,0.0,Low
2026-09-15,B004,P009,29,30,37,8,0,0,BALANCED,0.0,0.0,Low
2026-09-15,B004,P010,16,18,15,3,4,0,SHORTAGE,4.0,68585.64,High
2026-09-15,B005,P001,37,36,40,11,8,0,SHORTAGE,8.0,253278.8,High
2026-09-15,B005,P002,17,16,24,4,0,3,SURPLUS,0.0,0.0,Low
2026-09-15,B005,P003,21,19,34,6,0,7,SURPLUS,0.0,0.0,Low
2026-09-15,B005,P004,13,13,27,3,0,11,SURPLUS,0.0,0.0,Low
2026-09-15,B005,P005,37,37,42,11,6,0,SHORTAGE,6.0,306064.38,Medium
2026-09-15,B005,P006,43,49,30,13,26,0,SHORTAGE,26.0,441103.52,Critical
2026-09-15,B005,P007,11,13,22,3,0,8,SURPLUS,0.0,0.0,Low
2026-09-15,B005,P008,19,19,18,4,5,0,SHORTAGE,5.0,221438.65000000002,High
2026-09-15,B005,P009,44,43,57,11,0,2,SURPLUS,0.0,0.0,Low
2026-09-15,B005,P010,30,31,58,8,0,20,SURPLUS,0.0,0.0,Low
2026-09-15,B006,P001,28,30,44,7,0,9,SURPLUS,0.0,0.0,Low
2026-09-15,B006,P002,8,9,11,3,0,0,BALANCED,0.0,0.0,Low
2026-09-15,B006,P003,12,14,17,3,0,2,SURPLUS,0.0,0.0,Low
2026-09-15,B006,P004,15,15,31,3,0,13,SURPLUS,0.0,0.0,Low
2026-09-15,B006,P005,28,26,32,6,2,0,SHORTAGE,2.0,90546.42,Medium
2026-09-15,B006,P006,52,53,84,11,0,21,SURPLUS,0.0,0.0,Low
2026-09-15,B006,P007,12,12,21,3,0,6,SURPLUS,0.0,0.0,Low
2026-09-15,B006,P008,13,14,13,3,3,0,SHORTAGE,3.0,124807.5,High
2026-09-15,B006,P009,39,46,52,13,0,0,BALANCED,0.0,0.0,Low
2026-09-15,B006,P010,21,24,17,4,8,0,SHORTAGE,8.0,127828.08,High
2026-09-15,B007,P001,30,30,24,6,12,0,SHORTAGE,12.0,382915.80000000005,High
2026-09-15,B007,P002,10,11,13,3,0,0,BALANCED,0.0,0.0,Low
2026-09-15,B007,P003,12,12,7,3,8,0,SHORTAGE,8.0,206470.64,Critical
2026-09-15,B007,P004,13,13,12,3,4,0,SHORTAGE,4.0,35110.12,High
2026-09-15,B007,P005,12,12,13,4,3,0,SHORTAGE,3.0,144661.5,High
2026-09-15,B007,P006,31,31,56,6,0,19,SURPLUS,0.0,0.0,Low
2026-09-15,B007,P007,12,13,14,3,1,0,SHORTAGE,1.0,11361.34,Medium
2026-09-15,B007,P008,13,13,19,3,0,3,SURPLUS,0.0,0.0,Low
2026-09-15,B007,P009,35,36,22,11,24,0,SHORTAGE,24.0,79845.84,Critical
2026-09-15,B007,P010,17,18,30,4,0,9,SURPLUS,0.0,0.0,Low
2026-09-15,B008,P001,29,27,30,7,6,0,SHORTAGE,6.0,194001.90000000002,High
2026-09-15,B008,P002,18,17,30,5,0,7,SURPLUS,0.0,0.0,Low
2026-09-15,B008,P003,12,12,14,3,1,0,SHORTAGE,1.0,23783.45,Medium
2026-09-15,B008,P004,12,13,23,3,0,8,SURPLUS,0.0,0.0,Low
2026-09-15,B008,P005,24,24,34,5,0,5,SURPLUS,0.0,0.0,Low
2026-09-15,B008,P006,50,49,79,11,0,18,SURPLUS,0.0,0.0,Low
2026-09-15,B008,P007,10,10,8,3,5,0,SHORTAGE,5.0,62273.9,Critical
2026-09-15,B008,P008,16,17,13,3,6,0,SHORTAGE,6.0,232659.96000000002,High
2026-09-15,B008,P009,36,32,53,11,0,6,SURPLUS,0.0,0.0,Low
2026-09-15,B008,P010,16,16,24,5,0,3,SURPLUS,0.0,0.0,Low
2026-09-16,B001,P001,71,71,63,19,27,0,SHORTAGE,27.0,899229.0599999999,High
2026-09-16,B001,P002,26,26,35,7,0,2,SURPLUS,0.0,0.0,Low
2026-09-16,B001,P003,23,26,44,7,0,14,SURPLUS,0.0,0.0,Low
2026-09-16,B001,P004,18,18,32,4,0,10,SURPLUS,0.0,0.0,Low
2026-09-16,B001,P005,38,40,46,9,1,0,SHORTAGE,1.0,46453.99,Medium
2026-09-16,B001,P006,59,63,109,12,0,38,SURPLUS,0.0,0.0,Low
2026-09-16,B001,P007,20,18,20,4,4,0,SHORTAGE,4.0,50024.64,Medium
2026-09-16,B001,P008,16,21,8,3,11,0,SHORTAGE,11.0,443524.29,Critical
2026-09-16,B001,P009,75,66,110,24,0,11,SURPLUS,0.0,0.0,Low
2026-09-16,B001,P010,28,28,31,7,4,0,SHORTAGE,4.0,66060.76,Medium
2026-09-16,B002,P001,47,43,56,14,5,0,SHORTAGE,5.0,149277.95,Medium
2026-09-16,B002,P002,21,19,32,4,0,7,SURPLUS,0.0,0.0,Low
2026-09-16,B002,P003,15,18,13,4,6,0,SHORTAGE,6.0,140617.44,High
2026-09-16,B002,P004,16,15,18,5,3,0,SHORTAGE,3.0,26089.08,Medium
2026-09-16,B002,P005,23,23,33,5,0,5,SURPLUS,0.0,0.0,Low
2026-09-16,B002,P006,68,59,64,21,25,0,SHORTAGE,25.0,422692.75,High
2026-09-16,B002,P007,14,17,16,4,2,0,SHORTAGE,2.0,24642.32,Medium
2026-09-16,B002,P008,16,15,19,4,1,0,SHORTAGE,1.0,40617.96,Medium
2026-09-16,B002,P009,67,65,114,15,0,32,SURPLUS,0.0,0.0,Low
2026-09-16,B002,P010,22,22,32,5,0,5,SURPLUS,0.0,0.0,Low
2026-09-16,B003,P001,40,39,81,8,0,33,SURPLUS,0.0,0.0,Low
2026-09-16,B003,P002,19,21,35,5,0,11,SURPLUS,0.0,0.0,Low
2026-09-16,B003,P003,15,16,13,3,5,0,SHORTAGE,5.0,125536.04999999999,High
2026-09-16,B003,P004,16,17,7,4,13,0,SHORTAGE,13.0,113395.35999999999,Critical
2026-09-16,B003,P005,34,30,26,10,18,0,SHORTAGE,18.0,825627.6,Critical
2026-09-16,B003,P006,67,64,79,16,4,0,SHORTAGE,4.0,68710.0,Medium
2026-09-16,B003,P007,12,12,19,3,0,4,SURPLUS,0.0,0.0,Low
2026-09-16,B003,P008,15,14,15,3,3,0,SHORTAGE,3.0,124957.98000000001,Medium
2026-09-16,B003,P009,42,46,80,12,0,26,SURPLUS,0.0,0.0,Low
2026-09-16,B003,P010,9,10,4,3,8,0,SHORTAGE,8.0,134692.32,Critical
2026-09-16,B004,P001,34,35,34,9,9,0,SHORTAGE,9.0,297264.60000000003,High
2026-09-16,B004,P002,14,15,19,3,0,2,SURPLUS,0.0,0.0,Low
2026-09-16,B004,P003,18,17,35,6,0,11,SURPLUS,0.0,0.0,Low
2026-09-16,B004,P004,14,14,12,3,5,0,SHORTAGE,5.0,43776.8,High
2026-09-16,B004,P005,27,31,39,7,0,5,SURPLUS,0.0,0.0,Low
2026-09-16,B004,P006,54,50,70,16,0,0,BALANCED,0.0,0.0,Low
2026-09-16,B004,P007,14,14,7,4,11,0,SHORTAGE,11.0,132571.12,Critical
2026-09-16,B004,P008,11,10,12,3,2,0,SHORTAGE,2.0,84692.54,Medium
2026-09-16,B004,P009,47,42,38,15,24,0,SHORTAGE,24.0,85333.68000000001,Critical
2026-09-16,B004,P010,20,21,30,5,0,5,SURPLUS,0.0,0.0,Low
2026-09-16,B005,P001,35,32,51,10,0,6,SURPLUS,0.0,0.0,Low
2026-09-16,B005,P002,22,21,20,5,7,0,SHORTAGE,7.0,201205.34,High
2026-09-16,B005,P003,17,17,26,4,0,5,SURPLUS,0.0,0.0,Low
2026-09-16,B005,P004,15,15,12,3,6,0,SHORTAGE,6.0,53347.5,High
2026-09-16,B005,P005,27,27,50,6,0,17,SURPLUS,0.0,0.0,Low
2026-09-16,B005,P006,58,58,104,20,0,26,SURPLUS,0.0,0.0,Low
2026-09-16,B005,P007,18,17,15,5,8,0,SHORTAGE,8.0,97364.56,High
2026-09-16,B005,P008,11,12,14,3,0,0,BALANCED,0.0,0.0,Low
2026-09-16,B005,P009,32,35,40,6,0,2,SURPLUS,0.0,0.0,Low
2026-09-16,B005,P010,21,21,15,7,13,0,SHORTAGE,13.0,217287.45999999996,Critical
2026-09-16,B006,P001,30,29,17,9,22,0,SHORTAGE,22.0,685208.26,Critical
2026-09-16,B006,P002,15,17,18,4,1,0,SHORTAGE,1.0,26504.67,Medium
2026-09-16,B006,P003,12,13,18,3,0,3,SURPLUS,0.0,0.0,Low
2026-09-16,B006,P004,10,10,6,3,7,0,SHORTAGE,7.0,59998.53999999999,Critical
2026-09-16,B006,P005,23,23,37,6,0,8,SURPLUS,0.0,0.0,Low
2026-09-16,B006,P006,51,49,24,14,41,0,SHORTAGE,41.0,732184.15,Critical
2026-09-16,B006,P007,14,15,14,3,3,0,SHORTAGE,3.0,34422.39,High
2026-09-16,B006,P008,12,11,17,3,0,2,SURPLUS,0.0,0.0,Low
2026-09-16,B006,P009,46,46,45,10,11,0,SHORTAGE,11.0,41565.92,High
2026-09-16,B006,P010,19,18,20,4,3,0,SHORTAGE,3.0,48441.39,Medium
2026-09-16,B007,P001,31,31,54,8,0,15,SURPLUS,0.0,0.0,Low
2026-09-16,B007,P002,15,16,12,4,7,0,SHORTAGE,7.0,204124.97,Critical
2026-09-16,B007,P003,11,11,15,3,0,1,SURPLUS,0.0,0.0,Low
2026-09-16,B007,P004,12,12,9,3,6,0,SHORTAGE,6.0,54996.72,Critical
2026-09-16,B007,P005,30,27,53,6,0,17,SURPLUS,0.0,0.0,Low
2026-09-16,B007,P006,50,56,66,11,0,5,SURPLUS,0.0,0.0,Low
2026-09-16,B007,P007,8,8,13,3,0,2,SURPLUS,0.0,0.0,Low
2026-09-16,B007,P008,17,16,32,5,0,10,SURPLUS,0.0,0.0,Low
2026-09-16,B007,P009,58,59,70,14,2,0,SHORTAGE,2.0,6873.56,Medium
2026-09-16,B007,P010,19,20,25,5,0,1,SURPLUS,0.0,0.0,Low
2026-09-16,B008,P001,24,26,44,5,0,15,SURPLUS,0.0,0.0,Low
2026-09-16,B008,P002,16,18,8,4,12,0,SHORTAGE,12.0,334910.64,Critical
2026-09-16,B008,P003,17,19,14,3,6,0,SHORTAGE,6.0,150869.04,High
2026-09-16,B008,P004,13,12,21,3,0,5,SURPLUS,0.0,0.0,Low
2026-09-16,B008,P005,31,30,19,9,21,0,SHORTAGE,21.0,1067585.82,Critical
2026-09-16,B008,P006,43,49,37,14,20,0,SHORTAGE,20.0,341786.60000000003,Critical
2026-09-16,B008,P007,11,13,20,3,0,6,SURPLUS,0.0,0.0,Low
2026-09-16,B008,P008,7,7,11,3,0,1,SURPLUS,0.0,0.0,Low
2026-09-16,B008,P009,40,41,40,9,9,0,SHORTAGE,9.0,33219.72,High
2026-09-16,B008,P010,22,23,30,5,0,3,SURPLUS,0.0,0.0,Low
2026-09-17,B001,P001,62,60,75,19,6,0,SHORTAGE,6.0,195110.28,Medium
2026-09-17,B001,P002,21,20,40,5,0,14,SURPLUS,0.0,0.0,Low
2026-09-17,B001,P003,26,26,14,6,18,0,SHORTAGE,18.0,398460.60000000003,Critical
2026-09-17,B001,P004,20,19,23,5,2,0,SHORTAGE,2.0,16760.72,Medium
2026-09-17,B001,P005,40,40,33,10,17,0,SHORTAGE,17.0,825428.2,High
2026-09-17,B001,P006,88,86,98,29,19,0,SHORTAGE,19.0,328528.24,High
2026-09-17,B001,P007,22,21,22,5,5,0,SHORTAGE,5.0,63954.799999999996,High
2026-09-17,B001,P008,19,23,17,4,6,0,SHORTAGE,6.0,266273.88,High
2026-09-17,B001,P009,60,60,37,14,37,0,SHORTAGE,37.0,132837.77,Critical
2026-09-17,B001,P010,34,34,23,9,20,0,SHORTAGE,20.0,315962.8,Critical
2026-09-17,B002,P001,45,44,94,14,0,35,SURPLUS,0.0,0.0,Low
2026-09-17,B002,P002,15,16,12,4,7,0,SHORTAGE,7.0,195259.05000000002,Critical
2026-09-17,B002,P003,24,25,24,5,5,0,SHORTAGE,5.0,116242.09999999999,High
2026-09-17,B002,P004,13,15,20,3,0,4,SURPLUS,0.0,0.0,Low
2026-09-17,B002,P005,29,27,36,8,1,0,SHORTAGE,1.0,44511.33,Medium
2026-09-17,B002,P006,51,50,69,14,0,4,SURPLUS,0.0,0.0,Low
2026-09-17,B002,P007,14,15,29,4,0,11,SURPLUS,0.0,0.0,Low
2026-09-17,B002,P008,17,17,13,5,9,0,SHORTAGE,9.0,360683.55,Critical
2026-09-17,B002,P009,52,54,60,17,9,0,SHORTAGE,9.0,31397.850000000002,Medium
2026-09-17,B002,P010,28,30,32,6,2,0,SHORTAGE,2.0,31867.62,Medium
2026-09-17,B003,P001,48,47,70,12,0,10,SURPLUS,0.0,0.0,Low
2026-09-17,B003,P002,21,20,15,5,11,0,SHORTAGE,11.0,329614.89,Critical
2026-09-17,B003,P003,21,22,10,5,16,0,SHORTAGE,16.0,362508.16,Critical
2026-09-17,B003,P004,11,12,19,3,0,5,SURPLUS,0.0,0.0,Low
2026-09-17,B003,P005,26,29,33,5,0,2,SURPLUS,0.0,0.0,Low
2026-09-17,B003,P006,57,55,67,19,9,0,SHORTAGE,9.0,157696.92,Medium
2026-09-17,B003,P007,10,10,16,3,0,3,SURPLUS,0.0,0.0,Low
2026-09-17,B003,P008,14,15,10,4,8,0,SHORTAGE,8.0,332064.48,Critical
2026-09-17,B003,P009,41,48,46,8,3,0,SHORTAGE,3.0,10341.78,Medium
2026-09-17,B003,P010,22,22,41,5,0,14,SURPLUS,0.0,0.0,Low
2026-09-17,B004,P001,41,43,16,8,33,0,SHORTAGE,33.0,997672.17,Critical
2026-09-17,B004,P002,13,12,23,3,0,7,SURPLUS,0.0,0.0,Low
2026-09-17,B004,P003,19,18,24,3,0,2,SURPLUS,0.0,0.0,Low
2026-09-17,B004,P004,16,16,16,3,3,0,SHORTAGE,3.0,25756.08,Medium
2026-09-17,B004,P005,31,28,19,9,21,0,SHORTAGE,21.0,1005719.82,Critical
2026-09-17,B004,P006,68,64,46,15,37,0,SHORTAGE,37.0,652342.9299999999,Critical
2026-09-17,B004,P007,15,15,8,4,11,0,SHORTAGE,11.0,129065.42,Critical
2026-09-17,B004,P008,13,15,10,3,6,0,SHORTAGE,6.0,234721.19999999998,Critical
2026-09-17,B004,P009,36,35,26,10,20,0,SHORTAGE,20.0,71276.40000000001,Critical
2026-09-17,B004,P010,22,23,14,7,15,0,SHORTAGE,15.0,224475.9,Critical
2026-09-17,B005,P001,55,50,71,17,1,0,SHORTAGE,1.0,31713.63,Medium
2026-09-17,B005,P002,15,15,20,3,0,2,SURPLUS,0.0,0.0,Low
2026-09-17,B005,P003,15,13,7,4,12,0,SHORTAGE,12.0,284579.4,Critical
2026-09-17,B005,P004,10,10,8,3,5,0,SHORTAGE,5.0,46867.35,Critical
2026-09-17,B005,P005,31,32,26,9,14,0,SHORTAGE,14.0,634348.26,Critical
2026-09-17,B005,P006,54,60,38,15,31,0,SHORTAGE,31.0,548379.7699999999,Critical
2026-09-17,B005,P007,18,17,15,5,8,0,SHORTAGE,8.0,97382.96,High
2026-09-17,B005,P008,21,20,10,6,17,0,SHORTAGE,17.0,756320.99,Critical
2026-09-17,B005,P009,49,47,67,15,0,3,SURPLUS,0.0,0.0,Low
2026-09-17,B005,P010,22,21,20,7,9,0,SHORTAGE,9.0,150704.19,High
2026-09-17,B006,P001,36,35,27,10,19,0,SHORTAGE,19.0,618748.3,Critical
2026-09-17,B006,P002,13,13,24,4,0,7,SURPLUS,0.0,0.0,Low
2026-09-17,B006,P003,16,16,19,3,0,0,BALANCED,0.0,0.0,Low
2026-09-17,B006,P004,16,16,14,3,5,0,SHORTAGE,5.0,41972.399999999994,High
2026-09-17,B006,P005,21,22,37,5,0,11,SURPLUS,0.0,0.0,Low
2026-09-17,B006,P006,36,33,72,11,0,25,SURPLUS,0.0,0.0,Low
2026-09-17,B006,P007,12,13,8,3,7,0,SHORTAGE,7.0,85257.69,Critical
2026-09-17,B006,P008,17,16,15,3,5,0,SHORTAGE,5.0,219260.40000000002,High
2026-09-17,B006,P009,45,46,69,12,0,12,SURPLUS,0.0,0.0,Low
2026-09-17,B006,P010,26,24,33,6,0,1,SURPLUS,0.0,0.0,Low
2026-09-17,B007,P001,32,32,27,7,12,0,SHORTAGE,12.0,372800.4,High
2026-09-17,B007,P002,18,17,24,6,0,0,BALANCED,0.0,0.0,Low
2026-09-17,B007,P003,10,10,15,3,0,2,SURPLUS,0.0,0.0,Low
2026-09-17,B007,P004,11,12,17,3,0,3,SURPLUS,0.0,0.0,Low
2026-09-17,B007,P005,21,20,19,6,8,0,SHORTAGE,8.0,400204.4,High
2026-09-17,B007,P006,41,40,22,11,30,0,SHORTAGE,30.0,581310.6,Critical
2026-09-17,B007,P007,13,12,10,3,6,0,SHORTAGE,6.0,74095.68000000001,Critical
2026-09-17,B007,P008,10,9,12,3,1,0,SHORTAGE,1.0,39955.27,Medium
2026-09-17,B007,P009,37,35,61,10,0,14,SURPLUS,0.0,0.0,Low
2026-09-17,B007,P010,16,18,18,4,2,0,SHORTAGE,2.0,33141.88,Medium
2026-09-17,B008,P001,51,47,95,14,0,30,SURPLUS,0.0,0.0,Low
2026-09-17,B008,P002,19,19,37,5,0,13,SURPLUS,0.0,0.0,Low
2026-09-17,B008,P003,16,19,29,4,0,9,SURPLUS,0.0,0.0,Low
2026-09-17,B008,P004,11,11,21,3,0,7,SURPLUS,0.0,0.0,Low
2026-09-17,B008,P005,25,22,45,7,0,13,SURPLUS,0.0,0.0,Low
2026-09-17,B008,P006,67,64,130,17,0,46,SURPLUS,0.0,0.0,Low
2026-09-17,B008,P007,11,12,15,3,0,1,SURPLUS,0.0,0.0,Low
2026-09-17,B008,P008,15,16,14,4,5,0,SHORTAGE,5.0,211267.85,High
2026-09-17,B008,P009,40,38,80,10,0,30,SURPLUS,0.0,0.0,Low
2026-09-17,B008,P010,23,25,12,6,17,0,SHORTAGE,17.0,271199.64,Critical
2026-09-18,B001,P001,73,65,129,18,0,38,SURPLUS,0.0,0.0,Low
2026-09-18,B001,P002,26,25,49,5,0,18,SURPLUS,0.0,0.0,Low
2026-09-18,B001,P003,28,29,41,9,0,4,SURPLUS,0.0,0.0,Low
2026-09-18,B001,P004,20,22,31,6,0,5,SURPLUS,0.0,0.0,Low
2026-09-18,B001,P005,47,47,58,12,1,0,SHORTAGE,1.0,50043.83,Medium
2026-09-18,B001,P006,75,82,99,25,1,0,SHORTAGE,1.0,18244.11,Medium
2026-09-18,B001,P007,21,21,20,4,5,0,SHORTAGE,5.0,64098.149999999994,High
2026-09-18,B001,P008,21,20,23,5,3,0,SHORTAGE,3.0,123899.73000000001,Medium
2026-09-18,B001,P009,86,77,132,28,0,18,SURPLUS,0.0,0.0,Low
2026-09-18,B001,P010,45,43,70,15,0,10,SURPLUS,0.0,0.0,Low
2026-09-18,B002,P001,43,40,42,9,10,0,SHORTAGE,10.0,301997.7,High
2026-09-18,B002,P002,26,26,21,6,11,0,SHORTAGE,11.0,310834.81,High
2026-09-18,B002,P003,30,31,42,8,0,4,SURPLUS,0.0,0.0,Low
2026-09-18,B002,P004,16,17,30,3,0,11,SURPLUS,0.0,0.0,Low
2026-09-18,B002,P005,38,41,40,7,5,0,SHORTAGE,5.0,222718.9,Medium
2026-09-18,B002,P006,50,57,52,15,13,0,SHORTAGE,13.0,220326.72999999998,High
2026-09-18,B002,P007,15,16,15,4,4,0,SHORTAGE,4.0,50778.4,High
2026-09-18,B002,P008,25,25,31,7,1,0,SHORTAGE,1.0,40878.93,Medium
2026-09-18,B002,P009,52,56,58,15,9,0,SHORTAGE,9.0,31920.57,Medium
2026-09-18,B002,P010,32,29,37,7,2,0,SHORTAGE,2.0,31319.28,Medium
2026-09-18,B003,P001,49,47,48,12,13,0,SHORTAGE,13.0,410554.43,High
2026-09-18,B003,P002,17,18,34,5,0,12,SURPLUS,0.0,0.0,Low
2026-09-18,B003,P003,15,20,21,4,0,2,SURPLUS,0.0,0.0,Low
2026-09-18,B003,P004,22,21,38,4,0,12,SURPLUS,0.0,0.0,Low
2026-09-18,B003,P005,32,31,38,8,2,0,SHORTAGE,2.0,100221.66,Medium
2026-09-18,B003,P006,70,61,59,23,34,0,SHORTAGE,34.0,638712.1000000001,Critical
2026-09-18,B003,P007,16,16,18,4,2,0,SHORTAGE,2.0,24424.5,Medium
2026-09-18,B003,P008,16,18,12,3,7,0,SHORTAGE,7.0,294081.27,High
2026-09-18,B003,P009,55,53,101,11,0,35,SURPLUS,0.0,0.0,Low
2026-09-18,B003,P010,29,32,41,9,0,3,SURPLUS,0.0,0.0,Low
2026-09-18,B004,P001,47,47,24,11,34,0,SHORTAGE,34.0,1027720.38,Critical
2026-09-18,B004,P002,12,11,12,3,3,0,SHORTAGE,3.0,87096.93000000001,High
2026-09-18,B004,P003,16,15,17,4,3,0,SHORTAGE,3.0,69821.61,Medium
2026-09-18,B004,P004,12,12,21,3,0,6,SURPLUS,0.0,0.0,Low
2026-09-18,B004,P005,24,27,24,7,7,0,SHORTAGE,7.0,347045.02,High
2026-09-18,B004,P006,62,60,35,13,40,0,SHORTAGE,40.0,762601.6000000001,Critical
2026-09-18,B004,P007,14,15,19,4,0,1,SURPLUS,0.0,0.0,Low
2026-09-18,B004,P008,17,17,22,4,0,1,SURPLUS,0.0,0.0,Low
2026-09-18,B004,P009,60,61,80,13,0,7,SURPLUS,0.0,0.0,Low
2026-09-18,B004,P010,30,29,49,9,0,10,SURPLUS,0.0,0.0,Low
2026-09-18,B005,P001,43,43,45,9,7,0,SHORTAGE,7.0,230351.10000000003,Medium
2026-09-18,B005,P002,19,19,17,5,7,0,SHORTAGE,7.0,209321.0,High
2026-09-18,B005,P003,19,19,33,4,0,10,SURPLUS,0.0,0.0,Low
2026-09-18,B005,P004,18,18,22,6,2,0,SHORTAGE,2.0,17667.96,Medium
2026-09-18,B005,P005,33,31,51,9,0,9,SURPLUS,0.0,0.0,Low
2026-09-18,B005,P006,58,56,44,11,25,0,SHORTAGE,25.0,431638.0,High
2026-09-18,B005,P007,16,16,25,4,0,5,SURPLUS,0.0,0.0,Low
2026-09-18,B005,P008,15,18,13,4,6,0,SHORTAGE,6.0,269096.69999999995,High
2026-09-18,B005,P009,39,47,69,10,0,20,SURPLUS,0.0,0.0,Low
2026-09-18,B005,P010,27,28,10,8,25,0,SHORTAGE,25.0,374994.5,Critical
2026-09-18,B006,P001,53,55,33,14,34,0,SHORTAGE,34.0,1077601.44,Critical
2026-09-18,B006,P002,22,21,17,4,9,0,SHORTAGE,9.0,237247.65,High
2026-09-18,B006,P003,18,21,33,3,0,12,SURPLUS,0.0,0.0,Low
2026-09-18,B006,P004,13,13,22,4,0,5,SURPLUS,0.0,0.0,Low
2026-09-18,B006,P005,21,22,23,4,2,0,SHORTAGE,2.0,92032.04,Medium
2026-09-18,B006,P006,58,61,90,16,0,16,SURPLUS,0.0,0.0,Low
2026-09-18,B006,P007,11,11,10,3,4,0,SHORTAGE,4.0,47956.24,High
2026-09-18,B006,P008,12,13,21,3,0,6,SURPLUS,0.0,0.0,Low
2026-09-18,B006,P009,50,53,77,10,0,17,SURPLUS,0.0,0.0,Low
2026-09-18,B006,P010,23,26,18,7,12,0,SHORTAGE,12.0,194989.08000000002,Critical
2026-09-18,B007,P001,39,38,79,9,0,31,SURPLUS,0.0,0.0,Low
2026-09-18,B007,P002,15,16,10,4,9,0,SHORTAGE,9.0,265911.48,Critical
2026-09-18,B007,P003,26,26,29,5,2,0,SHORTAGE,2.0,46705.82,Medium
2026-09-18,B007,P004,18,18,26,5,0,3,SURPLUS,0.0,0.0,Low
2026-09-18,B007,P005,20,23,20,6,6,0,SHORTAGE,6.0,292474.98,High
2026-09-18,B007,P006,44,44,55,10,0,1,SURPLUS,0.0,0.0,Low
2026-09-18,B007,P007,13,13,19,3,0,3,SURPLUS,0.0,0.0,Low
2026-09-18,B007,P008,17,16,33,5,0,11,SURPLUS,0.0,0.0,Low
2026-09-18,B007,P009,45,42,61,11,0,5,SURPLUS,0.0,0.0,Low
2026-09-18,B007,P010,26,25,26,5,5,0,SHORTAGE,5.0,75990.1,Medium
2026-09-18,B008,P001,46,44,39,13,20,0,SHORTAGE,20.0,682090.8,High
2026-09-18,B008,P002,21,20,20,6,7,0,SHORTAGE,7.0,207692.03,High
2026-09-18,B008,P003,18,19,12,6,12,0,SHORTAGE,12.0,311001.36,Critical
2026-09-18,B008,P004,14,15,28,3,0,11,SURPLUS,0.0,0.0,Low
2026-09-18,B008,P005,33,29,48,7,0,8,SURPLUS,0.0,0.0,Low
2026-09-18,B008,P006,63,67,80,15,0,2,SURPLUS,0.0,0.0,Low
2026-09-18,B008,P007,14,15,21,4,0,3,SURPLUS,0.0,0.0,Low
2026-09-18,B008,P008,14,14,27,3,0,10,SURPLUS,0.0,0.0,Low
2026-09-18,B008,P009,57,62,59,17,15,0,SHORTAGE,15.0,53060.85,High
2026-09-18,B008,P010,30,35,51,7,0,14,SURPLUS,0.0,0.0,Low
2026-09-19,B001,P001,62,60,105,21,0,22,SURPLUS,0.0,0.0,Low
2026-09-19,B001,P002,25,29,23,8,10,0,SHORTAGE,10.0,277718.2,High
2026-09-19,B001,P003,31,35,23,8,16,0,SHORTAGE,16.0,401062.56,Critical
2026-09-19,B001,P004,20,23,33,6,0,7,SURPLUS,0.0,0.0,Low
2026-09-19,B001,P005,51,54,88,15,0,22,SURPLUS,0.0,0.0,Low
2026-09-19,B001,P006,95,93,178,28,0,55,SURPLUS,0.0,0.0,Low
2026-09-19,B001,P007,23,21,47,6,0,18,SURPLUS,0.0,0.0,Low
2026-09-19,B001,P008,22,25,11,7,18,0,SHORTAGE,18.0,790532.1,Critical
2026-09-19,B001,P009,69,63,118,19,0,30,SURPLUS,0.0,0.0,Low
2026-09-19,B001,P010,35,35,47,9,0,3,SURPLUS,0.0,0.0,Low
2026-09-19,B002,P001,59,57,79,18,0,2,SURPLUS,0.0,0.0,Low
2026-09-19,B002,P002,29,28,53,8,0,16,SURPLUS,0.0,0.0,Low
2026-09-19,B002,P003,20,20,31,6,0,5,SURPLUS,0.0,0.0,Low
2026-09-19,B002,P004,18,19,31,3,0,10,SURPLUS,0.0,0.0,Low
2026-09-19,B002,P005,42,40,46,8,4,0,SHORTAGE,4.0,200612.4,Medium
2026-09-19,B002,P006,66,66,56,16,26,0,SHORTAGE,26.0,491736.43999999994,High
2026-09-19,B002,P007,19,17,41,4,0,18,SURPLUS,0.0,0.0,Low
2026-09-19,B002,P008,20,19,19,5,6,0,SHORTAGE,6.0,268390.62,High
2026-09-19,B002,P009,56,58,42,13,27,0,SHORTAGE,27.0,92238.21,Critical
2026-09-19,B002,P010,22,24,43,4,0,17,SURPLUS,0.0,0.0,Low
2026-09-19,B003,P001,36,35,37,11,10,0,SHORTAGE,10.0,300977.6,High
2026-09-19,B003,P002,19,19,27,5,0,3,SURPLUS,0.0,0.0,Low
2026-09-19,B003,P003,22,23,26,5,1,0,SHORTAGE,1.0,23015.29,Medium
2026-09-19,B003,P004,14,15,23,4,0,5,SURPLUS,0.0,0.0,Low
2026-09-19,B003,P005,35,33,66,10,0,21,SURPLUS,0.0,0.0,Low
2026-09-19,B003,P006,69,66,104,18,0,17,SURPLUS,0.0,0.0,Low
2026-09-19,B003,P007,13,15,15,4,2,0,SHORTAGE,2.0,25421.04,Medium
2026-09-19,B003,P008,18,19,20,4,2,0,SHORTAGE,2.0,78424.48,Medium
2026-09-19,B003,P009,50,50,40,13,23,0,SHORTAGE,23.0,85926.84999999999,Critical
2026-09-19,B003,P010,34,34,44,9,0,1,SURPLUS,0.0,0.0,Low
2026-09-19,B004,P001,51,51,67,16,0,0,BALANCED,0.0,0.0,Low
2026-09-19,B004,P002,16,16,28,4,0,8,SURPLUS,0.0,0.0,Low
2026-09-19,B004,P003,19,19,36,6,0,11,SURPLUS,0.0,0.0,Low
2026-09-19,B004,P004,16,16,10,5,11,0,SHORTAGE,11.0,99868.78,Critical
2026-09-19,B004,P005,39,35,29,9,19,0,SHORTAGE,19.0,865989.03,Critical
2026-09-19,B004,P006,63,62,98,17,0,18,SURPLUS,0.0,0.0,Low
2026-09-19,B004,P007,13,12,20,3,0,4,SURPLUS,0.0,0.0,Low
2026-09-19,B004,P008,16,17,28,3,0,9,SURPLUS,0.0,0.0,Low
2026-09-19,B004,P009,56,57,106,16,0,34,SURPLUS,0.0,0.0,Low
2026-09-19,B004,P010,29,25,24,8,13,0,SHORTAGE,13.0,217165.26,High
2026-09-19,B005,P001,53,50,21,10,42,0,SHORTAGE,42.0,1380576.12,Critical
2026-09-19,B005,P002,21,22,13,6,14,0,SHORTAGE,14.0,421543.36000000004,Critical
2026-09-19,B005,P003,21,23,14,5,12,0,SHORTAGE,12.0,271255.68,Critical
2026-09-19,B005,P004,14,13,13,3,4,0,SHORTAGE,4.0,36429.32,High
2026-09-19,B005,P005,26,26,25,6,7,0,SHORTAGE,7.0,320356.12,High
2026-09-19,B005,P006,56,58,71,15,0,0,BALANCED,0.0,0.0,Low
2026-09-19,B005,P007,14,14,23,4,0,5,SURPLUS,0.0,0.0,Low
2026-09-19,B005,P008,16,16,28,5,0,7,SURPLUS,0.0,0.0,Low
2026-09-19,B005,P009,34,36,70,9,0,27,SURPLUS,0.0,0.0,Low
2026-09-19,B005,P010,26,28,38,6,0,6,SURPLUS,0.0,0.0,Low
2026-09-19,B006,P001,34,35,27,7,14,0,SHORTAGE,14.0,453665.24,High
2026-09-19,B006,P002,11,11,10,3,4,0,SHORTAGE,4.0,117439.64,High
2026-09-19,B006,P003,9,10,11,3,1,0,SHORTAGE,1.0,25837.86,Medium
2026-09-19,B006,P004,12,13,11,3,4,0,SHORTAGE,4.0,35969.64,High
2026-09-19,B006,P005,20,20,21,6,5,0,SHORTAGE,5.0,242478.55,High
2026-09-19,B006,P006,57,55,72,14,0,1,SURPLUS,0.0,0.0,Low
2026-09-19,B006,P007,12,13,15,3,0,0,BALANCED,0.0,0.0,Low
2026-09-19,B006,P008,20,19,26,4,0,2,SURPLUS,0.0,0.0,Low
2026-09-19,B006,P009,52,51,100,17,0,31,SURPLUS,0.0,0.0,Low
2026-09-19,B006,P010,25,24,44,7,0,12,SURPLUS,0.0,0.0,Low
2026-09-19,B007,P001,41,38,65,13,0,11,SURPLUS,0.0,0.0,Low
2026-09-19,B007,P002,11,12,18,3,0,4,SURPLUS,0.0,0.0,Low
2026-09-19,B007,P003,21,20,26,6,1,0,SHORTAGE,1.0,25537.81,Medium
2026-09-19,B007,P004,12,13,23,3,0,8,SURPLUS,0.0,0.0,Low
2026-09-19,B007,P005,21,23,37,4,0,12,SURPLUS,0.0,0.0,Low
2026-09-19,B007,P006,60,60,53,12,19,0,SHORTAGE,19.0,322621.33,High
2026-09-19,B007,P007,9,11,14,3,0,2,SURPLUS,0.0,0.0,Low
2026-09-19,B007,P008,12,12,11,3,4,0,SHORTAGE,4.0,158362.96,High
2026-09-19,B007,P009,45,45,61,14,0,2,SURPLUS,0.0,0.0,Low
2026-09-19,B007,P010,22,22,44,4,0,18,SURPLUS,0.0,0.0,Low
2026-09-19,B008,P001,40,41,74,9,0,25,SURPLUS,0.0,0.0,Low
2026-09-19,B008,P002,16,15,10,4,10,0,SHORTAGE,10.0,281358.7,Critical
2026-09-19,B008,P003,28,27,22,6,12,0,SHORTAGE,12.0,275159.76,High
2026-09-19,B008,P004,16,17,22,5,0,1,SURPLUS,0.0,0.0,Low
2026-09-19,B008,P005,24,23,23,5,6,0,SHORTAGE,6.0,299219.46,High
2026-09-19,B008,P006,37,38,59,9,0,13,SURPLUS,0.0,0.0,Low
2026-09-19,B008,P007,15,15,21,3,0,3,SURPLUS,0.0,0.0,Low
2026-09-19,B008,P008,14,14,22,4,0,4,SURPLUS,0.0,0.0,Low
2026-09-19,B008,P009,58,53,83,17,0,8,SURPLUS,0.0,0.0,Low
2026-09-19,B008,P010,25,22,31,7,1,0,SHORTAGE,1.0,16908.31,Medium
2026-09-20,B001,P001,40,41,74,13,0,21,SURPLUS,0.0,0.0,Low
2026-09-20,B001,P002,31,30,39,6,0,2,SURPLUS,0.0,0.0,Low
2026-09-20,B001,P003,26,26,46,7,0,13,SURPLUS,0.0,0.0,Low
2026-09-20,B001,P004,20,20,28,4,0,4,SURPLUS,0.0,0.0,Low
2026-09-20,B001,P005,42,39,81,8,0,31,SURPLUS,0.0,0.0,Low
2026-09-20,B001,P006,66,79,116,14,0,36,SURPLUS,0.0,0.0,Low
2026-09-20,B001,P007,14,16,15,3,2,0,SHORTAGE,2.0,22096.98,Medium
2026-09-20,B001,P008,18,18,29,6,0,5,SURPLUS,0.0,0.0,Low
2026-09-20,B001,P009,48,53,93,13,0,32,SURPLUS,0.0,0.0,Low
2026-09-20,B001,P010,36,37,45,7,0,2,SURPLUS,0.0,0.0,Low
2026-09-20,B002,P001,43,40,47,12,8,0,SHORTAGE,8.0,239225.52,Medium
2026-09-20,B002,P002,15,15,16,4,3,0,SHORTAGE,3.0,85699.14,Medium
2026-09-20,B002,P003,18,20,18,4,4,0,SHORTAGE,4.0,99987.08,High
2026-09-20,B002,P004,17,18,28,5,0,6,SURPLUS,0.0,0.0,Low
2026-09-20,B002,P005,30,30,37,6,0,1,SURPLUS,0.0,0.0,Low
2026-09-20,B002,P006,70,68,68,17,19,0,SHORTAGE,19.0,359767.27999999997,High
2026-09-20,B002,P007,16,16,26,4,0,6,SURPLUS,0.0,0.0,Low
2026-09-20,B002,P008,16,15,10,3,9,0,SHORTAGE,9.0,398836.26,Critical
2026-09-20,B002,P009,33,35,46,8,0,5,SURPLUS,0.0,0.0,Low
2026-09-20,B002,P010,27,26,36,6,0,3,SURPLUS,0.0,0.0,Low
2026-09-20,B003,P001,32,32,35,6,3,0,SHORTAGE,3.0,98938.68,Medium
2026-09-20,B003,P002,16,15,30,4,0,10,SURPLUS,0.0,0.0,Low
2026-09-20,B003,P003,24,22,42,7,0,11,SURPLUS,0.0,0.0,Low
2026-09-20,B003,P004,14,13,20,4,0,2,SURPLUS,0.0,0.0,Low
2026-09-20,B003,P005,19,18,27,6,0,2,SURPLUS,0.0,0.0,Low
2026-09-20,B003,P006,52,55,38,10,24,0,SHORTAGE,24.0,430646.88,Critical
2026-09-20,B003,P007,17,17,14,3,6,0,SHORTAGE,6.0,76538.64,High
2026-09-20,B003,P008,16,16,10,4,10,0,SHORTAGE,10.0,447997.8,Critical
2026-09-20,B003,P009,51,54,87,11,0,25,SURPLUS,0.0,0.0,Low
2026-09-20,B003,P010,23,27,41,4,0,14,SURPLUS,0.0,0.0,Low
2026-09-20,B004,P001,30,30,50,6,0,14,SURPLUS,0.0,0.0,Low
2026-09-20,B004,P002,14,15,12,4,6,0,SHORTAGE,6.0,164357.63999999998,High
2026-09-20,B004,P003,24,23,45,5,0,16,SURPLUS,0.0,0.0,Low
2026-09-20,B004,P004,14,14,14,4,4,0,SHORTAGE,4.0,36541.88,High
2026-09-20,B004,P005,30,30,58,8,0,20,SURPLUS,0.0,0.0,Low
2026-09-20,B004,P006,47,50,68,13,0,8,SURPLUS,0.0,0.0,Low
2026-09-20,B004,P007,15,15,9,5,11,0,SHORTAGE,11.0,134466.31,Critical
2026-09-20,B004,P008,12,12,9,3,6,0,SHORTAGE,6.0,254324.52,Critical
2026-09-20,B004,P009,39,33,50,8,0,3,SURPLUS,0.0,0.0,Low
2026-09-20,B004,P010,19,21,11,6,14,0,SHORTAGE,14.0,219088.66,Critical
2026-09-20,B005,P001,23,28,39,7,0,9,SURPLUS,0.0,0.0,Low
2026-09-20,B005,P002,14,13,19,4,0,1,SURPLUS,0.0,0.0,Low
2026-09-20,B005,P003,17,16,9,5,13,0,SHORTAGE,13.0,303682.73,Critical
2026-09-20,B005,P004,15,15,16,3,2,0,SHORTAGE,2.0,19333.64,Medium
2026-09-20,B005,P005,24,25,44,7,0,13,SURPLUS,0.0,0.0,Low
2026-09-20,B005,P006,46,42,79,11,0,22,SURPLUS,0.0,0.0,Low
2026-09-20,B005,P007,19,18,23,4,0,0,BALANCED,0.0,0.0,Low
2026-09-20,B005,P008,22,20,37,6,0,9,SURPLUS,0.0,0.0,Low
2026-09-20,B005,P009,44,41,60,9,0,7,SURPLUS,0.0,0.0,Low
2026-09-20,B005,P010,24,27,20,5,9,0,SHORTAGE,9.0,138163.22999999998,High
2026-09-20,B006,P001,54,47,97,18,0,25,SURPLUS,0.0,0.0,Low
2026-09-20,B006,P002,10,11,17,3,0,4,SURPLUS,0.0,0.0,Low
2026-09-20,B006,P003,8,9,15,3,0,4,SURPLUS,0.0,0.0,Low
2026-09-20,B006,P004,16,15,17,5,4,0,SHORTAGE,4.0,37082.08,High
2026-09-20,B006,P005,26,27,28,5,3,0,SHORTAGE,3.0,150657.75,Medium
2026-09-20,B006,P006,65,63,81,15,0,1,SURPLUS,0.0,0.0,Low
2026-09-20,B006,P007,9,8,7,3,5,0,SHORTAGE,5.0,60649.0,Critical
2026-09-20,B006,P008,13,13,11,4,6,0,SHORTAGE,6.0,255896.16,Critical
2026-09-20,B006,P009,30,31,49,8,0,11,SURPLUS,0.0,0.0,Low
2026-09-20,B006,P010,20,22,13,5,12,0,SHORTAGE,12.0,183788.16,Critical
2026-09-20,B007,P001,32,32,13,9,28,0,SHORTAGE,28.0,867215.7200000001,Critical
2026-09-20,B007,P002,18,18,22,6,2,0,SHORTAGE,2.0,57537.62,Medium
2026-09-20,B007,P003,19,20,39,6,0,14,SURPLUS,0.0,0.0,Low
2026-09-20,B007,P004,9,10,5,3,7,0,SHORTAGE,7.0,59046.469999999994,Critical
2026-09-20,B007,P005,27,24,24,5,8,0,SHORTAGE,8.0,358549.2,High
2026-09-20,B007,P006,42,41,26,12,28,0,SHORTAGE,28.0,465935.12,Critical
2026-09-20,B007,P007,10,12,15,3,0,2,SURPLUS,0.0,0.0,Low
2026-09-20,B007,P008,17,15,15,4,6,0,SHORTAGE,6.0,234978.24,High
2026-09-20,B007,P009,53,50,25,17,45,0,SHORTAGE,45.0,146337.3,Critical
2026-09-20,B007,P010,13,13,20,3,0,4,SURPLUS,0.0,0.0,Low
2026-09-20,B008,P001,22,21,22,5,5,0,SHORTAGE,5.0,160604.0,High
2026-09-20,B008,P002,16,15,18,4,2,0,SHORTAGE,2.0,55297.72,Medium
2026-09-20,B008,P003,21,20,34,4,0,9,SURPLUS,0.0,0.0,Low
2026-09-20,B008,P004,17,16,18,5,4,0,SHORTAGE,4.0,37845.12,High
2026-09-20,B008,P005,17,19,17,4,4,0,SHORTAGE,4.0,184545.52,High
2026-09-20,B008,P006,60,53,113,14,0,39,SURPLUS,0.0,0.0,Low
2026-09-20,B008,P007,13,12,14,4,3,0,SHORTAGE,3.0,33905.25,High
2026-09-20,B008,P008,12,13,15,3,0,0,BALANCED,0.0,0.0,Low
2026-09-20,B008,P009,57,50,60,14,11,0,SHORTAGE,11.0,39846.29,Medium
2026-09-20,B008,P010,19,20,23,5,1,0,SHORTAGE,1.0,16367.0,Medium
2026-09-21,B001,P001,47,53,67,9,0,11,SURPLUS,0.0,0.0,Low
2026-09-21,B001,P002,27,25,34,9,2,0,SHORTAGE,2.0,54361.34,Medium
2026-09-21,B001,P003,31,28,32,9,8,0,SHORTAGE,8.0,188632.72,High
2026-09-21,B001,P004,23,24,44,6,0,15,SURPLUS,0.0,0.0,Low
2026-09-21,B001,P005,40,41,41,10,9,0,SHORTAGE,9.0,420755.58,High
2026-09-21,B001,P006,70,73,135,20,0,45,SURPLUS,0.0,0.0,Low
2026-09-21,B001,P007,22,23,39,4,0,13,SURPLUS,0.0,0.0,Low
2026-09-21,B001,P008,16,18,18,3,1,0,SHORTAGE,1.0,38889.55,Medium
2026-09-21,B001,P009,63,67,61,18,20,0,SHORTAGE,20.0,72673.59999999999,High
2026-09-21,B001,P010,28,26,33,8,3,0,SHORTAGE,3.0,50418.78,Medium
2026-09-21,B002,P001,42,41,78,10,0,26,SURPLUS,0.0,0.0,Low
2026-09-21,B002,P002,21,22,34,5,0,8,SURPLUS,0.0,0.0,Low
2026-09-21,B002,P003,11,13,15,3,0,1,SURPLUS,0.0,0.0,Low
2026-09-21,B002,P004,16,20,22,4,0,2,SURPLUS,0.0,0.0,Low
2026-09-21,B002,P005,27,28,47,9,0,11,SURPLUS,0.0,0.0,Low
2026-09-21,B002,P006,56,61,87,16,0,15,SURPLUS,0.0,0.0,Low
2026-09-21,B002,P007,19,18,22,5,2,0,SHORTAGE,2.0,25031.8,Medium
2026-09-21,B002,P008,23,22,24,4,3,0,SHORTAGE,3.0,134083.56,Medium
2026-09-21,B002,P009,43,42,26,12,29,0,SHORTAGE,29.0,104535.72,Critical
2026-09-21,B002,P010,25,25,24,8,9,0,SHORTAGE,9.0,151568.91,High
2026-09-21,B003,P001,46,43,38,15,23,0,SHORTAGE,23.0,791861.71,Critical
2026-09-21,B003,P002,14,14,21,3,0,4,SURPLUS,0.0,0.0,Low
2026-09-21,B003,P003,24,21,31,4,0,3,SURPLUS,0.0,0.0,Low
2026-09-21,B003,P004,11,11,17,3,0,3,SURPLUS,0.0,0.0,Low
2026-09-21,B003,P005,31,36,39,8,0,0,BALANCED,0.0,0.0,Low
2026-09-21,B003,P006,46,53,61,11,0,4,SURPLUS,0.0,0.0,Low
2026-09-21,B003,P007,12,13,7,3,8,0,SHORTAGE,8.0,101542.64,Critical
2026-09-21,B003,P008,14,16,25,4,0,7,SURPLUS,0.0,0.0,Low
2026-09-21,B003,P009,49,45,48,15,16,0,SHORTAGE,16.0,58119.36,High
2026-09-21,B003,P010,32,34,38,8,2,0,SHORTAGE,2.0,29507.04,Medium
2026-09-21,B004,P001,50,50,76,16,0,10,SURPLUS,0.0,0.0,Low
2026-09-21,B004,P002,16,17,13,4,7,0,SHORTAGE,7.0,202807.01,High
2026-09-21,B004,P003,19,20,26,4,0,3,SURPLUS,0.0,0.0,Low
2026-09-21,B004,P004,16,17,7,4,13,0,SHORTAGE,13.0,114564.84,Critical
2026-09-21,B004,P005,16,18,16,4,4,0,SHORTAGE,4.0,179977.0,High
2026-09-21,B004,P006,60,55,72,15,3,0,SHORTAGE,3.0,50618.97,Medium
2026-09-21,B004,P007,14,16,18,3,0,1,SURPLUS,0.0,0.0,Low
2026-09-21,B004,P008,18,16,39,4,0,17,SURPLUS,0.0,0.0,Low
2026-09-21,B004,P009,52,48,79,15,0,12,SURPLUS,0.0,0.0,Low
2026-09-21,B004,P010,10,11,21,3,0,8,SURPLUS,0.0,0.0,Low
2026-09-21,B005,P001,38,39,50,10,0,2,SURPLUS,0.0,0.0,Low
2026-09-21,B005,P002,22,22,43,4,0,17,SURPLUS,0.0,0.0,Low
2026-09-21,B005,P003,19,19,14,4,9,0,SHORTAGE,9.0,202695.75,Critical
2026-09-21,B005,P004,9,9,5,3,7,0,SHORTAGE,7.0,62473.67,Critical
2026-09-21,B005,P005,19,21,38,4,0,15,SURPLUS,0.0,0.0,Low
2026-09-21,B005,P006,59,59,64,13,8,0,SHORTAGE,8.0,146640.0,Medium
2026-09-21,B005,P007,8,8,8,3,3,0,SHORTAGE,3.0,34546.350000000006,High
2026-09-21,B005,P008,13,13,24,4,0,7,SURPLUS,0.0,0.0,Low
2026-09-21,B005,P009,32,36,32,11,11,0,SHORTAGE,11.0,41358.13,High
2026-09-21,B005,P010,16,19,21,4,0,1,SURPLUS,0.0,0.0,Low
2026-09-21,B006,P001,42,41,46,13,9,0,SHORTAGE,9.0,265592.7,High
2026-09-21,B006,P002,14,15,6,4,12,0,SHORTAGE,12.0,321553.56,Critical
2026-09-21,B006,P003,23,22,22,7,8,0,SHORTAGE,8.0,187250.4,High
2026-09-21,B006,P004,16,16,30,4,0,10,SURPLUS,0.0,0.0,Low
2026-09-21,B006,P005,38,35,62,8,0,16,SURPLUS,0.0,0.0,Low
2026-09-21,B006,P006,41,43,44,12,9,0,SHORTAGE,9.0,163943.55000000002,High
2026-09-21,B006,P007,15,15,13,3,5,0,SHORTAGE,5.0,57152.55,High
2026-09-21,B006,P008,8,8,11,3,0,0,BALANCED,0.0,0.0,Low
2026-09-21,B006,P009,50,44,90,17,0,23,SURPLUS,0.0,0.0,Low
2026-09-21,B006,P010,16,17,20,4,0,0,BALANCED,0.0,0.0,Low
2026-09-21,B007,P001,41,41,78,11,0,26,SURPLUS,0.0,0.0,Low
2026-09-21,B007,P002,18,18,15,4,7,0,SHORTAGE,7.0,200920.51,High
2026-09-21,B007,P003,15,16,16,3,2,0,SHORTAGE,2.0,49905.3,Medium
2026-09-21,B007,P004,8,9,7,3,4,0,SHORTAGE,4.0,36377.2,Critical
2026-09-21,B007,P005,12,12,10,4,6,0,SHORTAGE,6.0,280863.30000000005,Critical
2026-09-21,B007,P006,53,41,34,16,35,0,SHORTAGE,35.0,611595.95,Critical
2026-09-21,B007,P007,11,10,17,3,0,3,SURPLUS,0.0,0.0,Low
2026-09-21,B007,P008,14,15,20,3,0,3,SURPLUS,0.0,0.0,Low
2026-09-21,B007,P009,39,42,31,10,18,0,SHORTAGE,18.0,67932.0,Critical
2026-09-21,B007,P010,27,27,38,6,0,5,SURPLUS,0.0,0.0,Low
2026-09-21,B008,P001,48,49,78,11,0,19,SURPLUS,0.0,0.0,Low
2026-09-21,B008,P002,19,18,17,4,6,0,SHORTAGE,6.0,156584.22,High
2026-09-21,B008,P003,18,19,19,5,4,0,SHORTAGE,4.0,89875.92,High
2026-09-21,B008,P004,13,14,18,4,0,1,SURPLUS,0.0,0.0,Low
2026-09-21,B008,P005,22,23,22,7,7,0,SHORTAGE,7.0,335656.23,High
2026-09-21,B008,P006,48,48,53,14,9,0,SHORTAGE,9.0,154498.05000000002,Medium
2026-09-21,B008,P007,19,17,12,4,11,0,SHORTAGE,11.0,125588.87,Critical
2026-09-21,B008,P008,12,13,23,3,0,8,SURPLUS,0.0,0.0,Low
2026-09-21,B008,P009,34,36,63,9,0,20,SURPLUS,0.0,0.0,Low
2026-09-21,B008,P010,25,21,15,8,18,0,SHORTAGE,18.0,282324.42,Critical
2026-09-22,B001,P001,55,54,52,18,21,0,SHORTAGE,21.0,638651.58,High
2026-09-22,B001,P002,26,27,24,8,10,0,SHORTAGE,10.0,278900.1,High
2026-09-22,B001,P003,25,23,25,7,7,0,SHORTAGE,7.0,179859.33,High
2026-09-22,B001,P004,22,23,25,7,4,0,SHORTAGE,4.0,35785.12,Medium
2026-09-22,B001,P005,27,33,36,8,0,1,SURPLUS,0.0,0.0,Low
2026-09-22,B001,P006,71,69,121,19,0,31,SURPLUS,0.0,0.0,Low
2026-09-22,B001,P007,25,22,27,7,5,0,SHORTAGE,5.0,61387.45,Medium
2026-09-22,B001,P008,25,25,30,7,2,0,SHORTAGE,2.0,89157.68,Medium
2026-09-22,B001,P009,56,60,57,11,10,0,SHORTAGE,10.0,37505.5,Medium
2026-09-22,B001,P010,31,34,49,8,0,10,SURPLUS,0.0,0.0,Low
2026-09-22,B002,P001,46,40,91,15,0,30,SURPLUS,0.0,0.0,Low
2026-09-22,B002,P002,13,12,17,4,0,0,BALANCED,0.0,0.0,Low
2026-09-22,B002,P003,18,18,30,6,0,6,SURPLUS,0.0,0.0,Low
2026-09-22,B002,P004,20,18,23,6,3,0,SHORTAGE,3.0,26258.760000000002,Medium
2026-09-22,B002,P005,27,26,48,7,0,14,SURPLUS,0.0,0.0,Low
2026-09-22,B002,P006,62,55,77,19,4,0,SHORTAGE,4.0,75953.56,Medium
2026-09-22,B002,P007,13,12,20,3,0,4,SURPLUS,0.0,0.0,Low
2026-09-22,B002,P008,13,13,12,3,4,0,SHORTAGE,4.0,163076.68,High
2026-09-22,B002,P009,61,57,114,19,0,34,SURPLUS,0.0,0.0,Low
2026-09-22,B002,P010,32,32,31,10,11,0,SHORTAGE,11.0,188971.31,High
2026-09-22,B003,P001,40,40,48,10,2,0,SHORTAGE,2.0,63158.98,Medium
2026-09-22,B003,P002,17,20,12,5,10,0,SHORTAGE,10.0,265164.9,Critical
2026-09-22,B003,P003,24,22,44,5,0,15,SURPLUS,0.0,0.0,Low
2026-09-22,B003,P004,16,15,20,5,1,0,SHORTAGE,1.0,8488.63,Medium
2026-09-22,B003,P005,25,26,32,6,0,1,SURPLUS,0.0,0.0,Low
2026-09-22,B003,P006,74,73,89,24,9,0,SHORTAGE,9.0,174525.93,Medium
2026-09-22,B003,P007,13,12,12,3,4,0,SHORTAGE,4.0,46970.48,High
2026-09-22,B003,P008,14,15,21,3,0,4,SURPLUS,0.0,0.0,Low
2026-09-22,B003,P009,33,37,22,11,22,0,SHORTAGE,22.0,71626.72,Critical
2026-09-22,B003,P010,12,13,14,3,1,0,SHORTAGE,1.0,15817.22,Medium
2026-09-22,B004,P001,24,25,27,5,2,0,SHORTAGE,2.0,63995.68,Medium
2026-09-22,B004,P002,11,12,17,3,0,3,SURPLUS,0.0,0.0,Low
2026-09-22,B004,P003,20,24,28,6,0,2,SURPLUS,0.0,0.0,Low
2026-09-22,B004,P004,15,14,22,3,0,4,SURPLUS,0.0,0.0,Low
2026-09-22,B004,P005,33,33,39,6,0,0,BALANCED,0.0,0.0,Low
2026-09-22,B004,P006,41,37,53,12,0,0,BALANCED,0.0,0.0,Low
2026-09-22,B004,P007,16,18,19,5,2,0,SHORTAGE,2.0,22179.76,Medium
2026-09-22,B004,P008,14,14,27,3,0,10,SURPLUS,0.0,0.0,Low
2026-09-22,B004,P009,33,34,25,11,19,0,SHORTAGE,19.0,63086.65,Critical
2026-09-22,B004,P010,22,27,26,7,3,0,SHORTAGE,3.0,45564.63,Medium
2026-09-22,B005,P001,40,43,68,8,0,20,SURPLUS,0.0,0.0,Low
2026-09-22,B005,P002,16,15,26,4,0,6,SURPLUS,0.0,0.0,Low
2026-09-22,B005,P003,14,15,29,4,0,11,SURPLUS,0.0,0.0,Low
2026-09-22,B005,P004,13,13,12,4,5,0,SHORTAGE,5.0,43430.4,High
2026-09-22,B005,P005,19,20,31,6,0,6,SURPLUS,0.0,0.0,Low
2026-09-22,B005,P006,70,64,80,15,5,0,SHORTAGE,5.0,87693.85,Medium
2026-09-22,B005,P007,13,12,19,4,0,2,SURPLUS,0.0,0.0,Low
2026-09-22,B005,P008,15,17,18,3,0,0,BALANCED,0.0,0.0,Low
2026-09-22,B005,P009,46,42,25,14,35,0,SHORTAGE,35.0,117408.55,Critical
2026-09-22,B005,P010,21,22,36,5,0,10,SURPLUS,0.0,0.0,Low
2026-09-22,B006,P001,31,33,55,6,0,18,SURPLUS,0.0,0.0,Low
2026-09-22,B006,P002,15,16,24,4,0,5,SURPLUS,0.0,0.0,Low
2026-09-22,B006,P003,13,15,18,3,0,2,SURPLUS,0.0,0.0,Low
2026-09-22,B006,P004,11,11,5,3,9,0,SHORTAGE,9.0,85481.55,Critical
2026-09-22,B006,P005,19,19,37,5,0,13,SURPLUS,0.0,0.0,Low
2026-09-22,B006,P006,47,43,60,11,0,2,SURPLUS,0.0,0.0,Low
2026-09-22,B006,P007,8,9,12,3,0,1,SURPLUS,0.0,0.0,Low
2026-09-22,B006,P008,15,15,14,3,4,0,SHORTAGE,4.0,174909.44,High
2026-09-22,B006,P009,52,53,85,14,0,19,SURPLUS,0.0,0.0,Low
2026-09-22,B006,P010,22,22,30,4,0,4,SURPLUS,0.0,0.0,Low
2026-09-22,B007,P001,30,31,58,7,0,21,SURPLUS,0.0,0.0,Low
2026-09-22,B007,P002,15,14,17,4,2,0,SHORTAGE,2.0,60312.02,Medium
2026-09-22,B007,P003,11,12,12,3,2,0,SHORTAGE,2.0,50241.9,Medium
2026-09-22,B007,P004,10,10,12,3,1,0,SHORTAGE,1.0,8909.63,Medium
2026-09-22,B007,P005,24,24,43,6,0,13,SURPLUS,0.0,0.0,Low
2026-09-22,B007,P006,46,47,50,10,6,0,SHORTAGE,6.0,107430.54000000001,Medium
2026-09-22,B007,P007,15,14,14,4,5,0,SHORTAGE,5.0,56003.4,High
2026-09-22,B007,P008,10,10,8,3,5,0,SHORTAGE,5.0,194241.85,Critical
2026-09-22,B007,P009,47,43,62,13,0,2,SURPLUS,0.0,0.0,Low
2026-09-22,B007,P010,14,15,19,3,0,2,SURPLUS,0.0,0.0,Low
2026-09-22,B008,P001,47,43,99,10,0,42,SURPLUS,0.0,0.0,Low
2026-09-22,B008,P002,16,18,24,3,0,5,SURPLUS,0.0,0.0,Low
2026-09-22,B008,P003,19,19,32,4,0,9,SURPLUS,0.0,0.0,Low
2026-09-22,B008,P004,7,7,10,3,0,0,BALANCED,0.0,0.0,Low
2026-09-22,B008,P005,29,28,27,7,9,0,SHORTAGE,9.0,425255.13,High
2026-09-22,B008,P006,72,66,139,22,0,45,SURPLUS,0.0,0.0,Low
2026-09-22,B008,P007,14,15,14,3,3,0,SHORTAGE,3.0,38464.11,High
2026-09-22,B008,P008,12,12,10,3,5,0,SHORTAGE,5.0,212739.59999999998,High
2026-09-22,B008,P009,39,44,53,11,0,3,SURPLUS,0.0,0.0,Low
2026-09-22,B008,P010,17,18,36,4,0,15,SURPLUS,0.0,0.0,Low
2026-09-23,B001,P001,58,63,45,18,31,0,SHORTAGE,31.0,1057787.8900000001,Critical
2026-09-23,B001,P002,14,15,11,4,7,0,SHORTAGE,7.0,181675.19999999998,Critical
2026-09-23,B001,P003,35,32,59,11,0,13,SURPLUS,0.0,0.0,Low
2026-09-23,B001,P004,22,23,24,6,4,0,SHORTAGE,4.0,34130.2,Medium
2026-09-23,B001,P005,36,33,69,8,0,25,SURPLUS,0.0,0.0,Low
2026-09-23,B001,P006,64,65,73,12,3,0,SHORTAGE,3.0,56874.36,Medium
2026-09-23,B001,P007,12,14,17,3,0,2,SURPLUS,0.0,0.0,Low
2026-09-23,B001,P008,26,26,12,6,20,0,SHORTAGE,20.0,890155.6,Critical
2026-09-23,B001,P009,66,70,116,16,0,34,SURPLUS,0.0,0.0,Low
2026-09-23,B001,P010,38,36,30,9,17,0,SHORTAGE,17.0,287597.84,High
2026-09-23,B002,P001,43,45,34,12,21,0,SHORTAGE,21.0,703257.03,Critical
2026-09-23,B002,P002,19,19,39,6,0,14,SURPLUS,0.0,0.0,Low
2026-09-23,B002,P003,20,20,34,5,0,9,SURPLUS,0.0,0.0,Low
2026-09-23,B002,P004,16,15,18,4,2,0,SHORTAGE,2.0,17742.7,Medium
2026-09-23,B002,P005,46,44,64,13,0,5,SURPLUS,0.0,0.0,Low
2026-09-23,B002,P006,43,46,57,13,0,1,SURPLUS,0.0,0.0,Low
2026-09-23,B002,P007,12,13,8,3,7,0,SHORTAGE,7.0,80857.21,Critical
2026-09-23,B002,P008,20,20,37,6,0,11,SURPLUS,0.0,0.0,Low
2026-09-23,B002,P009,48,44,81,11,0,22,SURPLUS,0.0,0.0,Low
2026-09-23,B002,P010,31,29,35,8,4,0,SHORTAGE,4.0,68158.68,Medium
2026-09-23,B003,P001,46,41,22,10,34,0,SHORTAGE,34.0,1157207.34,Critical
2026-09-23,B003,P002,13,16,24,3,0,8,SURPLUS,0.0,0.0,Low
2026-09-23,B003,P003,23,24,39,7,0,9,SURPLUS,0.0,0.0,Low
2026-09-23,B003,P004,16,17,9,4,11,0,SHORTAGE,11.0,105603.96,Critical
2026-09-23,B003,P005,30,29,44,8,0,6,SURPLUS,0.0,0.0,Low
2026-09-23,B003,P006,36,40,48,9,0,3,SURPLUS,0.0,0.0,Low
2026-09-23,B003,P007,16,18,26,4,0,6,SURPLUS,0.0,0.0,Low
2026-09-23,B003,P008,18,19,28,5,0,5,SURPLUS,0.0,0.0,Low
2026-09-23,B003,P009,59,51,73,19,5,0,SHORTAGE,5.0,16658.6,Medium
2026-09-23,B003,P010,22,23,30,6,0,2,SURPLUS,0.0,0.0,Low
2026-09-23,B004,P001,46,47,69,10,0,13,SURPLUS,0.0,0.0,Low
2026-09-23,B004,P002,18,19,20,4,2,0,SHORTAGE,2.0,58877.22,Medium
2026-09-23,B004,P003,21,22,14,6,13,0,SHORTAGE,13.0,295198.54000000004,Critical
2026-09-23,B004,P004,10,11,9,3,4,0,SHORTAGE,4.0,34037.0,High
2026-09-23,B004,P005,14,15,15,3,2,0,SHORTAGE,2.0,92322.98,Medium
2026-09-23,B004,P006,37,39,62,11,0,14,SURPLUS,0.0,0.0,Low
2026-09-23,B004,P007,14,14,26,3,0,9,SURPLUS,0.0,0.0,Low
2026-09-23,B004,P008,15,15,25,4,0,6,SURPLUS,0.0,0.0,Low
2026-09-23,B004,P009,45,43,72,12,0,15,SURPLUS,0.0,0.0,Low
2026-09-23,B004,P010,29,30,57,7,0,21,SURPLUS,0.0,0.0,Low
2026-09-23,B005,P001,48,43,92,13,0,31,SURPLUS,0.0,0.0,Low
2026-09-23,B005,P002,17,17,18,4,3,0,SHORTAGE,3.0,81691.38,Medium
2026-09-23,B005,P003,19,22,25,6,0,0,BALANCED,0.0,0.0,Low
2026-09-23,B005,P004,14,14,20,3,0,3,SURPLUS,0.0,0.0,Low
2026-09-23,B005,P005,17,16,29,5,0,7,SURPLUS,0.0,0.0,Low
2026-09-23,B005,P006,52,47,34,16,34,0,SHORTAGE,34.0,602656.46,Critical
2026-09-23,B005,P007,10,12,19,3,0,6,SURPLUS,0.0,0.0,Low
2026-09-23,B005,P008,11,11,16,3,0,2,SURPLUS,0.0,0.0,Low
2026-09-23,B005,P009,56,58,78,12,0,10,SURPLUS,0.0,0.0,Low
2026-09-23,B005,P010,27,27,54,9,0,18,SURPLUS,0.0,0.0,Low
2026-09-23,B006,P001,39,36,49,13,3,0,SHORTAGE,3.0,100565.37,Medium
2026-09-23,B006,P002,13,14,14,3,2,0,SHORTAGE,2.0,55416.74,Medium
2026-09-23,B006,P003,27,22,44,9,0,8,SURPLUS,0.0,0.0,Low
2026-09-23,B006,P004,8,8,8,3,3,0,SHORTAGE,3.0,27773.28,High
2026-09-23,B006,P005,35,32,46,10,0,1,SURPLUS,0.0,0.0,Low
2026-09-23,B006,P006,55,52,76,12,0,9,SURPLUS,0.0,0.0,Low
2026-09-23,B006,P007,14,12,26,3,0,9,SURPLUS,0.0,0.0,Low
2026-09-23,B006,P008,20,19,35,6,0,9,SURPLUS,0.0,0.0,Low
2026-09-23,B006,P009,41,42,72,11,0,20,SURPLUS,0.0,0.0,Low
2026-09-23,B006,P010,23,23,27,7,3,0,SHORTAGE,3.0,50916.12,Medium
2026-09-23,B007,P001,37,42,58,12,0,9,SURPLUS,0.0,0.0,Low
2026-09-23,B007,P002,10,10,3,3,10,0,SHORTAGE,10.0,300525.3,Critical
2026-09-23,B007,P003,20,19,42,6,0,16,SURPLUS,0.0,0.0,Low
2026-09-23,B007,P004,14,15,8,3,9,0,SHORTAGE,9.0,76608.72,Critical
2026-09-23,B007,P005,28,28,40,8,0,4,SURPLUS,0.0,0.0,Low
2026-09-23,B007,P006,50,50,30,11,31,0,SHORTAGE,31.0,518891.63999999996,Critical
2026-09-23,B007,P007,11,12,10,3,4,0,SHORTAGE,4.0,46002.04,High
2026-09-23,B007,P008,15,15,11,5,9,0,SHORTAGE,9.0,389844.09,Critical
2026-09-23,B007,P009,38,36,71,11,0,22,SURPLUS,0.0,0.0,Low
2026-09-23,B007,P010,23,22,37,5,0,9,SURPLUS,0.0,0.0,Low
2026-09-23,B008,P001,44,44,32,11,23,0,SHORTAGE,23.0,701622.5900000001,Critical
2026-09-23,B008,P002,8,8,15,3,0,4,SURPLUS,0.0,0.0,Low
2026-09-23,B008,P003,15,15,29,3,0,11,SURPLUS,0.0,0.0,Low
2026-09-23,B008,P004,12,12,18,3,0,3,SURPLUS,0.0,0.0,Low
2026-09-23,B008,P005,35,33,53,7,0,11,SURPLUS,0.0,0.0,Low
2026-09-23,B008,P006,50,44,90,12,0,28,SURPLUS,0.0,0.0,Low
2026-09-23,B008,P007,10,11,20,3,0,7,SURPLUS,0.0,0.0,Low
2026-09-23,B008,P008,21,20,35,4,0,10,SURPLUS,0.0,0.0,Low
2026-09-23,B008,P009,49,44,69,13,0,7,SURPLUS,0.0,0.0,Low
2026-09-23,B008,P010,19,18,17,4,6,0,SHORTAGE,6.0,101529.24,High
2026-09-24,B001,P001,53,53,87,16,0,18,SURPLUS,0.0,0.0,Low
2026-09-24,B001,P002,23,21,40,4,0,13,SURPLUS,0.0,0.0,Low
2026-09-24,B001,P003,42,37,87,9,0,36,SURPLUS,0.0,0.0,Low
2026-09-24,B001,P004,25,24,24,7,8,0,SHORTAGE,8.0,68894.08,High
2026-09-24,B001,P005,28,30,46,6,0,12,SURPLUS,0.0,0.0,Low
2026-09-24,B001,P006,99,85,51,29,77,0,SHORTAGE,77.0,1429705.97,Critical
2026-09-24,B001,P007,17,18,30,4,0,9,SURPLUS,0.0,0.0,Low
2026-09-24,B001,P008,18,18,24,5,0,1,SURPLUS,0.0,0.0,Low
2026-09-24,B001,P009,66,62,39,21,48,0,SHORTAGE,48.0,170350.08000000002,Critical
2026-09-24,B001,P010,34,33,37,7,4,0,SHORTAGE,4.0,61393.8,Medium
2026-09-24,B002,P001,39,37,57,12,0,6,SURPLUS,0.0,0.0,Low
2026-09-24,B002,P002,18,18,20,5,3,0,SHORTAGE,3.0,88829.70000000001,Medium
2026-09-24,B002,P003,19,17,24,4,0,1,SURPLUS,0.0,0.0,Low
2026-09-24,B002,P004,18,18,14,5,9,0,SHORTAGE,9.0,74825.37,Critical
2026-09-24,B002,P005,44,46,81,14,0,23,SURPLUS,0.0,0.0,Low
2026-09-24,B002,P006,53,54,100,11,0,36,SURPLUS,0.0,0.0,Low
2026-09-24,B002,P007,15,15,26,4,0,7,SURPLUS,0.0,0.0,Low
2026-09-24,B002,P008,13,14,10,3,6,0,SHORTAGE,6.0,245779.86,Critical
2026-09-24,B002,P009,61,60,76,16,1,0,SHORTAGE,1.0,3469.35,Medium
2026-09-24,B002,P010,24,23,36,5,0,7,SURPLUS,0.0,0.0,Low
2026-09-24,B003,P001,40,41,31,9,18,0,SHORTAGE,18.0,599003.64,High
2026-09-24,B003,P002,16,16,21,4,0,1,SURPLUS,0.0,0.0,Low
2026-09-24,B003,P003,18,19,22,5,1,0,SHORTAGE,1.0,22092.76,Medium
2026-09-24,B003,P004,17,16,31,5,0,9,SURPLUS,0.0,0.0,Low
2026-09-24,B003,P005,28,26,34,8,2,0,SHORTAGE,2.0,98814.48,Medium
2026-09-24,B003,P006,56,54,74,14,0,4,SURPLUS,0.0,0.0,Low
2026-09-24,B003,P007,15,15,14,4,5,0,SHORTAGE,5.0,61887.1,High
2026-09-24,B003,P008,12,12,21,4,0,5,SURPLUS,0.0,0.0,Low
2026-09-24,B003,P009,30,30,50,7,0,13,SURPLUS,0.0,0.0,Low
2026-09-24,B003,P010,17,18,29,5,0,7,SURPLUS,0.0,0.0,Low
2026-09-24,B004,P001,40,39,48,12,4,0,SHORTAGE,4.0,127560.64,Medium
2026-09-24,B004,P002,16,17,22,5,0,1,SURPLUS,0.0,0.0,Low
2026-09-24,B004,P003,15,15,29,5,0,9,SURPLUS,0.0,0.0,Low
2026-09-24,B004,P004,13,15,20,3,0,4,SURPLUS,0.0,0.0,Low
2026-09-24,B004,P005,25,24,16,7,16,0,SHORTAGE,16.0,726273.76,Critical
2026-09-24,B004,P006,36,34,51,12,0,3,SURPLUS,0.0,0.0,Low
2026-09-24,B004,P007,12,15,7,3,8,0,SHORTAGE,8.0,95119.6,Critical
2026-09-24,B004,P008,14,15,22,3,0,5,SURPLUS,0.0,0.0,Low
2026-09-24,B004,P009,44,45,56,12,0,0,BALANCED,0.0,0.0,Low
2026-09-24,B004,P010,25,24,31,6,0,0,BALANCED,0.0,0.0,Low
2026-09-24,B005,P001,57,54,36,12,33,0,SHORTAGE,33.0,992217.9299999999,Critical
2026-09-24,B005,P002,21,20,20,7,8,0,SHORTAGE,8.0,237810.24,High
2026-09-24,B005,P003,20,18,17,6,9,0,SHORTAGE,9.0,204993.81,High
2026-09-24,B005,P004,10,12,18,3,0,5,SURPLUS,0.0,0.0,Low
2026-09-24,B005,P005,21,24,12,5,14,0,SHORTAGE,14.0,671382.74,Critical
2026-09-24,B005,P006,68,64,78,21,11,0,SHORTAGE,11.0,183925.5,Medium
2026-09-24,B005,P007,13,13,24,4,0,7,SURPLUS,0.0,0.0,Low
2026-09-24,B005,P008,22,21,37,7,0,8,SURPLUS,0.0,0.0,Low
2026-09-24,B005,P009,51,50,89,11,0,27,SURPLUS,0.0,0.0,Low
2026-09-24,B005,P010,25,23,34,5,0,4,SURPLUS,0.0,0.0,Low
2026-09-24,B006,P001,42,40,72,13,0,17,SURPLUS,0.0,0.0,Low
2026-09-24,B006,P002,13,13,15,3,1,0,SHORTAGE,1.0,27916.2,Medium
2026-09-24,B006,P003,18,19,25,4,0,3,SURPLUS,0.0,0.0,Low
2026-09-24,B006,P004,17,17,13,3,7,0,SHORTAGE,7.0,65694.51000000001,High
2026-09-24,B006,P005,20,22,9,6,17,0,SHORTAGE,17.0,869020.11,Critical
2026-09-24,B006,P006,55,51,34,12,33,0,SHORTAGE,33.0,577348.86,Critical
2026-09-24,B006,P007,13,14,17,3,0,1,SURPLUS,0.0,0.0,Low
2026-09-24,B006,P008,10,10,19,3,0,6,SURPLUS,0.0,0.0,Low
2026-09-24,B006,P009,35,37,47,10,0,2,SURPLUS,0.0,0.0,Low
2026-09-24,B006,P010,18,20,9,5,14,0,SHORTAGE,14.0,226167.06,Critical
2026-09-24,B007,P001,33,33,37,9,5,0,SHORTAGE,5.0,158112.7,Medium
2026-09-24,B007,P002,15,14,29,4,0,10,SURPLUS,0.0,0.0,Low
2026-09-24,B007,P003,16,14,13,3,6,0,SHORTAGE,6.0,148093.74,High
2026-09-24,B007,P004,9,8,12,3,0,0,BALANCED,0.0,0.0,Low
2026-09-24,B007,P005,21,19,39,6,0,12,SURPLUS,0.0,0.0,Low
2026-09-24,B007,P006,43,45,57,11,0,3,SURPLUS,0.0,0.0,Low
2026-09-24,B007,P007,9,10,7,3,5,0,SHORTAGE,5.0,61769.55,Critical
2026-09-24,B007,P008,15,15,18,4,1,0,SHORTAGE,1.0,40948.08,Medium
2026-09-24,B007,P009,33,32,42,9,0,0,BALANCED,0.0,0.0,Low
2026-09-24,B007,P010,17,20,12,4,9,0,SHORTAGE,9.0,151399.17,Critical
2026-09-24,B008,P001,52,47,79,15,0,12,SURPLUS,0.0,0.0,Low
2026-09-24,B008,P002,16,15,13,4,7,0,SHORTAGE,7.0,196866.11,High
2026-09-24,B008,P003,25,24,29,6,2,0,SHORTAGE,2.0,49589.44,Medium
2026-09-24,B008,P004,16,15,8,4,12,0,SHORTAGE,12.0,113464.92,Critical
2026-09-24,B008,P005,28,26,24,9,13,0,SHORTAGE,13.0,664606.28,Critical
2026-09-24,B008,P006,48,46,48,16,16,0,SHORTAGE,16.0,269750.4,High
2026-09-24,B008,P007,13,13,15,4,2,0,SHORTAGE,2.0,22588.64,Medium
2026-09-24,B008,P008,14,14,13,3,4,0,SHORTAGE,4.0,175394.84,High
2026-09-24,B008,P009,37,41,69,11,0,21,SURPLUS,0.0,0.0,Low
2026-09-24,B008,P010,19,19,25,5,0,1,SURPLUS,0.0,0.0,Low
2026-09-25,B001,P001,62,67,87,12,0,13,SURPLUS,0.0,0.0,Low
2026-09-25,B001,P002,33,32,36,9,6,0,SHORTAGE,6.0,172109.52,Medium
2026-09-25,B001,P003,25,25,23,6,8,0,SHORTAGE,8.0,180199.2,High
2026-09-25,B001,P004,18,20,19,4,3,0,SHORTAGE,3.0,28762.350000000002,Medium
2026-09-25,B001,P005,48,46,47,11,12,0,SHORTAGE,12.0,555587.3999999999,High
2026-09-25,B001,P006,92,85,143,18,0,33,SURPLUS,0.0,0.0,Low
2026-09-25,B001,P007,18,21,33,5,0,10,SURPLUS,0.0,0.0,Low
2026-09-25,B001,P008,19,25,16,5,8,0,SHORTAGE,8.0,310158.8,High
2026-09-25,B001,P009,59,68,81,19,0,3,SURPLUS,0.0,0.0,Low
2026-09-25,B001,P010,39,34,67,11,0,17,SURPLUS,0.0,0.0,Low
2026-09-25,B002,P001,65,54,103,19,0,19,SURPLUS,0.0,0.0,Low
2026-09-25,B002,P002,23,21,43,7,0,13,SURPLUS,0.0,0.0,Low
2026-09-25,B002,P003,29,30,47,8,0,10,SURPLUS,0.0,0.0,Low
2026-09-25,B002,P004,24,22,23,5,6,0,SHORTAGE,6.0,52779.12,High
2026-09-25,B002,P005,38,36,41,10,7,0,SHORTAGE,7.0,330036.0,Medium
2026-09-25,B002,P006,59,56,62,12,9,0,SHORTAGE,9.0,165925.71,Medium
2026-09-25,B002,P007,15,16,14,5,6,0,SHORTAGE,6.0,76401.78,High
2026-09-25,B002,P008,15,15,11,3,7,0,SHORTAGE,7.0,275461.89999999997,Critical
2026-09-25,B002,P009,62,59,38,18,42,0,SHORTAGE,42.0,146872.32,Critical
2026-09-25,B002,P010,30,30,35,6,1,0,SHORTAGE,1.0,16306.93,Medium
2026-09-25,B003,P001,62,60,68,16,10,0,SHORTAGE,10.0,339487.2,Medium
2026-09-25,B003,P002,14,14,15,3,2,0,SHORTAGE,2.0,59094.74,Medium
2026-09-25,B003,P003,24,25,37,6,0,7,SURPLUS,0.0,0.0,Low
2026-09-25,B003,P004,16,15,20,5,1,0,SHORTAGE,1.0,8319.87,Medium
2026-09-25,B003,P005,33,28,51,6,0,12,SURPLUS,0.0,0.0,Low
2026-09-25,B003,P006,68,70,79,14,3,0,SHORTAGE,3.0,51219.72,Medium
2026-09-25,B003,P007,14,15,18,4,0,0,BALANCED,0.0,0.0,Low
2026-09-25,B003,P008,18,19,31,4,0,9,SURPLUS,0.0,0.0,Low
2026-09-25,B003,P009,45,45,57,15,3,0,SHORTAGE,3.0,11125.2,Medium
2026-09-25,B003,P010,29,29,48,5,0,14,SURPLUS,0.0,0.0,Low
2026-09-25,B004,P001,54,50,72,18,0,0,BALANCED,0.0,0.0,Low
2026-09-25,B004,P002,18,21,18,5,5,0,SHORTAGE,5.0,132333.95,High
2026-09-25,B004,P003,25,25,22,5,8,0,SHORTAGE,8.0,206154.32,High
2026-09-25,B004,P004,12,12,13,3,2,0,SHORTAGE,2.0,16941.56,Medium
2026-09-25,B004,P005,19,20,29,4,0,6,SURPLUS,0.0,0.0,Low
2026-09-25,B004,P006,47,45,66,12,0,7,SURPLUS,0.0,0.0,Low
2026-09-25,B004,P007,12,14,10,3,5,0,SHORTAGE,5.0,59658.9,High
2026-09-25,B004,P008,17,16,7,5,15,0,SHORTAGE,15.0,666366.2999999999,Critical
2026-09-25,B004,P009,56,48,29,16,43,0,SHORTAGE,43.0,159259.96,Critical
2026-09-25,B004,P010,36,33,66,11,0,19,SURPLUS,0.0,0.0,Low
2026-09-25,B005,P001,34,38,32,7,9,0,SHORTAGE,9.0,286812.99,High
2026-09-25,B005,P002,13,17,18,3,0,2,SURPLUS,0.0,0.0,Low
2026-09-25,B005,P003,23,23,24,6,5,0,SHORTAGE,5.0,117669.75,High
2026-09-25,B005,P004,14,16,18,4,0,0,BALANCED,0.0,0.0,Low
2026-09-25,B005,P005,34,31,61,8,0,19,SURPLUS,0.0,0.0,Low
2026-09-25,B005,P006,46,53,37,9,18,0,SHORTAGE,18.0,314771.94000000006,High
2026-09-25,B005,P007,12,12,15,3,0,0,BALANCED,0.0,0.0,Low
2026-09-25,B005,P008,17,17,11,3,9,0,SHORTAGE,9.0,397787.22000000003,Critical
2026-09-25,B005,P009,51,47,98,15,0,32,SURPLUS,0.0,0.0,Low
2026-09-25,B005,P010,25,29,27,7,5,0,SHORTAGE,5.0,81738.65,Medium
2026-09-25,B006,P001,34,31,66,7,0,25,SURPLUS,0.0,0.0,Low
2026-09-25,B006,P002,22,22,19,5,8,0,SHORTAGE,8.0,206402.72,High
2026-09-25,B006,P003,18,18,28,4,0,6,SURPLUS,0.0,0.0,Low
2026-09-25,B006,P004,14,16,12,4,6,0,SHORTAGE,6.0,56524.740000000005,High
2026-09-25,B006,P005,26,23,36,9,0,1,SURPLUS,0.0,0.0,Low
2026-09-25,B006,P006,59,61,46,18,31,0,SHORTAGE,31.0,556230.5199999999,Critical
2026-09-25,B006,P007,13,12,22,4,0,5,SURPLUS,0.0,0.0,Low
2026-09-25,B006,P008,13,13,21,3,0,5,SURPLUS,0.0,0.0,Low
2026-09-25,B006,P009,55,53,88,12,0,21,SURPLUS,0.0,0.0,Low
2026-09-25,B006,P010,21,22,33,6,0,6,SURPLUS,0.0,0.0,Low
2026-09-25,B007,P001,47,45,56,11,2,0,SHORTAGE,2.0,67287.82,Medium
2026-09-25,B007,P002,12,12,23,3,0,8,SURPLUS,0.0,0.0,Low
2026-09-25,B007,P003,21,22,14,5,12,0,SHORTAGE,12.0,271796.52,Critical
2026-09-25,B007,P004,10,11,7,3,6,0,SHORTAGE,6.0,49897.259999999995,Critical
2026-09-25,B007,P005,27,26,26,5,6,0,SHORTAGE,6.0,267527.4,High
2026-09-25,B007,P006,45,46,52,9,2,0,SHORTAGE,2.0,33889.3,Medium
2026-09-25,B007,P007,13,13,13,4,4,0,SHORTAGE,4.0,45857.2,High
2026-09-25,B007,P008,13,14,9,3,7,0,SHORTAGE,7.0,308420.49,Critical
2026-09-25,B007,P009,44,48,81,15,0,22,SURPLUS,0.0,0.0,Low
2026-09-25,B007,P010,23,23,31,8,0,0,BALANCED,0.0,0.0,Low
2026-09-25,B008,P001,56,48,30,19,45,0,SHORTAGE,45.0,1435432.5,Critical
2026-09-25,B008,P002,15,16,17,4,2,0,SHORTAGE,2.0,57994.72,Medium
2026-09-25,B008,P003,25,23,46,5,0,16,SURPLUS,0.0,0.0,Low
2026-09-25,B008,P004,16,18,31,3,0,12,SURPLUS,0.0,0.0,Low
2026-09-25,B008,P005,35,31,58,10,0,13,SURPLUS,0.0,0.0,Low
2026-09-25,B008,P006,46,45,50,14,10,0,SHORTAGE,10.0,189849.8,High
2026-09-25,B008,P007,12,12,16,3,0,1,SURPLUS,0.0,0.0,Low
2026-09-25,B008,P008,16,16,18,4,2,0,SHORTAGE,2.0,86325.44,Medium
2026-09-25,B008,P009,39,41,68,13,0,16,SURPLUS,0.0,0.0,Low
2026-09-25,B008,P010,25,25,35,7,0,3,SURPLUS,0.0,0.0,Low
2026-09-26,B001,P001,75,70,80,17,12,0,SHORTAGE,12.0,393938.76,Medium
2026-09-26,B001,P002,33,32,33,8,8,0,SHORTAGE,8.0,212425.12,High
2026-09-26,B001,P003,37,32,58,11,0,10,SURPLUS,0.0,0.0,Low
2026-09-26,B001,P004,25,27,40,7,0,8,SURPLUS,0.0,0.0,Low
2026-09-26,B001,P005,47,47,81,14,0,20,SURPLUS,0.0,0.0,Low
2026-09-26,B001,P006,104,98,159,35,0,20,SURPLUS,0.0,0.0,Low
2026-09-26,B001,P007,26,24,23,9,12,0,SHORTAGE,12.0,151017.12,Critical
2026-09-26,B001,P008,25,26,47,7,0,15,SURPLUS,0.0,0.0,Low
2026-09-26,B001,P009,92,83,116,26,2,0,SHORTAGE,2.0,7407.8,Medium
2026-09-26,B001,P010,38,41,61,12,0,11,SURPLUS,0.0,0.0,Low
2026-09-26,B002,P001,46,51,55,12,3,0,SHORTAGE,3.0,101069.97,Medium
2026-09-26,B002,P002,18,17,33,4,0,11,SURPLUS,0.0,0.0,Low
2026-09-26,B002,P003,27,27,14,7,20,0,SHORTAGE,20.0,465952.8,Critical
2026-09-26,B002,P004,18,19,9,5,14,0,SHORTAGE,14.0,133037.1,Critical
2026-09-26,B002,P005,43,41,32,9,20,0,SHORTAGE,20.0,988584.7999999999,Critical
2026-09-26,B002,P006,67,64,28,22,61,0,SHORTAGE,61.0,1136819.1800000002,Critical
2026-09-26,B002,P007,14,14,13,3,4,0,SHORTAGE,4.0,50010.28,High
2026-09-26,B002,P008,14,15,18,3,0,1,SURPLUS,0.0,0.0,Low
2026-09-26,B002,P009,51,49,82,12,0,19,SURPLUS,0.0,0.0,Low
2026-09-26,B002,P010,25,25,50,7,0,18,SURPLUS,0.0,0.0,Low
2026-09-26,B003,P001,42,41,53,14,3,0,SHORTAGE,3.0,98758.65000000001,Medium
2026-09-26,B003,P002,20,19,30,4,0,6,SURPLUS,0.0,0.0,Low
2026-09-26,B003,P003,20,20,19,4,5,0,SHORTAGE,5.0,110874.9,High
2026-09-26,B003,P004,13,15,15,3,1,0,SHORTAGE,1.0,9699.53,Medium
2026-09-26,B003,P005,26,27,17,5,14,0,SHORTAGE,14.0,723170.4199999999,Critical
2026-09-26,B003,P006,74,67,112,21,0,17,SURPLUS,0.0,0.0,Low
2026-09-26,B003,P007,17,17,16,5,6,0,SHORTAGE,6.0,75733.20000000001,High
2026-09-26,B003,P008,14,15,11,4,7,0,SHORTAGE,7.0,270910.29000000004,Critical
2026-09-26,B003,P009,45,50,74,9,0,20,SURPLUS,0.0,0.0,Low
2026-09-26,B003,P010,26,28,17,7,16,0,SHORTAGE,16.0,237603.68,Critical
2026-09-26,B004,P001,42,42,41,13,14,0,SHORTAGE,14.0,468865.45999999996,High
2026-09-26,B004,P002,16,17,19,4,1,0,SHORTAGE,1.0,26947.72,Medium
2026-09-26,B004,P003,18,20,23,4,0,1,SURPLUS,0.0,0.0,Low
2026-09-26,B004,P004,16,16,29,5,0,8,SURPLUS,0.0,0.0,Low
2026-09-26,B004,P005,19,19,28,4,0,5,SURPLUS,0.0,0.0,Low
2026-09-26,B004,P006,36,39,45,7,0,2,SURPLUS,0.0,0.0,Low
2026-09-26,B004,P007,12,13,8,3,7,0,SHORTAGE,7.0,89027.12,Critical
2026-09-26,B004,P008,16,19,16,4,4,0,SHORTAGE,4.0,156654.36,High
2026-09-26,B004,P009,41,41,67,13,0,13,SURPLUS,0.0,0.0,Low
2026-09-26,B004,P010,25,28,43,7,0,11,SURPLUS,0.0,0.0,Low
2026-09-26,B005,P001,48,42,101,14,0,39,SURPLUS,0.0,0.0,Low
2026-09-26,B005,P002,20,20,22,6,4,0,SHORTAGE,4.0,104619.68,Medium
2026-09-26,B005,P003,18,20,37,3,0,16,SURPLUS,0.0,0.0,Low
2026-09-26,B005,P004,11,12,16,3,0,2,SURPLUS,0.0,0.0,Low
2026-09-26,B005,P005,25,29,20,8,13,0,SHORTAGE,13.0,618518.68,Critical
2026-09-26,B005,P006,61,58,45,19,35,0,SHORTAGE,35.0,608328.0,Critical
2026-09-26,B005,P007,17,18,23,3,0,3,SURPLUS,0.0,0.0,Low
2026-09-26,B005,P008,15,15,12,3,6,0,SHORTAGE,6.0,241729.38,High
2026-09-26,B005,P009,46,43,74,15,0,13,SURPLUS,0.0,0.0,Low
2026-09-26,B005,P010,30,32,34,8,4,0,SHORTAGE,4.0,62382.52,Medium
2026-09-26,B006,P001,39,36,53,12,0,2,SURPLUS,0.0,0.0,Low
2026-09-26,B006,P002,9,9,14,3,0,2,SURPLUS,0.0,0.0,Low
2026-09-26,B006,P003,12,15,9,3,6,0,SHORTAGE,6.0,151156.32,Critical
2026-09-26,B006,P004,14,14,13,3,4,0,SHORTAGE,4.0,33234.16,High
2026-09-26,B006,P005,33,34,63,10,0,20,SURPLUS,0.0,0.0,Low
2026-09-26,B006,P006,62,62,53,12,21,0,SHORTAGE,21.0,359026.92,High
2026-09-26,B006,P007,11,11,18,3,0,4,SURPLUS,0.0,0.0,Low
2026-09-26,B006,P008,13,14,17,3,0,1,SURPLUS,0.0,0.0,Low
2026-09-26,B006,P009,60,54,99,20,0,19,SURPLUS,0.0,0.0,Low
2026-09-26,B006,P010,27,29,45,8,0,10,SURPLUS,0.0,0.0,Low
2026-09-26,B007,P001,34,30,39,11,6,0,SHORTAGE,6.0,180583.91999999998,Medium
2026-09-26,B007,P002,15,15,29,3,0,11,SURPLUS,0.0,0.0,Low
2026-09-26,B007,P003,17,16,26,3,0,6,SURPLUS,0.0,0.0,Low
2026-09-26,B007,P004,18,17,27,3,0,6,SURPLUS,0.0,0.0,Low
2026-09-26,B007,P005,29,24,40,9,0,2,SURPLUS,0.0,0.0,Low
2026-09-26,B007,P006,57,58,105,12,0,36,SURPLUS,0.0,0.0,Low
2026-09-26,B007,P007,15,14,13,3,5,0,SHORTAGE,5.0,60898.100000000006,High
2026-09-26,B007,P008,23,23,40,6,0,11,SURPLUS,0.0,0.0,Low
2026-09-26,B007,P009,37,39,58,7,0,14,SURPLUS,0.0,0.0,Low
2026-09-26,B007,P010,16,17,30,3,0,11,SURPLUS,0.0,0.0,Low
2026-09-26,B008,P001,43,48,66,11,0,12,SURPLUS,0.0,0.0,Low
2026-09-26,B008,P002,15,16,22,5,0,2,SURPLUS,0.0,0.0,Low
2026-09-26,B008,P003,19,20,30,5,0,6,SURPLUS,0.0,0.0,Low
2026-09-26,B008,P004,16,17,19,4,1,0,SHORTAGE,1.0,9401.11,Medium
2026-09-26,B008,P005,25,27,42,5,0,12,SURPLUS,0.0,0.0,Low
2026-09-26,B008,P006,61,53,44,20,37,0,SHORTAGE,37.0,663914.31,Critical
2026-09-26,B008,P007,17,16,19,3,1,0,SHORTAGE,1.0,11327.95,Medium
2026-09-26,B008,P008,18,16,13,4,9,0,SHORTAGE,9.0,353633.30999999994,Critical
2026-09-26,B008,P009,55,49,62,16,9,0,SHORTAGE,9.0,29385.63,Medium
2026-09-26,B008,P010,13,14,17,3,0,1,SURPLUS,0.0,0.0,Low
2026-09-27,B001,P001,70,62,128,16,0,42,SURPLUS,0.0,0.0,Low
2026-09-27,B001,P002,27,28,44,9,0,8,SURPLUS,0.0,0.0,Low
2026-09-27,B001,P003,21,20,27,4,0,2,SURPLUS,0.0,0.0,Low
2026-09-27,B001,P004,19,19,28,6,0,3,SURPLUS,0.0,0.0,Low
2026-09-27,B001,P005,33,36,63,8,0,22,SURPLUS,0.0,0.0,Low
2026-09-27,B001,P006,85,80,109,23,0,1,SURPLUS,0.0,0.0,Low
2026-09-27,B001,P007,22,20,16,5,11,0,SHORTAGE,11.0,129002.61,Critical
2026-09-27,B001,P008,20,20,39,6,0,13,SURPLUS,0.0,0.0,Low
2026-09-27,B001,P009,63,61,49,16,30,0,SHORTAGE,30.0,112876.2,Critical
2026-09-27,B001,P010,33,33,21,10,22,0,SHORTAGE,22.0,371049.80000000005,Critical
2026-09-27,B002,P001,49,48,49,12,12,0,SHORTAGE,12.0,387663.96,High
2026-09-27,B002,P002,16,18,20,4,0,0,BALANCED,0.0,0.0,Low
2026-09-27,B002,P003,29,27,49,7,0,13,SURPLUS,0.0,0.0,Low
2026-09-27,B002,P004,18,17,24,3,0,3,SURPLUS,0.0,0.0,Low
2026-09-27,B002,P005,25,29,35,7,0,3,SURPLUS,0.0,0.0,Low
2026-09-27,B002,P006,51,51,39,12,24,0,SHORTAGE,24.0,456585.83999999997,Critical
2026-09-27,B002,P007,16,17,23,3,0,4,SURPLUS,0.0,0.0,Low
2026-09-27,B002,P008,26,22,35,7,0,2,SURPLUS,0.0,0.0,Low
2026-09-27,B002,P009,59,53,72,12,0,1,SURPLUS,0.0,0.0,Low
2026-09-27,B002,P010,27,27,50,9,0,14,SURPLUS,0.0,0.0,Low
2026-09-27,B003,P001,34,34,29,10,15,0,SHORTAGE,15.0,488299.05,High
2026-09-27,B003,P002,11,12,18,3,0,4,SURPLUS,0.0,0.0,Low
2026-09-27,B003,P003,19,16,10,4,13,0,SHORTAGE,13.0,331301.62,Critical
2026-09-27,B003,P004,20,19,13,6,13,0,SHORTAGE,13.0,114829.78,Critical
2026-09-27,B003,P005,23,27,43,7,0,13,SURPLUS,0.0,0.0,Low
2026-09-27,B003,P006,76,61,41,25,60,0,SHORTAGE,60.0,995509.8,Critical
2026-09-27,B003,P007,13,12,8,4,9,0,SHORTAGE,9.0,106388.55,Critical
2026-09-27,B003,P008,12,11,18,3,0,3,SURPLUS,0.0,0.0,Low
2026-09-27,B003,P009,45,43,36,15,24,0,SHORTAGE,24.0,87341.52,Critical
2026-09-27,B003,P010,23,25,30,5,0,2,SURPLUS,0.0,0.0,Low
2026-09-27,B004,P001,45,41,58,11,0,2,SURPLUS,0.0,0.0,Low
2026-09-27,B004,P002,19,19,27,4,0,4,SURPLUS,0.0,0.0,Low
2026-09-27,B004,P003,18,18,33,5,0,10,SURPLUS,0.0,0.0,Low
2026-09-27,B004,P004,10,12,19,3,0,6,SURPLUS,0.0,0.0,Low
2026-09-27,B004,P005,30,30,42,10,0,2,SURPLUS,0.0,0.0,Low
2026-09-27,B004,P006,62,63,60,13,15,0,SHORTAGE,15.0,265890.9,High
2026-09-27,B004,P007,11,14,11,3,3,0,SHORTAGE,3.0,38791.44,High
2026-09-27,B004,P008,15,15,30,3,0,12,SURPLUS,0.0,0.0,Low
2026-09-27,B004,P009,36,36,24,8,20,0,SHORTAGE,20.0,74026.6,Critical
2026-09-27,B004,P010,20,22,32,6,0,6,SURPLUS,0.0,0.0,Low
2026-09-27,B005,P001,48,49,80,11,0,21,SURPLUS,0.0,0.0,Low
2026-09-27,B005,P002,18,18,24,6,0,0,BALANCED,0.0,0.0,Low
2026-09-27,B005,P003,31,27,37,8,2,0,SHORTAGE,2.0,50048.46,Medium
2026-09-27,B005,P004,15,14,16,3,2,0,SHORTAGE,2.0,19005.34,Medium
2026-09-27,B005,P005,32,29,58,9,0,17,SURPLUS,0.0,0.0,Low
2026-09-27,B005,P006,38,38,22,10,26,0,SHORTAGE,26.0,481979.68,Critical
2026-09-27,B005,P007,9,9,11,3,1,0,SHORTAGE,1.0,11349.5,Medium
2026-09-27,B005,P008,14,17,28,4,0,10,SURPLUS,0.0,0.0,Low
2026-09-27,B005,P009,42,45,56,8,0,6,SURPLUS,0.0,0.0,Low
2026-09-27,B005,P010,18,19,25,5,0,2,SURPLUS,0.0,0.0,Low
2026-09-27,B006,P001,15,18,22,4,0,3,SURPLUS,0.0,0.0,Low
2026-09-27,B006,P002,18,18,29,5,0,6,SURPLUS,0.0,0.0,Low
2026-09-27,B006,P003,15,16,28,4,0,9,SURPLUS,0.0,0.0,Low
2026-09-27,B006,P004,17,15,14,5,8,0,SHORTAGE,8.0,75533.84,Critical
2026-09-27,B006,P005,24,21,29,5,0,0,BALANCED,0.0,0.0,Low
2026-09-27,B006,P006,51,52,42,11,20,0,SHORTAGE,20.0,376131.0,High
2026-09-27,B006,P007,9,10,10,3,2,0,SHORTAGE,2.0,23412.76,High
2026-09-27,B006,P008,11,11,11,3,3,0,SHORTAGE,3.0,124273.56,High
2026-09-27,B006,P009,45,42,35,13,23,0,SHORTAGE,23.0,80315.08,Critical
2026-09-27,B006,P010,28,28,44,9,0,7,SURPLUS,0.0,0.0,Low
2026-09-27,B007,P001,49,48,59,15,5,0,SHORTAGE,5.0,153665.40000000002,Medium
2026-09-27,B007,P002,7,8,10,3,0,0,BALANCED,0.0,0.0,Low
2026-09-27,B007,P003,12,16,10,3,5,0,SHORTAGE,5.0,129182.45000000001,High
2026-09-27,B007,P004,12,12,8,3,7,0,SHORTAGE,7.0,59046.049999999996,Critical
2026-09-27,B007,P005,26,28,37,6,0,5,SURPLUS,0.0,0.0,Low
2026-09-27,B007,P006,46,42,83,14,0,23,SURPLUS,0.0,0.0,Low
2026-09-27,B007,P007,14,12,8,3,9,0,SHORTAGE,9.0,110579.67,Critical
2026-09-27,B007,P008,5,5,3,3,5,0,SHORTAGE,5.0,207999.94999999998,Critical
2026-09-27,B007,P009,24,28,48,5,0,19,SURPLUS,0.0,0.0,Low
2026-09-27,B007,P010,17,17,13,4,8,0,SHORTAGE,8.0,126292.08,Critical
2026-09-27,B008,P001,36,38,71,10,0,25,SURPLUS,0.0,0.0,Low
2026-09-27,B008,P002,14,15,24,4,0,6,SURPLUS,0.0,0.0,Low
2026-09-27,B008,P003,15,16,18,5,2,0,SHORTAGE,2.0,50380.36,Medium
2026-09-27,B008,P004,11,13,7,3,7,0,SHORTAGE,7.0,65599.38,Critical
2026-09-27,B008,P005,30,29,47,6,0,11,SURPLUS,0.0,0.0,Low
2026-09-27,B008,P006,56,54,104,16,0,32,SURPLUS,0.0,0.0,Low
2026-09-27,B008,P007,10,10,18,3,0,5,SURPLUS,0.0,0.0,Low
2026-09-27,B008,P008,9,9,14,3,0,2,SURPLUS,0.0,0.0,Low
2026-09-27,B008,P009,32,32,15,8,25,0,SHORTAGE,25.0,87123.5,Critical
2026-09-27,B008,P010,25,28,18,7,14,0,SHORTAGE,14.0,238771.68,Critical
2026-09-28,B001,P001,72,75,135,15,0,48,SURPLUS,0.0,0.0,Low
2026-09-28,B001,P002,20,23,15,5,10,0,SHORTAGE,10.0,288975.60000000003,Critical
2026-09-28,B001,P003,33,35,48,11,0,4,SURPLUS,0.0,0.0,Low
2026-09-28,B001,P004,30,29,28,6,8,0,SHORTAGE,8.0,74839.84,High
2026-09-28,B001,P005,43,41,46,10,7,0,SHORTAGE,7.0,320998.79000000004,Medium
2026-09-28,B001,P006,74,80,56,17,35,0,SHORTAGE,35.0,601304.2,Critical
2026-09-28,B001,P007,20,19,33,5,0,8,SURPLUS,0.0,0.0,Low
2026-09-28,B001,P008,17,20,17,5,5,0,SHORTAGE,5.0,216670.65,High
2026-09-28,B001,P009,67,63,85,14,0,4,SURPLUS,0.0,0.0,Low
2026-09-28,B001,P010,29,29,47,8,0,10,SURPLUS,0.0,0.0,Low
2026-09-28,B002,P001,59,54,110,17,0,34,SURPLUS,0.0,0.0,Low
2026-09-28,B002,P002,19,19,18,6,7,0,SHORTAGE,7.0,186564.77000000002,High
2026-09-28,B002,P003,22,23,35,5,0,8,SURPLUS,0.0,0.0,Low
2026-09-28,B002,P004,13,14,16,4,1,0,SHORTAGE,1.0,9135.89,Medium
2026-09-28,B002,P005,25,29,48,5,0,18,SURPLUS,0.0,0.0,Low
2026-09-28,B002,P006,72,65,126,23,0,31,SURPLUS,0.0,0.0,Low
2026-09-28,B002,P007,15,15,22,4,0,3,SURPLUS,0.0,0.0,Low
2026-09-28,B002,P008,17,17,24,4,0,3,SURPLUS,0.0,0.0,Low
2026-09-28,B002,P009,50,51,74,12,0,12,SURPLUS,0.0,0.0,Low
2026-09-28,B002,P010,21,22,33,7,0,5,SURPLUS,0.0,0.0,Low
2026-09-28,B003,P001,38,37,38,9,9,0,SHORTAGE,9.0,273849.75,High
2026-09-28,B003,P002,22,22,19,6,9,0,SHORTAGE,9.0,246138.66,High
2026-09-28,B003,P003,18,19,27,4,0,5,SURPLUS,0.0,0.0,Low
2026-09-28,B003,P004,9,9,11,3,1,0,SHORTAGE,1.0,9630.45,Medium
2026-09-28,B003,P005,24,24,30,7,1,0,SHORTAGE,1.0,45123.88,Medium
2026-09-28,B003,P006,45,38,35,12,22,0,SHORTAGE,22.0,393979.96,Critical
2026-09-28,B003,P007,16,17,16,4,4,0,SHORTAGE,4.0,50611.84,High
2026-09-28,B003,P008,14,14,8,3,9,0,SHORTAGE,9.0,352252.26,Critical
2026-09-28,B003,P009,59,56,84,17,0,8,SURPLUS,0.0,0.0,Low
2026-09-28,B003,P010,20,21,27,6,0,1,SURPLUS,0.0,0.0,Low
2026-09-28,B004,P001,27,27,41,6,0,8,SURPLUS,0.0,0.0,Low
2026-09-28,B004,P002,20,20,37,5,0,12,SURPLUS,0.0,0.0,Low
2026-09-28,B004,P003,22,22,26,4,0,0,BALANCED,0.0,0.0,Low
2026-09-28,B004,P004,13,12,20,3,0,4,SURPLUS,0.0,0.0,Low
2026-09-28,B004,P005,19,19,31,5,0,7,SURPLUS,0.0,0.0,Low
2026-09-28,B004,P006,47,45,54,12,5,0,SHORTAGE,5.0,85479.59999999999,Medium
2026-09-28,B004,P007,13,13,8,3,8,0,SHORTAGE,8.0,92227.6,Critical
2026-09-28,B004,P008,14,15,21,4,0,3,SURPLUS,0.0,0.0,Low
2026-09-28,B004,P009,46,43,67,12,0,9,SURPLUS,0.0,0.0,Low
2026-09-28,B004,P010,25,27,30,7,2,0,SHORTAGE,2.0,31038.26,Medium
2026-09-28,B005,P001,31,31,50,8,0,11,SURPLUS,0.0,0.0,Low
2026-09-28,B005,P002,21,21,20,4,5,0,SHORTAGE,5.0,131448.2,High
2026-09-28,B005,P003,17,18,15,3,5,0,SHORTAGE,5.0,112189.45,High
2026-09-28,B005,P004,8,9,10,3,1,0,SHORTAGE,1.0,9227.1,Medium
2026-09-28,B005,P005,31,32,49,9,0,9,SURPLUS,0.0,0.0,Low
2026-09-28,B005,P006,49,56,67,16,0,2,SURPLUS,0.0,0.0,Low
2026-09-28,B005,P007,13,12,19,4,0,2,SURPLUS,0.0,0.0,Low
2026-09-28,B005,P008,16,16,11,4,9,0,SHORTAGE,9.0,390907.8,Critical
2026-09-28,B005,P009,28,30,23,9,14,0,SHORTAGE,14.0,49022.82,Critical
2026-09-28,B005,P010,25,24,44,6,0,13,SURPLUS,0.0,0.0,Low
2026-09-28,B006,P001,44,42,23,14,35,0,SHORTAGE,35.0,1031590.7000000001,Critical
2026-09-28,B006,P002,17,16,18,5,4,0,SHORTAGE,4.0,110129.48,High
2026-09-28,B006,P003,21,19,35,4,0,10,SURPLUS,0.0,0.0,Low
2026-09-28,B006,P004,16,15,16,4,4,0,SHORTAGE,4.0,36722.24,High
2026-09-28,B006,P005,25,27,33,8,0,0,BALANCED,0.0,0.0,Low
2026-09-28,B006,P006,45,44,28,12,29,0,SHORTAGE,29.0,498480.71,Critical
2026-09-28,B006,P007,9,8,4,3,8,0,SHORTAGE,8.0,98064.8,Critical
2026-09-28,B006,P008,10,11,20,3,0,7,SURPLUS,0.0,0.0,Low
2026-09-28,B006,P009,44,40,73,9,0,20,SURPLUS,0.0,0.0,Low
2026-09-28,B006,P010,16,18,13,5,8,0,SHORTAGE,8.0,134298.64,Critical
2026-09-28,B007,P001,35,36,32,7,10,0,SHORTAGE,10.0,303208.5,High
2026-09-28,B007,P002,15,15,14,3,4,0,SHORTAGE,4.0,106844.56,High
2026-09-28,B007,P003,19,17,22,5,2,0,SHORTAGE,2.0,46210.64,Medium
2026-09-28,B007,P004,13,13,20,3,0,4,SURPLUS,0.0,0.0,Low
2026-09-28,B007,P005,21,20,22,6,5,0,SHORTAGE,5.0,238791.25,High
2026-09-28,B007,P006,50,49,51,12,11,0,SHORTAGE,11.0,207391.36,High
2026-09-28,B007,P007,11,11,15,3,0,1,SURPLUS,0.0,0.0,Low
2026-09-28,B007,P008,9,10,18,3,0,6,SURPLUS,0.0,0.0,Low
2026-09-28,B007,P009,32,31,56,8,0,16,SURPLUS,0.0,0.0,Low
2026-09-28,B007,P010,23,22,44,6,0,15,SURPLUS,0.0,0.0,Low
2026-09-28,B008,P001,32,41,58,10,0,16,SURPLUS,0.0,0.0,Low
2026-09-28,B008,P002,12,13,19,3,0,4,SURPLUS,0.0,0.0,Low
2026-09-28,B008,P003,17,16,17,5,5,0,SHORTAGE,5.0,119460.3,High
2026-09-28,B008,P004,13,13,23,4,0,6,SURPLUS,0.0,0.0,Low
2026-09-28,B008,P005,18,16,10,4,12,0,SHORTAGE,12.0,587968.92,Critical
2026-09-28,B008,P006,60,56,105,19,0,26,SURPLUS,0.0,0.0,Low
2026-09-28,B008,P007,12,13,10,3,5,0,SHORTAGE,5.0,56056.5,High
2026-09-28,B008,P008,12,12,14,3,1,0,SHORTAGE,1.0,44311.38,Medium
2026-09-28,B008,P009,32,34,25,9,16,0,SHORTAGE,16.0,60317.92,Critical
2026-09-28,B008,P010,16,17,12,4,8,0,SHORTAGE,8.0,119769.76,Critical
