Date,Branch_ID,Branch_Name,State,Product_ID,Product_Name,Product_Category,Current_Stock,Reserved_Stock,Incoming_Stock,Actual_Demand,Forecast_Demand,Safety_Stock,Purchase_Cost,Service_Urgency,Supplier_Lead_Time_Days
2026-07-01,B001,Chennai,Tamil Nadu,P001,LED TV,Electronics,79,1,3,60,60,18,29737.39,Low,10
2026-07-01,B001,Chennai,Tamil Nadu,P002,Refrigerator,Appliances,10,2,6,21,20,5,25763.49,Critical,6
2026-07-01,B001,Chennai,Tamil Nadu,P003,Washing Machine,Appliances,23,0,4,24,22,6,22615.66,Medium,6
2026-07-01,B001,Chennai,Tamil Nadu,P004,Microwave,Appliances,35,1,5,20,19,4,9259.64,Low,3
2026-07-01,B001,Chennai,Tamil Nadu,P005,Laptop,Electronics,35,0,5,34,33,9,44424.1,Medium,8
2026-07-01,B001,Chennai,Tamil Nadu,P006,Smartphone,Electronics,65,1,12,62,61,19,16650.18,Medium,4
2026-07-01,B001,Chennai,Tamil Nadu,P007,Printer,Electronics,11,0,0,19,20,6,11664.63,Critical,10
2026-07-01,B001,Chennai,Tamil Nadu,P008,Air Conditioner,Appliances,46,2,2,22,25,7,40630.96,Low,7
2026-07-01,B001,Chennai,Tamil Nadu,P009,Router,Networking,94,6,14,55,58,11,3651.91,Low,7
2026-07-01,B001,Chennai,Tamil Nadu,P010,Monitor,Electronics,60,2,1,34,36,12,15669.29,Low,8
2026-07-01,B002,Coimbatore,Tamil Nadu,P001,LED TV,Electronics,90,3,2,55,52,15,33091.81,Low,3
2026-07-01,B002,Coimbatore,Tamil Nadu,P002,Refrigerator,Appliances,8,1,0,16,17,4,27728.23,Critical,5
2026-07-01,B002,Coimbatore,Tamil Nadu,P003,Washing Machine,Appliances,24,2,1,22,21,5,23655.87,Medium,5
2026-07-01,B002,Coimbatore,Tamil Nadu,P004,Microwave,Appliances,28,0,0,20,21,6,8937.41,Low,6
2026-07-01,B002,Coimbatore,Tamil Nadu,P005,Laptop,Electronics,34,0,3,37,38,12,47440.19,High,6
2026-07-01,B002,Coimbatore,Tamil Nadu,P006,Smartphone,Electronics,53,3,10,47,44,9,17335.91,Low,10
2026-07-01,B002,Coimbatore,Tamil Nadu,P007,Printer,Electronics,20,0,4,14,14,3,12887.9,Low,8
2026-07-01,B002,Coimbatore,Tamil Nadu,P008,Air Conditioner,Appliances,41,0,7,20,22,4,41402.17,Low,9
2026-07-01,B002,Coimbatore,Tamil Nadu,P009,Router,Networking,34,3,17,53,52,12,3355.55,High,6
2026-07-01,B002,Coimbatore,Tamil Nadu,P010,Monitor,Electronics,40,1,8,26,25,5,15740.99,Low,9
2026-07-01,B003,Madurai,Tamil Nadu,P001,LED TV,Electronics,43,3,0,34,33,6,32061.92,Low,5
2026-07-01,B003,Madurai,Tamil Nadu,P002,Refrigerator,Appliances,14,1,4,15,14,4,28787.09,Medium,3
2026-07-01,B003,Madurai,Tamil Nadu,P003,Washing Machine,Appliances,31,1,3,18,19,5,23008.71,Low,10
2026-07-01,B003,Madurai,Tamil Nadu,P004,Microwave,Appliances,10,0,3,15,15,4,9499.19,High,6
2026-07-01,B003,Madurai,Tamil Nadu,P005,Laptop,Electronics,17,0,9,29,30,8,48817.38,High,5
2026-07-01,B003,Madurai,Tamil Nadu,P006,Smartphone,Electronics,51,2,10,60,60,20,17851.46,High,7
2026-07-01,B003,Madurai,Tamil Nadu,P007,Printer,Electronics,12,1,3,15,14,3,12670.51,High,3
2026-07-01,B003,Madurai,Tamil Nadu,P008,Air Conditioner,Appliances,19,0,2,17,14,3,45218.16,Low,5
2026-07-01,B003,Madurai,Tamil Nadu,P009,Router,Networking,60,4,8,47,51,16,3329.34,Medium,7
2026-07-01,B003,Madurai,Tamil Nadu,P010,Monitor,Electronics,18,5,6,37,37,11,15435.67,Critical,8
2026-07-01,B004,Salem,Tamil Nadu,P001,LED TV,Electronics,70,4,3,36,38,13,31411.7,Low,9
2026-07-01,B004,Salem,Tamil Nadu,P002,Refrigerator,Appliances,13,1,4,15,13,3,26075.46,Low,4
2026-07-01,B004,Salem,Tamil Nadu,P003,Washing Machine,Appliances,24,1,3,18,16,5,23460.45,Low,7
2026-07-01,B004,Salem,Tamil Nadu,P004,Microwave,Appliances,12,0,0,11,9,3,9184.17,Low,6
2026-07-01,B004,Salem,Tamil Nadu,P005,Laptop,Electronics,59,1,4,31,34,10,44881.78,Low,9
2026-07-01,B004,Salem,Tamil Nadu,P006,Smartphone,Electronics,76,5,12,37,41,9,17280.72,Low,4
2026-07-01,B004,Salem,Tamil Nadu,P007,Printer,Electronics,14,1,0,11,12,3,12235.95,Medium,6
2026-07-01,B004,Salem,Tamil Nadu,P008,Air Conditioner,Appliances,19,0,0,13,13,3,45155.29,Low,4
2026-07-01,B004,Salem,Tamil Nadu,P009,Router,Networking,49,0,0,48,46,11,3759.08,Medium,9
2026-07-01,B004,Salem,Tamil Nadu,P010,Monitor,Electronics,49,1,2,30,28,5,14960.32,Low,3
2026-07-01,B005,Trichy,Tamil Nadu,P001,LED TV,Electronics,48,2,6,30,32,10,31588.35,Low,6
2026-07-01,B005,Trichy,Tamil Nadu,P002,Refrigerator,Appliances,12,0,0,13,13,3,27155.13,High,8
2026-07-01,B005,Trichy,Tamil Nadu,P003,Washing Machine,Appliances,24,1,1,18,21,4,23745.99,Medium,9
2026-07-01,B005,Trichy,Tamil Nadu,P004,Microwave,Appliances,23,0,2,13,13,3,9264.91,Low,10
2026-07-01,B005,Trichy,Tamil Nadu,P005,Laptop,Electronics,33,3,5,27,26,5,47141.15,Low,6
2026-07-01,B005,Trichy,Tamil Nadu,P006,Smartphone,Electronics,71,6,12,54,53,17,17155.25,Low,7
2026-07-01,B005,Trichy,Tamil Nadu,P007,Printer,Electronics,20,0,3,12,12,3,11581.16,Low,6
2026-07-01,B005,Trichy,Tamil Nadu,P008,Air Conditioner,Appliances,6,0,4,12,13,4,42322.37,Critical,7
2026-07-01,B005,Trichy,Tamil Nadu,P009,Router,Networking,53,2,13,48,51,17,3410.85,Medium,8
2026-07-01,B005,Trichy,Tamil Nadu,P010,Monitor,Electronics,24,0,2,16,16,4,16087.88,Low,6
2026-07-01,B006,Tiruppur,Tamil Nadu,P001,LED TV,Electronics,33,0,10,31,33,11,29907.39,Medium,9
2026-07-01,B006,Tiruppur,Tamil Nadu,P002,Refrigerator,Appliances,17,0,0,15,15,4,28458.94,Medium,6
2026-07-01,B006,Tiruppur,Tamil Nadu,P003,Washing Machine,Appliances,35,0,3,21,22,7,22301.03,Low,9
2026-07-01,B006,Tiruppur,Tamil Nadu,P004,Microwave,Appliances,24,2,5,17,17,5,9487.41,Low,8
2026-07-01,B006,Tiruppur,Tamil Nadu,P005,Laptop,Electronics,30,0,0,21,21,6,51737.39,Low,10
2026-07-01,B006,Tiruppur,Tamil Nadu,P006,Smartphone,Electronics,46,5,8,49,49,14,17648.6,High,9
2026-07-01,B006,Tiruppur,Tamil Nadu,P007,Printer,Electronics,16,0,2,14,14,3,11148.1,Low,6
2026-07-01,B006,Tiruppur,Tamil Nadu,P008,Air Conditioner,Appliances,21,0,2,15,15,4,41850.24,Low,3
2026-07-01,B006,Tiruppur,Tamil Nadu,P009,Router,Networking,16,5,0,35,36,12,3719.04,Critical,8
2026-07-01,B006,Tiruppur,Tamil Nadu,P010,Monitor,Electronics,15,0,2,25,23,4,17269.33,High,8
2026-07-01,B007,Erode,Tamil Nadu,P001,LED TV,Electronics,35,5,12,40,41,8,31772.96,Medium,6
2026-07-01,B007,Erode,Tamil Nadu,P002,Refrigerator,Appliances,10,0,0,11,10,3,27374.35,High,6
2026-07-01,B007,Erode,Tamil Nadu,P003,Washing Machine,Appliances,12,0,2,9,9,3,25238.54,Low,4
2026-07-01,B007,Erode,Tamil Nadu,P004,Microwave,Appliances,7,1,2,16,14,4,8517.36,Critical,10
2026-07-01,B007,Erode,Tamil Nadu,P005,Laptop,Electronics,18,2,3,28,27,9,51608.94,Critical,5
2026-07-01,B007,Erode,Tamil Nadu,P006,Smartphone,Electronics,24,0,1,37,38,7,18552.14,Critical,7
2026-07-01,B007,Erode,Tamil Nadu,P007,Printer,Electronics,25,0,2,15,15,5,11287.99,Low,5
2026-07-01,B007,Erode,Tamil Nadu,P008,Air Conditioner,Appliances,13,0,0,10,9,3,38789.08,Low,4
2026-07-01,B007,Erode,Tamil Nadu,P009,Router,Networking,82,4,9,48,49,13,3710.93,Low,3
2026-07-01,B007,Erode,Tamil Nadu,P010,Monitor,Electronics,31,1,5,17,20,5,17032.07,Low,10
2026-07-01,B008,Vellore,Tamil Nadu,P001,LED TV,Electronics,47,1,4,24,27,7,33452.3,Low,6
2026-07-01,B008,Vellore,Tamil Nadu,P002,Refrigerator,Appliances,20,0,3,16,13,3,29204.75,Low,6
2026-07-01,B008,Vellore,Tamil Nadu,P003,Washing Machine,Appliances,17,1,1,19,19,5,22371.32,High,3
2026-07-01,B008,Vellore,Tamil Nadu,P004,Microwave,Appliances,24,0,4,19,17,4,8872.79,Low,10
2026-07-01,B008,Vellore,Tamil Nadu,P005,Laptop,Electronics,24,0,2,35,34,7,46299.57,High,7
2026-07-01,B008,Vellore,Tamil Nadu,P006,Smartphone,Electronics,47,6,2,50,49,13,17510.69,High,5
2026-07-01,B008,Vellore,Tamil Nadu,P007,Printer,Electronics,17,0,0,10,10,3,12587.91,Low,3
2026-07-01,B008,Vellore,Tamil Nadu,P008,Air Conditioner,Appliances,25,0,3,14,14,3,42210.11,Low,4
2026-07-01,B008,Vellore,Tamil Nadu,P009,Router,Networking,52,3,1,47,44,14,3470.55,Medium,5
2026-07-01,B008,Vellore,Tamil Nadu,P010,Monitor,Electronics,12,1,5,18,18,5,14948.36,High,8
2026-07-02,B001,Chennai,Tamil Nadu,P001,LED TV,Electronics,87,0,14,69,75,23,32444.63,Low,10
2026-07-02,B001,Chennai,Tamil Nadu,P002,Refrigerator,Appliances,31,4,7,29,34,8,26854.7,High,5
2026-07-02,B001,Chennai,Tamil Nadu,P003,Washing Machine,Appliances,16,0,2,27,27,6,22697.02,Critical,5
2026-07-02,B001,Chennai,Tamil Nadu,P004,Microwave,Appliances,9,3,3,20,21,7,9320.97,Critical,8
2026-07-02,B001,Chennai,Tamil Nadu,P005,Laptop,Electronics,35,4,2,38,41,11,46645.86,Critical,5
2026-07-02,B001,Chennai,Tamil Nadu,P006,Smartphone,Electronics,112,8,2,80,76,21,18017.58,Low,9
2026-07-02,B001,Chennai,Tamil Nadu,P007,Printer,Electronics,20,0,0,25,22,4,12940.72,High,7
2026-07-02,B001,Chennai,Tamil Nadu,P008,Air Conditioner,Appliances,8,0,3,19,19,4,42713.0,Critical,5
2026-07-02,B001,Chennai,Tamil Nadu,P009,Router,Networking,120,1,16,65,65,21,3745.47,Low,6
2026-07-02,B001,Chennai,Tamil Nadu,P010,Monitor,Electronics,18,4,10,36,36,11,16641.28,Critical,6
2026-07-02,B002,Coimbatore,Tamil Nadu,P001,LED TV,Electronics,59,3,5,43,42,13,33931.27,Low,3
2026-07-02,B002,Coimbatore,Tamil Nadu,P002,Refrigerator,Appliances,36,1,3,18,21,6,27725.58,Low,3
2026-07-02,B002,Coimbatore,Tamil Nadu,P003,Washing Machine,Appliances,28,3,5,23,23,5,22528.89,Low,8
2026-07-02,B002,Coimbatore,Tamil Nadu,P004,Microwave,Appliances,12,2,3,19,18,5,9347.7,Critical,5
2026-07-02,B002,Coimbatore,Tamil Nadu,P005,Laptop,Electronics,23,3,0,28,29,7,48536.75,Critical,4
2026-07-02,B002,Coimbatore,Tamil Nadu,P006,Smartphone,Electronics,94,4,12,76,77,16,18299.4,Low,9
2026-07-02,B002,Coimbatore,Tamil Nadu,P007,Printer,Electronics,20,1,3,14,14,3,12372.38,Low,6
2026-07-02,B002,Coimbatore,Tamil Nadu,P008,Air Conditioner,Appliances,38,1,1,19,21,6,41486.57,Low,4
2026-07-02,B002,Coimbatore,Tamil Nadu,P009,Router,Networking,29,7,19,50,61,17,3536.47,Critical,6
2026-07-02,B002,Coimbatore,Tamil Nadu,P010,Monitor,Electronics,18,0,1,32,34,8,16871.53,Critical,5
2026-07-02,B003,Madurai,Tamil Nadu,P001,LED TV,Electronics,56,0,10,34,34,11,33893.87,Low,9
2026-07-02,B003,Madurai,Tamil Nadu,P002,Refrigerator,Appliances,25,0,4,19,17,4,28464.67,Low,5
2026-07-02,B003,Madurai,Tamil Nadu,P003,Washing Machine,Appliances,18,0,4,23,19,6,23816.52,Medium,5
2026-07-02,B003,Madurai,Tamil Nadu,P004,Microwave,Appliances,6,0,3,16,14,3,8679.73,Critical,4
2026-07-02,B003,Madurai,Tamil Nadu,P005,Laptop,Electronics,45,1,5,26,24,5,44675.15,Low,9
2026-07-02,B003,Madurai,Tamil Nadu,P006,Smartphone,Electronics,75,6,8,68,67,16,18969.31,Medium,5
2026-07-02,B003,Madurai,Tamil Nadu,P007,Printer,Electronics,13,1,0,17,13,3,11389.3,High,7
2026-07-02,B003,Madurai,Tamil Nadu,P008,Air Conditioner,Appliances,28,1,4,16,16,3,45218.42,Low,10
2026-07-02,B003,Madurai,Tamil Nadu,P009,Router,Networking,44,2,13,52,58,11,3231.04,High,8
2026-07-02,B003,Madurai,Tamil Nadu,P010,Monitor,Electronics,30,2,6,28,24,7,17251.15,Low,10
2026-07-02,B004,Salem,Tamil Nadu,P001,LED TV,Electronics,56,1,4,39,40,10,34029.24,Low,9
2026-07-02,B004,Salem,Tamil Nadu,P002,Refrigerator,Appliances,13,2,4,20,21,6,28913.68,Critical,3
2026-07-02,B004,Salem,Tamil Nadu,P003,Washing Machine,Appliances,17,1,1,16,17,4,24476.73,High,8
2026-07-02,B004,Salem,Tamil Nadu,P004,Microwave,Appliances,9,1,3,11,12,3,8444.5,High,8
2026-07-02,B004,Salem,Tamil Nadu,P005,Laptop,Electronics,31,0,2,30,30,9,48319.75,Medium,7
2026-07-02,B004,Salem,Tamil Nadu,P006,Smartphone,Electronics,37,0,11,36,35,10,18550.72,Low,7
2026-07-02,B004,Salem,Tamil Nadu,P007,Printer,Electronics,15,1,3,13,12,3,11436.33,Low,4
2026-07-02,B004,Salem,Tamil Nadu,P008,Air Conditioner,Appliances,18,0,2,13,12,3,41961.52,Low,4
2026-07-02,B004,Salem,Tamil Nadu,P009,Router,Networking,50,0,2,39,42,10,3633.3,Low,5
2026-07-02,B004,Salem,Tamil Nadu,P010,Monitor,Electronics,38,1,7,23,23,4,16567.12,Low,10
2026-07-02,B005,Trichy,Tamil Nadu,P001,LED TV,Electronics,70,4,2,32,39,11,29599.66,Low,6
2026-07-02,B005,Trichy,Tamil Nadu,P002,Refrigerator,Appliances,31,0,3,18,17,5,27884.58,Low,3
2026-07-02,B005,Trichy,Tamil Nadu,P003,Washing Machine,Appliances,26,1,1,19,18,4,25225.35,Low,7
2026-07-02,B005,Trichy,Tamil Nadu,P004,Microwave,Appliances,23,1,2,16,15,5,8404.86,Low,10
2026-07-02,B005,Trichy,Tamil Nadu,P005,Laptop,Electronics,40,3,8,28,29,9,46077.45,Low,3
2026-07-02,B005,Trichy,Tamil Nadu,P006,Smartphone,Electronics,100,0,14,65,71,14,19438.14,Low,4
2026-07-02,B005,Trichy,Tamil Nadu,P007,Printer,Electronics,21,0,4,15,15,3,12904.43,Low,9
2026-07-02,B005,Trichy,Tamil Nadu,P008,Air Conditioner,Appliances,19,1,4,17,18,3,43009.12,Low,10
2026-07-02,B005,Trichy,Tamil Nadu,P009,Router,Networking,55,1,9,39,38,8,3256.6,Low,9
2026-07-02,B005,Trichy,Tamil Nadu,P010,Monitor,Electronics,41,2,4,24,27,8,16964.26,Low,4
2026-07-02,B006,Tiruppur,Tamil Nadu,P001,LED TV,Electronics,77,2,11,41,41,13,31497.89,Low,7
2026-07-02,B006,Tiruppur,Tamil Nadu,P002,Refrigerator,Appliances,22,0,2,23,22,5,28100.89,Medium,3
2026-07-02,B006,Tiruppur,Tamil Nadu,P003,Washing Machine,Appliances,12,0,1,15,14,3,22241.64,High,3
2026-07-02,B006,Tiruppur,Tamil Nadu,P004,Microwave,Appliances,20,1,0,12,11,3,9127.52,Low,9
2026-07-02,B006,Tiruppur,Tamil Nadu,P005,Laptop,Electronics,62,1,10,35,33,7,49149.29,Low,7
2026-07-02,B006,Tiruppur,Tamil Nadu,P006,Smartphone,Electronics,80,5,12,45,44,9,18373.76,Low,9
2026-07-02,B006,Tiruppur,Tamil Nadu,P007,Printer,Electronics,9,1,1,15,14,4,11469.73,Critical,9
2026-07-02,B006,Tiruppur,Tamil Nadu,P008,Air Conditioner,Appliances,11,1,0,13,14,3,44366.74,Critical,4
2026-07-02,B006,Tiruppur,Tamil Nadu,P009,Router,Networking,26,2,6,42,46,13,3365.46,Critical,7
2026-07-02,B006,Tiruppur,Tamil Nadu,P010,Monitor,Electronics,12,2,6,21,20,6,14877.48,Critical,7
2026-07-02,B007,Erode,Tamil Nadu,P001,LED TV,Electronics,47,5,9,52,50,16,30807.18,High,8
2026-07-02,B007,Erode,Tamil Nadu,P002,Refrigerator,Appliances,11,0,1,17,17,4,26829.33,Critical,7
2026-07-02,B007,Erode,Tamil Nadu,P003,Washing Machine,Appliances,14,2,6,19,21,6,22192.31,High,9
2026-07-02,B007,Erode,Tamil Nadu,P004,Microwave,Appliances,15,1,1,12,12,3,8558.11,Low,7
2026-07-02,B007,Erode,Tamil Nadu,P005,Laptop,Electronics,19,2,4,23,23,6,50149.21,High,8
2026-07-02,B007,Erode,Tamil Nadu,P006,Smartphone,Electronics,39,6,15,55,55,14,17060.41,High,6
2026-07-02,B007,Erode,Tamil Nadu,P007,Printer,Electronics,4,0,1,10,9,3,12232.16,Critical,5
2026-07-02,B007,Erode,Tamil Nadu,P008,Air Conditioner,Appliances,15,0,0,11,12,3,44160.57,Low,9
2026-07-02,B007,Erode,Tamil Nadu,P009,Router,Networking,52,1,16,48,48,14,3458.66,Low,7
2026-07-02,B007,Erode,Tamil Nadu,P010,Monitor,Electronics,19,2,5,20,22,7,15308.94,High,5
2026-07-02,B008,Vellore,Tamil Nadu,P001,LED TV,Electronics,34,3,4,36,33,11,30843.98,High,5
2026-07-02,B008,Vellore,Tamil Nadu,P002,Refrigerator,Appliances,16,0,3,12,11,3,28962.86,Low,4
2026-07-02,B008,Vellore,Tamil Nadu,P003,Washing Machine,Appliances,12,2,4,17,18,6,25040.34,Critical,8
2026-07-02,B008,Vellore,Tamil Nadu,P004,Microwave,Appliances,10,1,4,12,12,3,8547.06,Medium,9
2026-07-02,B008,Vellore,Tamil Nadu,P005,Laptop,Electronics,28,1,1,20,20,4,47935.45,Low,9
2026-07-02,B008,Vellore,Tamil Nadu,P006,Smartphone,Electronics,43,5,2,36,40,11,17898.04,High,8
2026-07-02,B008,Vellore,Tamil Nadu,P007,Printer,Electronics,7,0,2,11,9,3,12537.31,High,10
2026-07-02,B008,Vellore,Tamil Nadu,P008,Air Conditioner,Appliances,10,1,0,17,18,3,41881.43,Critical,6
2026-07-02,B008,Vellore,Tamil Nadu,P009,Router,Networking,47,3,1,44,51,10,3416.35,High,3
2026-07-02,B008,Vellore,Tamil Nadu,P010,Monitor,Electronics,41,0,5,20,22,5,16822.89,Low,4
2026-07-03,B001,Chennai,Tamil Nadu,P001,LED TV,Electronics,148,0,15,75,82,16,33070.39,Low,10
2026-07-03,B001,Chennai,Tamil Nadu,P002,Refrigerator,Appliances,38,2,6,28,29,9,28237.45,Low,8
2026-07-03,B001,Chennai,Tamil Nadu,P003,Washing Machine,Appliances,40,3,0,30,33,9,22311.75,Medium,9
2026-07-03,B001,Chennai,Tamil Nadu,P004,Microwave,Appliances,24,1,6,22,26,7,9535.44,Medium,7
2026-07-03,B001,Chennai,Tamil Nadu,P005,Laptop,Electronics,76,1,17,43,51,14,51646.41,Low,5
2026-07-03,B001,Chennai,Tamil Nadu,P006,Smartphone,Electronics,83,2,23,83,79,18,17061.68,Low,7
2026-07-03,B001,Chennai,Tamil Nadu,P007,Printer,Electronics,24,1,8,24,26,6,11117.01,Medium,3
2026-07-03,B001,Chennai,Tamil Nadu,P008,Air Conditioner,Appliances,33,3,6,32,33,6,43968.66,Medium,9
2026-07-03,B001,Chennai,Tamil Nadu,P009,Router,Networking,50,6,14,75,67,22,3630.54,Critical,5
2026-07-03,B001,Chennai,Tamil Nadu,P010,Monitor,Electronics,54,2,7,36,40,11,15777.36,Low,8
2026-07-03,B002,Coimbatore,Tamil Nadu,P001,LED TV,Electronics,43,3,5,40,40,13,32475.91,Medium,8
2026-07-03,B002,Coimbatore,Tamil Nadu,P002,Refrigerator,Appliances,32,0,3,18,19,4,28442.24,Low,6
2026-07-03,B002,Coimbatore,Tamil Nadu,P003,Washing Machine,Appliances,14,0,4,25,26,6,23374.09,Critical,8
2026-07-03,B002,Coimbatore,Tamil Nadu,P004,Microwave,Appliances,29,0,2,18,16,4,8826.28,Low,5
2026-07-03,B002,Coimbatore,Tamil Nadu,P005,Laptop,Electronics,71,5,8,39,43,11,50828.32,Low,6
2026-07-03,B002,Coimbatore,Tamil Nadu,P006,Smartphone,Electronics,40,2,1,64,65,22,18403.21,Critical,5
2026-07-03,B002,Coimbatore,Tamil Nadu,P007,Printer,Electronics,22,0,0,19,19,4,12934.33,Medium,10
2026-07-03,B002,Coimbatore,Tamil Nadu,P008,Air Conditioner,Appliances,14,1,0,15,15,4,39531.84,High,6
2026-07-03,B002,Coimbatore,Tamil Nadu,P009,Router,Networking,96,0,12,49,52,15,3468.5,Low,7
2026-07-03,B002,Coimbatore,Tamil Nadu,P010,Monitor,Electronics,51,4,8,31,31,7,15009.56,Low,3
2026-07-03,B003,Madurai,Tamil Nadu,P001,LED TV,Electronics,87,3,14,56,62,14,29985.76,Low,6
2026-07-03,B003,Madurai,Tamil Nadu,P002,Refrigerator,Appliances,32,2,5,21,19,4,26165.36,Low,9
2026-07-03,B003,Madurai,Tamil Nadu,P003,Washing Machine,Appliances,24,2,7,25,26,6,25007.17,Medium,3
2026-07-03,B003,Madurai,Tamil Nadu,P004,Microwave,Appliances,15,1,2,19,18,4,9187.5,High,4
2026-07-03,B003,Madurai,Tamil Nadu,P005,Laptop,Electronics,41,1,4,40,38,9,45905.43,Medium,4
2026-07-03,B003,Madurai,Tamil Nadu,P006,Smartphone,Electronics,82,3,10,51,53,15,19300.26,Low,4
2026-07-03,B003,Madurai,Tamil Nadu,P007,Printer,Electronics,14,0,2,14,14,3,12064.52,Medium,9
2026-07-03,B003,Madurai,Tamil Nadu,P008,Air Conditioner,Appliances,25,1,4,21,17,5,41535.39,Low,10
2026-07-03,B003,Madurai,Tamil Nadu,P009,Router,Networking,105,0,19,57,59,13,3416.91,Low,4
2026-07-03,B003,Madurai,Tamil Nadu,P010,Monitor,Electronics,38,3,5,30,27,7,16207.19,Low,4
2026-07-03,B004,Salem,Tamil Nadu,P001,LED TV,Electronics,60,1,3,54,58,13,32927.32,Medium,4
2026-07-03,B004,Salem,Tamil Nadu,P002,Refrigerator,Appliances,25,0,5,16,16,3,27661.88,Low,8
2026-07-03,B004,Salem,Tamil Nadu,P003,Washing Machine,Appliances,31,3,4,21,23,4,25225.69,Low,8
2026-07-03,B004,Salem,Tamil Nadu,P004,Microwave,Appliances,14,1,6,19,20,5,9388.72,High,3
2026-07-03,B004,Salem,Tamil Nadu,P005,Laptop,Electronics,49,1,7,32,30,7,44893.71,Low,6
2026-07-03,B004,Salem,Tamil Nadu,P006,Smartphone,Electronics,39,6,8,54,50,11,18101.83,High,8
2026-07-03,B004,Salem,Tamil Nadu,P007,Printer,Electronics,17,0,1,14,14,4,12181.39,Low,8
2026-07-03,B004,Salem,Tamil Nadu,P008,Air Conditioner,Appliances,20,0,2,15,14,4,43508.75,Low,5
2026-07-03,B004,Salem,Tamil Nadu,P009,Router,Networking,39,0,1,49,47,13,3720.75,High,5
2026-07-03,B004,Salem,Tamil Nadu,P010,Monitor,Electronics,21,1,4,18,16,4,16434.18,Low,6
2026-07-03,B005,Trichy,Tamil Nadu,P001,LED TV,Electronics,58,3,4,47,42,13,31144.97,Low,8
2026-07-03,B005,Trichy,Tamil Nadu,P002,Refrigerator,Appliances,34,1,2,19,18,4,28360.53,Low,4
2026-07-03,B005,Trichy,Tamil Nadu,P003,Washing Machine,Appliances,11,1,5,18,19,5,23414.67,Critical,6
2026-07-03,B005,Trichy,Tamil Nadu,P004,Microwave,Appliances,9,2,0,16,16,4,9341.54,Critical,10
2026-07-03,B005,Trichy,Tamil Nadu,P005,Laptop,Electronics,50,0,9,36,37,10,45140.84,Low,10
2026-07-03,B005,Trichy,Tamil Nadu,P006,Smartphone,Electronics,29,1,5,47,48,10,17657.02,Critical,4
2026-07-03,B005,Trichy,Tamil Nadu,P007,Printer,Electronics,16,1,3,15,16,3,12030.1,Medium,5
2026-07-03,B005,Trichy,Tamil Nadu,P008,Air Conditioner,Appliances,20,1,2,18,20,5,42267.0,Medium,7
2026-07-03,B005,Trichy,Tamil Nadu,P009,Router,Networking,89,6,5,56,55,18,3265.31,Low,7
2026-07-03,B005,Trichy,Tamil Nadu,P010,Monitor,Electronics,34,1,6,30,30,8,15076.35,Low,10
2026-07-03,B006,Tiruppur,Tamil Nadu,P001,LED TV,Electronics,39,0,4,36,38,10,29789.04,Medium,4
2026-07-03,B006,Tiruppur,Tamil Nadu,P002,Refrigerator,Appliances,18,0,2,12,12,3,29955.29,Low,6
2026-07-03,B006,Tiruppur,Tamil Nadu,P003,Washing Machine,Appliances,12,1,3,16,16,4,22663.78,High,5
2026-07-03,B006,Tiruppur,Tamil Nadu,P004,Microwave,Appliances,12,1,2,11,11,3,8708.19,Medium,9
2026-07-03,B006,Tiruppur,Tamil Nadu,P005,Laptop,Electronics,20,0,5,24,23,5,44638.4,Medium,6
2026-07-03,B006,Tiruppur,Tamil Nadu,P006,Smartphone,Electronics,33,1,9,41,43,10,19002.29,High,4
2026-07-03,B006,Tiruppur,Tamil Nadu,P007,Printer,Electronics,10,1,2,10,10,3,12517.07,Medium,8
2026-07-03,B006,Tiruppur,Tamil Nadu,P008,Air Conditioner,Appliances,20,1,3,14,13,3,39914.75,Low,7
2026-07-03,B006,Tiruppur,Tamil Nadu,P009,Router,Networking,38,4,1,35,35,9,3493.42,High,6
2026-07-03,B006,Tiruppur,Tamil Nadu,P010,Monitor,Electronics,37,2,6,22,23,6,15724.53,Low,4
2026-07-03,B007,Erode,Tamil Nadu,P001,LED TV,Electronics,39,1,10,33,36,10,29636.74,Low,6
2026-07-03,B007,Erode,Tamil Nadu,P002,Refrigerator,Appliances,19,1,1,18,19,5,29744.47,High,9
2026-07-03,B007,Erode,Tamil Nadu,P003,Washing Machine,Appliances,16,1,0,14,14,4,22405.6,High,5
2026-07-03,B007,Erode,Tamil Nadu,P004,Microwave,Appliances,8,1,2,16,17,3,8945.2,Critical,6
2026-07-03,B007,Erode,Tamil Nadu,P005,Laptop,Electronics,20,0,0,31,29,8,49231.12,Critical,10
2026-07-03,B007,Erode,Tamil Nadu,P006,Smartphone,Electronics,56,6,12,49,47,9,17216.19,Low,3
2026-07-03,B007,Erode,Tamil Nadu,P007,Printer,Electronics,10,0,1,9,8,3,12058.18,Low,8
2026-07-03,B007,Erode,Tamil Nadu,P008,Air Conditioner,Appliances,14,0,2,13,13,3,44824.4,Low,10
2026-07-03,B007,Erode,Tamil Nadu,P009,Router,Networking,46,6,3,45,49,10,3428.41,High,5
2026-07-03,B007,Erode,Tamil Nadu,P010,Monitor,Electronics,11,1,3,13,14,3,15989.88,High,3
2026-07-03,B008,Vellore,Tamil Nadu,P001,LED TV,Electronics,61,4,11,33,36,11,30731.47,Low,7
2026-07-03,B008,Vellore,Tamil Nadu,P002,Refrigerator,Appliances,11,1,5,19,21,4,26966.6,Critical,6
2026-07-03,B008,Vellore,Tamil Nadu,P003,Washing Machine,Appliances,15,1,6,22,21,6,24893.96,High,5
2026-07-03,B008,Vellore,Tamil Nadu,P004,Microwave,Appliances,10,0,0,17,18,5,9111.13,Critical,3
2026-07-03,B008,Vellore,Tamil Nadu,P005,Laptop,Electronics,12,0,6,25,26,7,51777.1,Critical,10
2026-07-03,B008,Vellore,Tamil Nadu,P006,Smartphone,Electronics,53,6,16,59,59,17,18331.14,High,4
2026-07-03,B008,Vellore,Tamil Nadu,P007,Printer,Electronics,7,1,0,17,16,4,12471.81,Critical,8
2026-07-03,B008,Vellore,Tamil Nadu,P008,Air Conditioner,Appliances,29,2,3,18,19,5,42013.78,Low,4
2026-07-03,B008,Vellore,Tamil Nadu,P009,Router,Networking,57,2,4,39,33,10,3451.07,Low,10
2026-07-03,B008,Vellore,Tamil Nadu,P010,Monitor,Electronics,23,3,4,24,23,5,16571.92,Medium,7
2026-07-04,B001,Chennai,Tamil Nadu,P001,LED TV,Electronics,117,9,25,76,89,25,30821.48,Low,6
2026-07-04,B001,Chennai,Tamil Nadu,P002,Refrigerator,Appliances,40,3,9,31,28,6,26700.09,Low,6
2026-07-04,B001,Chennai,Tamil Nadu,P003,Washing Machine,Appliances,20,1,0,21,22,4,22927.15,High,5
2026-07-04,B001,Chennai,Tamil Nadu,P004,Microwave,Appliances,22,0,5,24,25,7,8994.48,Medium,9
2026-07-04,B001,Chennai,Tamil Nadu,P005,Laptop,Electronics,39,3,8,42,39,12,45576.78,Medium,7
2026-07-04,B001,Chennai,Tamil Nadu,P006,Smartphone,Electronics,154,14,29,92,106,30,16721.67,Low,5
2026-07-04,B001,Chennai,Tamil Nadu,P007,Printer,Electronics,17,2,3,24,24,7,11967.3,Critical,8
2026-07-04,B001,Chennai,Tamil Nadu,P008,Air Conditioner,Appliances,40,2,0,23,23,7,39024.92,Low,8
2026-07-04,B001,Chennai,Tamil Nadu,P009,Router,Networking,88,9,1,61,63,19,3251.95,Medium,8
2026-07-04,B001,Chennai,Tamil Nadu,P010,Monitor,Electronics,39,2,11,42,40,13,15406.44,Medium,3
2026-07-04,B002,Coimbatore,Tamil Nadu,P001,LED TV,Electronics,86,1,9,49,49,10,31544.81,Low,9
2026-07-04,B002,Coimbatore,Tamil Nadu,P002,Refrigerator,Appliances,27,0,6,22,22,6,27522.65,Low,4
2026-07-04,B002,Coimbatore,Tamil Nadu,P003,Washing Machine,Appliances,33,0,4,19,18,5,22840.69,Low,10
2026-07-04,B002,Coimbatore,Tamil Nadu,P004,Microwave,Appliances,25,0,0,15,14,4,9316.81,Low,9
2026-07-04,B002,Coimbatore,Tamil Nadu,P005,Laptop,Electronics,44,0,11,38,37,10,49711.21,Low,3
2026-07-04,B002,Coimbatore,Tamil Nadu,P006,Smartphone,Electronics,62,10,12,71,80,23,16965.96,Critical,8
2026-07-04,B002,Coimbatore,Tamil Nadu,P007,Printer,Electronics,19,1,3,18,19,5,11159.56,Medium,10
2026-07-04,B002,Coimbatore,Tamil Nadu,P008,Air Conditioner,Appliances,28,1,2,19,18,6,44500.75,Low,4
2026-07-04,B002,Coimbatore,Tamil Nadu,P009,Router,Networking,47,8,19,66,63,17,3707.52,High,5
2026-07-04,B002,Coimbatore,Tamil Nadu,P010,Monitor,Electronics,42,2,1,32,34,10,15599.78,Medium,6
2026-07-04,B003,Madurai,Tamil Nadu,P001,LED TV,Electronics,81,7,7,46,58,12,33411.13,Low,5
2026-07-04,B003,Madurai,Tamil Nadu,P002,Refrigerator,Appliances,16,1,1,18,17,3,27159.32,High,3
2026-07-04,B003,Madurai,Tamil Nadu,P003,Washing Machine,Appliances,16,2,6,25,25,6,23296.36,High,5
2026-07-04,B003,Madurai,Tamil Nadu,P004,Microwave,Appliances,21,1,0,19,18,4,8803.72,Medium,10
2026-07-04,B003,Madurai,Tamil Nadu,P005,Laptop,Electronics,37,0,8,27,28,7,50331.68,Low,8
2026-07-04,B003,Madurai,Tamil Nadu,P006,Smartphone,Electronics,47,7,17,52,52,16,18449.67,High,10
2026-07-04,B003,Madurai,Tamil Nadu,P007,Printer,Electronics,22,2,0,16,15,4,12444.47,Low,7
2026-07-04,B003,Madurai,Tamil Nadu,P008,Air Conditioner,Appliances,7,1,4,14,13,4,44696.71,Critical,6
2026-07-04,B003,Madurai,Tamil Nadu,P009,Router,Networking,54,1,2,34,33,9,3618.73,Low,10
2026-07-04,B003,Madurai,Tamil Nadu,P010,Monitor,Electronics,49,3,1,29,28,7,16291.27,Low,9
2026-07-04,B004,Salem,Tamil Nadu,P001,LED TV,Electronics,38,4,7,31,34,11,30086.48,Medium,10
2026-07-04,B004,Salem,Tamil Nadu,P002,Refrigerator,Appliances,23,0,3,17,16,3,30203.01,Low,9
2026-07-04,B004,Salem,Tamil Nadu,P003,Washing Machine,Appliances,23,0,1,23,20,6,22207.45,Medium,7
2026-07-04,B004,Salem,Tamil Nadu,P004,Microwave,Appliances,14,2,0,19,18,6,9574.34,Critical,5
2026-07-04,B004,Salem,Tamil Nadu,P005,Laptop,Electronics,19,2,5,30,32,9,50799.85,Critical,10
2026-07-04,B004,Salem,Tamil Nadu,P006,Smartphone,Electronics,57,0,7,54,50,16,16638.26,Medium,8
2026-07-04,B004,Salem,Tamil Nadu,P007,Printer,Electronics,26,1,4,16,15,3,11074.57,Low,9
2026-07-04,B004,Salem,Tamil Nadu,P008,Air Conditioner,Appliances,26,2,3,19,22,6,40107.94,Medium,7
2026-07-04,B004,Salem,Tamil Nadu,P009,Router,Networking,18,2,4,39,40,9,3555.08,Critical,5
2026-07-04,B004,Salem,Tamil Nadu,P010,Monitor,Electronics,14,3,8,29,27,7,15565.84,Critical,8
2026-07-04,B005,Trichy,Tamil Nadu,P001,LED TV,Electronics,22,3,15,45,45,14,33821.16,Critical,9
2026-07-04,B005,Trichy,Tamil Nadu,P002,Refrigerator,Appliances,18,1,2,15,16,3,25906.25,Low,5
2026-07-04,B005,Trichy,Tamil Nadu,P003,Washing Machine,Appliances,26,1,7,24,29,7,24391.39,Medium,4
2026-07-04,B005,Trichy,Tamil Nadu,P004,Microwave,Appliances,15,1,3,15,14,4,9254.05,Medium,6
2026-07-04,B005,Trichy,Tamil Nadu,P005,Laptop,Electronics,37,3,5,29,27,7,49870.8,Low,3
2026-07-04,B005,Trichy,Tamil Nadu,P006,Smartphone,Electronics,21,0,9,53,47,15,19173.25,Critical,5
2026-07-04,B005,Trichy,Tamil Nadu,P007,Printer,Electronics,14,0,0,14,11,3,12031.82,Low,8
2026-07-04,B005,Trichy,Tamil Nadu,P008,Air Conditioner,Appliances,20,1,1,18,18,4,41306.47,Medium,8
2026-07-04,B005,Trichy,Tamil Nadu,P009,Router,Networking,67,0,6,47,50,10,3504.15,Low,3
2026-07-04,B005,Trichy,Tamil Nadu,P010,Monitor,Electronics,17,1,6,27,26,8,16978.58,Critical,7
2026-07-04,B006,Tiruppur,Tamil Nadu,P001,LED TV,Electronics,85,7,14,46,52,12,29448.01,Low,5
2026-07-04,B006,Tiruppur,Tamil Nadu,P002,Refrigerator,Appliances,27,1,0,16,17,5,28431.52,Low,10
2026-07-04,B006,Tiruppur,Tamil Nadu,P003,Washing Machine,Appliances,18,2,4,19,19,4,24686.09,Medium,4
2026-07-04,B006,Tiruppur,Tamil Nadu,P004,Microwave,Appliances,10,0,0,15,16,4,8527.46,Critical,8
2026-07-04,B006,Tiruppur,Tamil Nadu,P005,Laptop,Electronics,11,1,2,27,25,5,47892.48,Critical,7
2026-07-04,B006,Tiruppur,Tamil Nadu,P006,Smartphone,Electronics,46,4,17,61,61,19,16754.07,High,7
2026-07-04,B006,Tiruppur,Tamil Nadu,P007,Printer,Electronics,11,0,3,12,13,3,11897.13,Medium,4
2026-07-04,B006,Tiruppur,Tamil Nadu,P008,Air Conditioner,Appliances,15,0,3,12,10,3,38722.72,Low,5
2026-07-04,B006,Tiruppur,Tamil Nadu,P009,Router,Networking,59,1,9,56,60,18,3299.85,Medium,10
2026-07-04,B006,Tiruppur,Tamil Nadu,P010,Monitor,Electronics,9,1,5,25,21,5,16245.73,Critical,3
2026-07-04,B007,Erode,Tamil Nadu,P001,LED TV,Electronics,39,7,8,45,51,12,32963.96,Critical,7
2026-07-04,B007,Erode,Tamil Nadu,P002,Refrigerator,Appliances,9,0,5,16,16,3,27615.39,High,5
2026-07-04,B007,Erode,Tamil Nadu,P003,Washing Machine,Appliances,6,1,1,11,10,3,25491.47,Critical,6
2026-07-04,B007,Erode,Tamil Nadu,P004,Microwave,Appliances,17,0,0,13,13,3,9677.87,Low,8
2026-07-04,B007,Erode,Tamil Nadu,P005,Laptop,Electronics,23,2,5,19,19,5,47542.59,Low,4
2026-07-04,B007,Erode,Tamil Nadu,P006,Smartphone,Electronics,69,5,4,55,59,13,18952.38,Medium,6
2026-07-04,B007,Erode,Tamil Nadu,P007,Printer,Electronics,14,1,2,15,13,3,11811.42,Medium,3
2026-07-04,B007,Erode,Tamil Nadu,P008,Air Conditioner,Appliances,20,0,3,12,13,3,39634.45,Low,7
2026-07-04,B007,Erode,Tamil Nadu,P009,Router,Networking,101,7,13,62,55,12,3518.7,Low,6
2026-07-04,B007,Erode,Tamil Nadu,P010,Monitor,Electronics,21,0,6,19,19,5,17149.73,Low,4
2026-07-04,B008,Vellore,Tamil Nadu,P001,LED TV,Electronics,58,2,4,43,45,14,30480.5,Low,10
2026-07-04,B008,Vellore,Tamil Nadu,P002,Refrigerator,Appliances,22,2,7,25,23,7,27802.79,Medium,6
2026-07-04,B008,Vellore,Tamil Nadu,P003,Washing Machine,Appliances,42,0,0,22,23,6,25359.21,Low,3
2026-07-04,B008,Vellore,Tamil Nadu,P004,Microwave,Appliances,10,0,0,11,12,3,9679.01,High,7
2026-07-04,B008,Vellore,Tamil Nadu,P005,Laptop,Electronics,55,0,3,38,38,11,46914.94,Low,4
2026-07-04,B008,Vellore,Tamil Nadu,P006,Smartphone,Electronics,102,9,4,68,64,17,19424.59,Low,10
2026-07-04,B008,Vellore,Tamil Nadu,P007,Printer,Electronics,10,1,4,16,16,4,12304.4,High,9
2026-07-04,B008,Vellore,Tamil Nadu,P008,Air Conditioner,Appliances,18,1,1,17,18,3,43259.37,Medium,9
2026-07-04,B008,Vellore,Tamil Nadu,P009,Router,Networking,69,6,1,45,43,9,3754.86,Low,5
2026-07-04,B008,Vellore,Tamil Nadu,P010,Monitor,Electronics,48,1,4,27,29,6,15091.7,Low,4
2026-07-05,B001,Chennai,Tamil Nadu,P001,LED TV,Electronics,36,5,13,44,42,9,31514.13,Medium,5
2026-07-05,B001,Chennai,Tamil Nadu,P002,Refrigerator,Appliances,28,0,0,24,23,7,26721.53,Medium,5
2026-07-05,B001,Chennai,Tamil Nadu,P003,Washing Machine,Appliances,28,1,4,23,24,7,24479.17,Low,6
2026-07-05,B001,Chennai,Tamil Nadu,P004,Microwave,Appliances,19,1,2,21,25,6,9091.14,High,6
2026-07-05,B001,Chennai,Tamil Nadu,P005,Laptop,Electronics,44,1,1,39,38,9,48995.0,Medium,5
2026-07-05,B001,Chennai,Tamil Nadu,P006,Smartphone,Electronics,43,7,15,67,60,12,18269.24,High,3
2026-07-05,B001,Chennai,Tamil Nadu,P007,Printer,Electronics,16,0,5,16,17,3,11641.63,Low,6
2026-07-05,B001,Chennai,Tamil Nadu,P008,Air Conditioner,Appliances,20,0,0,16,14,4,42434.31,Low,6
2026-07-05,B001,Chennai,Tamil Nadu,P009,Router,Networking,53,8,18,72,78,15,3760.99,High,6
2026-07-05,B001,Chennai,Tamil Nadu,P010,Monitor,Electronics,27,2,7,35,33,11,17278.63,High,3
2026-07-05,B002,Coimbatore,Tamil Nadu,P001,LED TV,Electronics,52,3,3,49,49,13,31327.78,High,6
2026-07-05,B002,Coimbatore,Tamil Nadu,P002,Refrigerator,Appliances,26,1,5,20,18,4,29032.62,Low,8
2026-07-05,B002,Coimbatore,Tamil Nadu,P003,Washing Machine,Appliances,19,0,5,24,22,6,24916.21,Medium,6
2026-07-05,B002,Coimbatore,Tamil Nadu,P004,Microwave,Appliances,9,0,3,15,17,4,9465.57,Critical,8
2026-07-05,B002,Coimbatore,Tamil Nadu,P005,Laptop,Electronics,10,1,2,22,22,7,44308.44,Critical,6
2026-07-05,B002,Coimbatore,Tamil Nadu,P006,Smartphone,Electronics,46,6,17,51,56,18,16679.97,High,4
2026-07-05,B002,Coimbatore,Tamil Nadu,P007,Printer,Electronics,20,1,4,12,13,4,11281.06,Low,7
2026-07-05,B002,Coimbatore,Tamil Nadu,P008,Air Conditioner,Appliances,11,1,1,17,16,4,40936.92,Critical,9
2026-07-05,B002,Coimbatore,Tamil Nadu,P009,Router,Networking,14,1,7,31,32,8,3765.55,Critical,9
2026-07-05,B002,Coimbatore,Tamil Nadu,P010,Monitor,Electronics,45,1,2,29,34,11,15109.96,Low,10
2026-07-05,B003,Madurai,Tamil Nadu,P001,LED TV,Electronics,40,0,12,41,36,11,34266.75,Low,7
2026-07-05,B003,Madurai,Tamil Nadu,P002,Refrigerator,Appliances,31,2,1,24,25,7,29010.81,Medium,9
2026-07-05,B003,Madurai,Tamil Nadu,P003,Washing Machine,Appliances,24,0,5,21,19,6,24522.07,Low,9
2026-07-05,B003,Madurai,Tamil Nadu,P004,Microwave,Appliances,25,0,3,16,14,4,9055.89,Low,9
2026-07-05,B003,Madurai,Tamil Nadu,P005,Laptop,Electronics,11,2,4,26,26,5,45191.23,Critical,4
2026-07-05,B003,Madurai,Tamil Nadu,P006,Smartphone,Electronics,113,8,13,65,62,15,19234.54,Low,8
2026-07-05,B003,Madurai,Tamil Nadu,P007,Printer,Electronics,8,0,2,19,16,4,11441.64,Critical,5
2026-07-05,B003,Madurai,Tamil Nadu,P008,Air Conditioner,Appliances,15,0,2,13,13,4,39371.76,Low,6
2026-07-05,B003,Madurai,Tamil Nadu,P009,Router,Networking,43,0,7,32,33,8,3769.46,Low,6
2026-07-05,B003,Madurai,Tamil Nadu,P010,Monitor,Electronics,42,1,9,27,29,7,17195.65,Low,10
2026-07-05,B004,Salem,Tamil Nadu,P001,LED TV,Electronics,27,3,7,37,34,10,30273.02,High,10
2026-07-05,B004,Salem,Tamil Nadu,P002,Refrigerator,Appliances,29,2,2,18,18,5,28232.92,Low,9
2026-07-05,B004,Salem,Tamil Nadu,P003,Washing Machine,Appliances,21,1,0,13,13,3,23726.22,Low,3
2026-07-05,B004,Salem,Tamil Nadu,P004,Microwave,Appliances,26,0,5,15,15,3,9654.98,Low,3
2026-07-05,B004,Salem,Tamil Nadu,P005,Laptop,Electronics,28,2,3,18,16,5,46902.69,Low,4
2026-07-05,B004,Salem,Tamil Nadu,P006,Smartphone,Electronics,61,4,11,31,35,11,16639.26,Low,5
2026-07-05,B004,Salem,Tamil Nadu,P007,Printer,Electronics,14,0,2,11,11,3,12032.06,Low,4
2026-07-05,B004,Salem,Tamil Nadu,P008,Air Conditioner,Appliances,22,1,1,13,13,3,43768.09,Low,9
2026-07-05,B004,Salem,Tamil Nadu,P009,Router,Networking,35,0,3,37,27,6,3698.82,Low,6
2026-07-05,B004,Salem,Tamil Nadu,P010,Monitor,Electronics,31,1,0,16,18,4,16836.47,Low,9
2026-07-05,B005,Trichy,Tamil Nadu,P001,LED TV,Electronics,62,1,13,49,45,14,32200.16,Low,10
2026-07-05,B005,Trichy,Tamil Nadu,P002,Refrigerator,Appliances,22,1,3,18,18,4,26034.76,Low,8
2026-07-05,B005,Trichy,Tamil Nadu,P003,Washing Machine,Appliances,11,0,3,16,15,3,25792.69,High,8
2026-07-05,B005,Trichy,Tamil Nadu,P004,Microwave,Appliances,27,1,5,16,18,4,9457.96,Low,10
2026-07-05,B005,Trichy,Tamil Nadu,P005,Laptop,Electronics,43,3,8,24,25,6,49952.63,Low,7
2026-07-05,B005,Trichy,Tamil Nadu,P006,Smartphone,Electronics,43,4,0,40,41,10,17334.78,High,8
2026-07-05,B005,Trichy,Tamil Nadu,P007,Printer,Electronics,11,1,1,14,14,3,12411.69,High,7
2026-07-05,B005,Trichy,Tamil Nadu,P008,Air Conditioner,Appliances,13,2,2,19,19,5,39708.65,Critical,9
2026-07-05,B005,Trichy,Tamil Nadu,P009,Router,Networking,67,5,13,40,46,15,3373.48,Low,5
2026-07-05,B005,Trichy,Tamil Nadu,P010,Monitor,Electronics,14,2,5,26,24,5,15834.43,Critical,10
2026-07-05,B006,Tiruppur,Tamil Nadu,P001,LED TV,Electronics,27,1,2,17,17,3,29568.99,Low,6
2026-07-05,B006,Tiruppur,Tamil Nadu,P002,Refrigerator,Appliances,25,0,2,16,15,4,28004.87,Low,8
2026-07-05,B006,Tiruppur,Tamil Nadu,P003,Washing Machine,Appliances,21,1,5,18,18,3,22768.34,Low,10
2026-07-05,B006,Tiruppur,Tamil Nadu,P004,Microwave,Appliances,17,1,1,13,12,3,9455.63,Low,3
2026-07-05,B006,Tiruppur,Tamil Nadu,P005,Laptop,Electronics,26,2,6,20,21,6,44253.36,Low,10
2026-07-05,B006,Tiruppur,Tamil Nadu,P006,Smartphone,Electronics,41,1,5,42,41,8,19252.78,Medium,7
2026-07-05,B006,Tiruppur,Tamil Nadu,P007,Printer,Electronics,17,0,1,10,11,3,12356.05,Low,7
2026-07-05,B006,Tiruppur,Tamil Nadu,P008,Air Conditioner,Appliances,21,0,3,14,14,4,43917.01,Low,7
2026-07-05,B006,Tiruppur,Tamil Nadu,P009,Router,Networking,36,4,0,35,34,8,3510.47,High,3
2026-07-05,B006,Tiruppur,Tamil Nadu,P010,Monitor,Electronics,23,0,3,21,19,6,15243.37,Low,3
2026-07-05,B007,Erode,Tamil Nadu,P001,LED TV,Electronics,24,0,2,22,21,4,32802.59,Low,8
2026-07-05,B007,Erode,Tamil Nadu,P002,Refrigerator,Appliances,25,0,2,15,14,3,28877.17,Low,5
2026-07-05,B007,Erode,Tamil Nadu,P003,Washing Machine,Appliances,10,3,2,21,23,5,24675.94,Critical,3
2026-07-05,B007,Erode,Tamil Nadu,P004,Microwave,Appliances,12,0,0,14,16,4,8448.58,Critical,3
2026-07-05,B007,Erode,Tamil Nadu,P005,Laptop,Electronics,33,2,6,25,26,5,47294.6,Low,3
2026-07-05,B007,Erode,Tamil Nadu,P006,Smartphone,Electronics,90,1,12,50,50,14,18337.68,Low,10
2026-07-05,B007,Erode,Tamil Nadu,P007,Printer,Electronics,15,0,0,9,9,3,11874.05,Low,3
2026-07-05,B007,Erode,Tamil Nadu,P008,Air Conditioner,Appliances,16,0,2,13,11,3,44139.44,Low,9
2026-07-05,B007,Erode,Tamil Nadu,P009,Router,Networking,21,0,4,29,27,6,3630.33,High,4
2026-07-05,B007,Erode,Tamil Nadu,P010,Monitor,Electronics,28,4,4,27,31,7,15983.36,High,9
2026-07-05,B008,Vellore,Tamil Nadu,P001,LED TV,Electronics,41,2,4,27,27,7,29790.51,Low,4
2026-07-05,B008,Vellore,Tamil Nadu,P002,Refrigerator,Appliances,9,1,3,11,10,3,29612.01,Medium,4
2026-07-05,B008,Vellore,Tamil Nadu,P003,Washing Machine,Appliances,15,2,2,17,19,5,23779.37,Critical,6
2026-07-05,B008,Vellore,Tamil Nadu,P004,Microwave,Appliances,15,1,2,14,13,3,8569.58,Low,8
2026-07-05,B008,Vellore,Tamil Nadu,P005,Laptop,Electronics,37,0,5,21,21,5,47306.27,Low,4
2026-07-05,B008,Vellore,Tamil Nadu,P006,Smartphone,Electronics,67,6,18,56,56,12,18710.72,Low,5
2026-07-05,B008,Vellore,Tamil Nadu,P007,Printer,Electronics,13,0,1,14,15,3,12028.81,High,9
2026-07-05,B008,Vellore,Tamil Nadu,P008,Air Conditioner,Appliances,25,1,1,16,15,3,44078.66,Low,7
2026-07-05,B008,Vellore,Tamil Nadu,P009,Router,Networking,50,3,1,31,28,7,3439.93,Low,5
2026-07-05,B008,Vellore,Tamil Nadu,P010,Monitor,Electronics,35,2,2,20,22,6,15902.32,Low,8
2026-07-06,B001,Chennai,Tamil Nadu,P001,LED TV,Electronics,94,1,16,72,66,14,30615.54,Low,9
2026-07-06,B001,Chennai,Tamil Nadu,P002,Refrigerator,Appliances,34,3,2,29,28,9,28185.34,Medium,8
2026-07-06,B001,Chennai,Tamil Nadu,P003,Washing Machine,Appliances,15,0,4,25,26,6,24413.77,Critical,8
2026-07-06,B001,Chennai,Tamil Nadu,P004,Microwave,Appliances,15,1,3,18,17,4,9700.2,High,3
2026-07-06,B001,Chennai,Tamil Nadu,P005,Laptop,Electronics,36,2,1,29,25,7,48000.87,Low,5
2026-07-06,B001,Chennai,Tamil Nadu,P006,Smartphone,Electronics,196,11,18,96,108,21,19247.41,Low,9
2026-07-06,B001,Chennai,Tamil Nadu,P007,Printer,Electronics,18,2,1,19,18,4,12014.99,High,7
2026-07-06,B001,Chennai,Tamil Nadu,P008,Air Conditioner,Appliances,35,1,7,23,25,8,40131.17,Low,4
2026-07-06,B001,Chennai,Tamil Nadu,P009,Router,Networking,119,9,12,63,73,23,3406.83,Low,3
2026-07-06,B001,Chennai,Tamil Nadu,P010,Monitor,Electronics,49,3,0,38,48,15,15768.93,High,3
2026-07-06,B002,Coimbatore,Tamil Nadu,P001,LED TV,Electronics,88,0,10,44,48,13,29819.42,Low,4
2026-07-06,B002,Coimbatore,Tamil Nadu,P002,Refrigerator,Appliances,36,0,3,20,20,4,26073.62,Low,8
2026-07-06,B002,Coimbatore,Tamil Nadu,P003,Washing Machine,Appliances,21,2,4,19,19,4,24801.66,Low,5
2026-07-06,B002,Coimbatore,Tamil Nadu,P004,Microwave,Appliances,17,1,0,19,18,5,8429.3,High,10
2026-07-06,B002,Coimbatore,Tamil Nadu,P005,Laptop,Electronics,61,2,1,37,38,11,49314.49,Low,10
2026-07-06,B002,Coimbatore,Tamil Nadu,P006,Smartphone,Electronics,56,3,3,52,59,17,17303.71,High,9
2026-07-06,B002,Coimbatore,Tamil Nadu,P007,Printer,Electronics,27,1,1,19,21,7,11949.93,Medium,7
2026-07-06,B002,Coimbatore,Tamil Nadu,P008,Air Conditioner,Appliances,12,1,5,15,17,4,44477.26,High,4
2026-07-06,B002,Coimbatore,Tamil Nadu,P009,Router,Networking,55,2,10,38,38,8,3589.33,Low,10
2026-07-06,B002,Coimbatore,Tamil Nadu,P010,Monitor,Electronics,38,3,2,34,28,7,16073.53,Low,10
2026-07-06,B003,Madurai,Tamil Nadu,P001,LED TV,Electronics,56,1,9,46,43,10,33612.49,Low,6
2026-07-06,B003,Madurai,Tamil Nadu,P002,Refrigerator,Appliances,29,2,1,19,19,6,26733.19,Low,7
2026-07-06,B003,Madurai,Tamil Nadu,P003,Washing Machine,Appliances,9,1,2,18,19,5,25528.01,Critical,5
2026-07-06,B003,Madurai,Tamil Nadu,P004,Microwave,Appliances,26,0,4,19,19,5,9450.31,Low,7
2026-07-06,B003,Madurai,Tamil Nadu,P005,Laptop,Electronics,62,1,0,31,33,10,47317.95,Low,3
2026-07-06,B003,Madurai,Tamil Nadu,P006,Smartphone,Electronics,32,2,0,52,57,11,16609.39,Critical,10
2026-07-06,B003,Madurai,Tamil Nadu,P007,Printer,Electronics,29,1,3,17,18,3,12239.26,Low,7
2026-07-06,B003,Madurai,Tamil Nadu,P008,Air Conditioner,Appliances,12,0,2,11,9,3,39570.29,Low,3
2026-07-06,B003,Madurai,Tamil Nadu,P009,Router,Networking,79,2,8,49,44,14,3338.52,Low,5
2026-07-06,B003,Madurai,Tamil Nadu,P010,Monitor,Electronics,20,2,3,23,18,5,17149.95,Medium,7
2026-07-06,B004,Salem,Tamil Nadu,P001,LED TV,Electronics,92,1,8,46,51,13,32977.33,Low,9
2026-07-06,B004,Salem,Tamil Nadu,P002,Refrigerator,Appliances,23,0,0,21,22,7,28357.17,High,3
2026-07-06,B004,Salem,Tamil Nadu,P003,Washing Machine,Appliances,25,1,3,16,16,3,25298.52,Low,8
2026-07-06,B004,Salem,Tamil Nadu,P004,Microwave,Appliances,27,1,3,15,15,4,9480.66,Low,4
2026-07-06,B004,Salem,Tamil Nadu,P005,Laptop,Electronics,26,0,0,25,27,7,47411.21,High,8
2026-07-06,B004,Salem,Tamil Nadu,P006,Smartphone,Electronics,79,4,9,51,55,13,19371.42,Low,10
2026-07-06,B004,Salem,Tamil Nadu,P007,Printer,Electronics,20,1,0,14,13,3,12762.94,Low,9
2026-07-06,B004,Salem,Tamil Nadu,P008,Air Conditioner,Appliances,33,0,2,19,21,7,41565.85,Low,6
2026-07-06,B004,Salem,Tamil Nadu,P009,Router,Networking,25,2,1,43,44,14,3338.04,Critical,4
2026-07-06,B004,Salem,Tamil Nadu,P010,Monitor,Electronics,10,1,3,19,19,6,17242.38,Critical,3
2026-07-06,B005,Trichy,Tamil Nadu,P001,LED TV,Electronics,65,2,4,39,41,9,30630.43,Low,6
2026-07-06,B005,Trichy,Tamil Nadu,P002,Refrigerator,Appliances,14,2,0,15,16,4,29784.11,Critical,4
2026-07-06,B005,Trichy,Tamil Nadu,P003,Washing Machine,Appliances,11,1,2,22,21,4,24243.49,Critical,10
2026-07-06,B005,Trichy,Tamil Nadu,P004,Microwave,Appliances,10,0,0,14,12,3,8530.91,High,9
2026-07-06,B005,Trichy,Tamil Nadu,P005,Laptop,Electronics,39,0,3,26,24,5,47680.75,Low,7
2026-07-06,B005,Trichy,Tamil Nadu,P006,Smartphone,Electronics,69,1,0,58,49,17,16923.91,Low,7
2026-07-06,B005,Trichy,Tamil Nadu,P007,Printer,Electronics,13,0,1,10,9,3,12649.4,Low,9
2026-07-06,B005,Trichy,Tamil Nadu,P008,Air Conditioner,Appliances,20,0,2,15,14,3,44710.16,Low,7
2026-07-06,B005,Trichy,Tamil Nadu,P009,Router,Networking,91,2,12,58,66,18,3428.42,Low,10
2026-07-06,B005,Trichy,Tamil Nadu,P010,Monitor,Electronics,13,2,3,20,19,6,15760.79,Critical,10
2026-07-06,B006,Tiruppur,Tamil Nadu,P001,LED TV,Electronics,48,0,4,38,38,13,33524.39,Low,5
2026-07-06,B006,Tiruppur,Tamil Nadu,P002,Refrigerator,Appliances,19,0,5,14,15,4,25873.06,Low,9
2026-07-06,B006,Tiruppur,Tamil Nadu,P003,Washing Machine,Appliances,14,0,5,18,17,4,25123.56,Medium,6
2026-07-06,B006,Tiruppur,Tamil Nadu,P004,Microwave,Appliances,10,0,0,9,8,3,8621.4,Medium,5
2026-07-06,B006,Tiruppur,Tamil Nadu,P005,Laptop,Electronics,21,1,5,20,19,6,45346.5,Low,4
2026-07-06,B006,Tiruppur,Tamil Nadu,P006,Smartphone,Electronics,97,3,13,47,54,16,17929.98,Low,5
2026-07-06,B006,Tiruppur,Tamil Nadu,P007,Printer,Electronics,17,0,1,12,10,3,11136.47,Low,6
2026-07-06,B006,Tiruppur,Tamil Nadu,P008,Air Conditioner,Appliances,26,1,3,15,14,4,40088.17,Low,10
2026-07-06,B006,Tiruppur,Tamil Nadu,P009,Router,Networking,25,2,10,40,37,8,3439.57,High,5
2026-07-06,B006,Tiruppur,Tamil Nadu,P010,Monitor,Electronics,38,3,9,29,31,7,17094.03,Low,8
2026-07-06,B007,Erode,Tamil Nadu,P001,LED TV,Electronics,30,1,0,34,38,12,34362.84,Critical,9
2026-07-06,B007,Erode,Tamil Nadu,P002,Refrigerator,Appliances,18,0,1,14,13,3,28535.88,Low,7
2026-07-06,B007,Erode,Tamil Nadu,P003,Washing Machine,Appliances,15,2,0,17,18,4,24829.63,Critical,3
2026-07-06,B007,Erode,Tamil Nadu,P004,Microwave,Appliances,5,0,0,9,7,3,9503.33,Critical,4
2026-07-06,B007,Erode,Tamil Nadu,P005,Laptop,Electronics,18,1,8,27,26,8,44634.69,High,3
2026-07-06,B007,Erode,Tamil Nadu,P006,Smartphone,Electronics,44,3,15,51,47,11,17105.45,Medium,10
2026-07-06,B007,Erode,Tamil Nadu,P007,Printer,Electronics,23,1,4,16,15,4,12609.42,Low,4
2026-07-06,B007,Erode,Tamil Nadu,P008,Air Conditioner,Appliances,22,1,1,15,15,3,43730.16,Low,6
2026-07-06,B007,Erode,Tamil Nadu,P009,Router,Networking,29,1,4,45,41,9,3460.78,High,3
2026-07-06,B007,Erode,Tamil Nadu,P010,Monitor,Electronics,11,1,5,18,18,4,15070.95,High,9
2026-07-06,B008,Vellore,Tamil Nadu,P001,LED TV,Electronics,34,3,3,28,28,6,33192.96,Low,6
2026-07-06,B008,Vellore,Tamil Nadu,P002,Refrigerator,Appliances,15,1,1,13,13,4,28271.4,Medium,6
2026-07-06,B008,Vellore,Tamil Nadu,P003,Washing Machine,Appliances,19,0,5,17,17,4,22904.43,Low,3
2026-07-06,B008,Vellore,Tamil Nadu,P004,Microwave,Appliances,18,1,1,14,14,4,9537.28,Low,7
2026-07-06,B008,Vellore,Tamil Nadu,P005,Laptop,Electronics,27,2,1,16,17,5,51607.48,Low,7
2026-07-06,B008,Vellore,Tamil Nadu,P006,Smartphone,Electronics,20,3,3,43,42,9,19409.56,Critical,3
2026-07-06,B008,Vellore,Tamil Nadu,P007,Printer,Electronics,18,1,1,13,11,3,11713.57,Low,10
2026-07-06,B008,Vellore,Tamil Nadu,P008,Air Conditioner,Appliances,9,1,1,10,10,3,39867.56,High,10
2026-07-06,B008,Vellore,Tamil Nadu,P009,Router,Networking,51,2,15,44,46,11,3286.44,Low,8
2026-07-06,B008,Vellore,Tamil Nadu,P010,Monitor,Electronics,36,0,1,21,20,5,16394.65,Low,4
2026-07-07,B001,Chennai,Tamil Nadu,P001,LED TV,Electronics,32,3,2,57,60,18,32577.51,Critical,5
2026-07-07,B001,Chennai,Tamil Nadu,P002,Refrigerator,Appliances,18,2,7,24,24,7,25969.6,High,10
2026-07-07,B001,Chennai,Tamil Nadu,P003,Washing Machine,Appliances,13,1,3,21,23,5,24675.16,Critical,8
2026-07-07,B001,Chennai,Tamil Nadu,P004,Microwave,Appliances,20,0,5,17,16,3,8505.05,Low,4
2026-07-07,B001,Chennai,Tamil Nadu,P005,Laptop,Electronics,46,4,2,30,31,8,50965.88,Low,10
2026-07-07,B001,Chennai,Tamil Nadu,P006,Smartphone,Electronics,42,0,5,51,49,12,16683.99,High,7
2026-07-07,B001,Chennai,Tamil Nadu,P007,Printer,Electronics,13,2,3,22,21,6,12661.76,Critical,8
2026-07-07,B001,Chennai,Tamil Nadu,P008,Air Conditioner,Appliances,22,0,4,22,21,5,40483.86,Low,4
2026-07-07,B001,Chennai,Tamil Nadu,P009,Router,Networking,41,0,16,46,49,10,3760.82,Medium,6
2026-07-07,B001,Chennai,Tamil Nadu,P010,Monitor,Electronics,47,1,1,30,29,9,15698.57,Low,9
2026-07-07,B002,Coimbatore,Tamil Nadu,P001,LED TV,Electronics,65,0,14,46,45,13,30367.66,Low,5
2026-07-07,B002,Coimbatore,Tamil Nadu,P002,Refrigerator,Appliances,35,2,0,19,20,5,28293.08,Low,9
2026-07-07,B002,Coimbatore,Tamil Nadu,P003,Washing Machine,Appliances,23,0,0,23,23,4,24621.0,Medium,6
2026-07-07,B002,Coimbatore,Tamil Nadu,P004,Microwave,Appliances,23,1,1,14,14,3,8660.9,Low,8
2026-07-07,B002,Coimbatore,Tamil Nadu,P005,Laptop,Electronics,34,1,0,27,27,5,48639.38,Low,8
2026-07-07,B002,Coimbatore,Tamil Nadu,P006,Smartphone,Electronics,84,3,11,53,58,13,16578.02,Low,4
2026-07-07,B002,Coimbatore,Tamil Nadu,P007,Printer,Electronics,26,0,2,17,15,3,11137.1,Low,6
2026-07-07,B002,Coimbatore,Tamil Nadu,P008,Air Conditioner,Appliances,11,0,0,14,13,3,39244.24,High,6
2026-07-07,B002,Coimbatore,Tamil Nadu,P009,Router,Networking,18,1,8,33,32,10,3248.72,Critical,6
2026-07-07,B002,Coimbatore,Tamil Nadu,P010,Monitor,Electronics,48,2,2,31,33,8,15253.99,Low,7
2026-07-07,B003,Madurai,Tamil Nadu,P001,LED TV,Electronics,32,2,5,37,39,8,32920.05,High,7
2026-07-07,B003,Madurai,Tamil Nadu,P002,Refrigerator,Appliances,33,0,7,19,21,5,27304.78,Low,6
2026-07-07,B003,Madurai,Tamil Nadu,P003,Washing Machine,Appliances,19,0,4,18,19,4,25252.09,Low,3
2026-07-07,B003,Madurai,Tamil Nadu,P004,Microwave,Appliances,16,0,0,12,12,3,8330.31,Low,6
2026-07-07,B003,Madurai,Tamil Nadu,P005,Laptop,Electronics,32,2,8,32,37,12,47317.94,High,4
2026-07-07,B003,Madurai,Tamil Nadu,P006,Smartphone,Electronics,106,0,11,70,77,21,17363.34,Low,5
2026-07-07,B003,Madurai,Tamil Nadu,P007,Printer,Electronics,27,0,5,17,17,3,12944.57,Low,3
2026-07-07,B003,Madurai,Tamil Nadu,P008,Air Conditioner,Appliances,26,1,0,19,20,6,40574.23,Medium,4
2026-07-07,B003,Madurai,Tamil Nadu,P009,Router,Networking,77,4,11,52,54,13,3602.22,Low,6
2026-07-07,B003,Madurai,Tamil Nadu,P010,Monitor,Electronics,39,2,2,28,28,6,16385.09,Low,7
2026-07-07,B004,Salem,Tamil Nadu,P001,LED TV,Electronics,71,2,7,45,47,9,34195.76,Low,10
2026-07-07,B004,Salem,Tamil Nadu,P002,Refrigerator,Appliances,24,2,4,20,21,6,29004.66,Medium,8
2026-07-07,B004,Salem,Tamil Nadu,P003,Washing Machine,Appliances,9,2,3,21,19,6,24245.45,Critical,10
2026-07-07,B004,Salem,Tamil Nadu,P004,Microwave,Appliances,7,1,3,15,12,3,8496.99,Critical,8
2026-07-07,B004,Salem,Tamil Nadu,P005,Laptop,Electronics,32,2,6,20,22,6,49354.45,Low,6
2026-07-07,B004,Salem,Tamil Nadu,P006,Smartphone,Electronics,111,0,23,62,72,17,17498.37,Low,5
2026-07-07,B004,Salem,Tamil Nadu,P007,Printer,Electronics,10,1,2,11,11,3,11698.04,High,10
2026-07-07,B004,Salem,Tamil Nadu,P008,Air Conditioner,Appliances,17,0,1,14,10,3,40647.82,Low,5
2026-07-07,B004,Salem,Tamil Nadu,P009,Router,Networking,33,3,9,29,27,5,3536.82,Low,3
2026-07-07,B004,Salem,Tamil Nadu,P010,Monitor,Electronics,41,4,2,28,29,7,15718.14,Low,3
2026-07-07,B005,Trichy,Tamil Nadu,P001,LED TV,Electronics,63,2,6,35,34,7,33912.93,Low,5
2026-07-07,B005,Trichy,Tamil Nadu,P002,Refrigerator,Appliances,19,0,2,16,17,4,29610.81,Low,10
2026-07-07,B005,Trichy,Tamil Nadu,P003,Washing Machine,Appliances,9,1,3,16,15,4,24770.35,Critical,3
2026-07-07,B005,Trichy,Tamil Nadu,P004,Microwave,Appliances,8,1,3,13,14,4,9385.2,Critical,6
2026-07-07,B005,Trichy,Tamil Nadu,P005,Laptop,Electronics,24,0,11,37,34,11,44989.78,High,4
2026-07-07,B005,Trichy,Tamil Nadu,P006,Smartphone,Electronics,53,4,12,41,38,11,17925.59,Low,9
2026-07-07,B005,Trichy,Tamil Nadu,P007,Printer,Electronics,6,0,2,14,12,3,11524.44,Critical,8
2026-07-07,B005,Trichy,Tamil Nadu,P008,Air Conditioner,Appliances,14,0,3,12,12,4,39141.57,Low,9
2026-07-07,B005,Trichy,Tamil Nadu,P009,Router,Networking,38,1,9,31,31,9,3231.72,Low,10
2026-07-07,B005,Trichy,Tamil Nadu,P010,Monitor,Electronics,29,3,5,21,22,7,15506.53,Low,6
2026-07-07,B006,Tiruppur,Tamil Nadu,P001,LED TV,Electronics,33,0,4,37,34,11,32030.37,High,8
2026-07-07,B006,Tiruppur,Tamil Nadu,P002,Refrigerator,Appliances,8,1,4,15,14,3,27785.35,High,3
2026-07-07,B006,Tiruppur,Tamil Nadu,P003,Washing Machine,Appliances,9,0,0,10,9,3,25204.7,High,4
2026-07-07,B006,Tiruppur,Tamil Nadu,P004,Microwave,Appliances,7,0,1,10,10,3,8440.14,Critical,5
2026-07-07,B006,Tiruppur,Tamil Nadu,P005,Laptop,Electronics,12,1,1,19,18,4,44609.78,Critical,3
2026-07-07,B006,Tiruppur,Tamil Nadu,P006,Smartphone,Electronics,27,1,4,45,44,9,18086.31,Critical,5
2026-07-07,B006,Tiruppur,Tamil Nadu,P007,Printer,Electronics,12,0,0,14,14,3,11870.92,High,6
2026-07-07,B006,Tiruppur,Tamil Nadu,P008,Air Conditioner,Appliances,20,1,1,15,18,4,40756.87,Medium,4
2026-07-07,B006,Tiruppur,Tamil Nadu,P009,Router,Networking,41,6,2,47,49,15,3710.07,Critical,9
2026-07-07,B006,Tiruppur,Tamil Nadu,P010,Monitor,Electronics,22,0,2,16,14,4,17268.83,Low,8
2026-07-07,B007,Erode,Tamil Nadu,P001,LED TV,Electronics,65,0,12,31,36,11,29881.0,Low,9
2026-07-07,B007,Erode,Tamil Nadu,P002,Refrigerator,Appliances,17,0,0,15,13,3,26329.39,Low,9
2026-07-07,B007,Erode,Tamil Nadu,P003,Washing Machine,Appliances,17,0,4,15,16,3,25253.15,Low,4
2026-07-07,B007,Erode,Tamil Nadu,P004,Microwave,Appliances,7,1,1,12,10,3,8921.36,Critical,7
2026-07-07,B007,Erode,Tamil Nadu,P005,Laptop,Electronics,33,0,5,25,25,7,48549.95,Low,7
2026-07-07,B007,Erode,Tamil Nadu,P006,Smartphone,Electronics,43,6,9,48,50,15,17636.57,High,9
2026-07-07,B007,Erode,Tamil Nadu,P007,Printer,Electronics,5,0,0,8,8,3,11803.76,Critical,7
2026-07-07,B007,Erode,Tamil Nadu,P008,Air Conditioner,Appliances,4,0,1,10,9,3,42137.42,Critical,5
2026-07-07,B007,Erode,Tamil Nadu,P009,Router,Networking,20,0,0,37,40,13,3323.76,Critical,10
2026-07-07,B007,Erode,Tamil Nadu,P010,Monitor,Electronics,11,0,1,8,9,3,17118.54,Low,3
2026-07-07,B008,Vellore,Tamil Nadu,P001,LED TV,Electronics,47,2,8,25,25,6,30169.89,Low,7
2026-07-07,B008,Vellore,Tamil Nadu,P002,Refrigerator,Appliances,9,0,1,15,14,4,29191.55,Critical,3
2026-07-07,B008,Vellore,Tamil Nadu,P003,Washing Machine,Appliances,11,0,5,16,16,4,24381.54,High,10
2026-07-07,B008,Vellore,Tamil Nadu,P004,Microwave,Appliances,13,0,2,10,10,3,8441.8,Low,9
2026-07-07,B008,Vellore,Tamil Nadu,P005,Laptop,Electronics,34,0,5,20,18,5,50539.18,Low,6
2026-07-07,B008,Vellore,Tamil Nadu,P006,Smartphone,Electronics,96,0,4,72,72,22,18894.15,Low,6
2026-07-07,B008,Vellore,Tamil Nadu,P007,Printer,Electronics,22,1,0,16,14,4,12368.74,Low,4
2026-07-07,B008,Vellore,Tamil Nadu,P008,Air Conditioner,Appliances,18,1,0,12,14,4,42892.43,Medium,5
2026-07-07,B008,Vellore,Tamil Nadu,P009,Router,Networking,56,4,9,32,31,6,3775.26,Low,3
2026-07-07,B008,Vellore,Tamil Nadu,P010,Monitor,Electronics,21,1,4,16,15,4,15615.63,Low,9
2026-07-08,B001,Chennai,Tamil Nadu,P001,LED TV,Electronics,63,1,12,55,50,14,29569.02,Low,4
2026-07-08,B001,Chennai,Tamil Nadu,P002,Refrigerator,Appliances,20,2,3,22,22,6,26636.99,High,10
2026-07-08,B001,Chennai,Tamil Nadu,P003,Washing Machine,Appliances,25,1,6,26,31,6,24052.64,High,3
2026-07-08,B001,Chennai,Tamil Nadu,P004,Microwave,Appliances,12,0,1,18,15,5,8430.73,Critical,5
2026-07-08,B001,Chennai,Tamil Nadu,P005,Laptop,Electronics,44,2,4,37,33,7,48164.18,Low,8
2026-07-08,B001,Chennai,Tamil Nadu,P006,Smartphone,Electronics,40,5,7,60,65,17,18365.67,Critical,9
2026-07-08,B001,Chennai,Tamil Nadu,P007,Printer,Electronics,26,0,1,22,21,7,11421.4,Medium,9
2026-07-08,B001,Chennai,Tamil Nadu,P008,Air Conditioner,Appliances,19,0,4,18,15,4,39831.63,Low,9
2026-07-08,B001,Chennai,Tamil Nadu,P009,Router,Networking,47,3,15,61,55,12,3227.76,Medium,9
2026-07-08,B001,Chennai,Tamil Nadu,P010,Monitor,Electronics,27,1,6,31,33,8,16529.96,High,7
2026-07-08,B002,Coimbatore,Tamil Nadu,P001,LED TV,Electronics,115,9,16,60,64,19,30910.57,Low,10
2026-07-08,B002,Coimbatore,Tamil Nadu,P002,Refrigerator,Appliances,10,0,5,15,16,3,25870.29,High,6
2026-07-08,B002,Coimbatore,Tamil Nadu,P003,Washing Machine,Appliances,44,3,3,29,29,6,23657.02,Low,9
2026-07-08,B002,Coimbatore,Tamil Nadu,P004,Microwave,Appliances,20,1,6,19,20,4,8497.97,Low,9
2026-07-08,B002,Coimbatore,Tamil Nadu,P005,Laptop,Electronics,44,3,6,30,31,6,45748.36,Low,8
2026-07-08,B002,Coimbatore,Tamil Nadu,P006,Smartphone,Electronics,44,4,6,50,49,11,16579.63,High,8
2026-07-08,B002,Coimbatore,Tamil Nadu,P007,Printer,Electronics,14,1,4,16,15,5,12664.56,Medium,3
2026-07-08,B002,Coimbatore,Tamil Nadu,P008,Air Conditioner,Appliances,36,3,2,21,23,4,44099.27,Low,4
2026-07-08,B002,Coimbatore,Tamil Nadu,P009,Router,Networking,48,7,16,57,55,18,3648.2,High,3
2026-07-08,B002,Coimbatore,Tamil Nadu,P010,Monitor,Electronics,38,0,2,25,27,5,15503.48,Low,6
2026-07-08,B003,Madurai,Tamil Nadu,P001,LED TV,Electronics,82,2,10,44,45,9,33289.34,Low,10
2026-07-08,B003,Madurai,Tamil Nadu,P002,Refrigerator,Appliances,27,2,3,16,17,5,26127.21,Low,8
2026-07-08,B003,Madurai,Tamil Nadu,P003,Washing Machine,Appliances,10,2,3,21,20,4,25340.54,Critical,6
2026-07-08,B003,Madurai,Tamil Nadu,P004,Microwave,Appliances,20,0,3,16,15,4,8723.34,Low,3
2026-07-08,B003,Madurai,Tamil Nadu,P005,Laptop,Electronics,50,0,9,34,34,11,49313.38,Low,7
2026-07-08,B003,Madurai,Tamil Nadu,P006,Smartphone,Electronics,41,2,1,47,46,13,17567.41,High,4
2026-07-08,B003,Madurai,Tamil Nadu,P007,Printer,Electronics,18,0,2,10,10,3,11794.79,Low,10
2026-07-08,B003,Madurai,Tamil Nadu,P008,Air Conditioner,Appliances,9,0,0,16,14,3,39459.09,Critical,3
2026-07-08,B003,Madurai,Tamil Nadu,P009,Router,Networking,56,2,6,43,43,12,3659.64,Low,5
2026-07-08,B003,Madurai,Tamil Nadu,P010,Monitor,Electronics,11,3,5,21,22,5,16630.69,Critical,3
2026-07-08,B004,Salem,Tamil Nadu,P001,LED TV,Electronics,35,0,2,37,37,12,31583.72,High,3
2026-07-08,B004,Salem,Tamil Nadu,P002,Refrigerator,Appliances,12,1,3,16,15,4,29043.21,High,3
2026-07-08,B004,Salem,Tamil Nadu,P003,Washing Machine,Appliances,11,1,2,19,19,5,23519.33,Critical,10
2026-07-08,B004,Salem,Tamil Nadu,P004,Microwave,Appliances,17,0,0,10,10,3,9360.38,Low,10
2026-07-08,B004,Salem,Tamil Nadu,P005,Laptop,Electronics,21,1,5,24,23,7,48068.31,High,9
2026-07-08,B004,Salem,Tamil Nadu,P006,Smartphone,Electronics,75,0,17,56,62,12,17483.69,Low,9
2026-07-08,B004,Salem,Tamil Nadu,P007,Printer,Electronics,18,1,0,10,10,3,12396.23,Low,8
2026-07-08,B004,Salem,Tamil Nadu,P008,Air Conditioner,Appliances,8,0,4,13,14,4,39101.32,High,10
2026-07-08,B004,Salem,Tamil Nadu,P009,Router,Networking,15,0,5,31,29,6,3383.16,Critical,5
2026-07-08,B004,Salem,Tamil Nadu,P010,Monitor,Electronics,24,1,2,18,15,5,16870.39,Low,8
2026-07-08,B005,Trichy,Tamil Nadu,P001,LED TV,Electronics,33,0,10,38,37,9,30067.19,Medium,10
2026-07-08,B005,Trichy,Tamil Nadu,P002,Refrigerator,Appliances,18,0,3,13,12,3,26291.6,Low,3
2026-07-08,B005,Trichy,Tamil Nadu,P003,Washing Machine,Appliances,8,1,4,18,18,5,25669.61,Critical,5
2026-07-08,B005,Trichy,Tamil Nadu,P004,Microwave,Appliances,24,2,3,14,14,3,8921.45,Low,10
2026-07-08,B005,Trichy,Tamil Nadu,P005,Laptop,Electronics,27,2,5,22,23,5,49117.7,Low,8
2026-07-08,B005,Trichy,Tamil Nadu,P006,Smartphone,Electronics,35,1,15,49,46,14,17164.51,High,9
2026-07-08,B005,Trichy,Tamil Nadu,P007,Printer,Electronics,8,0,3,12,12,3,11311.1,High,9
2026-07-08,B005,Trichy,Tamil Nadu,P008,Air Conditioner,Appliances,18,1,4,15,16,4,42863.97,Low,7
2026-07-08,B005,Trichy,Tamil Nadu,P009,Router,Networking,51,2,12,52,55,11,3419.34,Medium,9
2026-07-08,B005,Trichy,Tamil Nadu,P010,Monitor,Electronics,22,1,9,26,28,7,16403.88,Medium,5
2026-07-08,B006,Tiruppur,Tamil Nadu,P001,LED TV,Electronics,48,6,3,44,50,15,31841.49,High,4
2026-07-08,B006,Tiruppur,Tamil Nadu,P002,Refrigerator,Appliances,6,0,0,7,6,3,26083.8,Critical,4
2026-07-08,B006,Tiruppur,Tamil Nadu,P003,Washing Machine,Appliances,11,0,0,15,15,4,22645.11,Critical,10
2026-07-08,B006,Tiruppur,Tamil Nadu,P004,Microwave,Appliances,8,0,2,8,8,3,8773.69,Medium,3
2026-07-08,B006,Tiruppur,Tamil Nadu,P005,Laptop,Electronics,43,2,4,27,25,7,45661.12,Low,10
2026-07-08,B006,Tiruppur,Tamil Nadu,P006,Smartphone,Electronics,83,0,0,54,48,11,18005.78,Low,10
2026-07-08,B006,Tiruppur,Tamil Nadu,P007,Printer,Electronics,11,0,1,14,14,3,12468.3,High,6
2026-07-08,B006,Tiruppur,Tamil Nadu,P008,Air Conditioner,Appliances,25,2,1,19,19,4,44803.72,Low,5
2026-07-08,B006,Tiruppur,Tamil Nadu,P009,Router,Networking,49,3,15,50,52,16,3423.42,Medium,6
2026-07-08,B006,Tiruppur,Tamil Nadu,P010,Monitor,Electronics,30,0,6,23,25,6,15861.65,Low,3
2026-07-08,B007,Erode,Tamil Nadu,P001,LED TV,Electronics,66,2,9,46,43,11,30394.47,Low,3
2026-07-08,B007,Erode,Tamil Nadu,P002,Refrigerator,Appliances,14,0,1,13,13,3,26235.44,Medium,6
2026-07-08,B007,Erode,Tamil Nadu,P003,Washing Machine,Appliances,10,0,0,12,9,3,23795.43,High,4
2026-07-08,B007,Erode,Tamil Nadu,P004,Microwave,Appliances,1,0,0,4,4,3,8838.28,Critical,10
2026-07-08,B007,Erode,Tamil Nadu,P005,Laptop,Electronics,21,1,4,16,16,4,51651.15,Low,10
2026-07-08,B007,Erode,Tamil Nadu,P006,Smartphone,Electronics,55,1,1,47,47,13,18985.27,Medium,8
2026-07-08,B007,Erode,Tamil Nadu,P007,Printer,Electronics,11,0,2,7,7,3,11209.22,Low,10
2026-07-08,B007,Erode,Tamil Nadu,P008,Air Conditioner,Appliances,23,1,3,16,14,3,39440.4,Low,5
2026-07-08,B007,Erode,Tamil Nadu,P009,Router,Networking,27,2,9,31,30,6,3593.48,Medium,5
2026-07-08,B007,Erode,Tamil Nadu,P010,Monitor,Electronics,10,0,2,15,14,4,16823.4,High,3
2026-07-08,B008,Vellore,Tamil Nadu,P001,LED TV,Electronics,41,2,1,35,33,9,31384.26,Medium,8
2026-07-08,B008,Vellore,Tamil Nadu,P002,Refrigerator,Appliances,10,1,1,16,17,3,27231.17,Critical,5
2026-07-08,B008,Vellore,Tamil Nadu,P003,Washing Machine,Appliances,30,1,4,22,25,6,22838.61,Low,6
2026-07-08,B008,Vellore,Tamil Nadu,P004,Microwave,Appliances,16,1,3,15,14,3,9439.37,Low,6
2026-07-08,B008,Vellore,Tamil Nadu,P005,Laptop,Electronics,31,1,6,27,27,9,44441.96,Low,6
2026-07-08,B008,Vellore,Tamil Nadu,P006,Smartphone,Electronics,29,5,1,57,56,11,17494.87,Critical,10
2026-07-08,B008,Vellore,Tamil Nadu,P007,Printer,Electronics,9,0,1,12,12,3,11183.8,High,3
2026-07-08,B008,Vellore,Tamil Nadu,P008,Air Conditioner,Appliances,13,2,2,17,17,3,45233.54,High,3
2026-07-08,B008,Vellore,Tamil Nadu,P009,Router,Networking,53,0,7,50,50,11,3543.46,Medium,8
2026-07-08,B008,Vellore,Tamil Nadu,P010,Monitor,Electronics,31,0,2,16,18,5,17262.76,Low,4
2026-07-09,B001,Chennai,Tamil Nadu,P001,LED TV,Electronics,99,4,12,68,73,17,33319.82,Low,8
2026-07-09,B001,Chennai,Tamil Nadu,P002,Refrigerator,Appliances,26,0,0,21,21,4,27181.9,Low,5
2026-07-09,B001,Chennai,Tamil Nadu,P003,Washing Machine,Appliances,17,0,10,27,30,8,23527.63,High,8
2026-07-09,B001,Chennai,Tamil Nadu,P004,Microwave,Appliances,11,2,6,23,22,5,8511.25,Critical,7
2026-07-09,B001,Chennai,Tamil Nadu,P005,Laptop,Electronics,26,1,2,41,42,12,51139.79,Critical,10
2026-07-09,B001,Chennai,Tamil Nadu,P006,Smartphone,Electronics,37,3,4,58,55,16,18563.89,Critical,7
2026-07-09,B001,Chennai,Tamil Nadu,P007,Printer,Electronics,11,2,1,18,18,4,11290.28,Critical,10
2026-07-09,B001,Chennai,Tamil Nadu,P008,Air Conditioner,Appliances,10,1,2,22,23,5,38891.31,Critical,3
2026-07-09,B001,Chennai,Tamil Nadu,P009,Router,Networking,112,1,22,67,68,17,3640.8,Low,4
2026-07-09,B001,Chennai,Tamil Nadu,P010,Monitor,Electronics,41,3,2,39,39,8,16326.32,Medium,7
2026-07-09,B002,Coimbatore,Tamil Nadu,P001,LED TV,Electronics,55,2,5,51,55,11,34472.69,Medium,4
2026-07-09,B002,Coimbatore,Tamil Nadu,P002,Refrigerator,Appliances,14,1,4,19,18,4,29570.26,High,5
2026-07-09,B002,Coimbatore,Tamil Nadu,P003,Washing Machine,Appliances,31,1,6,26,24,6,22956.79,Low,6
2026-07-09,B002,Coimbatore,Tamil Nadu,P004,Microwave,Appliances,18,0,4,14,13,3,9526.42,Low,8
2026-07-09,B002,Coimbatore,Tamil Nadu,P005,Laptop,Electronics,61,2,7,39,42,11,44216.47,Low,10
2026-07-09,B002,Coimbatore,Tamil Nadu,P006,Smartphone,Electronics,95,2,11,63,62,17,19027.69,Low,3
2026-07-09,B002,Coimbatore,Tamil Nadu,P007,Printer,Electronics,30,1,2,16,18,5,11781.22,Low,6
2026-07-09,B002,Coimbatore,Tamil Nadu,P008,Air Conditioner,Appliances,39,1,0,19,21,6,38844.39,Low,6
2026-07-09,B002,Coimbatore,Tamil Nadu,P009,Router,Networking,61,0,16,47,49,15,3507.06,Low,9
2026-07-09,B002,Coimbatore,Tamil Nadu,P010,Monitor,Electronics,44,0,5,33,33,9,16551.38,Low,5
2026-07-09,B003,Madurai,Tamil Nadu,P001,LED TV,Electronics,27,4,3,30,30,6,34499.2,High,4
2026-07-09,B003,Madurai,Tamil Nadu,P002,Refrigerator,Appliances,13,0,3,16,16,4,28096.55,High,3
2026-07-09,B003,Madurai,Tamil Nadu,P003,Washing Machine,Appliances,8,0,4,16,17,3,22596.22,Critical,9
2026-07-09,B003,Madurai,Tamil Nadu,P004,Microwave,Appliances,13,1,0,16,16,4,9157.69,Critical,8
2026-07-09,B003,Madurai,Tamil Nadu,P005,Laptop,Electronics,28,3,8,34,28,7,46739.07,Medium,7
2026-07-09,B003,Madurai,Tamil Nadu,P006,Smartphone,Electronics,73,3,21,64,65,15,18932.1,Low,3
2026-07-09,B003,Madurai,Tamil Nadu,P007,Printer,Electronics,11,0,0,11,11,3,11647.6,High,7
2026-07-09,B003,Madurai,Tamil Nadu,P008,Air Conditioner,Appliances,16,0,1,15,16,4,43976.91,Medium,7
2026-07-09,B003,Madurai,Tamil Nadu,P009,Router,Networking,38,3,11,45,47,9,3630.57,High,9
2026-07-09,B003,Madurai,Tamil Nadu,P010,Monitor,Electronics,13,0,0,27,26,5,16883.23,Critical,7
2026-07-09,B004,Salem,Tamil Nadu,P001,LED TV,Electronics,41,5,7,39,35,10,31339.39,Medium,10
2026-07-09,B004,Salem,Tamil Nadu,P002,Refrigerator,Appliances,12,1,0,16,13,4,29122.68,Critical,4
2026-07-09,B004,Salem,Tamil Nadu,P003,Washing Machine,Appliances,38,1,6,18,21,5,22615.49,Low,7
2026-07-09,B004,Salem,Tamil Nadu,P004,Microwave,Appliances,14,0,0,12,10,3,8657.98,Low,3
2026-07-09,B004,Salem,Tamil Nadu,P005,Laptop,Electronics,44,0,2,23,24,8,51037.87,Low,6
2026-07-09,B004,Salem,Tamil Nadu,P006,Smartphone,Electronics,38,2,2,56,55,12,17223.32,Critical,9
2026-07-09,B004,Salem,Tamil Nadu,P007,Printer,Electronics,9,0,1,12,11,3,11409.14,High,8
2026-07-09,B004,Salem,Tamil Nadu,P008,Air Conditioner,Appliances,19,1,4,14,16,5,41362.33,Low,3
2026-07-09,B004,Salem,Tamil Nadu,P009,Router,Networking,74,0,10,46,52,11,3634.17,Low,8
2026-07-09,B004,Salem,Tamil Nadu,P010,Monitor,Electronics,28,1,8,29,27,8,16453.49,Low,5
2026-07-09,B005,Trichy,Tamil Nadu,P001,LED TV,Electronics,27,1,3,49,43,12,30533.34,Critical,7
2026-07-09,B005,Trichy,Tamil Nadu,P002,Refrigerator,Appliances,22,0,2,13,13,4,27118.71,Low,10
2026-07-09,B005,Trichy,Tamil Nadu,P003,Washing Machine,Appliances,20,1,3,14,13,3,23461.15,Low,3
2026-07-09,B005,Trichy,Tamil Nadu,P004,Microwave,Appliances,20,1,0,12,11,3,8533.48,Low,5
2026-07-09,B005,Trichy,Tamil Nadu,P005,Laptop,Electronics,21,1,6,22,24,7,49481.63,High,9
2026-07-09,B005,Trichy,Tamil Nadu,P006,Smartphone,Electronics,77,4,15,63,76,20,16565.98,Medium,10
2026-07-09,B005,Trichy,Tamil Nadu,P007,Printer,Electronics,16,1,2,15,13,4,11138.24,Low,5
2026-07-09,B005,Trichy,Tamil Nadu,P008,Air Conditioner,Appliances,5,0,0,9,8,3,41638.27,Critical,6
2026-07-09,B005,Trichy,Tamil Nadu,P009,Router,Networking,77,5,13,46,49,10,3283.82,Low,6
2026-07-09,B005,Trichy,Tamil Nadu,P010,Monitor,Electronics,18,2,1,23,22,6,16828.79,Critical,8
2026-07-09,B006,Tiruppur,Tamil Nadu,P001,LED TV,Electronics,39,0,7,34,32,7,33510.46,Low,3
2026-07-09,B006,Tiruppur,Tamil Nadu,P002,Refrigerator,Appliances,16,1,1,15,14,3,29839.78,Medium,6
2026-07-09,B006,Tiruppur,Tamil Nadu,P003,Washing Machine,Appliances,9,0,0,17,17,4,23068.72,Critical,4
2026-07-09,B006,Tiruppur,Tamil Nadu,P004,Microwave,Appliances,15,1,2,15,14,4,9622.58,Medium,8
2026-07-09,B006,Tiruppur,Tamil Nadu,P005,Laptop,Electronics,14,0,5,16,17,5,44349.27,Medium,4
2026-07-09,B006,Tiruppur,Tamil Nadu,P006,Smartphone,Electronics,15,2,8,29,27,5,18040.97,High,5
2026-07-09,B006,Tiruppur,Tamil Nadu,P007,Printer,Electronics,10,1,2,11,11,3,11921.94,High,7
2026-07-09,B006,Tiruppur,Tamil Nadu,P008,Air Conditioner,Appliances,25,0,1,13,14,4,44899.54,Low,9
2026-07-09,B006,Tiruppur,Tamil Nadu,P009,Router,Networking,36,3,8,37,38,10,3620.58,Medium,6
2026-07-09,B006,Tiruppur,Tamil Nadu,P010,Monitor,Electronics,11,0,0,20,19,5,16552.28,Critical,7
2026-07-09,B007,Erode,Tamil Nadu,P001,LED TV,Electronics,22,1,1,20,16,3,31597.06,Low,8
2026-07-09,B007,Erode,Tamil Nadu,P002,Refrigerator,Appliances,18,0,1,13,13,3,28587.1,Low,7
2026-07-09,B007,Erode,Tamil Nadu,P003,Washing Machine,Appliances,19,0,4,15,16,4,24316.55,Low,10
2026-07-09,B007,Erode,Tamil Nadu,P004,Microwave,Appliances,20,0,0,11,11,3,9036.64,Low,10
2026-07-09,B007,Erode,Tamil Nadu,P005,Laptop,Electronics,27,2,2,28,29,7,44364.35,High,5
2026-07-09,B007,Erode,Tamil Nadu,P006,Smartphone,Electronics,69,6,11,50,48,14,17377.34,Low,4
2026-07-09,B007,Erode,Tamil Nadu,P007,Printer,Electronics,20,1,0,12,11,3,11242.85,Low,5
2026-07-09,B007,Erode,Tamil Nadu,P008,Air Conditioner,Appliances,4,0,2,8,8,3,43161.43,Critical,6
2026-07-09,B007,Erode,Tamil Nadu,P009,Router,Networking,30,4,0,32,34,10,3544.68,Critical,9
2026-07-09,B007,Erode,Tamil Nadu,P010,Monitor,Electronics,31,0,3,22,23,5,14757.5,Low,4
2026-07-09,B008,Vellore,Tamil Nadu,P001,LED TV,Electronics,27,4,3,37,42,14,30242.61,Critical,3
2026-07-09,B008,Vellore,Tamil Nadu,P002,Refrigerator,Appliances,31,2,1,19,18,4,25770.41,Low,4
2026-07-09,B008,Vellore,Tamil Nadu,P003,Washing Machine,Appliances,9,1,1,14,12,3,25519.93,Critical,7
2026-07-09,B008,Vellore,Tamil Nadu,P004,Microwave,Appliances,12,0,1,9,9,3,8955.45,Low,5
2026-07-09,B008,Vellore,Tamil Nadu,P005,Laptop,Electronics,12,1,5,22,21,4,45245.83,High,8
2026-07-09,B008,Vellore,Tamil Nadu,P006,Smartphone,Electronics,80,0,5,66,65,21,17035.01,Medium,10
2026-07-09,B008,Vellore,Tamil Nadu,P007,Printer,Electronics,21,1,1,13,15,4,11114.89,Low,7
2026-07-09,B008,Vellore,Tamil Nadu,P008,Air Conditioner,Appliances,11,0,0,15,11,3,38685.97,High,8
2026-07-09,B008,Vellore,Tamil Nadu,P009,Router,Networking,19,3,10,31,33,10,3434.39,Critical,6
2026-07-09,B008,Vellore,Tamil Nadu,P010,Monitor,Electronics,19,0,2,15,15,3,17127.67,Low,7
2026-07-10,B001,Chennai,Tamil Nadu,P001,LED TV,Electronics,39,2,22,68,72,17,32681.87,High,8
2026-07-10,B001,Chennai,Tamil Nadu,P002,Refrigerator,Appliances,30,0,3,23,21,6,26188.1,Low,9
2026-07-10,B001,Chennai,Tamil Nadu,P003,Washing Machine,Appliances,39,0,0,33,30,7,25572.73,Low,9
2026-07-10,B001,Chennai,Tamil Nadu,P004,Microwave,Appliances,14,2,5,27,25,5,9703.43,Critical,7
2026-07-10,B001,Chennai,Tamil Nadu,P005,Laptop,Electronics,63,2,1,40,39,9,46788.29,Low,8
2026-07-10,B001,Chennai,Tamil Nadu,P006,Smartphone,Electronics,126,1,1,90,72,22,16613.37,Low,8
2026-07-10,B001,Chennai,Tamil Nadu,P007,Printer,Electronics,38,1,5,23,23,6,12445.2,Low,5
2026-07-10,B001,Chennai,Tamil Nadu,P008,Air Conditioner,Appliances,16,2,2,28,26,7,38871.19,Critical,3
2026-07-10,B001,Chennai,Tamil Nadu,P009,Router,Networking,98,9,10,67,75,23,3558.41,Low,9
2026-07-10,B001,Chennai,Tamil Nadu,P010,Monitor,Electronics,31,2,4,37,37,10,15162.26,High,8
2026-07-10,B002,Coimbatore,Tamil Nadu,P001,LED TV,Electronics,72,5,6,43,43,14,33343.29,Low,10
2026-07-10,B002,Coimbatore,Tamil Nadu,P002,Refrigerator,Appliances,24,1,1,23,23,6,29122.44,High,6
2026-07-10,B002,Coimbatore,Tamil Nadu,P003,Washing Machine,Appliances,20,3,5,23,26,8,22889.33,Critical,7
2026-07-10,B002,Coimbatore,Tamil Nadu,P004,Microwave,Appliances,21,1,0,16,16,4,9059.38,Low,3
2026-07-10,B002,Coimbatore,Tamil Nadu,P005,Laptop,Electronics,27,4,4,28,28,8,47891.6,High,8
2026-07-10,B002,Coimbatore,Tamil Nadu,P006,Smartphone,Electronics,33,6,18,76,75,25,18341.99,Critical,3
2026-07-10,B002,Coimbatore,Tamil Nadu,P007,Printer,Electronics,12,1,2,13,13,4,12252.57,High,8
2026-07-10,B002,Coimbatore,Tamil Nadu,P008,Air Conditioner,Appliances,35,1,1,19,20,4,40672.1,Low,3
2026-07-10,B002,Coimbatore,Tamil Nadu,P009,Router,Networking,74,3,9,54,50,16,3267.16,Low,10
2026-07-10,B002,Coimbatore,Tamil Nadu,P010,Monitor,Electronics,46,1,3,29,31,9,17183.27,Low,5
2026-07-10,B003,Madurai,Tamil Nadu,P001,LED TV,Electronics,71,4,15,54,50,15,29842.57,Low,4
2026-07-10,B003,Madurai,Tamil Nadu,P002,Refrigerator,Appliances,23,2,5,20,19,4,29548.48,Low,10
2026-07-10,B003,Madurai,Tamil Nadu,P003,Washing Machine,Appliances,8,2,5,20,17,3,23391.63,Critical,4
2026-07-10,B003,Madurai,Tamil Nadu,P004,Microwave,Appliances,23,1,0,16,17,5,8455.11,Low,8
2026-07-10,B003,Madurai,Tamil Nadu,P005,Laptop,Electronics,39,1,7,27,24,7,47281.63,Low,10
2026-07-10,B003,Madurai,Tamil Nadu,P006,Smartphone,Electronics,63,10,6,75,83,20,18121.04,Critical,9
2026-07-10,B003,Madurai,Tamil Nadu,P007,Printer,Electronics,7,0,2,14,15,5,12145.52,Critical,8
2026-07-10,B003,Madurai,Tamil Nadu,P008,Air Conditioner,Appliances,22,0,4,19,19,5,38736.59,Low,4
2026-07-10,B003,Madurai,Tamil Nadu,P009,Router,Networking,76,4,10,59,62,12,3260.44,Low,4
2026-07-10,B003,Madurai,Tamil Nadu,P010,Monitor,Electronics,26,3,5,30,29,6,16921.45,High,5
2026-07-10,B004,Salem,Tamil Nadu,P001,LED TV,Electronics,43,0,7,35,36,12,30736.38,Low,9
2026-07-10,B004,Salem,Tamil Nadu,P002,Refrigerator,Appliances,13,1,5,19,18,6,28093.55,High,6
2026-07-10,B004,Salem,Tamil Nadu,P003,Washing Machine,Appliances,28,2,0,17,17,4,22428.37,Low,10
2026-07-10,B004,Salem,Tamil Nadu,P004,Microwave,Appliances,6,1,4,15,14,3,9580.13,Critical,9
2026-07-10,B004,Salem,Tamil Nadu,P005,Laptop,Electronics,43,3,1,32,29,6,50815.45,Low,4
2026-07-10,B004,Salem,Tamil Nadu,P006,Smartphone,Electronics,77,4,1,46,46,12,17112.01,Low,9
2026-07-10,B004,Salem,Tamil Nadu,P007,Printer,Electronics,16,2,2,16,16,4,11946.05,High,9
2026-07-10,B004,Salem,Tamil Nadu,P008,Air Conditioner,Appliances,19,2,3,15,15,4,44807.43,Low,8
2026-07-10,B004,Salem,Tamil Nadu,P009,Router,Networking,31,1,17,46,52,13,3390.86,High,4
2026-07-10,B004,Salem,Tamil Nadu,P010,Monitor,Electronics,31,2,2,24,22,5,14929.95,Low,5
2026-07-10,B005,Trichy,Tamil Nadu,P001,LED TV,Electronics,40,1,7,49,49,12,33328.74,High,4
2026-07-10,B005,Trichy,Tamil Nadu,P002,Refrigerator,Appliances,22,0,4,20,19,4,29994.98,Low,7
2026-07-10,B005,Trichy,Tamil Nadu,P003,Washing Machine,Appliances,20,2,2,20,21,6,25558.7,High,4
2026-07-10,B005,Trichy,Tamil Nadu,P004,Microwave,Appliances,8,0,2,16,14,3,9338.05,Critical,5
2026-07-10,B005,Trichy,Tamil Nadu,P005,Laptop,Electronics,48,3,11,31,33,7,46195.56,Low,4
2026-07-10,B005,Trichy,Tamil Nadu,P006,Smartphone,Electronics,46,5,13,45,46,9,18296.2,Medium,8
2026-07-10,B005,Trichy,Tamil Nadu,P007,Printer,Electronics,11,1,2,13,12,3,11188.77,High,4
2026-07-10,B005,Trichy,Tamil Nadu,P008,Air Conditioner,Appliances,14,2,4,21,23,7,41807.28,Critical,4
2026-07-10,B005,Trichy,Tamil Nadu,P009,Router,Networking,53,4,15,44,46,12,3544.67,Low,6
2026-07-10,B005,Trichy,Tamil Nadu,P010,Monitor,Electronics,38,0,7,29,27,7,17268.78,Low,10
2026-07-10,B006,Tiruppur,Tamil Nadu,P001,LED TV,Electronics,31,2,3,38,39,9,31943.43,High,3
2026-07-10,B006,Tiruppur,Tamil Nadu,P002,Refrigerator,Appliances,14,1,1,18,16,4,27414.87,High,9
2026-07-10,B006,Tiruppur,Tamil Nadu,P003,Washing Machine,Appliances,23,0,3,30,33,9,24359.03,Critical,3
2026-07-10,B006,Tiruppur,Tamil Nadu,P004,Microwave,Appliances,8,0,1,11,11,3,8409.34,Critical,5
2026-07-10,B006,Tiruppur,Tamil Nadu,P005,Laptop,Electronics,42,3,6,29,27,8,45356.94,Low,3
2026-07-10,B006,Tiruppur,Tamil Nadu,P006,Smartphone,Electronics,99,4,5,54,57,11,18769.76,Low,4
2026-07-10,B006,Tiruppur,Tamil Nadu,P007,Printer,Electronics,5,0,0,11,10,3,11809.86,Critical,5
2026-07-10,B006,Tiruppur,Tamil Nadu,P008,Air Conditioner,Appliances,6,1,1,16,14,3,41371.13,Critical,9
2026-07-10,B006,Tiruppur,Tamil Nadu,P009,Router,Networking,22,5,9,37,36,10,3438.53,Critical,9
2026-07-10,B006,Tiruppur,Tamil Nadu,P010,Monitor,Electronics,23,3,1,23,23,6,15626.63,High,10
2026-07-10,B007,Erode,Tamil Nadu,P001,LED TV,Electronics,70,1,14,51,53,16,33126.97,Low,6
2026-07-10,B007,Erode,Tamil Nadu,P002,Refrigerator,Appliances,17,0,2,19,19,4,25926.75,High,6
2026-07-10,B007,Erode,Tamil Nadu,P003,Washing Machine,Appliances,13,2,1,21,22,5,25823.08,Critical,5
2026-07-10,B007,Erode,Tamil Nadu,P004,Microwave,Appliances,23,1,3,12,13,4,8931.97,Low,4
2026-07-10,B007,Erode,Tamil Nadu,P005,Laptop,Electronics,36,4,2,34,37,8,50510.35,High,5
2026-07-10,B007,Erode,Tamil Nadu,P006,Smartphone,Electronics,47,0,1,43,43,11,18102.14,Medium,4
2026-07-10,B007,Erode,Tamil Nadu,P007,Printer,Electronics,18,0,3,10,10,3,12732.0,Low,6
2026-07-10,B007,Erode,Tamil Nadu,P008,Air Conditioner,Appliances,9,2,0,18,19,4,42881.58,Critical,8
2026-07-10,B007,Erode,Tamil Nadu,P009,Router,Networking,27,2,7,33,28,7,3422.59,Medium,9
2026-07-10,B007,Erode,Tamil Nadu,P010,Monitor,Electronics,28,0,5,30,30,7,15525.28,Medium,7
2026-07-10,B008,Vellore,Tamil Nadu,P001,LED TV,Electronics,53,2,1,44,43,11,30429.9,Medium,3
2026-07-10,B008,Vellore,Tamil Nadu,P002,Refrigerator,Appliances,15,2,2,22,20,6,26957.32,Critical,7
2026-07-10,B008,Vellore,Tamil Nadu,P003,Washing Machine,Appliances,15,1,2,23,21,4,23030.26,High,7
2026-07-10,B008,Vellore,Tamil Nadu,P004,Microwave,Appliances,32,2,2,18,20,6,9284.92,Low,4
2026-07-10,B008,Vellore,Tamil Nadu,P005,Laptop,Electronics,46,3,4,26,26,7,47679.01,Low,7
2026-07-10,B008,Vellore,Tamil Nadu,P006,Smartphone,Electronics,77,3,9,46,44,14,17299.91,Low,6
2026-07-10,B008,Vellore,Tamil Nadu,P007,Printer,Electronics,16,0,1,11,10,3,12836.2,Low,10
2026-07-10,B008,Vellore,Tamil Nadu,P008,Air Conditioner,Appliances,25,2,0,17,20,6,39353.97,Medium,7
2026-07-10,B008,Vellore,Tamil Nadu,P009,Router,Networking,46,3,8,42,42,9,3635.88,Low,7
2026-07-10,B008,Vellore,Tamil Nadu,P010,Monitor,Electronics,39,2,1,24,26,7,15853.95,Low,8
2026-07-11,B001,Chennai,Tamil Nadu,P001,LED TV,Electronics,82,5,15,49,49,13,30481.98,Low,6
2026-07-11,B001,Chennai,Tamil Nadu,P002,Refrigerator,Appliances,14,1,3,28,29,8,29111.51,Critical,9
2026-07-11,B001,Chennai,Tamil Nadu,P003,Washing Machine,Appliances,24,2,4,34,33,8,25595.2,Critical,4
2026-07-11,B001,Chennai,Tamil Nadu,P004,Microwave,Appliances,14,1,4,21,22,7,8428.18,Critical,7
2026-07-11,B001,Chennai,Tamil Nadu,P005,Laptop,Electronics,74,5,7,46,41,12,50109.33,Low,5
2026-07-11,B001,Chennai,Tamil Nadu,P006,Smartphone,Electronics,144,8,20,74,84,28,17286.92,Low,6
2026-07-11,B001,Chennai,Tamil Nadu,P007,Printer,Electronics,37,1,0,21,20,5,12099.24,Low,4
2026-07-11,B001,Chennai,Tamil Nadu,P008,Air Conditioner,Appliances,12,2,1,24,23,6,43244.55,Critical,3
2026-07-11,B001,Chennai,Tamil Nadu,P009,Router,Networking,59,8,1,77,71,24,3521.35,Critical,5
2026-07-11,B001,Chennai,Tamil Nadu,P010,Monitor,Electronics,57,2,8,34,36,9,16649.65,Low,3
2026-07-11,B002,Coimbatore,Tamil Nadu,P001,LED TV,Electronics,64,3,10,53,49,10,29491.44,Low,8
2026-07-11,B002,Coimbatore,Tamil Nadu,P002,Refrigerator,Appliances,33,0,1,21,20,5,26054.78,Low,9
2026-07-11,B002,Coimbatore,Tamil Nadu,P003,Washing Machine,Appliances,12,1,0,20,19,6,22931.63,Critical,3
2026-07-11,B002,Coimbatore,Tamil Nadu,P004,Microwave,Appliances,33,0,4,19,20,6,8692.94,Low,6
2026-07-11,B002,Coimbatore,Tamil Nadu,P005,Laptop,Electronics,56,4,6,33,34,10,45948.69,Low,7
2026-07-11,B002,Coimbatore,Tamil Nadu,P006,Smartphone,Electronics,98,6,10,61,65,18,19324.18,Low,9
2026-07-11,B002,Coimbatore,Tamil Nadu,P007,Printer,Electronics,33,2,0,20,19,5,11184.79,Low,9
2026-07-11,B002,Coimbatore,Tamil Nadu,P008,Air Conditioner,Appliances,32,2,7,20,22,4,42396.17,Low,7
2026-07-11,B002,Coimbatore,Tamil Nadu,P009,Router,Networking,61,3,2,56,49,10,3467.56,Low,3
2026-07-11,B002,Coimbatore,Tamil Nadu,P010,Monitor,Electronics,20,0,2,30,25,6,16138.16,High,8
2026-07-11,B003,Madurai,Tamil Nadu,P001,LED TV,Electronics,50,0,4,42,39,8,33008.71,Low,7
2026-07-11,B003,Madurai,Tamil Nadu,P002,Refrigerator,Appliances,21,1,1,16,17,5,28612.96,Medium,8
2026-07-11,B003,Madurai,Tamil Nadu,P003,Washing Machine,Appliances,23,2,7,24,24,5,25696.92,Medium,9
2026-07-11,B003,Madurai,Tamil Nadu,P004,Microwave,Appliances,16,1,1,17,18,4,8639.84,High,3
2026-07-11,B003,Madurai,Tamil Nadu,P005,Laptop,Electronics,35,2,2,22,21,5,45062.41,Low,6
2026-07-11,B003,Madurai,Tamil Nadu,P006,Smartphone,Electronics,84,9,5,66,68,18,18057.99,Medium,4
2026-07-11,B003,Madurai,Tamil Nadu,P007,Printer,Electronics,29,1,1,17,17,4,11109.77,Low,8
2026-07-11,B003,Madurai,Tamil Nadu,P008,Air Conditioner,Appliances,26,0,2,24,25,7,42164.64,Medium,8
2026-07-11,B003,Madurai,Tamil Nadu,P009,Router,Networking,48,8,16,75,70,22,3531.29,Critical,9
2026-07-11,B003,Madurai,Tamil Nadu,P010,Monitor,Electronics,59,4,0,34,33,9,15888.42,Low,9
2026-07-11,B004,Salem,Tamil Nadu,P001,LED TV,Electronics,58,4,6,37,38,10,34021.11,Low,9
2026-07-11,B004,Salem,Tamil Nadu,P002,Refrigerator,Appliances,9,1,1,13,13,4,26647.05,Critical,4
2026-07-11,B004,Salem,Tamil Nadu,P003,Washing Machine,Appliances,16,0,1,17,16,3,22598.32,Medium,5
2026-07-11,B004,Salem,Tamil Nadu,P004,Microwave,Appliances,10,1,1,10,10,3,8384.9,High,6
2026-07-11,B004,Salem,Tamil Nadu,P005,Laptop,Electronics,24,3,2,25,26,5,44645.79,High,9
2026-07-11,B004,Salem,Tamil Nadu,P006,Smartphone,Electronics,146,0,7,76,85,23,19082.2,Low,5
2026-07-11,B004,Salem,Tamil Nadu,P007,Printer,Electronics,6,0,1,13,14,4,12083.49,Critical,6
2026-07-11,B004,Salem,Tamil Nadu,P008,Air Conditioner,Appliances,16,0,3,18,19,4,43475.57,High,3
2026-07-11,B004,Salem,Tamil Nadu,P009,Router,Networking,67,5,7,55,53,12,3389.55,Low,4
2026-07-11,B004,Salem,Tamil Nadu,P010,Monitor,Electronics,22,0,3,27,28,6,15995.39,High,10
2026-07-11,B005,Trichy,Tamil Nadu,P001,LED TV,Electronics,57,0,8,52,55,18,30621.36,Medium,7
2026-07-11,B005,Trichy,Tamil Nadu,P002,Refrigerator,Appliances,33,0,4,22,22,7,29283.89,Low,10
2026-07-11,B005,Trichy,Tamil Nadu,P003,Washing Machine,Appliances,41,1,1,21,23,5,24242.55,Low,3
2026-07-11,B005,Trichy,Tamil Nadu,P004,Microwave,Appliances,20,1,3,13,13,4,9341.82,Low,4
2026-07-11,B005,Trichy,Tamil Nadu,P005,Laptop,Electronics,29,1,5,27,28,9,46497.08,Medium,9
2026-07-11,B005,Trichy,Tamil Nadu,P006,Smartphone,Electronics,60,0,11,55,54,18,18293.26,Medium,7
2026-07-11,B005,Trichy,Tamil Nadu,P007,Printer,Electronics,29,0,4,17,16,5,11670.25,Low,10
2026-07-11,B005,Trichy,Tamil Nadu,P008,Air Conditioner,Appliances,27,2,1,21,21,4,38740.95,Low,9
2026-07-11,B005,Trichy,Tamil Nadu,P009,Router,Networking,34,4,11,46,38,10,3745.68,Medium,6
2026-07-11,B005,Trichy,Tamil Nadu,P010,Monitor,Electronics,28,0,1,28,31,8,16482.2,High,9
2026-07-11,B006,Tiruppur,Tamil Nadu,P001,LED TV,Electronics,18,0,2,36,35,9,31817.47,Critical,5
2026-07-11,B006,Tiruppur,Tamil Nadu,P002,Refrigerator,Appliances,32,1,1,19,20,6,26206.94,Low,9
2026-07-11,B006,Tiruppur,Tamil Nadu,P003,Washing Machine,Appliances,27,1,3,15,15,3,23931.74,Low,4
2026-07-11,B006,Tiruppur,Tamil Nadu,P004,Microwave,Appliances,14,0,4,12,12,3,8697.49,Low,4
2026-07-11,B006,Tiruppur,Tamil Nadu,P005,Laptop,Electronics,44,0,3,27,25,8,48914.85,Low,7
2026-07-11,B006,Tiruppur,Tamil Nadu,P006,Smartphone,Electronics,79,5,9,60,53,15,17513.26,Low,9
2026-07-11,B006,Tiruppur,Tamil Nadu,P007,Printer,Electronics,4,0,2,10,8,3,12784.15,Critical,7
2026-07-11,B006,Tiruppur,Tamil Nadu,P008,Air Conditioner,Appliances,19,1,2,13,13,3,41128.37,Low,10
2026-07-11,B006,Tiruppur,Tamil Nadu,P009,Router,Networking,42,1,8,44,42,10,3756.47,Medium,5
2026-07-11,B006,Tiruppur,Tamil Nadu,P010,Monitor,Electronics,27,1,5,31,30,7,15182.43,Medium,8
2026-07-11,B007,Erode,Tamil Nadu,P001,LED TV,Electronics,25,1,5,32,34,10,34269.16,High,5
2026-07-11,B007,Erode,Tamil Nadu,P002,Refrigerator,Appliances,20,1,4,16,17,5,29146.37,Low,3
2026-07-11,B007,Erode,Tamil Nadu,P003,Washing Machine,Appliances,6,1,1,13,12,3,22281.01,Critical,3
2026-07-11,B007,Erode,Tamil Nadu,P004,Microwave,Appliances,26,0,0,16,15,3,9614.89,Low,7
2026-07-11,B007,Erode,Tamil Nadu,P005,Laptop,Electronics,35,1,2,21,20,5,51336.27,Low,10
2026-07-11,B007,Erode,Tamil Nadu,P006,Smartphone,Electronics,64,5,6,53,52,17,17371.56,Medium,10
2026-07-11,B007,Erode,Tamil Nadu,P007,Printer,Electronics,9,0,2,9,9,3,11952.33,Medium,4
2026-07-11,B007,Erode,Tamil Nadu,P008,Air Conditioner,Appliances,8,0,1,9,10,3,38671.67,High,9
2026-07-11,B007,Erode,Tamil Nadu,P009,Router,Networking,42,7,0,53,55,12,3641.53,Critical,10
2026-07-11,B007,Erode,Tamil Nadu,P010,Monitor,Electronics,28,1,3,27,27,7,16022.89,Medium,8
2026-07-11,B008,Vellore,Tamil Nadu,P001,LED TV,Electronics,41,0,13,47,47,13,31294.37,Medium,8
2026-07-11,B008,Vellore,Tamil Nadu,P002,Refrigerator,Appliances,19,1,4,15,15,3,27070.47,Low,7
2026-07-11,B008,Vellore,Tamil Nadu,P003,Washing Machine,Appliances,12,0,4,23,24,7,25669.72,Critical,8
2026-07-11,B008,Vellore,Tamil Nadu,P004,Microwave,Appliances,6,1,1,14,12,3,9510.65,Critical,7
2026-07-11,B008,Vellore,Tamil Nadu,P005,Laptop,Electronics,41,2,5,25,23,4,51160.91,Low,3
2026-07-11,B008,Vellore,Tamil Nadu,P006,Smartphone,Electronics,54,2,13,51,54,16,17675.09,Medium,9
2026-07-11,B008,Vellore,Tamil Nadu,P007,Printer,Electronics,17,0,0,12,11,3,12008.19,Low,7
2026-07-11,B008,Vellore,Tamil Nadu,P008,Air Conditioner,Appliances,28,1,2,18,17,4,39152.75,Low,6
2026-07-11,B008,Vellore,Tamil Nadu,P009,Router,Networking,66,2,9,46,47,10,3548.59,Low,6
2026-07-11,B008,Vellore,Tamil Nadu,P010,Monitor,Electronics,29,0,8,24,25,7,14920.52,Low,5
2026-07-12,B001,Chennai,Tamil Nadu,P001,LED TV,Electronics,60,6,8,56,50,16,31951.1,Medium,4
2026-07-12,B001,Chennai,Tamil Nadu,P002,Refrigerator,Appliances,25,1,0,23,25,7,27031.18,High,10
2026-07-12,B001,Chennai,Tamil Nadu,P003,Washing Machine,Appliances,12,1,1,25,26,7,22782.42,Critical,3
2026-07-12,B001,Chennai,Tamil Nadu,P004,Microwave,Appliances,19,1,1,19,19,4,8327.44,High,7
2026-07-12,B001,Chennai,Tamil Nadu,P005,Laptop,Electronics,28,0,15,43,49,12,49453.67,High,3
2026-07-12,B001,Chennai,Tamil Nadu,P006,Smartphone,Electronics,121,7,7,73,73,18,19347.09,Low,6
2026-07-12,B001,Chennai,Tamil Nadu,P007,Printer,Electronics,7,0,4,15,16,3,11838.55,Critical,8
2026-07-12,B001,Chennai,Tamil Nadu,P008,Air Conditioner,Appliances,13,2,2,20,20,6,40836.72,Critical,9
2026-07-12,B001,Chennai,Tamil Nadu,P009,Router,Networking,47,6,23,66,76,25,3449.61,Critical,8
2026-07-12,B001,Chennai,Tamil Nadu,P010,Monitor,Electronics,47,2,4,27,27,8,16675.75,Low,8
2026-07-12,B002,Coimbatore,Tamil Nadu,P001,LED TV,Electronics,73,0,17,50,52,15,30118.78,Low,10
2026-07-12,B002,Coimbatore,Tamil Nadu,P002,Refrigerator,Appliances,23,2,3,17,17,4,26105.61,Low,10
2026-07-12,B002,Coimbatore,Tamil Nadu,P003,Washing Machine,Appliances,34,0,5,20,20,6,24070.36,Low,9
2026-07-12,B002,Coimbatore,Tamil Nadu,P004,Microwave,Appliances,8,1,2,14,15,4,8911.45,Critical,10
2026-07-12,B002,Coimbatore,Tamil Nadu,P005,Laptop,Electronics,24,2,2,22,21,4,49917.89,Medium,5
2026-07-12,B002,Coimbatore,Tamil Nadu,P006,Smartphone,Electronics,58,9,2,54,63,16,17466.64,High,6
2026-07-12,B002,Coimbatore,Tamil Nadu,P007,Printer,Electronics,15,1,2,11,12,3,12009.47,Low,7
2026-07-12,B002,Coimbatore,Tamil Nadu,P008,Air Conditioner,Appliances,13,1,1,18,18,4,43574.56,Critical,9
2026-07-12,B002,Coimbatore,Tamil Nadu,P009,Router,Networking,81,1,3,49,45,9,3447.72,Low,9
2026-07-12,B002,Coimbatore,Tamil Nadu,P010,Monitor,Electronics,51,0,8,30,30,10,16720.99,Low,5
2026-07-12,B003,Madurai,Tamil Nadu,P001,LED TV,Electronics,101,8,4,54,57,19,30113.61,Low,7
2026-07-12,B003,Madurai,Tamil Nadu,P002,Refrigerator,Appliances,18,1,0,18,19,5,29185.6,High,4
2026-07-12,B003,Madurai,Tamil Nadu,P003,Washing Machine,Appliances,16,1,2,12,12,3,23746.75,Low,10
2026-07-12,B003,Madurai,Tamil Nadu,P004,Microwave,Appliances,10,1,3,19,20,6,8523.54,Critical,6
2026-07-12,B003,Madurai,Tamil Nadu,P005,Laptop,Electronics,36,0,0,30,29,7,49692.47,Low,7
2026-07-12,B003,Madurai,Tamil Nadu,P006,Smartphone,Electronics,55,2,13,48,53,17,16789.4,Medium,5
2026-07-12,B003,Madurai,Tamil Nadu,P007,Printer,Electronics,9,1,2,13,10,3,11084.99,High,10
2026-07-12,B003,Madurai,Tamil Nadu,P008,Air Conditioner,Appliances,23,2,3,16,15,3,38979.06,Low,7
2026-07-12,B003,Madurai,Tamil Nadu,P009,Router,Networking,51,3,4,47,44,10,3751.12,Medium,3
2026-07-12,B003,Madurai,Tamil Nadu,P010,Monitor,Electronics,14,2,5,26,26,7,17013.23,Critical,5
2026-07-12,B004,Salem,Tamil Nadu,P001,LED TV,Electronics,12,1,1,20,20,5,33985.29,Critical,6
2026-07-12,B004,Salem,Tamil Nadu,P002,Refrigerator,Appliances,17,0,0,15,15,4,27739.48,Medium,3
2026-07-12,B004,Salem,Tamil Nadu,P003,Washing Machine,Appliances,22,0,2,14,12,3,23780.11,Low,10
2026-07-12,B004,Salem,Tamil Nadu,P004,Microwave,Appliances,12,0,3,12,12,3,9349.68,Low,7
2026-07-12,B004,Salem,Tamil Nadu,P005,Laptop,Electronics,16,2,7,21,22,6,48142.03,High,8
2026-07-12,B004,Salem,Tamil Nadu,P006,Smartphone,Electronics,67,1,2,62,63,15,18344.36,Medium,7
2026-07-12,B004,Salem,Tamil Nadu,P007,Printer,Electronics,6,0,2,13,13,3,11363.41,Critical,6
2026-07-12,B004,Salem,Tamil Nadu,P008,Air Conditioner,Appliances,16,0,1,11,11,3,43040.06,Low,5
2026-07-12,B004,Salem,Tamil Nadu,P009,Router,Networking,50,3,2,39,43,11,3724.51,Medium,4
2026-07-12,B004,Salem,Tamil Nadu,P010,Monitor,Electronics,11,0,0,13,13,3,15648.68,High,7
2026-07-12,B005,Trichy,Tamil Nadu,P001,LED TV,Electronics,23,5,6,33,34,8,32959.68,Critical,5
2026-07-12,B005,Trichy,Tamil Nadu,P002,Refrigerator,Appliances,16,1,0,18,17,3,26580.6,High,8
2026-07-12,B005,Trichy,Tamil Nadu,P003,Washing Machine,Appliances,8,1,2,12,12,3,23039.62,Critical,4
2026-07-12,B005,Trichy,Tamil Nadu,P004,Microwave,Appliances,12,0,1,11,11,3,8993.79,Medium,10
2026-07-12,B005,Trichy,Tamil Nadu,P005,Laptop,Electronics,27,0,7,28,25,6,47886.76,Low,4
2026-07-12,B005,Trichy,Tamil Nadu,P006,Smartphone,Electronics,31,4,7,48,51,11,17101.49,Critical,6
2026-07-12,B005,Trichy,Tamil Nadu,P007,Printer,Electronics,5,0,2,11,9,3,12318.31,Critical,4
2026-07-12,B005,Trichy,Tamil Nadu,P008,Air Conditioner,Appliances,19,1,2,13,12,3,44424.65,Low,3
2026-07-12,B005,Trichy,Tamil Nadu,P009,Router,Networking,20,0,8,37,36,10,3410.21,Critical,5
2026-07-12,B005,Trichy,Tamil Nadu,P010,Monitor,Electronics,43,0,8,25,26,5,15894.14,Low,8
2026-07-12,B006,Tiruppur,Tamil Nadu,P001,LED TV,Electronics,58,2,3,43,44,15,30756.33,Low,3
2026-07-12,B006,Tiruppur,Tamil Nadu,P002,Refrigerator,Appliances,29,1,5,16,17,3,29498.24,Low,5
2026-07-12,B006,Tiruppur,Tamil Nadu,P003,Washing Machine,Appliances,6,1,2,11,12,3,23609.28,Critical,7
2026-07-12,B006,Tiruppur,Tamil Nadu,P004,Microwave,Appliances,6,1,0,12,12,3,9311.69,Critical,7
2026-07-12,B006,Tiruppur,Tamil Nadu,P005,Laptop,Electronics,29,2,0,19,22,7,47211.2,Medium,7
2026-07-12,B006,Tiruppur,Tamil Nadu,P006,Smartphone,Electronics,51,2,11,41,39,9,19303.7,Low,9
2026-07-12,B006,Tiruppur,Tamil Nadu,P007,Printer,Electronics,9,1,4,15,15,3,11836.8,High,8
2026-07-12,B006,Tiruppur,Tamil Nadu,P008,Air Conditioner,Appliances,11,1,5,14,15,3,43812.0,Medium,4
2026-07-12,B006,Tiruppur,Tamil Nadu,P009,Router,Networking,55,0,4,33,35,8,3503.25,Low,5
2026-07-12,B006,Tiruppur,Tamil Nadu,P010,Monitor,Electronics,43,1,2,24,26,6,15703.45,Low,3
2026-07-12,B007,Erode,Tamil Nadu,P001,LED TV,Electronics,42,3,3,33,29,9,31511.83,Low,3
2026-07-12,B007,Erode,Tamil Nadu,P002,Refrigerator,Appliances,15,1,5,16,15,4,27816.18,Low,3
2026-07-12,B007,Erode,Tamil Nadu,P003,Washing Machine,Appliances,30,1,3,18,17,5,23865.04,Low,9
2026-07-12,B007,Erode,Tamil Nadu,P004,Microwave,Appliances,9,1,3,14,12,3,8321.14,High,7
2026-07-12,B007,Erode,Tamil Nadu,P005,Laptop,Electronics,40,3,0,24,23,6,50462.53,Low,8
2026-07-12,B007,Erode,Tamil Nadu,P006,Smartphone,Electronics,65,2,20,58,63,15,17965.74,Low,5
2026-07-12,B007,Erode,Tamil Nadu,P007,Printer,Electronics,6,0,2,13,14,3,12336.25,Critical,10
2026-07-12,B007,Erode,Tamil Nadu,P008,Air Conditioner,Appliances,14,1,0,14,13,3,44353.16,High,3
2026-07-12,B007,Erode,Tamil Nadu,P009,Router,Networking,49,1,6,27,28,8,3325.23,Low,10
2026-07-12,B007,Erode,Tamil Nadu,P010,Monitor,Electronics,17,2,5,20,20,5,15930.57,High,10
2026-07-12,B008,Vellore,Tamil Nadu,P001,LED TV,Electronics,40,1,6,23,22,6,32337.22,Low,3
2026-07-12,B008,Vellore,Tamil Nadu,P002,Refrigerator,Appliances,13,0,1,13,14,4,26264.78,High,5
2026-07-12,B008,Vellore,Tamil Nadu,P003,Washing Machine,Appliances,46,2,0,26,25,6,23334.23,Low,7
2026-07-12,B008,Vellore,Tamil Nadu,P004,Microwave,Appliances,22,0,1,13,12,4,8586.57,Low,8
2026-07-12,B008,Vellore,Tamil Nadu,P005,Laptop,Electronics,26,2,0,25,29,6,45292.44,High,8
2026-07-12,B008,Vellore,Tamil Nadu,P006,Smartphone,Electronics,46,1,16,62,64,20,17010.51,High,8
2026-07-12,B008,Vellore,Tamil Nadu,P007,Printer,Electronics,12,0,1,12,11,3,12274.18,Medium,4
2026-07-12,B008,Vellore,Tamil Nadu,P008,Air Conditioner,Appliances,9,0,4,13,14,4,45268.13,High,6
2026-07-12,B008,Vellore,Tamil Nadu,P009,Router,Networking,30,0,18,52,55,18,3516.73,Critical,5
2026-07-12,B008,Vellore,Tamil Nadu,P010,Monitor,Electronics,25,0,6,29,30,8,16560.62,High,7
2026-07-13,B001,Chennai,Tamil Nadu,P001,LED TV,Electronics,77,3,13,61,54,18,31201.18,Low,6
2026-07-13,B001,Chennai,Tamil Nadu,P002,Refrigerator,Appliances,27,2,6,22,22,4,27284.17,Low,8
2026-07-13,B001,Chennai,Tamil Nadu,P003,Washing Machine,Appliances,14,1,2,27,30,9,23797.53,Critical,10
2026-07-13,B001,Chennai,Tamil Nadu,P004,Microwave,Appliances,9,1,1,18,18,5,8437.88,Critical,10
2026-07-13,B001,Chennai,Tamil Nadu,P005,Laptop,Electronics,42,2,1,36,34,11,44166.06,Medium,4
2026-07-13,B001,Chennai,Tamil Nadu,P006,Smartphone,Electronics,97,8,16,82,81,23,17028.05,Low,6
2026-07-13,B001,Chennai,Tamil Nadu,P007,Printer,Electronics,21,1,1,20,19,4,12463.94,Medium,4
2026-07-13,B001,Chennai,Tamil Nadu,P008,Air Conditioner,Appliances,30,2,5,25,25,8,45100.49,Low,4
2026-07-13,B001,Chennai,Tamil Nadu,P009,Router,Networking,34,3,14,59,60,17,3589.28,Critical,3
2026-07-13,B001,Chennai,Tamil Nadu,P010,Monitor,Electronics,56,2,6,40,41,13,16916.27,Low,7
2026-07-13,B002,Coimbatore,Tamil Nadu,P001,LED TV,Electronics,32,4,10,37,34,6,32093.28,Medium,4
2026-07-13,B002,Coimbatore,Tamil Nadu,P002,Refrigerator,Appliances,13,0,2,15,16,4,29578.89,High,7
2026-07-13,B002,Coimbatore,Tamil Nadu,P003,Washing Machine,Appliances,16,1,4,22,21,5,24872.18,High,5
2026-07-13,B002,Coimbatore,Tamil Nadu,P004,Microwave,Appliances,20,0,3,13,13,3,8738.43,Low,7
2026-07-13,B002,Coimbatore,Tamil Nadu,P005,Laptop,Electronics,25,0,2,32,31,10,44594.04,Critical,6
2026-07-13,B002,Coimbatore,Tamil Nadu,P006,Smartphone,Electronics,37,2,6,32,29,7,16762.66,Low,9
2026-07-13,B002,Coimbatore,Tamil Nadu,P007,Printer,Electronics,15,0,2,12,10,3,12852.66,Low,7
2026-07-13,B002,Coimbatore,Tamil Nadu,P008,Air Conditioner,Appliances,6,1,0,11,10,3,42189.68,Critical,9
2026-07-13,B002,Coimbatore,Tamil Nadu,P009,Router,Networking,63,8,12,67,63,19,3466.12,High,5
2026-07-13,B002,Coimbatore,Tamil Nadu,P010,Monitor,Electronics,21,3,0,29,27,8,17056.74,Critical,3
2026-07-13,B003,Madurai,Tamil Nadu,P001,LED TV,Electronics,40,3,6,50,46,14,31541.88,High,7
2026-07-13,B003,Madurai,Tamil Nadu,P002,Refrigerator,Appliances,17,0,4,20,20,5,27562.19,Medium,6
2026-07-13,B003,Madurai,Tamil Nadu,P003,Washing Machine,Appliances,21,0,4,15,13,3,25505.57,Low,4
2026-07-13,B003,Madurai,Tamil Nadu,P004,Microwave,Appliances,10,1,0,11,10,3,9018.12,High,5
2026-07-13,B003,Madurai,Tamil Nadu,P005,Laptop,Electronics,22,0,3,25,22,5,50316.62,Medium,6
2026-07-13,B003,Madurai,Tamil Nadu,P006,Smartphone,Electronics,114,3,8,53,61,20,17734.93,Low,3
2026-07-13,B003,Madurai,Tamil Nadu,P007,Printer,Electronics,5,1,0,12,11,3,12568.45,Critical,9
2026-07-13,B003,Madurai,Tamil Nadu,P008,Air Conditioner,Appliances,28,1,5,19,20,5,41642.29,Low,7
2026-07-13,B003,Madurai,Tamil Nadu,P009,Router,Networking,59,1,1,43,40,11,3746.62,Low,6
2026-07-13,B003,Madurai,Tamil Nadu,P010,Monitor,Electronics,12,0,5,21,21,6,15549.79,Critical,6
2026-07-13,B004,Salem,Tamil Nadu,P001,LED TV,Electronics,30,2,3,28,26,5,31873.84,Low,9
2026-07-13,B004,Salem,Tamil Nadu,P002,Refrigerator,Appliances,15,3,7,22,23,5,30203.68,High,4
2026-07-13,B004,Salem,Tamil Nadu,P003,Washing Machine,Appliances,9,1,0,17,17,5,25512.09,Critical,9
2026-07-13,B004,Salem,Tamil Nadu,P004,Microwave,Appliances,28,2,0,14,15,3,8317.67,Low,8
2026-07-13,B004,Salem,Tamil Nadu,P005,Laptop,Electronics,43,2,1,24,23,7,51116.92,Low,5
2026-07-13,B004,Salem,Tamil Nadu,P006,Smartphone,Electronics,23,2,14,47,50,13,18332.61,Critical,5
2026-07-13,B004,Salem,Tamil Nadu,P007,Printer,Electronics,14,1,1,9,9,3,12561.0,Low,7
2026-07-13,B004,Salem,Tamil Nadu,P008,Air Conditioner,Appliances,18,1,4,15,14,4,42856.1,Low,5
2026-07-13,B004,Salem,Tamil Nadu,P009,Router,Networking,70,4,1,47,47,10,3736.64,Low,3
2026-07-13,B004,Salem,Tamil Nadu,P010,Monitor,Electronics,11,1,0,19,19,6,16442.51,Critical,3
2026-07-13,B005,Trichy,Tamil Nadu,P001,LED TV,Electronics,50,2,6,30,32,9,31776.39,Low,7
2026-07-13,B005,Trichy,Tamil Nadu,P002,Refrigerator,Appliances,16,0,3,14,13,3,26716.78,Low,6
2026-07-13,B005,Trichy,Tamil Nadu,P003,Washing Machine,Appliances,16,1,1,19,17,5,22499.63,High,9
2026-07-13,B005,Trichy,Tamil Nadu,P004,Microwave,Appliances,24,1,0,15,15,3,8937.99,Low,4
2026-07-13,B005,Trichy,Tamil Nadu,P005,Laptop,Electronics,10,2,1,21,21,6,45137.76,Critical,3
2026-07-13,B005,Trichy,Tamil Nadu,P006,Smartphone,Electronics,92,3,3,57,59,17,18411.19,Low,8
2026-07-13,B005,Trichy,Tamil Nadu,P007,Printer,Electronics,34,0,6,18,19,4,11068.52,Low,5
2026-07-13,B005,Trichy,Tamil Nadu,P008,Air Conditioner,Appliances,12,0,4,17,16,3,39104.85,Medium,9
2026-07-13,B005,Trichy,Tamil Nadu,P009,Router,Networking,51,2,6,38,40,11,3395.72,Low,3
2026-07-13,B005,Trichy,Tamil Nadu,P010,Monitor,Electronics,31,2,4,27,29,9,16896.96,Medium,10
2026-07-13,B006,Tiruppur,Tamil Nadu,P001,LED TV,Electronics,56,6,1,51,46,15,30418.19,High,8
2026-07-13,B006,Tiruppur,Tamil Nadu,P002,Refrigerator,Appliances,20,0,4,14,13,4,29839.68,Low,4
2026-07-13,B006,Tiruppur,Tamil Nadu,P003,Washing Machine,Appliances,21,1,1,16,14,4,25819.17,Low,3
2026-07-13,B006,Tiruppur,Tamil Nadu,P004,Microwave,Appliances,6,0,1,7,7,3,9423.21,High,9
2026-07-13,B006,Tiruppur,Tamil Nadu,P005,Laptop,Electronics,16,0,0,19,19,5,51330.17,High,7
2026-07-13,B006,Tiruppur,Tamil Nadu,P006,Smartphone,Electronics,56,3,12,46,45,12,16944.6,Low,5
2026-07-13,B006,Tiruppur,Tamil Nadu,P007,Printer,Electronics,11,0,3,13,13,3,12278.12,Medium,8
2026-07-13,B006,Tiruppur,Tamil Nadu,P008,Air Conditioner,Appliances,16,2,2,18,18,3,40263.57,High,4
2026-07-13,B006,Tiruppur,Tamil Nadu,P009,Router,Networking,40,4,13,42,39,10,3290.93,Low,9
2026-07-13,B006,Tiruppur,Tamil Nadu,P010,Monitor,Electronics,10,2,0,22,22,4,17245.94,Critical,3
2026-07-13,B007,Erode,Tamil Nadu,P001,LED TV,Electronics,34,3,3,37,39,10,30648.36,High,5
2026-07-13,B007,Erode,Tamil Nadu,P002,Refrigerator,Appliances,10,0,4,13,14,3,28105.47,High,3
2026-07-13,B007,Erode,Tamil Nadu,P003,Washing Machine,Appliances,29,1,1,16,17,4,22875.96,Low,3
2026-07-13,B007,Erode,Tamil Nadu,P004,Microwave,Appliances,20,1,3,15,14,4,8284.09,Low,3
2026-07-13,B007,Erode,Tamil Nadu,P005,Laptop,Electronics,18,0,0,21,22,6,46505.58,Critical,4
2026-07-13,B007,Erode,Tamil Nadu,P006,Smartphone,Electronics,57,5,10,36,40,8,19234.74,Low,7
2026-07-13,B007,Erode,Tamil Nadu,P007,Printer,Electronics,9,0,2,10,10,3,12048.27,Medium,9
2026-07-13,B007,Erode,Tamil Nadu,P008,Air Conditioner,Appliances,6,0,0,13,11,3,44750.04,Critical,8
2026-07-13,B007,Erode,Tamil Nadu,P009,Router,Networking,40,0,4,27,28,8,3406.45,Low,7
2026-07-13,B007,Erode,Tamil Nadu,P010,Monitor,Electronics,24,2,6,26,24,4,16553.34,Low,4
2026-07-13,B008,Vellore,Tamil Nadu,P001,LED TV,Electronics,26,4,6,28,32,10,33502.91,High,10
2026-07-13,B008,Vellore,Tamil Nadu,P002,Refrigerator,Appliances,1,0,0,4,3,3,28469.51,Critical,7
2026-07-13,B008,Vellore,Tamil Nadu,P003,Washing Machine,Appliances,15,0,5,23,25,6,24079.32,High,10
2026-07-13,B008,Vellore,Tamil Nadu,P004,Microwave,Appliances,10,0,3,14,13,3,9446.92,High,5
2026-07-13,B008,Vellore,Tamil Nadu,P005,Laptop,Electronics,14,1,8,24,26,5,49483.85,High,6
2026-07-13,B008,Vellore,Tamil Nadu,P006,Smartphone,Electronics,76,6,11,49,46,14,17158.38,Low,7
2026-07-13,B008,Vellore,Tamil Nadu,P007,Printer,Electronics,7,0,0,10,10,3,11382.97,Critical,5
2026-07-13,B008,Vellore,Tamil Nadu,P008,Air Conditioner,Appliances,31,1,5,16,17,4,44995.67,Low,6
2026-07-13,B008,Vellore,Tamil Nadu,P009,Router,Networking,76,3,2,46,45,14,3609.88,Low,10
2026-07-13,B008,Vellore,Tamil Nadu,P010,Monitor,Electronics,44,3,6,30,31,7,17033.26,Low,9
2026-07-14,B001,Chennai,Tamil Nadu,P001,LED TV,Electronics,74,8,11,61,69,22,34257.74,High,5
2026-07-14,B001,Chennai,Tamil Nadu,P002,Refrigerator,Appliances,16,0,0,27,24,6,25815.67,Critical,3
2026-07-14,B001,Chennai,Tamil Nadu,P003,Washing Machine,Appliances,33,2,8,29,30,6,22269.21,Low,3
2026-07-14,B001,Chennai,Tamil Nadu,P004,Microwave,Appliances,22,3,3,24,24,7,9040.04,High,3
2026-07-14,B001,Chennai,Tamil Nadu,P005,Laptop,Electronics,40,2,9,36,37,8,47595.51,Low,6
2026-07-14,B001,Chennai,Tamil Nadu,P006,Smartphone,Electronics,90,8,16,72,79,16,18109.83,Low,4
2026-07-14,B001,Chennai,Tamil Nadu,P007,Printer,Electronics,19,0,2,16,15,3,11367.7,Low,5
2026-07-14,B001,Chennai,Tamil Nadu,P008,Air Conditioner,Appliances,25,2,9,27,29,8,43792.26,Medium,10
2026-07-14,B001,Chennai,Tamil Nadu,P009,Router,Networking,79,9,24,66,72,20,3499.46,Low,4
2026-07-14,B001,Chennai,Tamil Nadu,P010,Monitor,Electronics,57,4,5,34,35,8,14890.17,Low,6
2026-07-14,B002,Coimbatore,Tamil Nadu,P001,LED TV,Electronics,31,2,1,39,33,11,29685.54,High,6
2026-07-14,B002,Coimbatore,Tamil Nadu,P002,Refrigerator,Appliances,14,1,3,16,15,4,29827.27,Medium,8
2026-07-14,B002,Coimbatore,Tamil Nadu,P003,Washing Machine,Appliances,35,0,0,20,19,4,22844.48,Low,5
2026-07-14,B002,Coimbatore,Tamil Nadu,P004,Microwave,Appliances,8,0,2,9,9,3,8383.41,High,5
2026-07-14,B002,Coimbatore,Tamil Nadu,P005,Laptop,Electronics,21,3,5,33,30,7,50754.6,Critical,8
2026-07-14,B002,Coimbatore,Tamil Nadu,P006,Smartphone,Electronics,67,5,15,52,49,16,19186.19,Low,9
2026-07-14,B002,Coimbatore,Tamil Nadu,P007,Printer,Electronics,12,1,4,12,13,4,11559.14,Medium,9
2026-07-14,B002,Coimbatore,Tamil Nadu,P008,Air Conditioner,Appliances,16,1,6,18,18,3,39282.26,Low,6
2026-07-14,B002,Coimbatore,Tamil Nadu,P009,Router,Networking,66,4,1,45,39,8,3584.05,Low,7
2026-07-14,B002,Coimbatore,Tamil Nadu,P010,Monitor,Electronics,14,1,2,25,23,6,14811.09,Critical,7
2026-07-14,B003,Madurai,Tamil Nadu,P001,LED TV,Electronics,27,4,1,42,39,9,31839.5,Critical,7
2026-07-14,B003,Madurai,Tamil Nadu,P002,Refrigerator,Appliances,18,0,0,16,17,4,29653.66,Medium,5
2026-07-14,B003,Madurai,Tamil Nadu,P003,Washing Machine,Appliances,9,1,0,15,14,4,24369.34,Critical,8
2026-07-14,B003,Madurai,Tamil Nadu,P004,Microwave,Appliances,7,0,2,14,15,4,8976.08,Critical,5
2026-07-14,B003,Madurai,Tamil Nadu,P005,Laptop,Electronics,36,0,5,34,34,9,48287.36,Medium,10
2026-07-14,B003,Madurai,Tamil Nadu,P006,Smartphone,Electronics,89,9,2,57,66,17,17683.25,Medium,5
2026-07-14,B003,Madurai,Tamil Nadu,P007,Printer,Electronics,9,1,2,14,15,3,12725.98,Critical,10
2026-07-14,B003,Madurai,Tamil Nadu,P008,Air Conditioner,Appliances,19,0,4,15,15,4,44033.23,Low,9
2026-07-14,B003,Madurai,Tamil Nadu,P009,Router,Networking,22,3,5,38,38,12,3447.15,Critical,6
2026-07-14,B003,Madurai,Tamil Nadu,P010,Monitor,Electronics,13,1,2,16,17,4,17191.45,High,3
2026-07-14,B004,Salem,Tamil Nadu,P001,LED TV,Electronics,71,5,6,37,40,11,30844.99,Low,10
2026-07-14,B004,Salem,Tamil Nadu,P002,Refrigerator,Appliances,10,1,1,12,12,3,27233.03,High,6
2026-07-14,B004,Salem,Tamil Nadu,P003,Washing Machine,Appliances,25,2,1,16,16,3,23860.02,Low,9
2026-07-14,B004,Salem,Tamil Nadu,P004,Microwave,Appliances,15,0,0,14,13,4,9341.0,Medium,10
2026-07-14,B004,Salem,Tamil Nadu,P005,Laptop,Electronics,32,1,4,26,27,7,49193.34,Low,4
2026-07-14,B004,Salem,Tamil Nadu,P006,Smartphone,Electronics,113,4,14,65,66,21,16789.02,Low,10
2026-07-14,B004,Salem,Tamil Nadu,P007,Printer,Electronics,24,2,0,14,14,3,11487.46,Low,10
2026-07-14,B004,Salem,Tamil Nadu,P008,Air Conditioner,Appliances,33,1,6,20,20,4,42916.8,Low,6
2026-07-14,B004,Salem,Tamil Nadu,P009,Router,Networking,25,3,7,28,30,9,3344.04,High,3
2026-07-14,B004,Salem,Tamil Nadu,P010,Monitor,Electronics,30,3,4,24,24,7,16990.99,Low,4
2026-07-14,B005,Trichy,Tamil Nadu,P001,LED TV,Electronics,34,3,6,37,41,9,31693.42,High,9
2026-07-14,B005,Trichy,Tamil Nadu,P002,Refrigerator,Appliances,18,1,2,11,12,3,26262.2,Low,3
2026-07-14,B005,Trichy,Tamil Nadu,P003,Washing Machine,Appliances,13,2,3,25,20,4,23662.44,Critical,5
2026-07-14,B005,Trichy,Tamil Nadu,P004,Microwave,Appliances,7,0,2,15,14,3,9066.1,Critical,5
2026-07-14,B005,Trichy,Tamil Nadu,P005,Laptop,Electronics,35,1,1,25,24,5,44230.98,Low,7
2026-07-14,B005,Trichy,Tamil Nadu,P006,Smartphone,Electronics,88,2,13,68,64,16,18068.42,Low,4
2026-07-14,B005,Trichy,Tamil Nadu,P007,Printer,Electronics,12,0,3,10,10,3,12171.78,Low,6
2026-07-14,B005,Trichy,Tamil Nadu,P008,Air Conditioner,Appliances,12,1,2,11,9,3,43667.95,Low,7
2026-07-14,B005,Trichy,Tamil Nadu,P009,Router,Networking,71,5,4,42,48,10,3591.91,Low,7
2026-07-14,B005,Trichy,Tamil Nadu,P010,Monitor,Electronics,13,1,8,26,27,5,16828.57,High,10
2026-07-14,B006,Tiruppur,Tamil Nadu,P001,LED TV,Electronics,52,3,4,29,31,8,30539.49,Low,10
2026-07-14,B006,Tiruppur,Tamil Nadu,P002,Refrigerator,Appliances,22,1,4,12,14,3,27021.92,Low,8
2026-07-14,B006,Tiruppur,Tamil Nadu,P003,Washing Machine,Appliances,18,1,2,14,14,3,23738.28,Low,4
2026-07-14,B006,Tiruppur,Tamil Nadu,P004,Microwave,Appliances,30,1,4,16,17,4,8563.58,Low,3
2026-07-14,B006,Tiruppur,Tamil Nadu,P005,Laptop,Electronics,16,1,0,21,22,5,49316.11,Critical,6
2026-07-14,B006,Tiruppur,Tamil Nadu,P006,Smartphone,Electronics,19,0,3,38,36,10,18109.63,Critical,9
2026-07-14,B006,Tiruppur,Tamil Nadu,P007,Printer,Electronics,8,1,0,9,8,3,12909.49,Critical,3
2026-07-14,B006,Tiruppur,Tamil Nadu,P008,Air Conditioner,Appliances,24,0,0,16,15,3,41568.9,Low,9
2026-07-14,B006,Tiruppur,Tamil Nadu,P009,Router,Networking,14,2,7,34,25,7,3252.36,Critical,8
2026-07-14,B006,Tiruppur,Tamil Nadu,P010,Monitor,Electronics,7,1,2,14,15,3,15124.05,Critical,7
2026-07-14,B007,Erode,Tamil Nadu,P001,LED TV,Electronics,54,2,8,27,29,7,31564.02,Low,7
2026-07-14,B007,Erode,Tamil Nadu,P002,Refrigerator,Appliances,13,0,0,10,10,3,28538.89,Low,3
2026-07-14,B007,Erode,Tamil Nadu,P003,Washing Machine,Appliances,25,1,0,18,20,5,25892.37,Medium,10
2026-07-14,B007,Erode,Tamil Nadu,P004,Microwave,Appliances,12,1,2,11,10,3,8368.64,Low,10
2026-07-14,B007,Erode,Tamil Nadu,P005,Laptop,Electronics,12,1,5,22,25,8,51227.11,Critical,3
2026-07-14,B007,Erode,Tamil Nadu,P006,Smartphone,Electronics,12,0,1,30,28,7,17093.99,Critical,4
2026-07-14,B007,Erode,Tamil Nadu,P007,Printer,Electronics,17,0,0,9,10,3,12364.46,Low,6
2026-07-14,B007,Erode,Tamil Nadu,P008,Air Conditioner,Appliances,17,0,2,13,13,3,40244.51,Low,4
2026-07-14,B007,Erode,Tamil Nadu,P009,Router,Networking,59,2,8,38,41,8,3583.49,Low,9
2026-07-14,B007,Erode,Tamil Nadu,P010,Monitor,Electronics,16,3,5,26,28,6,15113.79,Critical,9
2026-07-14,B008,Vellore,Tamil Nadu,P001,LED TV,Electronics,33,1,0,29,26,6,31076.62,Low,10
2026-07-14,B008,Vellore,Tamil Nadu,P002,Refrigerator,Appliances,10,0,0,15,14,3,29562.58,Critical,6
2026-07-14,B008,Vellore,Tamil Nadu,P003,Washing Machine,Appliances,30,0,5,20,17,3,25077.2,Low,6
2026-07-14,B008,Vellore,Tamil Nadu,P004,Microwave,Appliances,15,0,0,14,11,3,8896.5,Low,9
2026-07-14,B008,Vellore,Tamil Nadu,P005,Laptop,Electronics,16,2,5,27,28,6,50528.12,Critical,3
2026-07-14,B008,Vellore,Tamil Nadu,P006,Smartphone,Electronics,75,4,7,44,45,14,18637.89,Low,4
2026-07-14,B008,Vellore,Tamil Nadu,P007,Printer,Electronics,16,0,0,9,9,3,11368.94,Low,9
2026-07-14,B008,Vellore,Tamil Nadu,P008,Air Conditioner,Appliances,6,1,1,13,12,3,43718.92,Critical,6
2026-07-14,B008,Vellore,Tamil Nadu,P009,Router,Networking,41,6,12,48,47,15,3741.25,High,6
2026-07-14,B008,Vellore,Tamil Nadu,P010,Monitor,Electronics,9,1,3,14,14,3,16960.31,High,4
2026-07-15,B001,Chennai,Tamil Nadu,P001,LED TV,Electronics,113,2,12,64,67,19,31746.75,Low,4
2026-07-15,B001,Chennai,Tamil Nadu,P002,Refrigerator,Appliances,28,2,6,24,27,6,28482.54,Medium,8
2026-07-15,B001,Chennai,Tamil Nadu,P003,Washing Machine,Appliances,22,2,5,26,24,6,23358.02,High,5
2026-07-15,B001,Chennai,Tamil Nadu,P004,Microwave,Appliances,30,1,5,22,23,6,9483.44,Low,10
2026-07-15,B001,Chennai,Tamil Nadu,P005,Laptop,Electronics,32,2,7,39,43,10,46433.78,High,6
2026-07-15,B001,Chennai,Tamil Nadu,P006,Smartphone,Electronics,36,2,17,84,72,14,19014.19,Critical,8
2026-07-15,B001,Chennai,Tamil Nadu,P007,Printer,Electronics,16,1,1,15,14,4,11744.56,Medium,3
2026-07-15,B001,Chennai,Tamil Nadu,P008,Air Conditioner,Appliances,36,2,4,23,23,4,40605.87,Low,4
2026-07-15,B001,Chennai,Tamil Nadu,P009,Router,Networking,57,4,8,65,64,17,3536.01,High,8
2026-07-15,B001,Chennai,Tamil Nadu,P010,Monitor,Electronics,24,1,5,29,28,5,14775.65,Medium,4
2026-07-15,B002,Coimbatore,Tamil Nadu,P001,LED TV,Electronics,63,1,2,41,42,13,31059.42,Low,8
2026-07-15,B002,Coimbatore,Tamil Nadu,P002,Refrigerator,Appliances,12,0,1,13,11,3,30202.81,Medium,10
2026-07-15,B002,Coimbatore,Tamil Nadu,P003,Washing Machine,Appliances,21,2,7,22,24,4,25379.06,Medium,8
2026-07-15,B002,Coimbatore,Tamil Nadu,P004,Microwave,Appliances,25,1,3,13,14,4,9341.27,Low,10
2026-07-15,B002,Coimbatore,Tamil Nadu,P005,Laptop,Electronics,10,0,6,22,22,6,49932.9,Critical,7
2026-07-15,B002,Coimbatore,Tamil Nadu,P006,Smartphone,Electronics,89,4,0,63,60,19,19248.31,Low,7
2026-07-15,B002,Coimbatore,Tamil Nadu,P007,Printer,Electronics,16,0,0,14,11,3,11806.16,Low,7
2026-07-15,B002,Coimbatore,Tamil Nadu,P008,Air Conditioner,Appliances,21,2,0,16,16,3,41671.32,Low,3
2026-07-15,B002,Coimbatore,Tamil Nadu,P009,Router,Networking,46,5,2,59,51,16,3383.12,Critical,3
2026-07-15,B002,Coimbatore,Tamil Nadu,P010,Monitor,Electronics,24,3,8,26,29,7,15331.6,High,10
2026-07-15,B003,Madurai,Tamil Nadu,P001,LED TV,Electronics,62,4,9,39,33,9,33992.35,Low,8
2026-07-15,B003,Madurai,Tamil Nadu,P002,Refrigerator,Appliances,36,2,4,21,21,7,28847.89,Low,9
2026-07-15,B003,Madurai,Tamil Nadu,P003,Washing Machine,Appliances,36,1,5,20,23,5,23319.94,Low,7
2026-07-15,B003,Madurai,Tamil Nadu,P004,Microwave,Appliances,21,0,0,16,16,4,9191.42,Low,10
2026-07-15,B003,Madurai,Tamil Nadu,P005,Laptop,Electronics,23,1,3,22,19,4,45195.15,Low,3
2026-07-15,B003,Madurai,Tamil Nadu,P006,Smartphone,Electronics,33,2,3,41,45,13,18163.94,Critical,8
2026-07-15,B003,Madurai,Tamil Nadu,P007,Printer,Electronics,33,2,5,17,18,4,11370.61,Low,3
2026-07-15,B003,Madurai,Tamil Nadu,P008,Air Conditioner,Appliances,6,1,2,14,13,3,42681.14,Critical,7
2026-07-15,B003,Madurai,Tamil Nadu,P009,Router,Networking,22,3,6,50,48,13,3283.81,Critical,3
2026-07-15,B003,Madurai,Tamil Nadu,P010,Monitor,Electronics,19,1,8,22,25,8,16849.3,High,6
2026-07-15,B004,Salem,Tamil Nadu,P001,LED TV,Electronics,65,6,10,41,43,9,32361.27,Low,9
2026-07-15,B004,Salem,Tamil Nadu,P002,Refrigerator,Appliances,11,1,5,16,17,4,27441.69,High,8
2026-07-15,B004,Salem,Tamil Nadu,P003,Washing Machine,Appliances,14,1,5,17,16,3,25330.77,Medium,7
2026-07-15,B004,Salem,Tamil Nadu,P004,Microwave,Appliances,13,1,2,14,16,4,9002.08,High,5
2026-07-15,B004,Salem,Tamil Nadu,P005,Laptop,Electronics,28,0,8,23,25,7,47647.46,Low,4
2026-07-15,B004,Salem,Tamil Nadu,P006,Smartphone,Electronics,43,0,6,44,46,13,16602.65,High,8
2026-07-15,B004,Salem,Tamil Nadu,P007,Printer,Electronics,28,1,2,15,16,4,11422.81,Low,3
2026-07-15,B004,Salem,Tamil Nadu,P008,Air Conditioner,Appliances,24,0,3,13,14,4,43729.74,Low,8
2026-07-15,B004,Salem,Tamil Nadu,P009,Router,Networking,46,3,10,44,42,9,3574.64,Low,10
2026-07-15,B004,Salem,Tamil Nadu,P010,Monitor,Electronics,47,1,1,25,26,7,16454.31,Low,9
2026-07-15,B005,Trichy,Tamil Nadu,P001,LED TV,Electronics,32,1,6,31,35,10,29561.43,High,8
2026-07-15,B005,Trichy,Tamil Nadu,P002,Refrigerator,Appliances,29,2,5,17,18,5,28643.68,Low,6
2026-07-15,B005,Trichy,Tamil Nadu,P003,Washing Machine,Appliances,21,1,3,17,18,4,24249.88,Low,9
2026-07-15,B005,Trichy,Tamil Nadu,P004,Microwave,Appliances,23,0,0,17,19,3,9419.32,Low,7
2026-07-15,B005,Trichy,Tamil Nadu,P005,Laptop,Electronics,18,1,7,26,29,9,45425.16,Critical,5
2026-07-15,B005,Trichy,Tamil Nadu,P006,Smartphone,Electronics,48,5,8,43,39,11,17979.89,Low,9
2026-07-15,B005,Trichy,Tamil Nadu,P007,Printer,Electronics,10,1,3,16,14,4,11863.15,High,5
2026-07-15,B005,Trichy,Tamil Nadu,P008,Air Conditioner,Appliances,13,0,4,14,14,4,42202.38,Medium,10
2026-07-15,B005,Trichy,Tamil Nadu,P009,Router,Networking,57,1,5,32,31,9,3597.44,Low,7
2026-07-15,B005,Trichy,Tamil Nadu,P010,Monitor,Electronics,20,2,7,23,25,6,15551.13,High,8
2026-07-15,B006,Tiruppur,Tamil Nadu,P001,LED TV,Electronics,23,4,11,42,41,9,30272.78,Critical,10
2026-07-15,B006,Tiruppur,Tamil Nadu,P002,Refrigerator,Appliances,14,1,0,12,12,3,26070.89,Medium,4
2026-07-15,B006,Tiruppur,Tamil Nadu,P003,Washing Machine,Appliances,27,2,1,21,21,6,22272.25,Medium,7
2026-07-15,B006,Tiruppur,Tamil Nadu,P004,Microwave,Appliances,18,1,0,12,13,3,8322.45,Low,5
2026-07-15,B006,Tiruppur,Tamil Nadu,P005,Laptop,Electronics,28,3,7,27,23,5,46202.68,Low,4
2026-07-15,B006,Tiruppur,Tamil Nadu,P006,Smartphone,Electronics,61,0,9,41,41,11,17384.73,Low,8
2026-07-15,B006,Tiruppur,Tamil Nadu,P007,Printer,Electronics,5,1,1,11,11,3,12114.99,Critical,3
2026-07-15,B006,Tiruppur,Tamil Nadu,P008,Air Conditioner,Appliances,14,0,2,12,11,3,38993.75,Low,3
2026-07-15,B006,Tiruppur,Tamil Nadu,P009,Router,Networking,44,1,6,37,34,7,3509.78,Low,7
2026-07-15,B006,Tiruppur,Tamil Nadu,P010,Monitor,Electronics,39,0,7,23,21,5,16316.49,Low,10
2026-07-15,B007,Erode,Tamil Nadu,P001,LED TV,Electronics,29,4,4,42,41,13,30963.16,Critical,7
2026-07-15,B007,Erode,Tamil Nadu,P002,Refrigerator,Appliances,13,1,2,20,21,4,28959.69,Critical,10
2026-07-15,B007,Erode,Tamil Nadu,P003,Washing Machine,Appliances,20,1,1,14,11,3,23303.8,Low,6
2026-07-15,B007,Erode,Tamil Nadu,P004,Microwave,Appliances,10,0,2,11,11,3,9468.28,Medium,5
2026-07-15,B007,Erode,Tamil Nadu,P005,Laptop,Electronics,8,1,2,16,17,5,50405.24,Critical,3
2026-07-15,B007,Erode,Tamil Nadu,P006,Smartphone,Electronics,96,2,14,53,58,14,16908.48,Low,3
2026-07-15,B007,Erode,Tamil Nadu,P007,Printer,Electronics,6,0,2,10,10,3,12584.3,Critical,5
2026-07-15,B007,Erode,Tamil Nadu,P008,Air Conditioner,Appliances,28,0,5,19,19,4,42482.82,Low,3
2026-07-15,B007,Erode,Tamil Nadu,P009,Router,Networking,9,1,3,13,13,4,3531.83,Critical,6
2026-07-15,B007,Erode,Tamil Nadu,P010,Monitor,Electronics,10,0,4,22,22,4,14877.8,Critical,5
2026-07-15,B008,Vellore,Tamil Nadu,P001,LED TV,Electronics,41,0,5,31,31,9,33128.05,Low,3
2026-07-15,B008,Vellore,Tamil Nadu,P002,Refrigerator,Appliances,22,1,1,13,12,3,27387.91,Low,7
2026-07-15,B008,Vellore,Tamil Nadu,P003,Washing Machine,Appliances,21,1,5,21,20,5,22209.75,Low,5
2026-07-15,B008,Vellore,Tamil Nadu,P004,Microwave,Appliances,7,0,2,16,15,3,8929.31,Critical,6
2026-07-15,B008,Vellore,Tamil Nadu,P005,Laptop,Electronics,21,2,8,32,36,11,48666.78,Critical,9
2026-07-15,B008,Vellore,Tamil Nadu,P006,Smartphone,Electronics,80,6,0,52,57,13,17824.93,Low,6
2026-07-15,B008,Vellore,Tamil Nadu,P007,Printer,Electronics,8,0,0,15,15,3,11769.89,Critical,8
2026-07-15,B008,Vellore,Tamil Nadu,P008,Air Conditioner,Appliances,8,1,1,12,12,3,40906.12,Critical,5
2026-07-15,B008,Vellore,Tamil Nadu,P009,Router,Networking,36,4,6,36,38,9,3291.6,High,10
2026-07-15,B008,Vellore,Tamil Nadu,P010,Monitor,Electronics,49,0,0,26,28,6,15199.62,Low,6
2026-07-16,B001,Chennai,Tamil Nadu,P001,LED TV,Electronics,80,2,17,65,69,22,33022.53,Low,10
2026-07-16,B001,Chennai,Tamil Nadu,P002,Refrigerator,Appliances,26,1,1,20,16,5,26499.98,Low,10
2026-07-16,B001,Chennai,Tamil Nadu,P003,Washing Machine,Appliances,23,2,3,26,23,4,23348.33,Medium,8
2026-07-16,B001,Chennai,Tamil Nadu,P004,Microwave,Appliances,27,1,3,16,15,5,8704.61,Low,7
2026-07-16,B001,Chennai,Tamil Nadu,P005,Laptop,Electronics,14,2,0,33,31,10,47873.99,Critical,3
2026-07-16,B001,Chennai,Tamil Nadu,P006,Smartphone,Electronics,47,4,20,67,69,19,19403.04,High,7
2026-07-16,B001,Chennai,Tamil Nadu,P007,Printer,Electronics,12,0,2,17,16,3,12120.36,High,4
2026-07-16,B001,Chennai,Tamil Nadu,P008,Air Conditioner,Appliances,35,1,4,21,21,5,39433.33,Low,4
2026-07-16,B001,Chennai,Tamil Nadu,P009,Router,Networking,106,4,4,68,73,19,3442.96,Low,10
2026-07-16,B001,Chennai,Tamil Nadu,P010,Monitor,Electronics,34,1,7,33,30,8,14911.13,Low,8
2026-07-16,B002,Coimbatore,Tamil Nadu,P001,LED TV,Electronics,44,2,6,47,52,13,33718.12,High,3
2026-07-16,B002,Coimbatore,Tamil Nadu,P002,Refrigerator,Appliances,29,0,5,20,19,4,28102.96,Low,5
2026-07-16,B002,Coimbatore,Tamil Nadu,P003,Washing Machine,Appliances,19,2,7,26,26,8,23409.05,High,8
2026-07-16,B002,Coimbatore,Tamil Nadu,P004,Microwave,Appliances,13,1,2,16,17,3,8491.39,High,4
2026-07-16,B002,Coimbatore,Tamil Nadu,P005,Laptop,Electronics,16,2,6,23,23,5,47710.68,High,4
2026-07-16,B002,Coimbatore,Tamil Nadu,P006,Smartphone,Electronics,53,4,11,53,57,12,16936.92,Medium,6
2026-07-16,B002,Coimbatore,Tamil Nadu,P007,Printer,Electronics,23,1,3,16,15,4,12357.82,Low,7
2026-07-16,B002,Coimbatore,Tamil Nadu,P008,Air Conditioner,Appliances,14,0,2,13,14,4,44229.86,Medium,9
2026-07-16,B002,Coimbatore,Tamil Nadu,P009,Router,Networking,30,8,7,57,61,15,3279.63,Critical,5
2026-07-16,B002,Coimbatore,Tamil Nadu,P010,Monitor,Electronics,25,0,0,29,32,11,16358.48,Critical,7
2026-07-16,B003,Madurai,Tamil Nadu,P001,LED TV,Electronics,63,6,2,40,41,12,33362.05,Low,5
2026-07-16,B003,Madurai,Tamil Nadu,P002,Refrigerator,Appliances,17,1,1,15,14,4,25916.26,Medium,6
2026-07-16,B003,Madurai,Tamil Nadu,P003,Washing Machine,Appliances,21,2,2,14,15,3,25030.66,Low,6
2026-07-16,B003,Madurai,Tamil Nadu,P004,Microwave,Appliances,7,1,2,14,14,3,8334.89,Critical,3
2026-07-16,B003,Madurai,Tamil Nadu,P005,Laptop,Electronics,59,2,14,41,43,14,50187.9,Low,8
2026-07-16,B003,Madurai,Tamil Nadu,P006,Smartphone,Electronics,61,2,5,54,57,14,18270.0,Medium,4
2026-07-16,B003,Madurai,Tamil Nadu,P007,Printer,Electronics,8,1,3,11,11,3,12377.85,High,6
2026-07-16,B003,Madurai,Tamil Nadu,P008,Air Conditioner,Appliances,20,1,4,16,15,3,41834.8,Low,9
2026-07-16,B003,Madurai,Tamil Nadu,P009,Router,Networking,68,6,12,56,56,15,3449.23,Low,9
2026-07-16,B003,Madurai,Tamil Nadu,P010,Monitor,Electronics,16,0,8,28,32,10,15637.78,Critical,10
2026-07-16,B004,Salem,Tamil Nadu,P001,LED TV,Electronics,35,4,1,40,41,14,31522.86,Critical,3
2026-07-16,B004,Salem,Tamil Nadu,P002,Refrigerator,Appliances,7,2,2,16,15,3,29056.84,Critical,8
2026-07-16,B004,Salem,Tamil Nadu,P003,Washing Machine,Appliances,22,0,0,17,18,3,25340.29,Low,3
2026-07-16,B004,Salem,Tamil Nadu,P004,Microwave,Appliances,28,1,2,18,19,6,8329.69,Low,7
2026-07-16,B004,Salem,Tamil Nadu,P005,Laptop,Electronics,16,0,4,22,20,5,44842.98,High,3
2026-07-16,B004,Salem,Tamil Nadu,P006,Smartphone,Electronics,79,7,12,63,62,19,19337.44,Low,10
2026-07-16,B004,Salem,Tamil Nadu,P007,Printer,Electronics,17,0,1,12,11,3,12416.73,Low,8
2026-07-16,B004,Salem,Tamil Nadu,P008,Air Conditioner,Appliances,21,0,5,16,17,5,43631.15,Low,3
2026-07-16,B004,Salem,Tamil Nadu,P009,Router,Networking,55,1,9,32,31,8,3220.13,Low,10
2026-07-16,B004,Salem,Tamil Nadu,P010,Monitor,Electronics,9,1,2,14,15,3,15103.59,Critical,8
2026-07-16,B005,Trichy,Tamil Nadu,P001,LED TV,Electronics,38,1,10,37,36,7,32537.3,Low,7
2026-07-16,B005,Trichy,Tamil Nadu,P002,Refrigerator,Appliances,16,1,3,12,12,3,27154.8,Low,3
2026-07-16,B005,Trichy,Tamil Nadu,P003,Washing Machine,Appliances,15,0,2,18,17,3,24680.17,Medium,9
2026-07-16,B005,Trichy,Tamil Nadu,P004,Microwave,Appliances,9,2,0,15,16,3,8411.55,Critical,10
2026-07-16,B005,Trichy,Tamil Nadu,P005,Laptop,Electronics,19,1,4,20,18,4,47133.16,Low,6
2026-07-16,B005,Trichy,Tamil Nadu,P006,Smartphone,Electronics,82,6,15,49,55,13,19375.7,Low,4
2026-07-16,B005,Trichy,Tamil Nadu,P007,Printer,Electronics,15,1,3,11,13,3,11250.49,Low,7
2026-07-16,B005,Trichy,Tamil Nadu,P008,Air Conditioner,Appliances,18,1,2,12,11,3,44304.63,Low,4
2026-07-16,B005,Trichy,Tamil Nadu,P009,Router,Networking,72,2,11,53,53,18,3394.72,Low,9
2026-07-16,B005,Trichy,Tamil Nadu,P010,Monitor,Electronics,28,2,2,24,25,5,14923.88,Medium,5
2026-07-16,B006,Tiruppur,Tamil Nadu,P001,LED TV,Electronics,17,3,8,33,28,9,34287.14,Critical,7
2026-07-16,B006,Tiruppur,Tamil Nadu,P002,Refrigerator,Appliances,10,2,3,17,15,4,29941.52,Critical,8
2026-07-16,B006,Tiruppur,Tamil Nadu,P003,Washing Machine,Appliances,24,2,4,17,16,5,25642.79,Low,5
2026-07-16,B006,Tiruppur,Tamil Nadu,P004,Microwave,Appliances,13,0,3,12,11,3,9149.92,Low,5
2026-07-16,B006,Tiruppur,Tamil Nadu,P005,Laptop,Electronics,12,3,8,25,27,8,51034.42,Critical,3
2026-07-16,B006,Tiruppur,Tamil Nadu,P006,Smartphone,Electronics,64,8,0,57,54,17,17422.83,High,9
2026-07-16,B006,Tiruppur,Tamil Nadu,P007,Printer,Electronics,6,1,4,13,14,3,12595.03,Critical,6
2026-07-16,B006,Tiruppur,Tamil Nadu,P008,Air Conditioner,Appliances,9,0,0,12,14,3,44158.47,Critical,5
2026-07-16,B006,Tiruppur,Tamil Nadu,P009,Router,Networking,34,0,1,29,27,5,3586.14,Low,8
2026-07-16,B006,Tiruppur,Tamil Nadu,P010,Monitor,Electronics,37,3,1,22,23,7,14942.07,Low,6
2026-07-16,B007,Erode,Tamil Nadu,P001,LED TV,Electronics,52,2,5,31,28,5,32797.68,Low,9
2026-07-16,B007,Erode,Tamil Nadu,P002,Refrigerator,Appliances,17,0,0,12,13,3,28673.12,Low,9
2026-07-16,B007,Erode,Tamil Nadu,P003,Washing Machine,Appliances,21,0,2,14,13,4,24847.93,Low,3
2026-07-16,B007,Erode,Tamil Nadu,P004,Microwave,Appliances,11,0,0,12,10,3,8974.81,Medium,9
2026-07-16,B007,Erode,Tamil Nadu,P005,Laptop,Electronics,13,0,0,22,19,4,49569.97,Critical,5
2026-07-16,B007,Erode,Tamil Nadu,P006,Smartphone,Electronics,49,4,10,30,32,9,16590.32,Low,4
2026-07-16,B007,Erode,Tamil Nadu,P007,Printer,Electronics,6,1,1,12,11,3,12665.82,Critical,8
2026-07-16,B007,Erode,Tamil Nadu,P008,Air Conditioner,Appliances,6,0,0,10,11,3,41908.92,Critical,3
2026-07-16,B007,Erode,Tamil Nadu,P009,Router,Networking,45,0,5,38,36,10,3737.79,Low,6
2026-07-16,B007,Erode,Tamil Nadu,P010,Monitor,Electronics,29,2,5,17,17,5,15949.45,Low,9
2026-07-16,B008,Vellore,Tamil Nadu,P001,LED TV,Electronics,46,1,2,31,29,6,30626.77,Low,3
2026-07-16,B008,Vellore,Tamil Nadu,P002,Refrigerator,Appliances,23,0,2,15,14,4,25910.75,Low,3
2026-07-16,B008,Vellore,Tamil Nadu,P003,Washing Machine,Appliances,11,0,0,11,10,3,24050.46,Medium,8
2026-07-16,B008,Vellore,Tamil Nadu,P004,Microwave,Appliances,23,1,2,16,16,4,8922.65,Low,10
2026-07-16,B008,Vellore,Tamil Nadu,P005,Laptop,Electronics,16,0,3,13,12,3,50877.71,Low,9
2026-07-16,B008,Vellore,Tamil Nadu,P006,Smartphone,Electronics,42,3,1,36,35,7,17887.45,Medium,6
2026-07-16,B008,Vellore,Tamil Nadu,P007,Printer,Electronics,12,1,0,15,16,3,11626.43,Critical,4
2026-07-16,B008,Vellore,Tamil Nadu,P008,Air Conditioner,Appliances,20,1,2,15,15,4,42035.12,Low,3
2026-07-16,B008,Vellore,Tamil Nadu,P009,Router,Networking,58,3,7,34,33,9,3396.43,Low,3
2026-07-16,B008,Vellore,Tamil Nadu,P010,Monitor,Electronics,14,2,5,17,18,4,16335.28,High,4
2026-07-17,B001,Chennai,Tamil Nadu,P001,LED TV,Electronics,63,5,8,72,77,17,33845.82,High,5
2026-07-17,B001,Chennai,Tamil Nadu,P002,Refrigerator,Appliances,27,1,0,29,29,6,27395.01,High,4
2026-07-17,B001,Chennai,Tamil Nadu,P003,Washing Machine,Appliances,22,3,1,30,27,6,25103.33,Critical,7
2026-07-17,B001,Chennai,Tamil Nadu,P004,Microwave,Appliances,42,2,1,24,24,7,9568.11,Low,8
2026-07-17,B001,Chennai,Tamil Nadu,P005,Laptop,Electronics,98,6,0,49,54,16,47777.92,Low,3
2026-07-17,B001,Chennai,Tamil Nadu,P006,Smartphone,Electronics,108,9,20,83,81,26,17990.7,Low,6
2026-07-17,B001,Chennai,Tamil Nadu,P007,Printer,Electronics,25,1,3,27,26,8,11759.48,High,3
2026-07-17,B001,Chennai,Tamil Nadu,P008,Air Conditioner,Appliances,44,0,10,27,30,10,43127.46,Low,9
2026-07-17,B001,Chennai,Tamil Nadu,P009,Router,Networking,97,4,23,67,68,16,3709.5,Low,6
2026-07-17,B001,Chennai,Tamil Nadu,P010,Monitor,Electronics,55,1,4,36,34,10,14918.74,Low,7
2026-07-17,B002,Coimbatore,Tamil Nadu,P001,LED TV,Electronics,102,2,19,56,58,13,30880.05,Low,7
2026-07-17,B002,Coimbatore,Tamil Nadu,P002,Refrigerator,Appliances,20,1,0,21,19,6,29299.95,High,7
2026-07-17,B002,Coimbatore,Tamil Nadu,P003,Washing Machine,Appliances,9,0,1,19,19,6,23670.02,Critical,10
2026-07-17,B002,Coimbatore,Tamil Nadu,P004,Microwave,Appliances,22,0,1,20,17,4,8334.63,Low,6
2026-07-17,B002,Coimbatore,Tamil Nadu,P005,Laptop,Electronics,31,4,1,31,33,8,48504.15,High,8
2026-07-17,B002,Coimbatore,Tamil Nadu,P006,Smartphone,Electronics,140,2,0,82,82,28,17977.2,Low,10
2026-07-17,B002,Coimbatore,Tamil Nadu,P007,Printer,Electronics,37,1,0,22,23,4,12549.47,Low,4
2026-07-17,B002,Coimbatore,Tamil Nadu,P008,Air Conditioner,Appliances,25,0,5,18,19,5,41214.3,Low,8
2026-07-17,B002,Coimbatore,Tamil Nadu,P009,Router,Networking,85,5,8,66,65,16,3726.51,Low,3
2026-07-17,B002,Coimbatore,Tamil Nadu,P010,Monitor,Electronics,41,0,2,30,30,8,16756.38,Low,4
2026-07-17,B003,Madurai,Tamil Nadu,P001,LED TV,Electronics,98,7,3,53,58,13,30107.93,Low,7
2026-07-17,B003,Madurai,Tamil Nadu,P002,Refrigerator,Appliances,22,2,3,22,19,4,30011.42,Low,4
2026-07-17,B003,Madurai,Tamil Nadu,P003,Washing Machine,Appliances,30,1,1,23,26,7,23150.26,Medium,10
2026-07-17,B003,Madurai,Tamil Nadu,P004,Microwave,Appliances,31,1,0,21,19,4,8534.53,Low,3
2026-07-17,B003,Madurai,Tamil Nadu,P005,Laptop,Electronics,32,5,10,35,37,8,49519.08,High,4
2026-07-17,B003,Madurai,Tamil Nadu,P006,Smartphone,Electronics,52,4,16,67,62,17,17151.18,High,8
2026-07-17,B003,Madurai,Tamil Nadu,P007,Printer,Electronics,9,1,0,14,15,4,11199.22,Critical,3
2026-07-17,B003,Madurai,Tamil Nadu,P008,Air Conditioner,Appliances,23,0,6,21,22,5,44896.72,Low,5
2026-07-17,B003,Madurai,Tamil Nadu,P009,Router,Networking,78,3,19,59,55,14,3628.19,Low,9
2026-07-17,B003,Madurai,Tamil Nadu,P010,Monitor,Electronics,26,1,1,31,30,7,16208.72,High,7
2026-07-17,B004,Salem,Tamil Nadu,P001,LED TV,Electronics,115,8,3,48,62,17,31328.68,Low,9
2026-07-17,B004,Salem,Tamil Nadu,P002,Refrigerator,Appliances,28,1,1,18,17,4,27828.73,Low,4
2026-07-17,B004,Salem,Tamil Nadu,P003,Washing Machine,Appliances,19,0,4,20,20,5,25034.82,Medium,5
2026-07-17,B004,Salem,Tamil Nadu,P004,Microwave,Appliances,24,1,2,16,15,3,8483.28,Low,5
2026-07-17,B004,Salem,Tamil Nadu,P005,Laptop,Electronics,34,2,2,30,28,6,44429.3,Low,3
2026-07-17,B004,Salem,Tamil Nadu,P006,Smartphone,Electronics,74,6,11,49,50,15,16753.53,Low,9
2026-07-17,B004,Salem,Tamil Nadu,P007,Printer,Electronics,14,1,2,14,13,3,12230.94,Medium,6
2026-07-17,B004,Salem,Tamil Nadu,P008,Air Conditioner,Appliances,19,2,0,15,15,5,39490.5,Medium,8
2026-07-17,B004,Salem,Tamil Nadu,P009,Router,Networking,97,0,14,50,56,11,3644.92,Low,9
2026-07-17,B004,Salem,Tamil Nadu,P010,Monitor,Electronics,15,0,5,18,17,5,16235.84,Medium,6
2026-07-17,B005,Trichy,Tamil Nadu,P001,LED TV,Electronics,68,5,6,47,44,13,34319.73,Low,9
2026-07-17,B005,Trichy,Tamil Nadu,P002,Refrigerator,Appliances,17,0,0,14,14,3,28669.81,Low,6
2026-07-17,B005,Trichy,Tamil Nadu,P003,Washing Machine,Appliances,16,2,0,18,18,5,25759.68,Critical,4
2026-07-17,B005,Trichy,Tamil Nadu,P004,Microwave,Appliances,20,1,2,16,17,5,8726.46,Medium,10
2026-07-17,B005,Trichy,Tamil Nadu,P005,Laptop,Electronics,34,4,11,35,36,8,51659.39,Medium,8
2026-07-17,B005,Trichy,Tamil Nadu,P006,Smartphone,Electronics,58,7,0,55,59,13,18512.26,High,7
2026-07-17,B005,Trichy,Tamil Nadu,P007,Printer,Electronics,20,0,3,13,13,4,12241.63,Low,5
2026-07-17,B005,Trichy,Tamil Nadu,P008,Air Conditioner,Appliances,18,0,4,17,20,4,39021.06,Medium,10
2026-07-17,B005,Trichy,Tamil Nadu,P009,Router,Networking,74,2,3,44,42,12,3583.3,Low,8
2026-07-17,B005,Trichy,Tamil Nadu,P010,Monitor,Electronics,55,2,8,30,31,7,15736.85,Low,6
2026-07-17,B006,Tiruppur,Tamil Nadu,P001,LED TV,Electronics,45,4,11,37,34,8,32786.45,Low,10
2026-07-17,B006,Tiruppur,Tamil Nadu,P002,Refrigerator,Appliances,20,1,2,16,16,4,27123.57,Low,4
2026-07-17,B006,Tiruppur,Tamil Nadu,P003,Washing Machine,Appliances,30,2,1,20,20,5,24275.98,Low,7
2026-07-17,B006,Tiruppur,Tamil Nadu,P004,Microwave,Appliances,8,1,1,10,10,3,8940.68,Critical,5
2026-07-17,B006,Tiruppur,Tamil Nadu,P005,Laptop,Electronics,50,2,4,29,30,9,51337.41,Low,6
2026-07-17,B006,Tiruppur,Tamil Nadu,P006,Smartphone,Electronics,61,3,9,36,37,11,18035.93,Low,10
2026-07-17,B006,Tiruppur,Tamil Nadu,P007,Printer,Electronics,8,1,0,11,11,3,12785.06,Critical,5
2026-07-17,B006,Tiruppur,Tamil Nadu,P008,Air Conditioner,Appliances,21,0,3,14,14,3,42453.51,Low,10
2026-07-17,B006,Tiruppur,Tamil Nadu,P009,Router,Networking,29,3,5,42,36,12,3386.79,Critical,8
2026-07-17,B006,Tiruppur,Tamil Nadu,P010,Monitor,Electronics,47,0,1,26,25,6,15295.08,Low,10
2026-07-17,B007,Erode,Tamil Nadu,P001,LED TV,Electronics,45,4,5,39,40,13,30383.97,Medium,4
2026-07-17,B007,Erode,Tamil Nadu,P002,Refrigerator,Appliances,12,1,0,15,14,4,28714.0,Critical,9
2026-07-17,B007,Erode,Tamil Nadu,P003,Washing Machine,Appliances,35,0,1,19,19,5,22830.42,Low,9
2026-07-17,B007,Erode,Tamil Nadu,P004,Microwave,Appliances,8,2,1,15,15,3,9505.81,Critical,7
2026-07-17,B007,Erode,Tamil Nadu,P005,Laptop,Electronics,23,0,5,21,17,3,49970.32,Low,5
2026-07-17,B007,Erode,Tamil Nadu,P006,Smartphone,Electronics,88,1,9,54,56,15,17694.56,Low,5
2026-07-17,B007,Erode,Tamil Nadu,P007,Printer,Electronics,12,0,3,11,11,3,12706.07,Low,3
2026-07-17,B007,Erode,Tamil Nadu,P008,Air Conditioner,Appliances,8,0,0,9,9,3,43696.62,High,4
2026-07-17,B007,Erode,Tamil Nadu,P009,Router,Networking,65,0,6,46,44,11,3614.82,Low,7
2026-07-17,B007,Erode,Tamil Nadu,P010,Monitor,Electronics,11,2,1,19,18,5,17279.07,Critical,10
2026-07-17,B008,Vellore,Tamil Nadu,P001,LED TV,Electronics,33,0,4,38,44,10,33274.46,High,7
2026-07-17,B008,Vellore,Tamil Nadu,P002,Refrigerator,Appliances,14,0,1,17,13,3,28758.6,Medium,4
2026-07-17,B008,Vellore,Tamil Nadu,P003,Washing Machine,Appliances,17,2,0,17,19,6,22745.75,Critical,3
2026-07-17,B008,Vellore,Tamil Nadu,P004,Microwave,Appliances,19,1,1,12,13,3,9036.99,Low,5
2026-07-17,B008,Vellore,Tamil Nadu,P005,Laptop,Electronics,40,2,5,27,26,6,49977.68,Low,5
2026-07-17,B008,Vellore,Tamil Nadu,P006,Smartphone,Electronics,61,1,11,48,45,15,18639.42,Low,4
2026-07-17,B008,Vellore,Tamil Nadu,P007,Printer,Electronics,7,1,2,12,12,4,11089.21,Critical,5
2026-07-17,B008,Vellore,Tamil Nadu,P008,Air Conditioner,Appliances,25,1,5,20,20,4,38898.22,Low,10
2026-07-17,B008,Vellore,Tamil Nadu,P009,Router,Networking,35,7,11,55,55,13,3717.89,Critical,4
2026-07-17,B008,Vellore,Tamil Nadu,P010,Monitor,Electronics,34,1,1,31,31,6,16674.57,Medium,6
2026-07-18,B001,Chennai,Tamil Nadu,P001,LED TV,Electronics,70,1,13,68,75,25,29879.35,High,3
2026-07-18,B001,Chennai,Tamil Nadu,P002,Refrigerator,Appliances,41,1,6,26,25,7,30237.0,Low,9
2026-07-18,B001,Chennai,Tamil Nadu,P003,Washing Machine,Appliances,34,2,1,32,31,7,25659.5,Medium,5
2026-07-18,B001,Chennai,Tamil Nadu,P004,Microwave,Appliances,18,2,6,28,24,6,9208.57,High,3
2026-07-18,B001,Chennai,Tamil Nadu,P005,Laptop,Electronics,30,0,3,41,45,13,45141.92,Critical,3
2026-07-18,B001,Chennai,Tamil Nadu,P006,Smartphone,Electronics,159,7,10,91,100,28,17021.88,Low,9
2026-07-18,B001,Chennai,Tamil Nadu,P007,Printer,Electronics,10,2,1,24,23,5,12749.02,Critical,4
2026-07-18,B001,Chennai,Tamil Nadu,P008,Air Conditioner,Appliances,17,2,5,26,31,6,45164.97,Critical,8
2026-07-18,B001,Chennai,Tamil Nadu,P009,Router,Networking,70,5,20,63,67,21,3703.63,Medium,9
2026-07-18,B001,Chennai,Tamil Nadu,P010,Monitor,Electronics,66,0,7,41,36,9,16917.27,Low,6
2026-07-18,B002,Coimbatore,Tamil Nadu,P001,LED TV,Electronics,47,2,6,53,53,15,32922.41,High,4
2026-07-18,B002,Coimbatore,Tamil Nadu,P002,Refrigerator,Appliances,22,0,4,25,24,8,26598.44,High,3
2026-07-18,B002,Coimbatore,Tamil Nadu,P003,Washing Machine,Appliances,48,1,5,31,29,8,23943.83,Low,9
2026-07-18,B002,Coimbatore,Tamil Nadu,P004,Microwave,Appliances,33,0,4,18,19,4,8482.32,Low,3
2026-07-18,B002,Coimbatore,Tamil Nadu,P005,Laptop,Electronics,79,4,7,41,44,11,48532.49,Low,8
2026-07-18,B002,Coimbatore,Tamil Nadu,P006,Smartphone,Electronics,85,8,26,73,83,20,16936.49,Low,4
2026-07-18,B002,Coimbatore,Tamil Nadu,P007,Printer,Electronics,25,2,3,18,19,5,12711.19,Low,10
2026-07-18,B002,Coimbatore,Tamil Nadu,P008,Air Conditioner,Appliances,40,2,7,22,23,6,42312.63,Low,5
2026-07-18,B002,Coimbatore,Tamil Nadu,P009,Router,Networking,74,7,12,54,54,18,3419.91,Low,6
2026-07-18,B002,Coimbatore,Tamil Nadu,P010,Monitor,Electronics,36,4,5,33,32,8,15215.3,Medium,10
2026-07-18,B003,Madurai,Tamil Nadu,P001,LED TV,Electronics,26,7,8,52,52,15,31796.87,Critical,4
2026-07-18,B003,Madurai,Tamil Nadu,P002,Refrigerator,Appliances,32,1,1,20,22,4,25830.21,Low,4
2026-07-18,B003,Madurai,Tamil Nadu,P003,Washing Machine,Appliances,35,1,8,26,27,9,25057.21,Low,5
2026-07-18,B003,Madurai,Tamil Nadu,P004,Microwave,Appliances,29,1,1,16,16,3,8986.12,Low,8
2026-07-18,B003,Madurai,Tamil Nadu,P005,Laptop,Electronics,16,2,7,26,25,5,51749.4,High,4
2026-07-18,B003,Madurai,Tamil Nadu,P006,Smartphone,Electronics,36,0,3,41,37,8,17343.26,Medium,7
2026-07-18,B003,Madurai,Tamil Nadu,P007,Printer,Electronics,10,1,1,16,13,3,11127.46,Critical,8
2026-07-18,B003,Madurai,Tamil Nadu,P008,Air Conditioner,Appliances,12,0,3,23,24,5,42042.82,Critical,7
2026-07-18,B003,Madurai,Tamil Nadu,P009,Router,Networking,64,3,11,45,51,17,3753.57,Low,3
2026-07-18,B003,Madurai,Tamil Nadu,P010,Monitor,Electronics,38,4,6,27,31,7,14748.28,Low,5
2026-07-18,B004,Salem,Tamil Nadu,P001,LED TV,Electronics,71,0,12,45,47,11,32165.53,Low,4
2026-07-18,B004,Salem,Tamil Nadu,P002,Refrigerator,Appliances,32,2,2,18,19,5,26532.54,Low,10
2026-07-18,B004,Salem,Tamil Nadu,P003,Washing Machine,Appliances,22,2,1,20,21,6,23504.89,High,6
2026-07-18,B004,Salem,Tamil Nadu,P004,Microwave,Appliances,24,1,6,19,21,7,9349.09,Low,4
2026-07-18,B004,Salem,Tamil Nadu,P005,Laptop,Electronics,33,4,8,32,37,8,51732.28,High,4
2026-07-18,B004,Salem,Tamil Nadu,P006,Smartphone,Electronics,22,5,13,46,48,10,17026.62,Critical,5
2026-07-18,B004,Salem,Tamil Nadu,P007,Printer,Electronics,8,1,0,11,9,3,12312.43,Critical,3
2026-07-18,B004,Salem,Tamil Nadu,P008,Air Conditioner,Appliances,7,1,1,16,15,5,42539.83,Critical,3
2026-07-18,B004,Salem,Tamil Nadu,P009,Router,Networking,66,4,13,45,40,8,3608.34,Low,4
2026-07-18,B004,Salem,Tamil Nadu,P010,Monitor,Electronics,16,0,2,18,20,4,15230.57,High,6
2026-07-18,B005,Trichy,Tamil Nadu,P001,LED TV,Electronics,101,0,12,48,54,16,30891.0,Low,3
2026-07-18,B005,Trichy,Tamil Nadu,P002,Refrigerator,Appliances,11,2,1,21,22,5,28309.32,Critical,7
2026-07-18,B005,Trichy,Tamil Nadu,P003,Washing Machine,Appliances,13,0,3,21,17,5,24980.5,High,8
2026-07-18,B005,Trichy,Tamil Nadu,P004,Microwave,Appliances,9,2,5,16,16,3,8540.06,High,4
2026-07-18,B005,Trichy,Tamil Nadu,P005,Laptop,Electronics,22,1,6,28,28,9,47457.94,High,9
2026-07-18,B005,Trichy,Tamil Nadu,P006,Smartphone,Electronics,54,4,4,54,47,10,17414.53,Medium,10
2026-07-18,B005,Trichy,Tamil Nadu,P007,Printer,Electronics,10,1,1,18,17,4,12019.61,Critical,9
2026-07-18,B005,Trichy,Tamil Nadu,P008,Air Conditioner,Appliances,9,1,3,23,19,5,40947.33,Critical,6
2026-07-18,B005,Trichy,Tamil Nadu,P009,Router,Networking,48,2,15,53,51,13,3530.11,Medium,9
2026-07-18,B005,Trichy,Tamil Nadu,P010,Monitor,Electronics,49,2,3,27,28,5,16842.74,Low,10
2026-07-18,B006,Tiruppur,Tamil Nadu,P001,LED TV,Electronics,41,2,7,33,31,7,34021.94,Low,5
2026-07-18,B006,Tiruppur,Tamil Nadu,P002,Refrigerator,Appliances,23,2,5,21,19,6,28736.31,Low,9
2026-07-18,B006,Tiruppur,Tamil Nadu,P003,Washing Machine,Appliances,22,2,4,18,17,4,23087.94,Low,5
2026-07-18,B006,Tiruppur,Tamil Nadu,P004,Microwave,Appliances,12,0,3,16,16,4,8348.25,High,6
2026-07-18,B006,Tiruppur,Tamil Nadu,P005,Laptop,Electronics,42,3,0,30,34,8,44246.01,Medium,3
2026-07-18,B006,Tiruppur,Tamil Nadu,P006,Smartphone,Electronics,49,0,0,48,52,13,18646.68,High,5
2026-07-18,B006,Tiruppur,Tamil Nadu,P007,Printer,Electronics,14,0,3,12,12,3,12854.08,Low,4
2026-07-18,B006,Tiruppur,Tamil Nadu,P008,Air Conditioner,Appliances,27,2,6,18,20,4,38728.91,Low,10
2026-07-18,B006,Tiruppur,Tamil Nadu,P009,Router,Networking,54,0,9,39,33,7,3298.56,Low,7
2026-07-18,B006,Tiruppur,Tamil Nadu,P010,Monitor,Electronics,26,0,4,23,24,6,16622.08,Low,10
2026-07-18,B007,Erode,Tamil Nadu,P001,LED TV,Electronics,47,1,9,29,28,7,34285.1,Low,8
2026-07-18,B007,Erode,Tamil Nadu,P002,Refrigerator,Appliances,12,2,2,17,18,5,28688.29,Critical,6
2026-07-18,B007,Erode,Tamil Nadu,P003,Washing Machine,Appliances,28,1,4,18,18,5,23507.72,Low,9
2026-07-18,B007,Erode,Tamil Nadu,P004,Microwave,Appliances,6,0,0,9,9,3,8905.27,Critical,6
2026-07-18,B007,Erode,Tamil Nadu,P005,Laptop,Electronics,30,0,1,25,27,8,47427.31,Medium,3
2026-07-18,B007,Erode,Tamil Nadu,P006,Smartphone,Electronics,45,2,10,48,48,14,17816.4,Medium,9
2026-07-18,B007,Erode,Tamil Nadu,P007,Printer,Electronics,16,1,3,12,12,3,11527.46,Low,9
2026-07-18,B007,Erode,Tamil Nadu,P008,Air Conditioner,Appliances,22,1,1,12,13,3,44249.87,Low,5
2026-07-18,B007,Erode,Tamil Nadu,P009,Router,Networking,60,3,6,43,47,10,3286.99,Low,6
2026-07-18,B007,Erode,Tamil Nadu,P010,Monitor,Electronics,25,1,2,20,20,6,15402.23,Low,7
2026-07-18,B008,Vellore,Tamil Nadu,P001,LED TV,Electronics,32,5,0,53,54,13,31873.5,Critical,6
2026-07-18,B008,Vellore,Tamil Nadu,P002,Refrigerator,Appliances,36,1,6,21,20,4,27669.52,Low,10
2026-07-18,B008,Vellore,Tamil Nadu,P003,Washing Machine,Appliances,26,0,3,21,21,5,23939.38,Low,10
2026-07-18,B008,Vellore,Tamil Nadu,P004,Microwave,Appliances,15,1,1,13,15,4,8679.67,High,3
2026-07-18,B008,Vellore,Tamil Nadu,P005,Laptop,Electronics,30,1,9,29,29,6,50836.53,Low,6
2026-07-18,B008,Vellore,Tamil Nadu,P006,Smartphone,Electronics,34,5,9,38,40,10,17315.89,High,4
2026-07-18,B008,Vellore,Tamil Nadu,P007,Printer,Electronics,10,2,2,15,14,3,12389.69,Critical,6
2026-07-18,B008,Vellore,Tamil Nadu,P008,Air Conditioner,Appliances,21,0,2,17,17,5,40407.71,Low,7
2026-07-18,B008,Vellore,Tamil Nadu,P009,Router,Networking,35,2,9,36,37,9,3490.22,Medium,7
2026-07-18,B008,Vellore,Tamil Nadu,P010,Monitor,Electronics,46,1,0,24,25,6,15894.03,Low,7
2026-07-19,B001,Chennai,Tamil Nadu,P001,LED TV,Electronics,56,4,17,61,60,18,33962.85,Medium,3
2026-07-19,B001,Chennai,Tamil Nadu,P002,Refrigerator,Appliances,8,2,2,27,19,5,27538.25,Critical,8
2026-07-19,B001,Chennai,Tamil Nadu,P003,Washing Machine,Appliances,34,2,5,21,23,5,22148.65,Low,10
2026-07-19,B001,Chennai,Tamil Nadu,P004,Microwave,Appliances,20,0,4,21,22,5,9667.93,Medium,3
2026-07-19,B001,Chennai,Tamil Nadu,P005,Laptop,Electronics,49,3,10,43,42,14,50555.59,Low,6
2026-07-19,B001,Chennai,Tamil Nadu,P006,Smartphone,Electronics,27,0,16,55,54,15,18190.98,Critical,9
2026-07-19,B001,Chennai,Tamil Nadu,P007,Printer,Electronics,27,1,6,20,21,6,12617.56,Low,10
2026-07-19,B001,Chennai,Tamil Nadu,P008,Air Conditioner,Appliances,10,0,0,18,16,4,39385.63,Critical,4
2026-07-19,B001,Chennai,Tamil Nadu,P009,Router,Networking,92,2,9,60,60,12,3268.74,Low,9
2026-07-19,B001,Chennai,Tamil Nadu,P010,Monitor,Electronics,30,0,3,25,26,7,16614.06,Low,4
2026-07-19,B002,Coimbatore,Tamil Nadu,P001,LED TV,Electronics,71,4,7,39,45,9,34046.77,Low,10
2026-07-19,B002,Coimbatore,Tamil Nadu,P002,Refrigerator,Appliances,20,0,5,24,24,7,26914.3,High,7
2026-07-19,B002,Coimbatore,Tamil Nadu,P003,Washing Machine,Appliances,38,1,6,25,24,8,23429.54,Low,8
2026-07-19,B002,Coimbatore,Tamil Nadu,P004,Microwave,Appliances,27,0,1,17,17,5,9617.48,Low,8
2026-07-19,B002,Coimbatore,Tamil Nadu,P005,Laptop,Electronics,15,0,1,31,28,6,44708.1,Critical,9
2026-07-19,B002,Coimbatore,Tamil Nadu,P006,Smartphone,Electronics,64,2,1,57,50,13,16977.86,Low,8
2026-07-19,B002,Coimbatore,Tamil Nadu,P007,Printer,Electronics,13,0,1,12,10,3,12933.47,Low,8
2026-07-19,B002,Coimbatore,Tamil Nadu,P008,Air Conditioner,Appliances,9,1,3,20,20,6,43198.58,Critical,4
2026-07-19,B002,Coimbatore,Tamil Nadu,P009,Router,Networking,27,1,15,45,49,14,3560.87,High,9
2026-07-19,B002,Coimbatore,Tamil Nadu,P010,Monitor,Electronics,23,1,7,26,23,7,17059.32,Medium,8
2026-07-19,B003,Madurai,Tamil Nadu,P001,LED TV,Electronics,67,4,0,37,41,11,31163.93,Low,3
2026-07-19,B003,Madurai,Tamil Nadu,P002,Refrigerator,Appliances,6,0,1,13,11,3,26119.82,Critical,4
2026-07-19,B003,Madurai,Tamil Nadu,P003,Washing Machine,Appliances,31,1,0,20,17,4,24880.38,Low,9
2026-07-19,B003,Madurai,Tamil Nadu,P004,Microwave,Appliances,15,2,5,19,18,4,8344.71,High,7
2026-07-19,B003,Madurai,Tamil Nadu,P005,Laptop,Electronics,17,0,5,31,31,10,44978.84,Critical,9
2026-07-19,B003,Madurai,Tamil Nadu,P006,Smartphone,Electronics,60,0,4,42,46,11,17126.82,Low,5
2026-07-19,B003,Madurai,Tamil Nadu,P007,Printer,Electronics,9,0,0,14,13,3,12375.18,Critical,7
2026-07-19,B003,Madurai,Tamil Nadu,P008,Air Conditioner,Appliances,21,0,0,14,14,4,45184.85,Low,7
2026-07-19,B003,Madurai,Tamil Nadu,P009,Router,Networking,27,4,3,49,46,10,3391.79,Critical,7
2026-07-19,B003,Madurai,Tamil Nadu,P010,Monitor,Electronics,46,1,6,27,26,8,16234.64,Low,8
2026-07-19,B004,Salem,Tamil Nadu,P001,LED TV,Electronics,53,1,4,38,35,11,32040.42,Low,4
2026-07-19,B004,Salem,Tamil Nadu,P002,Refrigerator,Appliances,16,0,4,14,14,4,29650.91,Low,10
2026-07-19,B004,Salem,Tamil Nadu,P003,Washing Machine,Appliances,12,0,0,25,23,5,22112.06,Critical,9
2026-07-19,B004,Salem,Tamil Nadu,P004,Microwave,Appliances,9,1,2,12,11,3,9305.56,High,7
2026-07-19,B004,Salem,Tamil Nadu,P005,Laptop,Electronics,29,0,6,16,18,5,45564.62,Low,5
2026-07-19,B004,Salem,Tamil Nadu,P006,Smartphone,Electronics,91,9,17,65,64,13,17396.82,Low,10
2026-07-19,B004,Salem,Tamil Nadu,P007,Printer,Electronics,11,0,0,11,10,3,12492.72,Medium,6
2026-07-19,B004,Salem,Tamil Nadu,P008,Air Conditioner,Appliances,21,0,3,13,12,3,39517.8,Low,10
2026-07-19,B004,Salem,Tamil Nadu,P009,Router,Networking,59,5,7,40,38,12,3276.04,Low,9
2026-07-19,B004,Salem,Tamil Nadu,P010,Monitor,Electronics,16,2,4,27,28,6,15811.69,Critical,3
2026-07-19,B005,Trichy,Tamil Nadu,P001,LED TV,Electronics,66,3,1,44,43,14,32163.7,Low,6
2026-07-19,B005,Trichy,Tamil Nadu,P002,Refrigerator,Appliances,24,1,2,14,15,4,28379.05,Low,10
2026-07-19,B005,Trichy,Tamil Nadu,P003,Washing Machine,Appliances,35,1,2,19,19,5,24477.79,Low,3
2026-07-19,B005,Trichy,Tamil Nadu,P004,Microwave,Appliances,9,0,0,12,11,3,9287.99,Critical,6
2026-07-19,B005,Trichy,Tamil Nadu,P005,Laptop,Electronics,21,2,3,23,24,5,49341.5,High,9
2026-07-19,B005,Trichy,Tamil Nadu,P006,Smartphone,Electronics,35,3,7,45,45,14,18174.85,High,9
2026-07-19,B005,Trichy,Tamil Nadu,P007,Printer,Electronics,25,1,2,17,16,5,11061.17,Low,6
2026-07-19,B005,Trichy,Tamil Nadu,P008,Air Conditioner,Appliances,22,0,0,16,17,5,38962.58,Low,9
2026-07-19,B005,Trichy,Tamil Nadu,P009,Router,Networking,36,0,15,47,46,14,3385.77,Medium,4
2026-07-19,B005,Trichy,Tamil Nadu,P010,Monitor,Electronics,18,1,3,15,14,4,16807.89,Low,10
2026-07-19,B006,Tiruppur,Tamil Nadu,P001,LED TV,Electronics,46,1,0,32,29,6,31919.84,Low,8
2026-07-19,B006,Tiruppur,Tamil Nadu,P002,Refrigerator,Appliances,16,0,0,12,11,3,26200.77,Low,8
2026-07-19,B006,Tiruppur,Tamil Nadu,P003,Washing Machine,Appliances,15,0,5,23,24,8,25275.75,Critical,6
2026-07-19,B006,Tiruppur,Tamil Nadu,P004,Microwave,Appliances,9,0,0,11,10,3,8477.59,High,3
2026-07-19,B006,Tiruppur,Tamil Nadu,P005,Laptop,Electronics,36,0,1,24,21,5,49933.82,Low,3
2026-07-19,B006,Tiruppur,Tamil Nadu,P006,Smartphone,Electronics,93,3,7,54,56,14,16641.57,Low,6
2026-07-19,B006,Tiruppur,Tamil Nadu,P007,Printer,Electronics,2,0,0,7,6,3,11792.12,Critical,6
2026-07-19,B006,Tiruppur,Tamil Nadu,P008,Air Conditioner,Appliances,17,1,2,12,12,3,41367.57,Low,9
2026-07-19,B006,Tiruppur,Tamil Nadu,P009,Router,Networking,57,0,3,41,41,10,3653.26,Low,5
2026-07-19,B006,Tiruppur,Tamil Nadu,P010,Monitor,Electronics,13,3,6,21,22,7,15295.4,Critical,10
2026-07-19,B007,Erode,Tamil Nadu,P001,LED TV,Electronics,56,0,0,37,34,7,31489.12,Low,4
2026-07-19,B007,Erode,Tamil Nadu,P002,Refrigerator,Appliances,21,1,0,17,18,4,27447.79,Medium,8
2026-07-19,B007,Erode,Tamil Nadu,P003,Washing Machine,Appliances,20,1,3,16,13,3,24167.21,Low,6
2026-07-19,B007,Erode,Tamil Nadu,P004,Microwave,Appliances,10,1,2,13,14,3,9420.9,High,8
2026-07-19,B007,Erode,Tamil Nadu,P005,Laptop,Electronics,35,2,1,19,19,4,46293.23,Low,4
2026-07-19,B007,Erode,Tamil Nadu,P006,Smartphone,Electronics,64,3,7,53,54,16,17211.76,Medium,5
2026-07-19,B007,Erode,Tamil Nadu,P007,Printer,Electronics,15,1,3,12,12,3,11862.42,Low,6
2026-07-19,B007,Erode,Tamil Nadu,P008,Air Conditioner,Appliances,24,0,1,16,13,3,40292.43,Low,3
2026-07-19,B007,Erode,Tamil Nadu,P009,Router,Networking,53,0,11,43,43,9,3545.31,Low,9
2026-07-19,B007,Erode,Tamil Nadu,P010,Monitor,Electronics,16,0,0,10,10,3,15847.74,Low,7
2026-07-19,B008,Vellore,Tamil Nadu,P001,LED TV,Electronics,16,3,5,24,25,5,30394.94,Critical,3
2026-07-19,B008,Vellore,Tamil Nadu,P002,Refrigerator,Appliances,16,0,0,18,17,3,26265.65,High,4
2026-07-19,B008,Vellore,Tamil Nadu,P003,Washing Machine,Appliances,16,1,1,20,19,5,22506.44,High,9
2026-07-19,B008,Vellore,Tamil Nadu,P004,Microwave,Appliances,10,0,3,13,13,4,8891.37,High,8
2026-07-19,B008,Vellore,Tamil Nadu,P005,Laptop,Electronics,30,3,2,21,23,6,51249.75,Low,8
2026-07-19,B008,Vellore,Tamil Nadu,P006,Smartphone,Electronics,121,7,8,66,76,17,17228.69,Low,3
2026-07-19,B008,Vellore,Tamil Nadu,P007,Printer,Electronics,13,0,2,11,10,3,12194.63,Low,4
2026-07-19,B008,Vellore,Tamil Nadu,P008,Air Conditioner,Appliances,18,0,5,18,17,3,43873.12,Low,3
2026-07-19,B008,Vellore,Tamil Nadu,P009,Router,Networking,20,3,6,36,32,8,3384.9,Critical,9
2026-07-19,B008,Vellore,Tamil Nadu,P010,Monitor,Electronics,37,1,9,29,29,9,15351.09,Low,8
2026-07-20,B001,Chennai,Tamil Nadu,P001,LED TV,Electronics,89,4,7,65,58,19,31309.06,Low,10
2026-07-20,B001,Chennai,Tamil Nadu,P002,Refrigerator,Appliances,17,1,3,28,25,8,28060.01,Critical,3
2026-07-20,B001,Chennai,Tamil Nadu,P003,Washing Machine,Appliances,29,1,0,25,24,8,24822.23,Medium,7
2026-07-20,B001,Chennai,Tamil Nadu,P004,Microwave,Appliances,42,0,2,23,24,5,8356.8,Low,7
2026-07-20,B001,Chennai,Tamil Nadu,P005,Laptop,Electronics,20,1,7,35,30,9,46582.96,High,3
2026-07-20,B001,Chennai,Tamil Nadu,P006,Smartphone,Electronics,126,9,24,79,74,25,19134.58,Low,5
2026-07-20,B001,Chennai,Tamil Nadu,P007,Printer,Electronics,33,2,4,20,18,4,11890.31,Low,4
2026-07-20,B001,Chennai,Tamil Nadu,P008,Air Conditioner,Appliances,16,0,1,15,15,3,41188.3,Medium,10
2026-07-20,B001,Chennai,Tamil Nadu,P009,Router,Networking,46,5,18,55,55,15,3282.34,Medium,8
2026-07-20,B001,Chennai,Tamil Nadu,P010,Monitor,Electronics,69,0,14,40,45,12,14963.37,Low,10
2026-07-20,B002,Coimbatore,Tamil Nadu,P001,LED TV,Electronics,62,5,11,44,44,15,32179.58,Low,10
2026-07-20,B002,Coimbatore,Tamil Nadu,P002,Refrigerator,Appliances,31,0,5,16,17,4,28594.62,Low,9
2026-07-20,B002,Coimbatore,Tamil Nadu,P003,Washing Machine,Appliances,19,0,2,20,20,6,24424.87,High,10
2026-07-20,B002,Coimbatore,Tamil Nadu,P004,Microwave,Appliances,23,0,0,13,13,4,9554.0,Low,9
2026-07-20,B002,Coimbatore,Tamil Nadu,P005,Laptop,Electronics,48,6,3,39,42,10,47369.14,Medium,9
2026-07-20,B002,Coimbatore,Tamil Nadu,P006,Smartphone,Electronics,55,3,18,65,59,18,17724.08,Medium,7
2026-07-20,B002,Coimbatore,Tamil Nadu,P007,Printer,Electronics,26,1,3,15,15,3,11223.68,Low,10
2026-07-20,B002,Coimbatore,Tamil Nadu,P008,Air Conditioner,Appliances,12,0,4,15,14,3,44612.65,Medium,10
2026-07-20,B002,Coimbatore,Tamil Nadu,P009,Router,Networking,59,2,14,55,62,18,3340.7,Medium,5
2026-07-20,B002,Coimbatore,Tamil Nadu,P010,Monitor,Electronics,33,2,5,23,19,6,14740.99,Low,9
2026-07-20,B003,Madurai,Tamil Nadu,P001,LED TV,Electronics,26,6,2,46,44,13,32578.44,Critical,6
2026-07-20,B003,Madurai,Tamil Nadu,P002,Refrigerator,Appliances,17,1,1,19,17,5,30120.3,High,10
2026-07-20,B003,Madurai,Tamil Nadu,P003,Washing Machine,Appliances,14,1,0,15,13,3,25113.4,High,3
2026-07-20,B003,Madurai,Tamil Nadu,P004,Microwave,Appliances,25,1,1,14,14,3,8975.88,Low,4
2026-07-20,B003,Madurai,Tamil Nadu,P005,Laptop,Electronics,23,2,0,27,25,7,48834.73,High,9
2026-07-20,B003,Madurai,Tamil Nadu,P006,Smartphone,Electronics,88,8,16,58,57,14,19300.22,Low,6
2026-07-20,B003,Madurai,Tamil Nadu,P007,Printer,Electronics,7,1,2,15,14,4,12769.67,Critical,9
2026-07-20,B003,Madurai,Tamil Nadu,P008,Air Conditioner,Appliances,17,0,0,14,14,3,44177.18,Low,6
2026-07-20,B003,Madurai,Tamil Nadu,P009,Router,Networking,83,6,6,48,49,14,3556.07,Low,3
2026-07-20,B003,Madurai,Tamil Nadu,P010,Monitor,Electronics,34,3,2,33,39,11,15198.39,High,4
2026-07-20,B004,Salem,Tamil Nadu,P001,LED TV,Electronics,23,0,1,35,36,12,32374.41,Critical,3
2026-07-20,B004,Salem,Tamil Nadu,P002,Refrigerator,Appliances,34,1,1,17,19,5,28316.11,Low,4
2026-07-20,B004,Salem,Tamil Nadu,P003,Washing Machine,Appliances,33,3,0,26,24,5,25484.28,Low,4
2026-07-20,B004,Salem,Tamil Nadu,P004,Microwave,Appliances,7,0,0,9,8,3,9015.85,Critical,7
2026-07-20,B004,Salem,Tamil Nadu,P005,Laptop,Electronics,24,3,5,22,21,4,46528.47,Low,4
2026-07-20,B004,Salem,Tamil Nadu,P006,Smartphone,Electronics,84,4,6,47,53,15,16807.23,Low,8
2026-07-20,B004,Salem,Tamil Nadu,P007,Printer,Electronics,10,1,1,8,7,3,11608.2,Low,8
2026-07-20,B004,Salem,Tamil Nadu,P008,Air Conditioner,Appliances,13,0,0,9,9,3,39997.02,Low,9
2026-07-20,B004,Salem,Tamil Nadu,P009,Router,Networking,34,2,4,50,46,11,3269.46,Critical,4
2026-07-20,B004,Salem,Tamil Nadu,P010,Monitor,Electronics,14,0,2,15,13,3,16017.37,Low,4
2026-07-20,B005,Trichy,Tamil Nadu,P001,LED TV,Electronics,32,2,2,45,43,13,29819.76,Critical,4
2026-07-20,B005,Trichy,Tamil Nadu,P002,Refrigerator,Appliances,21,1,1,20,18,5,27131.14,Medium,7
2026-07-20,B005,Trichy,Tamil Nadu,P003,Washing Machine,Appliances,21,2,1,14,15,5,25397.59,Low,10
2026-07-20,B005,Trichy,Tamil Nadu,P004,Microwave,Appliances,8,1,2,10,9,3,8382.82,High,7
2026-07-20,B005,Trichy,Tamil Nadu,P005,Laptop,Electronics,53,3,4,36,32,6,44284.18,Low,4
2026-07-20,B005,Trichy,Tamil Nadu,P006,Smartphone,Electronics,71,1,7,41,39,9,17722.6,Low,6
2026-07-20,B005,Trichy,Tamil Nadu,P007,Printer,Electronics,14,0,0,17,18,5,11858.21,Critical,8
2026-07-20,B005,Trichy,Tamil Nadu,P008,Air Conditioner,Appliances,16,0,1,10,10,3,38771.93,Low,9
2026-07-20,B005,Trichy,Tamil Nadu,P009,Router,Networking,46,3,6,33,33,8,3602.46,Low,3
2026-07-20,B005,Trichy,Tamil Nadu,P010,Monitor,Electronics,21,1,4,20,21,6,16727.77,Medium,8
2026-07-20,B006,Tiruppur,Tamil Nadu,P001,LED TV,Electronics,56,0,14,41,44,9,33594.41,Low,10
2026-07-20,B006,Tiruppur,Tamil Nadu,P002,Refrigerator,Appliances,11,0,2,15,12,3,26189.04,Medium,5
2026-07-20,B006,Tiruppur,Tamil Nadu,P003,Washing Machine,Appliances,16,0,5,19,20,4,25720.0,Medium,5
2026-07-20,B006,Tiruppur,Tamil Nadu,P004,Microwave,Appliances,5,0,1,12,10,3,8676.25,Critical,8
2026-07-20,B006,Tiruppur,Tamil Nadu,P005,Laptop,Electronics,23,1,4,32,27,7,47143.12,High,4
2026-07-20,B006,Tiruppur,Tamil Nadu,P006,Smartphone,Electronics,77,5,2,52,43,12,17061.64,Low,8
2026-07-20,B006,Tiruppur,Tamil Nadu,P007,Printer,Electronics,11,0,0,9,8,3,11338.9,Low,3
2026-07-20,B006,Tiruppur,Tamil Nadu,P008,Air Conditioner,Appliances,26,1,0,16,18,5,38908.71,Low,8
2026-07-20,B006,Tiruppur,Tamil Nadu,P009,Router,Networking,48,0,0,39,42,13,3521.24,Medium,6
2026-07-20,B006,Tiruppur,Tamil Nadu,P010,Monitor,Electronics,15,1,3,19,18,5,17221.22,High,6
2026-07-20,B007,Erode,Tamil Nadu,P001,LED TV,Electronics,15,2,6,25,21,4,31460.38,High,3
2026-07-20,B007,Erode,Tamil Nadu,P002,Refrigerator,Appliances,13,1,1,9,9,3,28158.51,Low,8
2026-07-20,B007,Erode,Tamil Nadu,P003,Washing Machine,Appliances,16,0,0,19,18,5,22442.02,High,8
2026-07-20,B007,Erode,Tamil Nadu,P004,Microwave,Appliances,19,0,4,14,13,3,8520.54,Low,8
2026-07-20,B007,Erode,Tamil Nadu,P005,Laptop,Electronics,21,2,9,27,29,7,49072.26,High,8
2026-07-20,B007,Erode,Tamil Nadu,P006,Smartphone,Electronics,29,5,7,36,38,11,18563.44,Critical,6
2026-07-20,B007,Erode,Tamil Nadu,P007,Printer,Electronics,14,0,1,8,8,3,11537.07,Low,10
2026-07-20,B007,Erode,Tamil Nadu,P008,Air Conditioner,Appliances,7,1,2,14,15,4,40767.07,Critical,9
2026-07-20,B007,Erode,Tamil Nadu,P009,Router,Networking,29,0,12,41,48,10,3618.65,High,4
2026-07-20,B007,Erode,Tamil Nadu,P010,Monitor,Electronics,11,0,4,21,23,5,16600.0,Critical,4
2026-07-20,B008,Vellore,Tamil Nadu,P001,LED TV,Electronics,32,2,9,39,43,10,30324.0,High,5
2026-07-20,B008,Vellore,Tamil Nadu,P002,Refrigerator,Appliances,31,0,0,16,17,5,25893.5,Low,8
2026-07-20,B008,Vellore,Tamil Nadu,P003,Washing Machine,Appliances,10,0,3,13,13,4,22754.36,High,3
2026-07-20,B008,Vellore,Tamil Nadu,P004,Microwave,Appliances,20,1,3,13,13,4,9246.21,Low,8
2026-07-20,B008,Vellore,Tamil Nadu,P005,Laptop,Electronics,16,2,3,23,24,5,48870.02,Critical,6
2026-07-20,B008,Vellore,Tamil Nadu,P006,Smartphone,Electronics,60,3,7,40,37,8,18923.22,Low,8
2026-07-20,B008,Vellore,Tamil Nadu,P007,Printer,Electronics,8,0,0,6,5,3,12345.72,Low,9
2026-07-20,B008,Vellore,Tamil Nadu,P008,Air Conditioner,Appliances,20,0,3,14,14,4,42141.77,Low,7
2026-07-20,B008,Vellore,Tamil Nadu,P009,Router,Networking,44,6,12,44,42,14,3489.39,Medium,9
2026-07-20,B008,Vellore,Tamil Nadu,P010,Monitor,Electronics,17,1,4,16,15,3,15125.9,Low,5
2026-07-21,B001,Chennai,Tamil Nadu,P001,LED TV,Electronics,61,2,9,51,47,12,30964.67,Low,3
2026-07-21,B001,Chennai,Tamil Nadu,P002,Refrigerator,Appliances,44,1,1,24,24,5,27615.21,Low,10
2026-07-21,B001,Chennai,Tamil Nadu,P003,Washing Machine,Appliances,39,0,5,22,22,6,22170.25,Low,8
2026-07-21,B001,Chennai,Tamil Nadu,P004,Microwave,Appliances,9,1,2,17,17,5,9081.54,Critical,6
2026-07-21,B001,Chennai,Tamil Nadu,P005,Laptop,Electronics,32,4,7,36,38,8,47654.48,High,9
2026-07-21,B001,Chennai,Tamil Nadu,P006,Smartphone,Electronics,57,6,16,76,86,29,17976.72,Critical,5
2026-07-21,B001,Chennai,Tamil Nadu,P007,Printer,Electronics,19,0,5,21,21,5,12239.07,Medium,5
2026-07-21,B001,Chennai,Tamil Nadu,P008,Air Conditioner,Appliances,46,2,1,24,25,8,44372.91,Low,10
2026-07-21,B001,Chennai,Tamil Nadu,P009,Router,Networking,70,5,15,52,50,14,3427.86,Low,4
2026-07-21,B001,Chennai,Tamil Nadu,P010,Monitor,Electronics,61,3,3,33,35,9,15478.0,Low,10
2026-07-21,B002,Coimbatore,Tamil Nadu,P001,LED TV,Electronics,33,0,6,48,54,14,31031.53,Critical,10
2026-07-21,B002,Coimbatore,Tamil Nadu,P002,Refrigerator,Appliances,16,0,2,13,14,4,29666.01,Low,5
2026-07-21,B002,Coimbatore,Tamil Nadu,P003,Washing Machine,Appliances,35,2,4,20,21,4,24285.83,Low,3
2026-07-21,B002,Coimbatore,Tamil Nadu,P004,Microwave,Appliances,28,0,3,21,22,5,9381.11,Low,4
2026-07-21,B002,Coimbatore,Tamil Nadu,P005,Laptop,Electronics,9,1,5,18,18,5,45799.38,Critical,8
2026-07-21,B002,Coimbatore,Tamil Nadu,P006,Smartphone,Electronics,61,0,2,58,60,17,17495.98,High,3
2026-07-21,B002,Coimbatore,Tamil Nadu,P007,Printer,Electronics,16,1,4,18,18,5,12111.45,High,8
2026-07-21,B002,Coimbatore,Tamil Nadu,P008,Air Conditioner,Appliances,23,1,3,17,16,5,40028.28,Low,6
2026-07-21,B002,Coimbatore,Tamil Nadu,P009,Router,Networking,76,0,6,51,44,10,3695.68,Low,7
2026-07-21,B002,Coimbatore,Tamil Nadu,P010,Monitor,Electronics,13,2,4,25,21,4,16086.38,Critical,9
2026-07-21,B003,Madurai,Tamil Nadu,P001,LED TV,Electronics,31,2,10,38,40,8,32636.6,High,9
2026-07-21,B003,Madurai,Tamil Nadu,P002,Refrigerator,Appliances,31,0,2,22,23,5,29886.79,Low,5
2026-07-21,B003,Madurai,Tamil Nadu,P003,Washing Machine,Appliances,15,2,5,16,16,5,22103.53,Medium,9
2026-07-21,B003,Madurai,Tamil Nadu,P004,Microwave,Appliances,26,0,5,17,16,4,9626.27,Low,5
2026-07-21,B003,Madurai,Tamil Nadu,P005,Laptop,Electronics,16,4,0,31,32,8,51437.96,Critical,4
2026-07-21,B003,Madurai,Tamil Nadu,P006,Smartphone,Electronics,77,4,16,49,47,15,18677.33,Low,10
2026-07-21,B003,Madurai,Tamil Nadu,P007,Printer,Electronics,33,1,5,17,18,4,12076.93,Low,9
2026-07-21,B003,Madurai,Tamil Nadu,P008,Air Conditioner,Appliances,22,1,3,17,15,4,40266.9,Low,5
2026-07-21,B003,Madurai,Tamil Nadu,P009,Router,Networking,36,2,1,40,38,9,3243.72,High,3
2026-07-21,B003,Madurai,Tamil Nadu,P010,Monitor,Electronics,25,1,4,21,23,7,17218.18,Medium,8
2026-07-21,B004,Salem,Tamil Nadu,P001,LED TV,Electronics,26,3,13,35,38,11,32093.77,High,4
2026-07-21,B004,Salem,Tamil Nadu,P002,Refrigerator,Appliances,11,0,4,16,17,4,27484.58,High,5
2026-07-21,B004,Salem,Tamil Nadu,P003,Washing Machine,Appliances,13,0,5,15,16,5,23468.72,Medium,4
2026-07-21,B004,Salem,Tamil Nadu,P004,Microwave,Appliances,15,0,2,13,13,3,9550.96,Low,4
2026-07-21,B004,Salem,Tamil Nadu,P005,Laptop,Electronics,45,2,8,28,28,8,51413.67,Low,6
2026-07-21,B004,Salem,Tamil Nadu,P006,Smartphone,Electronics,45,6,6,53,52,17,16845.18,Critical,6
2026-07-21,B004,Salem,Tamil Nadu,P007,Printer,Electronics,10,0,0,10,11,3,12780.95,High,10
2026-07-21,B004,Salem,Tamil Nadu,P008,Air Conditioner,Appliances,6,0,1,12,12,4,44178.64,Critical,7
2026-07-21,B004,Salem,Tamil Nadu,P009,Router,Networking,50,6,16,46,50,14,3317.24,Medium,3
2026-07-21,B004,Salem,Tamil Nadu,P010,Monitor,Electronics,22,2,3,21,20,4,15222.87,Medium,4
2026-07-21,B005,Trichy,Tamil Nadu,P001,LED TV,Electronics,47,0,0,37,38,7,30318.15,Low,4
2026-07-21,B005,Trichy,Tamil Nadu,P002,Refrigerator,Appliances,18,1,0,19,19,6,26939.23,High,3
2026-07-21,B005,Trichy,Tamil Nadu,P003,Washing Machine,Appliances,8,1,4,16,14,3,24425.27,High,9
2026-07-21,B005,Trichy,Tamil Nadu,P004,Microwave,Appliances,13,0,0,15,15,4,8427.13,High,5
2026-07-21,B005,Trichy,Tamil Nadu,P005,Laptop,Electronics,16,2,5,25,25,8,48334.0,Critical,4
2026-07-21,B005,Trichy,Tamil Nadu,P006,Smartphone,Electronics,118,0,13,65,67,18,18177.86,Low,9
2026-07-21,B005,Trichy,Tamil Nadu,P007,Printer,Electronics,5,0,1,8,7,3,11844.86,Critical,7
2026-07-21,B005,Trichy,Tamil Nadu,P008,Air Conditioner,Appliances,25,0,0,17,14,4,41473.28,Low,6
2026-07-21,B005,Trichy,Tamil Nadu,P009,Router,Networking,54,3,12,39,43,9,3777.75,Low,4
2026-07-21,B005,Trichy,Tamil Nadu,P010,Monitor,Electronics,31,0,2,25,24,6,16002.21,Low,9
2026-07-21,B006,Tiruppur,Tamil Nadu,P001,LED TV,Electronics,25,5,9,37,39,12,30311.59,Critical,3
2026-07-21,B006,Tiruppur,Tamil Nadu,P002,Refrigerator,Appliances,9,0,4,13,13,3,29171.71,High,10
2026-07-21,B006,Tiruppur,Tamil Nadu,P003,Washing Machine,Appliances,31,1,1,18,18,5,23661.56,Low,5
2026-07-21,B006,Tiruppur,Tamil Nadu,P004,Microwave,Appliances,11,0,2,10,9,3,8578.74,Low,4
2026-07-21,B006,Tiruppur,Tamil Nadu,P005,Laptop,Electronics,29,0,6,29,31,9,47874.67,Medium,6
2026-07-21,B006,Tiruppur,Tamil Nadu,P006,Smartphone,Electronics,94,0,18,57,57,19,16930.78,Low,3
2026-07-21,B006,Tiruppur,Tamil Nadu,P007,Printer,Electronics,14,0,3,9,10,3,11081.16,Low,7
2026-07-21,B006,Tiruppur,Tamil Nadu,P008,Air Conditioner,Appliances,19,2,0,14,14,3,41453.04,Low,5
2026-07-21,B006,Tiruppur,Tamil Nadu,P009,Router,Networking,37,4,9,41,35,10,3256.21,Medium,4
2026-07-21,B006,Tiruppur,Tamil Nadu,P010,Monitor,Electronics,38,0,5,27,26,8,16633.58,Low,4
2026-07-21,B007,Erode,Tamil Nadu,P001,LED TV,Electronics,11,1,1,25,25,7,34412.64,Critical,9
2026-07-21,B007,Erode,Tamil Nadu,P002,Refrigerator,Appliances,18,1,4,12,13,3,26811.11,Low,8
2026-07-21,B007,Erode,Tamil Nadu,P003,Washing Machine,Appliances,37,1,2,18,21,7,23844.81,Low,10
2026-07-21,B007,Erode,Tamil Nadu,P004,Microwave,Appliances,10,0,1,11,10,3,9334.22,Medium,10
2026-07-21,B007,Erode,Tamil Nadu,P005,Laptop,Electronics,18,1,0,16,17,4,47948.55,High,3
2026-07-21,B007,Erode,Tamil Nadu,P006,Smartphone,Electronics,81,5,0,54,57,15,17088.24,Low,7
2026-07-21,B007,Erode,Tamil Nadu,P007,Printer,Electronics,12,0,3,12,12,3,11125.15,Low,3
2026-07-21,B007,Erode,Tamil Nadu,P008,Air Conditioner,Appliances,10,0,3,13,14,3,41644.25,High,5
2026-07-21,B007,Erode,Tamil Nadu,P009,Router,Networking,61,0,14,38,41,8,3708.68,Low,10
2026-07-21,B007,Erode,Tamil Nadu,P010,Monitor,Electronics,29,0,5,19,17,4,16389.33,Low,10
2026-07-21,B008,Vellore,Tamil Nadu,P001,LED TV,Electronics,70,1,0,40,42,11,32610.34,Low,10
2026-07-21,B008,Vellore,Tamil Nadu,P002,Refrigerator,Appliances,27,2,1,18,17,3,28133.89,Low,10
2026-07-21,B008,Vellore,Tamil Nadu,P003,Washing Machine,Appliances,16,1,1,16,18,4,24487.36,High,7
2026-07-21,B008,Vellore,Tamil Nadu,P004,Microwave,Appliances,15,1,3,11,12,3,9073.42,Low,3
2026-07-21,B008,Vellore,Tamil Nadu,P005,Laptop,Electronics,41,2,2,22,22,4,47772.92,Low,4
2026-07-21,B008,Vellore,Tamil Nadu,P006,Smartphone,Electronics,124,3,23,67,71,22,18395.37,Low,6
2026-07-21,B008,Vellore,Tamil Nadu,P007,Printer,Electronics,23,1,3,12,13,3,12832.27,Low,6
2026-07-21,B008,Vellore,Tamil Nadu,P008,Air Conditioner,Appliances,12,1,0,11,12,3,40017.47,High,8
2026-07-21,B008,Vellore,Tamil Nadu,P009,Router,Networking,28,2,4,34,33,11,3757.56,High,5
2026-07-21,B008,Vellore,Tamil Nadu,P010,Monitor,Electronics,14,1,1,14,14,4,15685.21,High,8
2026-07-22,B001,Chennai,Tamil Nadu,P001,LED TV,Electronics,74,7,3,59,58,14,33456.69,Medium,6
2026-07-22,B001,Chennai,Tamil Nadu,P002,Refrigerator,Appliances,11,2,3,24,21,6,28115.49,Critical,3
2026-07-22,B001,Chennai,Tamil Nadu,P003,Washing Machine,Appliances,32,2,4,25,23,7,25318.81,Low,3
2026-07-22,B001,Chennai,Tamil Nadu,P004,Microwave,Appliances,32,0,2,20,17,4,9005.16,Low,7
2026-07-22,B001,Chennai,Tamil Nadu,P005,Laptop,Electronics,63,3,0,39,37,9,48896.35,Low,8
2026-07-22,B001,Chennai,Tamil Nadu,P006,Smartphone,Electronics,56,2,11,64,66,15,19280.33,High,8
2026-07-22,B001,Chennai,Tamil Nadu,P007,Printer,Electronics,23,0,5,17,16,4,11221.36,Low,7
2026-07-22,B001,Chennai,Tamil Nadu,P008,Air Conditioner,Appliances,27,0,5,22,23,5,42364.86,Low,4
2026-07-22,B001,Chennai,Tamil Nadu,P009,Router,Networking,96,5,24,72,74,18,3638.64,Low,7
2026-07-22,B001,Chennai,Tamil Nadu,P010,Monitor,Electronics,52,4,9,33,29,6,14820.16,Low,10
2026-07-22,B002,Coimbatore,Tamil Nadu,P001,LED TV,Electronics,51,5,11,42,41,13,30884.06,Low,6
2026-07-22,B002,Coimbatore,Tamil Nadu,P002,Refrigerator,Appliances,30,0,4,16,16,5,27509.1,Low,7
2026-07-22,B002,Coimbatore,Tamil Nadu,P003,Washing Machine,Appliances,36,0,6,20,21,5,22921.67,Low,5
2026-07-22,B002,Coimbatore,Tamil Nadu,P004,Microwave,Appliances,24,0,0,14,14,4,9293.98,Low,3
2026-07-22,B002,Coimbatore,Tamil Nadu,P005,Laptop,Electronics,23,3,1,33,32,8,48113.41,Critical,6
2026-07-22,B002,Coimbatore,Tamil Nadu,P006,Smartphone,Electronics,90,9,26,75,79,19,17223.31,Low,10
2026-07-22,B002,Coimbatore,Tamil Nadu,P007,Printer,Electronics,25,0,2,15,16,4,12899.83,Low,10
2026-07-22,B002,Coimbatore,Tamil Nadu,P008,Air Conditioner,Appliances,31,2,2,20,20,5,41363.41,Low,3
2026-07-22,B002,Coimbatore,Tamil Nadu,P009,Router,Networking,73,5,6,43,41,10,3450.1,Low,5
2026-07-22,B002,Coimbatore,Tamil Nadu,P010,Monitor,Electronics,30,1,0,20,22,4,17046.81,Low,5
2026-07-22,B003,Madurai,Tamil Nadu,P001,LED TV,Electronics,52,4,15,53,49,11,31109.48,Low,7
2026-07-22,B003,Madurai,Tamil Nadu,P002,Refrigerator,Appliances,7,1,2,13,12,3,29674.22,Critical,9
2026-07-22,B003,Madurai,Tamil Nadu,P003,Washing Machine,Appliances,26,2,0,19,15,3,22542.27,Low,7
2026-07-22,B003,Madurai,Tamil Nadu,P004,Microwave,Appliances,19,0,5,21,23,7,8430.37,High,8
2026-07-22,B003,Madurai,Tamil Nadu,P005,Laptop,Electronics,49,3,8,32,37,10,48151.62,Low,8
2026-07-22,B003,Madurai,Tamil Nadu,P006,Smartphone,Electronics,67,4,13,51,54,15,17659.26,Low,9
2026-07-22,B003,Madurai,Tamil Nadu,P007,Printer,Electronics,14,1,2,15,13,3,11587.02,Medium,7
2026-07-22,B003,Madurai,Tamil Nadu,P008,Air Conditioner,Appliances,33,2,5,18,19,6,42776.18,Low,4
2026-07-22,B003,Madurai,Tamil Nadu,P009,Router,Networking,45,7,14,51,50,13,3692.45,High,4
2026-07-22,B003,Madurai,Tamil Nadu,P010,Monitor,Electronics,8,1,3,20,18,4,16929.62,Critical,3
2026-07-22,B004,Salem,Tamil Nadu,P001,LED TV,Electronics,69,1,3,41,38,8,30101.18,Low,6
2026-07-22,B004,Salem,Tamil Nadu,P002,Refrigerator,Appliances,15,2,6,22,19,5,27974.35,High,8
2026-07-22,B004,Salem,Tamil Nadu,P003,Washing Machine,Appliances,7,0,0,13,12,3,24218.46,Critical,5
2026-07-22,B004,Salem,Tamil Nadu,P004,Microwave,Appliances,15,0,0,12,13,3,9317.88,Medium,8
2026-07-22,B004,Salem,Tamil Nadu,P005,Laptop,Electronics,36,2,5,22,20,4,45588.2,Low,6
2026-07-22,B004,Salem,Tamil Nadu,P006,Smartphone,Electronics,60,5,8,47,43,9,18518.56,Low,9
2026-07-22,B004,Salem,Tamil Nadu,P007,Printer,Electronics,14,1,0,11,10,3,11191.26,Low,10
2026-07-22,B004,Salem,Tamil Nadu,P008,Air Conditioner,Appliances,11,2,0,17,18,4,39283.81,Critical,4
2026-07-22,B004,Salem,Tamil Nadu,P009,Router,Networking,19,5,10,37,37,10,3494.46,Critical,7
2026-07-22,B004,Salem,Tamil Nadu,P010,Monitor,Electronics,20,1,6,20,20,6,15377.25,Medium,3
2026-07-22,B005,Trichy,Tamil Nadu,P001,LED TV,Electronics,62,6,0,50,43,13,31258.28,Low,4
2026-07-22,B005,Trichy,Tamil Nadu,P002,Refrigerator,Appliances,26,2,4,15,17,5,25992.56,Low,9
2026-07-22,B005,Trichy,Tamil Nadu,P003,Washing Machine,Appliances,32,2,6,21,19,5,24312.52,Low,8
2026-07-22,B005,Trichy,Tamil Nadu,P004,Microwave,Appliances,6,0,2,14,14,4,8840.14,Critical,9
2026-07-22,B005,Trichy,Tamil Nadu,P005,Laptop,Electronics,10,2,0,18,17,4,46560.04,Critical,8
2026-07-22,B005,Trichy,Tamil Nadu,P006,Smartphone,Electronics,31,1,16,47,51,16,18986.25,High,6
2026-07-22,B005,Trichy,Tamil Nadu,P007,Printer,Electronics,17,0,0,17,15,3,11939.97,Medium,8
2026-07-22,B005,Trichy,Tamil Nadu,P008,Air Conditioner,Appliances,22,1,0,15,16,4,39330.95,Low,10
2026-07-22,B005,Trichy,Tamil Nadu,P009,Router,Networking,65,2,3,56,55,12,3458.72,Medium,10
2026-07-22,B005,Trichy,Tamil Nadu,P010,Monitor,Electronics,38,0,3,24,24,8,16258.16,Low,3
2026-07-22,B006,Tiruppur,Tamil Nadu,P001,LED TV,Electronics,35,1,4,36,39,10,33970.19,High,9
2026-07-22,B006,Tiruppur,Tamil Nadu,P002,Refrigerator,Appliances,21,0,1,15,12,3,28309.9,Low,7
2026-07-22,B006,Tiruppur,Tamil Nadu,P003,Washing Machine,Appliances,10,1,2,20,20,5,24661.35,Critical,8
2026-07-22,B006,Tiruppur,Tamil Nadu,P004,Microwave,Appliances,11,0,1,9,8,3,8492.6,Low,3
2026-07-22,B006,Tiruppur,Tamil Nadu,P005,Laptop,Electronics,27,4,5,29,31,10,49509.42,High,9
2026-07-22,B006,Tiruppur,Tamil Nadu,P006,Smartphone,Electronics,20,0,5,32,30,7,18634.7,High,7
2026-07-22,B006,Tiruppur,Tamil Nadu,P007,Printer,Electronics,2,0,0,5,5,3,12669.57,Critical,8
2026-07-22,B006,Tiruppur,Tamil Nadu,P008,Air Conditioner,Appliances,11,0,3,13,12,3,40071.45,Medium,8
2026-07-22,B006,Tiruppur,Tamil Nadu,P009,Router,Networking,18,0,10,39,36,8,3551.21,High,4
2026-07-22,B006,Tiruppur,Tamil Nadu,P010,Monitor,Electronics,15,2,2,16,17,5,16306.42,High,6
2026-07-22,B007,Erode,Tamil Nadu,P001,LED TV,Electronics,35,0,3,41,41,9,30662.29,High,8
2026-07-22,B007,Erode,Tamil Nadu,P002,Refrigerator,Appliances,13,0,0,10,9,3,28964.06,Low,10
2026-07-22,B007,Erode,Tamil Nadu,P003,Washing Machine,Appliances,19,0,1,14,14,3,24297.21,Low,3
2026-07-22,B007,Erode,Tamil Nadu,P004,Microwave,Appliances,9,1,2,12,12,3,9266.67,High,4
2026-07-22,B007,Erode,Tamil Nadu,P005,Laptop,Electronics,34,2,1,23,20,6,48765.59,Low,3
2026-07-22,B007,Erode,Tamil Nadu,P006,Smartphone,Electronics,64,3,9,41,39,8,18525.84,Low,9
2026-07-22,B007,Erode,Tamil Nadu,P007,Printer,Electronics,4,0,0,9,8,3,11733.59,Critical,9
2026-07-22,B007,Erode,Tamil Nadu,P008,Air Conditioner,Appliances,9,0,3,12,12,3,42018.93,High,5
2026-07-22,B007,Erode,Tamil Nadu,P009,Router,Networking,71,2,8,34,40,12,3500.39,Low,5
2026-07-22,B007,Erode,Tamil Nadu,P010,Monitor,Electronics,15,2,5,23,25,6,17157.73,Critical,4
2026-07-22,B008,Vellore,Tamil Nadu,P001,LED TV,Electronics,37,1,7,40,39,9,31222.25,Medium,9
2026-07-22,B008,Vellore,Tamil Nadu,P002,Refrigerator,Appliances,15,0,0,15,13,3,26614.67,Medium,3
2026-07-22,B008,Vellore,Tamil Nadu,P003,Washing Machine,Appliances,25,1,1,23,24,5,22179.77,Medium,7
2026-07-22,B008,Vellore,Tamil Nadu,P004,Microwave,Appliances,9,2,0,16,16,5,9193.78,Critical,7
2026-07-22,B008,Vellore,Tamil Nadu,P005,Laptop,Electronics,23,3,5,33,30,8,50477.08,High,3
2026-07-22,B008,Vellore,Tamil Nadu,P006,Smartphone,Electronics,88,3,9,51,51,11,19142.15,Low,4
2026-07-22,B008,Vellore,Tamil Nadu,P007,Printer,Electronics,9,0,0,12,12,3,11707.0,Critical,7
2026-07-22,B008,Vellore,Tamil Nadu,P008,Air Conditioner,Appliances,12,0,1,10,9,3,39626.37,Low,5
2026-07-22,B008,Vellore,Tamil Nadu,P009,Router,Networking,52,1,0,35,34,9,3523.08,Low,6
2026-07-22,B008,Vellore,Tamil Nadu,P010,Monitor,Electronics,15,1,4,23,25,6,16516.99,Critical,10
2026-07-23,B001,Chennai,Tamil Nadu,P001,LED TV,Electronics,95,2,6,61,63,19,33448.88,Low,8
2026-07-23,B001,Chennai,Tamil Nadu,P002,Refrigerator,Appliances,24,1,0,20,21,5,29963.29,Medium,8
2026-07-23,B001,Chennai,Tamil Nadu,P003,Washing Machine,Appliances,37,0,4,22,20,4,23505.51,Low,7
2026-07-23,B001,Chennai,Tamil Nadu,P004,Microwave,Appliances,14,1,1,17,17,5,8991.25,Critical,8
2026-07-23,B001,Chennai,Tamil Nadu,P005,Laptop,Electronics,40,3,3,37,36,9,46581.35,Medium,10
2026-07-23,B001,Chennai,Tamil Nadu,P006,Smartphone,Electronics,98,5,5,67,65,21,18029.45,Low,8
2026-07-23,B001,Chennai,Tamil Nadu,P007,Printer,Electronics,15,0,5,22,24,5,12715.92,High,10
2026-07-23,B001,Chennai,Tamil Nadu,P008,Air Conditioner,Appliances,35,2,4,22,21,5,43114.05,Low,3
2026-07-23,B001,Chennai,Tamil Nadu,P009,Router,Networking,65,2,17,57,58,15,3315.44,Low,7
2026-07-23,B001,Chennai,Tamil Nadu,P010,Monitor,Electronics,53,4,2,34,34,11,15080.45,Low,3
2026-07-23,B002,Coimbatore,Tamil Nadu,P001,LED TV,Electronics,24,1,12,40,41,9,31217.49,High,8
2026-07-23,B002,Coimbatore,Tamil Nadu,P002,Refrigerator,Appliances,41,2,0,22,23,5,26335.99,Low,4
2026-07-23,B002,Coimbatore,Tamil Nadu,P003,Washing Machine,Appliances,14,0,6,26,26,5,24860.14,High,7
2026-07-23,B002,Coimbatore,Tamil Nadu,P004,Microwave,Appliances,26,0,1,15,14,4,8649.47,Low,5
2026-07-23,B002,Coimbatore,Tamil Nadu,P005,Laptop,Electronics,17,0,2,29,31,6,47911.82,Critical,3
2026-07-23,B002,Coimbatore,Tamil Nadu,P006,Smartphone,Electronics,96,9,14,71,70,24,18546.59,Low,3
2026-07-23,B002,Coimbatore,Tamil Nadu,P007,Printer,Electronics,26,2,5,16,15,3,12843.04,Low,4
2026-07-23,B002,Coimbatore,Tamil Nadu,P008,Air Conditioner,Appliances,22,0,0,13,13,4,41601.19,Low,7
2026-07-23,B002,Coimbatore,Tamil Nadu,P009,Router,Networking,30,6,8,45,51,17,3683.2,Critical,5
2026-07-23,B002,Coimbatore,Tamil Nadu,P010,Monitor,Electronics,17,2,0,22,20,6,15004.83,Critical,10
2026-07-23,B003,Madurai,Tamil Nadu,P001,LED TV,Electronics,38,7,1,51,51,15,34039.19,Critical,10
2026-07-23,B003,Madurai,Tamil Nadu,P002,Refrigerator,Appliances,26,1,3,17,16,5,28027.95,Low,9
2026-07-23,B003,Madurai,Tamil Nadu,P003,Washing Machine,Appliances,43,2,6,25,25,7,24643.61,Low,4
2026-07-23,B003,Madurai,Tamil Nadu,P004,Microwave,Appliances,31,1,4,15,17,4,8337.96,Low,9
2026-07-23,B003,Madurai,Tamil Nadu,P005,Laptop,Electronics,15,2,8,31,33,10,45353.48,Critical,8
2026-07-23,B003,Madurai,Tamil Nadu,P006,Smartphone,Electronics,57,6,13,53,49,12,18393.76,Low,9
2026-07-23,B003,Madurai,Tamil Nadu,P007,Printer,Electronics,15,0,2,12,11,3,12421.0,Low,6
2026-07-23,B003,Madurai,Tamil Nadu,P008,Air Conditioner,Appliances,15,1,5,16,16,3,41127.5,Low,9
2026-07-23,B003,Madurai,Tamil Nadu,P009,Router,Networking,18,0,1,30,27,6,3283.9,Critical,3
2026-07-23,B003,Madurai,Tamil Nadu,P010,Monitor,Electronics,27,0,4,25,25,7,17020.02,Medium,10
2026-07-23,B004,Salem,Tamil Nadu,P001,LED TV,Electronics,63,0,1,35,34,11,31608.44,Low,9
2026-07-23,B004,Salem,Tamil Nadu,P002,Refrigerator,Appliances,28,0,0,17,18,5,29348.42,Low,5
2026-07-23,B004,Salem,Tamil Nadu,P003,Washing Machine,Appliances,24,3,5,21,22,4,25774.37,Low,9
2026-07-23,B004,Salem,Tamil Nadu,P004,Microwave,Appliances,20,0,2,12,13,3,8548.37,Low,5
2026-07-23,B004,Salem,Tamil Nadu,P005,Laptop,Electronics,28,2,4,16,17,3,49114.24,Low,3
2026-07-23,B004,Salem,Tamil Nadu,P006,Smartphone,Electronics,79,0,16,58,62,19,16867.0,Low,6
2026-07-23,B004,Salem,Tamil Nadu,P007,Printer,Electronics,17,0,0,12,11,3,11117.76,Low,3
2026-07-23,B004,Salem,Tamil Nadu,P008,Air Conditioner,Appliances,21,0,2,15,14,3,41619.02,Low,7
2026-07-23,B004,Salem,Tamil Nadu,P009,Router,Networking,102,1,18,51,55,16,3521.47,Low,7
2026-07-23,B004,Salem,Tamil Nadu,P010,Monitor,Electronics,14,1,5,32,32,7,15192.15,Critical,10
2026-07-23,B005,Trichy,Tamil Nadu,P001,LED TV,Electronics,43,3,4,38,40,12,31091.5,Medium,7
2026-07-23,B005,Trichy,Tamil Nadu,P002,Refrigerator,Appliances,15,2,5,19,18,4,30214.25,High,5
2026-07-23,B005,Trichy,Tamil Nadu,P003,Washing Machine,Appliances,15,0,1,18,16,5,22519.0,High,8
2026-07-23,B005,Trichy,Tamil Nadu,P004,Microwave,Appliances,22,1,3,12,12,3,9181.35,Low,7
2026-07-23,B005,Trichy,Tamil Nadu,P005,Laptop,Electronics,37,0,6,19,20,6,47159.16,Low,4
2026-07-23,B005,Trichy,Tamil Nadu,P006,Smartphone,Electronics,56,2,0,49,45,14,18496.15,Medium,7
2026-07-23,B005,Trichy,Tamil Nadu,P007,Printer,Electronics,9,0,3,12,12,3,12472.83,High,10
2026-07-23,B005,Trichy,Tamil Nadu,P008,Air Conditioner,Appliances,21,2,3,17,15,3,43691.13,Low,10
2026-07-23,B005,Trichy,Tamil Nadu,P009,Router,Networking,56,0,7,46,47,9,3715.76,Low,9
2026-07-23,B005,Trichy,Tamil Nadu,P010,Monitor,Electronics,14,1,7,27,26,5,15285.31,High,5
2026-07-23,B006,Tiruppur,Tamil Nadu,P001,LED TV,Electronics,63,5,12,40,40,10,30508.38,Low,7
2026-07-23,B006,Tiruppur,Tamil Nadu,P002,Refrigerator,Appliances,14,1,3,17,13,3,27732.81,Low,3
2026-07-23,B006,Tiruppur,Tamil Nadu,P003,Washing Machine,Appliances,10,1,1,16,15,4,25410.83,Critical,3
2026-07-23,B006,Tiruppur,Tamil Nadu,P004,Microwave,Appliances,14,1,1,13,13,3,9036.63,Medium,6
2026-07-23,B006,Tiruppur,Tamil Nadu,P005,Laptop,Electronics,31,0,9,30,35,10,50693.99,Medium,4
2026-07-23,B006,Tiruppur,Tamil Nadu,P006,Smartphone,Electronics,21,2,5,30,35,9,19004.05,Critical,9
2026-07-23,B006,Tiruppur,Tamil Nadu,P007,Printer,Electronics,9,2,4,15,15,4,12520.92,Critical,8
2026-07-23,B006,Tiruppur,Tamil Nadu,P008,Air Conditioner,Appliances,23,0,2,17,16,5,39603.31,Low,9
2026-07-23,B006,Tiruppur,Tamil Nadu,P009,Router,Networking,32,0,4,28,28,6,3454.61,Low,8
2026-07-23,B006,Tiruppur,Tamil Nadu,P010,Monitor,Electronics,43,2,8,26,26,5,16962.66,Low,5
2026-07-23,B007,Erode,Tamil Nadu,P001,LED TV,Electronics,81,2,14,43,43,14,30238.34,Low,6
2026-07-23,B007,Erode,Tamil Nadu,P002,Refrigerator,Appliances,7,1,2,12,10,3,28099.06,Critical,4
2026-07-23,B007,Erode,Tamil Nadu,P003,Washing Machine,Appliances,22,2,1,17,18,5,23543.61,Medium,10
2026-07-23,B007,Erode,Tamil Nadu,P004,Microwave,Appliances,15,0,1,11,11,3,8748.67,Low,10
2026-07-23,B007,Erode,Tamil Nadu,P005,Laptop,Electronics,9,1,4,16,15,4,45624.95,Critical,7
2026-07-23,B007,Erode,Tamil Nadu,P006,Smartphone,Electronics,64,1,3,45,38,9,18725.28,Low,7
2026-07-23,B007,Erode,Tamil Nadu,P007,Printer,Electronics,22,0,4,13,14,4,12220.63,Low,10
2026-07-23,B007,Erode,Tamil Nadu,P008,Air Conditioner,Appliances,3,0,1,7,6,3,43499.51,Critical,8
2026-07-23,B007,Erode,Tamil Nadu,P009,Router,Networking,91,6,13,45,49,11,3404.92,Low,7
2026-07-23,B007,Erode,Tamil Nadu,P010,Monitor,Electronics,5,0,2,8,7,3,15229.55,High,4
2026-07-23,B008,Vellore,Tamil Nadu,P001,LED TV,Electronics,24,3,4,33,34,6,33907.31,High,4
2026-07-23,B008,Vellore,Tamil Nadu,P002,Refrigerator,Appliances,20,2,1,16,16,3,25977.85,Low,6
2026-07-23,B008,Vellore,Tamil Nadu,P003,Washing Machine,Appliances,12,2,3,17,17,5,22820.14,Critical,10
2026-07-23,B008,Vellore,Tamil Nadu,P004,Microwave,Appliances,16,0,1,10,9,3,9121.47,Low,3
2026-07-23,B008,Vellore,Tamil Nadu,P005,Laptop,Electronics,35,2,2,29,29,8,44590.3,Medium,8
2026-07-23,B008,Vellore,Tamil Nadu,P006,Smartphone,Electronics,88,9,9,61,65,18,16750.81,Low,5
2026-07-23,B008,Vellore,Tamil Nadu,P007,Printer,Electronics,5,0,0,11,10,3,12797.79,Critical,7
2026-07-23,B008,Vellore,Tamil Nadu,P008,Air Conditioner,Appliances,14,0,0,12,12,3,45119.26,Medium,3
2026-07-23,B008,Vellore,Tamil Nadu,P009,Router,Networking,27,6,15,44,51,10,3420.07,Critical,3
2026-07-23,B008,Vellore,Tamil Nadu,P010,Monitor,Electronics,20,3,8,28,25,8,17029.13,High,5
2026-07-24,B001,Chennai,Tamil Nadu,P001,LED TV,Electronics,70,3,15,59,57,15,32085.27,Low,10
2026-07-24,B001,Chennai,Tamil Nadu,P002,Refrigerator,Appliances,44,0,6,27,31,7,27544.94,Low,5
2026-07-24,B001,Chennai,Tamil Nadu,P003,Washing Machine,Appliances,16,0,6,28,23,7,25414.91,High,4
2026-07-24,B001,Chennai,Tamil Nadu,P004,Microwave,Appliances,41,2,6,27,25,8,9628.54,Low,7
2026-07-24,B001,Chennai,Tamil Nadu,P005,Laptop,Electronics,75,5,9,44,48,12,44830.67,Low,7
2026-07-24,B001,Chennai,Tamil Nadu,P006,Smartphone,Electronics,71,1,13,80,69,21,17208.97,Medium,3
2026-07-24,B001,Chennai,Tamil Nadu,P007,Printer,Electronics,33,2,5,20,18,5,11309.96,Low,4
2026-07-24,B001,Chennai,Tamil Nadu,P008,Air Conditioner,Appliances,31,0,0,22,22,5,39054.4,Low,6
2026-07-24,B001,Chennai,Tamil Nadu,P009,Router,Networking,68,0,12,59,70,18,3407.74,Medium,6
2026-07-24,B001,Chennai,Tamil Nadu,P010,Monitor,Electronics,32,3,7,41,43,13,16999.69,Critical,3
2026-07-24,B002,Coimbatore,Tamil Nadu,P001,LED TV,Electronics,92,3,13,51,57,15,31665.16,Low,5
2026-07-24,B002,Coimbatore,Tamil Nadu,P002,Refrigerator,Appliances,39,2,5,23,23,6,26863.74,Low,7
2026-07-24,B002,Coimbatore,Tamil Nadu,P003,Washing Machine,Appliances,52,2,3,27,28,7,25288.47,Low,5
2026-07-24,B002,Coimbatore,Tamil Nadu,P004,Microwave,Appliances,21,1,1,16,18,6,8880.97,Medium,6
2026-07-24,B002,Coimbatore,Tamil Nadu,P005,Laptop,Electronics,21,3,8,32,34,9,44488.99,Critical,4
2026-07-24,B002,Coimbatore,Tamil Nadu,P006,Smartphone,Electronics,32,5,5,61,67,21,16889.25,Critical,9
2026-07-24,B002,Coimbatore,Tamil Nadu,P007,Printer,Electronics,37,2,0,19,21,4,12612.16,Low,3
2026-07-24,B002,Coimbatore,Tamil Nadu,P008,Air Conditioner,Appliances,22,0,5,19,19,6,40513.76,Low,6
2026-07-24,B002,Coimbatore,Tamil Nadu,P009,Router,Networking,35,7,1,58,61,16,3258.42,Critical,4
2026-07-24,B002,Coimbatore,Tamil Nadu,P010,Monitor,Electronics,33,0,4,38,33,11,15206.62,High,9
2026-07-24,B003,Madurai,Tamil Nadu,P001,LED TV,Electronics,67,0,1,54,57,15,30758.75,Medium,9
2026-07-24,B003,Madurai,Tamil Nadu,P002,Refrigerator,Appliances,34,0,5,22,22,5,27210.25,Low,3
2026-07-24,B003,Madurai,Tamil Nadu,P003,Washing Machine,Appliances,51,2,5,29,29,9,23100.21,Low,8
2026-07-24,B003,Madurai,Tamil Nadu,P004,Microwave,Appliances,17,1,4,15,14,3,8835.88,Low,8
2026-07-24,B003,Madurai,Tamil Nadu,P005,Laptop,Electronics,57,2,2,35,37,9,45115.57,Low,9
2026-07-24,B003,Madurai,Tamil Nadu,P006,Smartphone,Electronics,85,6,10,69,72,24,17765.25,Medium,8
2026-07-24,B003,Madurai,Tamil Nadu,P007,Printer,Electronics,20,1,4,17,16,3,12644.71,Low,8
2026-07-24,B003,Madurai,Tamil Nadu,P008,Air Conditioner,Appliances,16,2,3,15,16,4,39704.38,Medium,8
2026-07-24,B003,Madurai,Tamil Nadu,P009,Router,Networking,45,5,5,36,34,8,3336.76,Low,10
2026-07-24,B003,Madurai,Tamil Nadu,P010,Monitor,Electronics,52,1,1,32,31,9,15570.78,Low,8
2026-07-24,B004,Salem,Tamil Nadu,P001,LED TV,Electronics,81,5,11,53,51,13,33816.47,Low,3
2026-07-24,B004,Salem,Tamil Nadu,P002,Refrigerator,Appliances,29,3,4,27,24,5,25958.92,Low,4
2026-07-24,B004,Salem,Tamil Nadu,P003,Washing Machine,Appliances,26,1,0,16,17,4,22792.63,Low,8
2026-07-24,B004,Salem,Tamil Nadu,P004,Microwave,Appliances,20,1,2,11,11,3,9706.5,Low,8
2026-07-24,B004,Salem,Tamil Nadu,P005,Laptop,Electronics,40,3,2,34,34,11,49446.89,Medium,9
2026-07-24,B004,Salem,Tamil Nadu,P006,Smartphone,Electronics,26,3,4,45,44,14,17341.68,Critical,6
2026-07-24,B004,Salem,Tamil Nadu,P007,Printer,Electronics,14,0,2,8,8,3,12209.44,Low,5
2026-07-24,B004,Salem,Tamil Nadu,P008,Air Conditioner,Appliances,27,2,1,16,16,3,43300.41,Low,4
2026-07-24,B004,Salem,Tamil Nadu,P009,Router,Networking,40,4,7,57,62,17,3497.57,Critical,9
2026-07-24,B004,Salem,Tamil Nadu,P010,Monitor,Electronics,50,0,0,28,33,6,15874.99,Low,9
2026-07-24,B005,Trichy,Tamil Nadu,P001,LED TV,Electronics,25,0,3,43,38,7,29952.09,High,4
2026-07-24,B005,Trichy,Tamil Nadu,P002,Refrigerator,Appliances,23,1,4,22,24,6,26106.37,Medium,6
2026-07-24,B005,Trichy,Tamil Nadu,P003,Washing Machine,Appliances,10,1,4,19,19,4,23884.38,Critical,10
2026-07-24,B005,Trichy,Tamil Nadu,P004,Microwave,Appliances,22,0,2,18,18,4,9100.66,Low,4
2026-07-24,B005,Trichy,Tamil Nadu,P005,Laptop,Electronics,30,2,5,33,30,8,46490.76,Medium,10
2026-07-24,B005,Trichy,Tamil Nadu,P006,Smartphone,Electronics,117,3,3,61,62,13,18898.85,Low,4
2026-07-24,B005,Trichy,Tamil Nadu,P007,Printer,Electronics,24,1,5,19,16,3,11056.29,Low,8
2026-07-24,B005,Trichy,Tamil Nadu,P008,Air Conditioner,Appliances,10,0,1,17,18,5,41384.52,Critical,5
2026-07-24,B005,Trichy,Tamil Nadu,P009,Router,Networking,59,6,11,68,70,16,3700.49,High,10
2026-07-24,B005,Trichy,Tamil Nadu,P010,Monitor,Electronics,57,1,7,27,31,10,16415.26,Low,9
2026-07-24,B006,Tiruppur,Tamil Nadu,P001,LED TV,Electronics,45,4,7,33,31,10,31581.47,Low,5
2026-07-24,B006,Tiruppur,Tamil Nadu,P002,Refrigerator,Appliances,8,0,0,14,15,3,28432.94,Critical,4
2026-07-24,B006,Tiruppur,Tamil Nadu,P003,Washing Machine,Appliances,34,1,3,26,26,6,23775.43,Low,10
2026-07-24,B006,Tiruppur,Tamil Nadu,P004,Microwave,Appliances,14,1,1,12,13,3,9531.61,Medium,3
2026-07-24,B006,Tiruppur,Tamil Nadu,P005,Laptop,Electronics,38,1,8,24,25,5,49645.96,Low,10
2026-07-24,B006,Tiruppur,Tamil Nadu,P006,Smartphone,Electronics,74,1,5,62,59,16,18061.44,Low,4
2026-07-24,B006,Tiruppur,Tamil Nadu,P007,Printer,Electronics,13,1,0,14,11,3,11585.12,Medium,8
2026-07-24,B006,Tiruppur,Tamil Nadu,P008,Air Conditioner,Appliances,22,0,3,17,18,6,39239.0,Low,8
2026-07-24,B006,Tiruppur,Tamil Nadu,P009,Router,Networking,26,1,6,22,23,5,3647.62,Low,5
2026-07-24,B006,Tiruppur,Tamil Nadu,P010,Monitor,Electronics,16,2,1,19,19,6,16783.49,Critical,10
2026-07-24,B007,Erode,Tamil Nadu,P001,LED TV,Electronics,54,4,10,34,30,9,29470.42,Low,6
2026-07-24,B007,Erode,Tamil Nadu,P002,Refrigerator,Appliances,18,1,2,16,15,3,30231.93,Low,10
2026-07-24,B007,Erode,Tamil Nadu,P003,Washing Machine,Appliances,9,0,3,10,9,3,24167.19,Low,5
2026-07-24,B007,Erode,Tamil Nadu,P004,Microwave,Appliances,7,1,4,14,14,3,8801.95,Critical,6
2026-07-24,B007,Erode,Tamil Nadu,P005,Laptop,Electronics,37,2,7,25,24,5,50173.35,Low,5
2026-07-24,B007,Erode,Tamil Nadu,P006,Smartphone,Electronics,63,5,15,51,54,11,19257.05,Low,3
2026-07-24,B007,Erode,Tamil Nadu,P007,Printer,Electronics,7,0,0,10,9,3,12207.97,Critical,9
2026-07-24,B007,Erode,Tamil Nadu,P008,Air Conditioner,Appliances,18,0,1,14,14,4,39832.62,Low,7
2026-07-24,B007,Erode,Tamil Nadu,P009,Router,Networking,65,4,13,40,43,12,3621.15,Low,3
2026-07-24,B007,Erode,Tamil Nadu,P010,Monitor,Electronics,43,3,2,28,25,6,16490.87,Low,6
2026-07-24,B008,Vellore,Tamil Nadu,P001,LED TV,Electronics,81,3,3,47,43,11,31395.11,Low,3
2026-07-24,B008,Vellore,Tamil Nadu,P002,Refrigerator,Appliances,18,0,1,19,17,4,28190.64,Medium,5
2026-07-24,B008,Vellore,Tamil Nadu,P003,Washing Machine,Appliances,15,2,4,21,20,4,25085.71,High,6
2026-07-24,B008,Vellore,Tamil Nadu,P004,Microwave,Appliances,20,0,2,12,11,3,8772.05,Low,4
2026-07-24,B008,Vellore,Tamil Nadu,P005,Laptop,Electronics,32,2,4,25,25,8,50570.79,Low,5
2026-07-24,B008,Vellore,Tamil Nadu,P006,Smartphone,Electronics,51,2,0,56,55,13,16998.1,High,4
2026-07-24,B008,Vellore,Tamil Nadu,P007,Printer,Electronics,20,0,3,16,16,4,11063.3,Low,8
2026-07-24,B008,Vellore,Tamil Nadu,P008,Air Conditioner,Appliances,26,1,1,14,14,4,42841.91,Low,3
2026-07-24,B008,Vellore,Tamil Nadu,P009,Router,Networking,33,0,15,52,51,10,3225.94,High,4
2026-07-24,B008,Vellore,Tamil Nadu,P010,Monitor,Electronics,14,1,6,21,22,6,15437.09,High,7
2026-07-25,B001,Chennai,Tamil Nadu,P001,LED TV,Electronics,97,8,4,66,65,21,33991.11,Low,6
2026-07-25,B001,Chennai,Tamil Nadu,P002,Refrigerator,Appliances,51,3,7,28,29,8,25905.95,Low,10
2026-07-25,B001,Chennai,Tamil Nadu,P003,Washing Machine,Appliances,55,1,3,29,31,9,25160.53,Low,7
2026-07-25,B001,Chennai,Tamil Nadu,P004,Microwave,Appliances,22,2,4,19,19,4,8614.29,Low,4
2026-07-25,B001,Chennai,Tamil Nadu,P005,Laptop,Electronics,36,4,7,38,41,10,50941.07,High,8
2026-07-25,B001,Chennai,Tamil Nadu,P006,Smartphone,Electronics,51,4,22,81,81,21,18363.93,High,8
2026-07-25,B001,Chennai,Tamil Nadu,P007,Printer,Electronics,29,0,6,22,22,6,11588.06,Low,3
2026-07-25,B001,Chennai,Tamil Nadu,P008,Air Conditioner,Appliances,33,2,2,20,18,5,43315.93,Low,8
2026-07-25,B001,Chennai,Tamil Nadu,P009,Router,Networking,88,6,10,90,94,25,3465.35,High,4
2026-07-25,B001,Chennai,Tamil Nadu,P010,Monitor,Electronics,87,1,3,51,50,11,15303.99,Low,7
2026-07-25,B002,Coimbatore,Tamil Nadu,P001,LED TV,Electronics,43,1,12,43,44,14,32709.25,Medium,9
2026-07-25,B002,Coimbatore,Tamil Nadu,P002,Refrigerator,Appliances,38,2,0,27,24,8,28684.2,Low,4
2026-07-25,B002,Coimbatore,Tamil Nadu,P003,Washing Machine,Appliances,27,3,1,22,22,6,24407.17,Medium,3
2026-07-25,B002,Coimbatore,Tamil Nadu,P004,Microwave,Appliances,7,0,1,16,16,3,9055.03,Critical,10
2026-07-25,B002,Coimbatore,Tamil Nadu,P005,Laptop,Electronics,51,2,5,35,41,9,50378.91,Low,9
2026-07-25,B002,Coimbatore,Tamil Nadu,P006,Smartphone,Electronics,121,2,1,78,70,18,18257.32,Low,8
2026-07-25,B002,Coimbatore,Tamil Nadu,P007,Printer,Electronics,20,1,1,20,21,6,11600.67,High,3
2026-07-25,B002,Coimbatore,Tamil Nadu,P008,Air Conditioner,Appliances,30,1,2,24,21,4,44114.48,Low,7
2026-07-25,B002,Coimbatore,Tamil Nadu,P009,Router,Networking,101,6,11,57,63,13,3508.15,Low,9
2026-07-25,B002,Coimbatore,Tamil Nadu,P010,Monitor,Electronics,16,2,8,25,25,5,17259.0,High,4
2026-07-25,B003,Madurai,Tamil Nadu,P001,LED TV,Electronics,50,3,7,35,33,6,32735.4,Low,10
2026-07-25,B003,Madurai,Tamil Nadu,P002,Refrigerator,Appliances,19,2,6,18,19,4,27674.44,Low,6
2026-07-25,B003,Madurai,Tamil Nadu,P003,Washing Machine,Appliances,40,0,2,23,25,5,22975.7,Low,6
2026-07-25,B003,Madurai,Tamil Nadu,P004,Microwave,Appliances,34,1,4,19,20,4,9661.95,Low,6
2026-07-25,B003,Madurai,Tamil Nadu,P005,Laptop,Electronics,63,5,5,42,41,13,45745.05,Low,3
2026-07-25,B003,Madurai,Tamil Nadu,P006,Smartphone,Electronics,15,3,0,32,33,6,17655.49,Critical,9
2026-07-25,B003,Madurai,Tamil Nadu,P007,Printer,Electronics,8,1,3,14,14,3,11426.93,Critical,8
2026-07-25,B003,Madurai,Tamil Nadu,P008,Air Conditioner,Appliances,8,1,4,17,17,3,39517.1,Critical,7
2026-07-25,B003,Madurai,Tamil Nadu,P009,Router,Networking,98,2,8,56,65,18,3708.12,Low,3
2026-07-25,B003,Madurai,Tamil Nadu,P010,Monitor,Electronics,22,1,2,18,21,5,17092.58,Medium,5
2026-07-25,B004,Salem,Tamil Nadu,P001,LED TV,Electronics,62,6,14,41,47,11,29995.51,Low,6
2026-07-25,B004,Salem,Tamil Nadu,P002,Refrigerator,Appliances,11,1,0,14,14,4,27574.01,Critical,9
2026-07-25,B004,Salem,Tamil Nadu,P003,Washing Machine,Appliances,8,0,3,12,10,3,25187.5,Medium,4
2026-07-25,B004,Salem,Tamil Nadu,P004,Microwave,Appliances,5,1,3,11,11,3,8566.9,Critical,8
2026-07-25,B004,Salem,Tamil Nadu,P005,Laptop,Electronics,17,1,2,25,22,7,45001.92,Critical,10
2026-07-25,B004,Salem,Tamil Nadu,P006,Smartphone,Electronics,71,1,13,52,60,19,17891.23,Low,4
2026-07-25,B004,Salem,Tamil Nadu,P007,Printer,Electronics,31,2,5,18,19,4,11625.81,Low,3
2026-07-25,B004,Salem,Tamil Nadu,P008,Air Conditioner,Appliances,12,1,0,18,17,3,45264.6,Critical,9
2026-07-25,B004,Salem,Tamil Nadu,P009,Router,Networking,30,4,7,44,43,14,3266.59,Critical,5
2026-07-25,B004,Salem,Tamil Nadu,P010,Monitor,Electronics,46,0,6,33,37,8,16505.66,Low,10
2026-07-25,B005,Trichy,Tamil Nadu,P001,LED TV,Electronics,45,2,0,42,42,9,32455.99,Medium,5
2026-07-25,B005,Trichy,Tamil Nadu,P002,Refrigerator,Appliances,33,0,7,20,24,4,28832.06,Low,8
2026-07-25,B005,Trichy,Tamil Nadu,P003,Washing Machine,Appliances,20,0,5,21,20,6,25091.69,Medium,10
2026-07-25,B005,Trichy,Tamil Nadu,P004,Microwave,Appliances,15,0,3,15,12,3,9646.82,Low,9
2026-07-25,B005,Trichy,Tamil Nadu,P005,Laptop,Electronics,51,2,9,38,36,12,49082.66,Low,6
2026-07-25,B005,Trichy,Tamil Nadu,P006,Smartphone,Electronics,46,4,10,45,44,9,19332.68,Medium,3
2026-07-25,B005,Trichy,Tamil Nadu,P007,Printer,Electronics,10,0,0,16,17,4,11601.79,Critical,10
2026-07-25,B005,Trichy,Tamil Nadu,P008,Air Conditioner,Appliances,25,2,5,21,23,7,41690.48,Medium,8
2026-07-25,B005,Trichy,Tamil Nadu,P009,Router,Networking,73,6,9,42,42,9,3733.42,Low,10
2026-07-25,B005,Trichy,Tamil Nadu,P010,Monitor,Electronics,18,2,7,30,30,8,15726.81,Critical,10
2026-07-25,B006,Tiruppur,Tamil Nadu,P001,LED TV,Electronics,26,4,7,29,28,7,31787.77,High,6
2026-07-25,B006,Tiruppur,Tamil Nadu,P002,Refrigerator,Appliances,24,2,4,18,18,4,26856.52,Low,6
2026-07-25,B006,Tiruppur,Tamil Nadu,P003,Washing Machine,Appliances,14,0,0,13,13,3,22621.63,Medium,9
2026-07-25,B006,Tiruppur,Tamil Nadu,P004,Microwave,Appliances,18,0,2,13,12,3,9574.96,Low,3
2026-07-25,B006,Tiruppur,Tamil Nadu,P005,Laptop,Electronics,19,1,0,33,36,12,50826.19,Critical,8
2026-07-25,B006,Tiruppur,Tamil Nadu,P006,Smartphone,Electronics,94,1,3,58,61,17,19044.86,Low,6
2026-07-25,B006,Tiruppur,Tamil Nadu,P007,Printer,Electronics,13,1,1,11,11,3,12847.54,Medium,5
2026-07-25,B006,Tiruppur,Tamil Nadu,P008,Air Conditioner,Appliances,17,0,0,22,20,5,40512.83,High,6
2026-07-25,B006,Tiruppur,Tamil Nadu,P009,Router,Networking,22,4,2,33,33,9,3383.19,Critical,7
2026-07-25,B006,Tiruppur,Tamil Nadu,P010,Monitor,Electronics,28,3,0,26,26,6,15186.72,High,6
2026-07-25,B007,Erode,Tamil Nadu,P001,LED TV,Electronics,19,3,7,35,38,9,31791.85,Critical,10
2026-07-25,B007,Erode,Tamil Nadu,P002,Refrigerator,Appliances,28,2,5,22,21,5,27469.62,Low,3
2026-07-25,B007,Erode,Tamil Nadu,P003,Washing Machine,Appliances,27,0,3,20,19,4,25666.05,Low,9
2026-07-25,B007,Erode,Tamil Nadu,P004,Microwave,Appliances,31,2,3,19,21,5,8459.19,Low,6
2026-07-25,B007,Erode,Tamil Nadu,P005,Laptop,Electronics,14,0,0,20,19,4,51332.77,Critical,4
2026-07-25,B007,Erode,Tamil Nadu,P006,Smartphone,Electronics,44,0,4,42,40,13,18243.34,Medium,6
2026-07-25,B007,Erode,Tamil Nadu,P007,Printer,Electronics,13,0,2,9,8,3,12822.01,Low,6
2026-07-25,B007,Erode,Tamil Nadu,P008,Air Conditioner,Appliances,13,2,0,18,15,3,45286.39,Critical,7
2026-07-25,B007,Erode,Tamil Nadu,P009,Router,Networking,19,2,0,40,40,13,3427.72,Critical,6
2026-07-25,B007,Erode,Tamil Nadu,P010,Monitor,Electronics,44,1,1,30,31,9,15441.19,Low,4
2026-07-25,B008,Vellore,Tamil Nadu,P001,LED TV,Electronics,37,3,10,31,32,9,30032.92,Low,7
2026-07-25,B008,Vellore,Tamil Nadu,P002,Refrigerator,Appliances,8,0,0,15,14,4,30152.13,Critical,3
2026-07-25,B008,Vellore,Tamil Nadu,P003,Washing Machine,Appliances,21,2,3,25,26,7,24172.31,High,6
2026-07-25,B008,Vellore,Tamil Nadu,P004,Microwave,Appliances,19,0,0,17,15,3,8859.89,Low,4
2026-07-25,B008,Vellore,Tamil Nadu,P005,Laptop,Electronics,21,0,7,28,31,10,50842.7,High,3
2026-07-25,B008,Vellore,Tamil Nadu,P006,Smartphone,Electronics,61,3,7,39,41,9,16772.28,Low,7
2026-07-25,B008,Vellore,Tamil Nadu,P007,Printer,Electronics,6,1,3,14,14,4,12470.55,Critical,5
2026-07-25,B008,Vellore,Tamil Nadu,P008,Air Conditioner,Appliances,12,0,0,18,17,4,43986.06,Critical,4
2026-07-25,B008,Vellore,Tamil Nadu,P009,Router,Networking,42,6,3,42,42,10,3525.08,High,7
2026-07-25,B008,Vellore,Tamil Nadu,P010,Monitor,Electronics,47,0,4,27,29,5,16182.42,Low,8
2026-07-26,B001,Chennai,Tamil Nadu,P001,LED TV,Electronics,96,2,19,56,63,19,31794.29,Low,9
2026-07-26,B001,Chennai,Tamil Nadu,P002,Refrigerator,Appliances,34,2,7,23,22,7,27494.93,Low,4
2026-07-26,B001,Chennai,Tamil Nadu,P003,Washing Machine,Appliances,11,2,2,23,23,7,24535.06,Critical,5
2026-07-26,B001,Chennai,Tamil Nadu,P004,Microwave,Appliances,34,2,2,17,18,5,9576.85,Low,10
2026-07-26,B001,Chennai,Tamil Nadu,P005,Laptop,Electronics,79,2,0,40,42,10,46944.9,Low,3
2026-07-26,B001,Chennai,Tamil Nadu,P006,Smartphone,Electronics,140,3,16,91,78,22,17495.19,Low,9
2026-07-26,B001,Chennai,Tamil Nadu,P007,Printer,Electronics,34,0,1,20,20,6,11186.68,Low,5
2026-07-26,B001,Chennai,Tamil Nadu,P008,Air Conditioner,Appliances,13,2,7,20,21,4,40581.66,High,7
2026-07-26,B001,Chennai,Tamil Nadu,P009,Router,Networking,129,2,14,69,71,21,3606.47,Low,5
2026-07-26,B001,Chennai,Tamil Nadu,P010,Monitor,Electronics,31,0,6,39,36,9,16241.29,High,7
2026-07-26,B002,Coimbatore,Tamil Nadu,P001,LED TV,Electronics,69,2,7,46,44,8,33529.23,Low,5
2026-07-26,B002,Coimbatore,Tamil Nadu,P002,Refrigerator,Appliances,12,2,3,22,24,6,27863.61,Critical,8
2026-07-26,B002,Coimbatore,Tamil Nadu,P003,Washing Machine,Appliances,17,2,5,21,22,5,22986.9,High,10
2026-07-26,B002,Coimbatore,Tamil Nadu,P004,Microwave,Appliances,19,1,1,18,16,4,8509.0,Medium,9
2026-07-26,B002,Coimbatore,Tamil Nadu,P005,Laptop,Electronics,29,0,2,17,16,4,45637.72,Low,10
2026-07-26,B002,Coimbatore,Tamil Nadu,P006,Smartphone,Electronics,97,8,3,57,58,12,18102.29,Low,4
2026-07-26,B002,Coimbatore,Tamil Nadu,P007,Printer,Electronics,13,1,2,15,15,4,11620.21,High,8
2026-07-26,B002,Coimbatore,Tamil Nadu,P008,Air Conditioner,Appliances,27,0,1,21,20,5,38728.14,Low,5
2026-07-26,B002,Coimbatore,Tamil Nadu,P009,Router,Networking,57,5,0,48,53,18,3585.87,High,3
2026-07-26,B002,Coimbatore,Tamil Nadu,P010,Monitor,Electronics,42,3,10,30,29,8,15358.68,Low,6
2026-07-26,B003,Madurai,Tamil Nadu,P001,LED TV,Electronics,38,1,8,28,27,5,32875.58,Low,10
2026-07-26,B003,Madurai,Tamil Nadu,P002,Refrigerator,Appliances,32,1,5,17,17,4,29231.4,Low,3
2026-07-26,B003,Madurai,Tamil Nadu,P003,Washing Machine,Appliances,29,2,1,20,19,5,25825.53,Low,3
2026-07-26,B003,Madurai,Tamil Nadu,P004,Microwave,Appliances,10,0,2,16,14,3,9065.26,High,8
2026-07-26,B003,Madurai,Tamil Nadu,P005,Laptop,Electronics,18,0,3,13,13,3,51690.95,Low,9
2026-07-26,B003,Madurai,Tamil Nadu,P006,Smartphone,Electronics,50,4,8,63,71,20,19304.85,Critical,4
2026-07-26,B003,Madurai,Tamil Nadu,P007,Printer,Electronics,19,0,3,13,13,3,12105.76,Low,9
2026-07-26,B003,Madurai,Tamil Nadu,P008,Air Conditioner,Appliances,36,2,0,18,20,6,43105.53,Low,7
2026-07-26,B003,Madurai,Tamil Nadu,P009,Router,Networking,41,3,0,26,29,7,3409.7,Low,8
2026-07-26,B003,Madurai,Tamil Nadu,P010,Monitor,Electronics,43,0,3,31,30,7,15536.75,Low,3
2026-07-26,B004,Salem,Tamil Nadu,P001,LED TV,Electronics,69,3,2,34,39,12,33444.83,Low,8
2026-07-26,B004,Salem,Tamil Nadu,P002,Refrigerator,Appliances,21,0,2,13,13,4,29936.38,Low,9
2026-07-26,B004,Salem,Tamil Nadu,P003,Washing Machine,Appliances,19,0,3,16,16,3,23199.95,Low,6
2026-07-26,B004,Salem,Tamil Nadu,P004,Microwave,Appliances,23,2,5,16,17,4,9425.27,Low,5
2026-07-26,B004,Salem,Tamil Nadu,P005,Laptop,Electronics,21,1,2,27,26,8,51136.38,Critical,5
2026-07-26,B004,Salem,Tamil Nadu,P006,Smartphone,Electronics,41,0,2,37,41,12,19101.94,High,9
2026-07-26,B004,Salem,Tamil Nadu,P007,Printer,Electronics,9,0,2,10,9,3,11109.47,Medium,3
2026-07-26,B004,Salem,Tamil Nadu,P008,Air Conditioner,Appliances,10,1,0,20,20,4,45028.34,Critical,4
2026-07-26,B004,Salem,Tamil Nadu,P009,Router,Networking,31,0,10,42,43,10,3744.98,High,4
2026-07-26,B004,Salem,Tamil Nadu,P010,Monitor,Electronics,12,1,2,24,21,7,16996.68,Critical,10
2026-07-26,B005,Trichy,Tamil Nadu,P001,LED TV,Electronics,36,2,6,23,24,4,31206.51,Low,3
2026-07-26,B005,Trichy,Tamil Nadu,P002,Refrigerator,Appliances,10,1,5,22,22,4,28029.56,Critical,5
2026-07-26,B005,Trichy,Tamil Nadu,P003,Washing Machine,Appliances,10,1,2,19,20,6,25318.97,Critical,9
2026-07-26,B005,Trichy,Tamil Nadu,P004,Microwave,Appliances,15,2,2,17,16,5,8538.47,High,3
2026-07-26,B005,Trichy,Tamil Nadu,P005,Laptop,Electronics,38,0,2,34,36,9,45347.91,Medium,7
2026-07-26,B005,Trichy,Tamil Nadu,P006,Smartphone,Electronics,31,3,2,50,51,13,18067.24,Critical,6
2026-07-26,B005,Trichy,Tamil Nadu,P007,Printer,Electronics,8,0,2,10,11,3,11371.36,High,7
2026-07-26,B005,Trichy,Tamil Nadu,P008,Air Conditioner,Appliances,15,1,0,16,15,3,40911.96,High,10
2026-07-26,B005,Trichy,Tamil Nadu,P009,Router,Networking,59,1,7,36,34,9,3616.56,Low,5
2026-07-26,B005,Trichy,Tamil Nadu,P010,Monitor,Electronics,34,2,2,24,19,5,16635.58,Low,9
2026-07-26,B006,Tiruppur,Tamil Nadu,P001,LED TV,Electronics,32,2,2,29,27,8,32505.46,Medium,5
2026-07-26,B006,Tiruppur,Tamil Nadu,P002,Refrigerator,Appliances,24,1,3,14,15,4,28151.93,Low,4
2026-07-26,B006,Tiruppur,Tamil Nadu,P003,Washing Machine,Appliances,22,1,1,20,22,6,22682.24,High,3
2026-07-26,B006,Tiruppur,Tamil Nadu,P004,Microwave,Appliances,9,0,1,10,9,3,9460.77,High,3
2026-07-26,B006,Tiruppur,Tamil Nadu,P005,Laptop,Electronics,10,2,1,19,20,6,49515.71,Critical,8
2026-07-26,B006,Tiruppur,Tamil Nadu,P006,Smartphone,Electronics,101,3,1,54,66,21,18773.28,Low,8
2026-07-26,B006,Tiruppur,Tamil Nadu,P007,Printer,Electronics,9,0,1,10,10,3,11755.05,High,5
2026-07-26,B006,Tiruppur,Tamil Nadu,P008,Air Conditioner,Appliances,11,1,0,10,11,3,42032.27,High,6
2026-07-26,B006,Tiruppur,Tamil Nadu,P009,Router,Networking,18,2,3,35,32,7,3288.67,Critical,8
2026-07-26,B006,Tiruppur,Tamil Nadu,P010,Monitor,Electronics,16,0,0,10,10,3,17038.19,Low,9
2026-07-26,B007,Erode,Tamil Nadu,P001,LED TV,Electronics,13,2,3,20,22,5,32641.07,Critical,9
2026-07-26,B007,Erode,Tamil Nadu,P002,Refrigerator,Appliances,25,0,3,21,20,4,26309.72,Low,10
2026-07-26,B007,Erode,Tamil Nadu,P003,Washing Machine,Appliances,21,1,2,17,17,4,24691.96,Low,5
2026-07-26,B007,Erode,Tamil Nadu,P004,Microwave,Appliances,18,0,0,12,11,3,9682.15,Low,4
2026-07-26,B007,Erode,Tamil Nadu,P005,Laptop,Electronics,31,3,5,28,29,5,49163.34,Medium,8
2026-07-26,B007,Erode,Tamil Nadu,P006,Smartphone,Electronics,51,4,2,55,56,15,16934.42,High,4
2026-07-26,B007,Erode,Tamil Nadu,P007,Printer,Electronics,19,1,0,14,12,3,12505.29,Low,10
2026-07-26,B007,Erode,Tamil Nadu,P008,Air Conditioner,Appliances,6,0,4,14,13,4,43563.56,Critical,3
2026-07-26,B007,Erode,Tamil Nadu,P009,Router,Networking,74,4,11,38,40,8,3246.96,Low,5
2026-07-26,B007,Erode,Tamil Nadu,P010,Monitor,Electronics,17,1,0,23,22,4,15913.76,Critical,5
2026-07-26,B008,Vellore,Tamil Nadu,P001,LED TV,Electronics,33,1,5,27,24,7,29710.25,Low,5
2026-07-26,B008,Vellore,Tamil Nadu,P002,Refrigerator,Appliances,11,0,2,15,15,3,26722.51,High,3
2026-07-26,B008,Vellore,Tamil Nadu,P003,Washing Machine,Appliances,19,0,0,18,16,4,24278.65,Medium,6
2026-07-26,B008,Vellore,Tamil Nadu,P004,Microwave,Appliances,17,0,3,14,12,3,8648.57,Low,5
2026-07-26,B008,Vellore,Tamil Nadu,P005,Laptop,Electronics,31,2,5,25,27,7,46245.88,Low,3
2026-07-26,B008,Vellore,Tamil Nadu,P006,Smartphone,Electronics,71,2,10,43,39,7,16970.81,Low,6
2026-07-26,B008,Vellore,Tamil Nadu,P007,Printer,Electronics,12,1,2,15,14,4,11996.84,High,3
2026-07-26,B008,Vellore,Tamil Nadu,P008,Air Conditioner,Appliances,10,1,4,13,13,3,42467.91,High,10
2026-07-26,B008,Vellore,Tamil Nadu,P009,Router,Networking,50,0,17,63,66,13,3301.56,Medium,4
2026-07-26,B008,Vellore,Tamil Nadu,P010,Monitor,Electronics,40,1,8,28,30,8,15918.77,Low,6
2026-07-27,B001,Chennai,Tamil Nadu,P001,LED TV,Electronics,70,4,6,43,46,16,32604.94,Low,4
2026-07-27,B001,Chennai,Tamil Nadu,P002,Refrigerator,Appliances,28,3,5,22,23,7,26138.07,Low,7
2026-07-27,B001,Chennai,Tamil Nadu,P003,Washing Machine,Appliances,27,1,5,24,22,6,23295.5,Low,4
2026-07-27,B001,Chennai,Tamil Nadu,P004,Microwave,Appliances,10,0,4,18,16,3,8696.08,High,7
2026-07-27,B001,Chennai,Tamil Nadu,P005,Laptop,Electronics,20,4,12,39,36,11,48813.7,Critical,10
2026-07-27,B001,Chennai,Tamil Nadu,P006,Smartphone,Electronics,105,3,24,80,76,24,17871.43,Low,6
2026-07-27,B001,Chennai,Tamil Nadu,P007,Printer,Electronics,13,0,3,16,15,3,12504.05,Medium,9
2026-07-27,B001,Chennai,Tamil Nadu,P008,Air Conditioner,Appliances,35,1,2,23,22,5,43322.1,Low,6
2026-07-27,B001,Chennai,Tamil Nadu,P009,Router,Networking,106,4,11,66,60,19,3686.51,Low,4
2026-07-27,B001,Chennai,Tamil Nadu,P010,Monitor,Electronics,48,2,1,30,32,8,15341.56,Low,4
2026-07-27,B002,Coimbatore,Tamil Nadu,P001,LED TV,Electronics,27,6,3,46,50,13,32145.12,Critical,9
2026-07-27,B002,Coimbatore,Tamil Nadu,P002,Refrigerator,Appliances,25,1,2,17,18,5,26678.76,Low,5
2026-07-27,B002,Coimbatore,Tamil Nadu,P003,Washing Machine,Appliances,28,2,8,26,28,7,23680.05,Medium,6
2026-07-27,B002,Coimbatore,Tamil Nadu,P004,Microwave,Appliances,7,0,1,11,10,3,9146.21,Critical,7
2026-07-27,B002,Coimbatore,Tamil Nadu,P005,Laptop,Electronics,46,0,12,35,36,12,49581.02,Low,10
2026-07-27,B002,Coimbatore,Tamil Nadu,P006,Smartphone,Electronics,26,2,8,45,48,11,18243.82,Critical,3
2026-07-27,B002,Coimbatore,Tamil Nadu,P007,Printer,Electronics,31,1,5,16,17,5,12428.72,Low,4
2026-07-27,B002,Coimbatore,Tamil Nadu,P008,Air Conditioner,Appliances,27,1,4,17,18,5,41372.89,Low,8
2026-07-27,B002,Coimbatore,Tamil Nadu,P009,Router,Networking,35,3,3,49,47,15,3287.59,Critical,10
2026-07-27,B002,Coimbatore,Tamil Nadu,P010,Monitor,Electronics,36,0,7,23,23,5,15441.02,Low,10
2026-07-27,B003,Madurai,Tamil Nadu,P001,LED TV,Electronics,33,4,12,50,52,16,29630.62,Critical,4
2026-07-27,B003,Madurai,Tamil Nadu,P002,Refrigerator,Appliances,9,1,2,15,15,4,30009.16,Critical,3
2026-07-27,B003,Madurai,Tamil Nadu,P003,Washing Machine,Appliances,28,0,5,20,20,6,23172.98,Low,9
2026-07-27,B003,Madurai,Tamil Nadu,P004,Microwave,Appliances,16,2,2,17,16,5,9312.5,High,9
2026-07-27,B003,Madurai,Tamil Nadu,P005,Laptop,Electronics,49,0,8,31,28,8,48161.3,Low,6
2026-07-27,B003,Madurai,Tamil Nadu,P006,Smartphone,Electronics,73,7,17,50,52,13,18757.98,Low,7
2026-07-27,B003,Madurai,Tamil Nadu,P007,Printer,Electronics,35,1,1,16,19,5,11481.77,Low,7
2026-07-27,B003,Madurai,Tamil Nadu,P008,Air Conditioner,Appliances,16,1,3,17,17,4,42715.85,Medium,9
2026-07-27,B003,Madurai,Tamil Nadu,P009,Router,Networking,35,3,12,38,37,9,3423.28,Medium,9
2026-07-27,B003,Madurai,Tamil Nadu,P010,Monitor,Electronics,11,1,0,22,22,7,14902.27,Critical,10
2026-07-27,B004,Salem,Tamil Nadu,P001,LED TV,Electronics,56,0,10,40,40,12,33162.3,Low,4
2026-07-27,B004,Salem,Tamil Nadu,P002,Refrigerator,Appliances,17,0,2,22,22,7,26496.51,Critical,3
2026-07-27,B004,Salem,Tamil Nadu,P003,Washing Machine,Appliances,12,1,2,17,15,3,24880.33,High,6
2026-07-27,B004,Salem,Tamil Nadu,P004,Microwave,Appliances,23,1,4,15,15,3,9144.98,Low,7
2026-07-27,B004,Salem,Tamil Nadu,P005,Laptop,Electronics,37,3,9,27,27,5,47779.0,Low,6
2026-07-27,B004,Salem,Tamil Nadu,P006,Smartphone,Electronics,83,7,14,72,71,15,17851.84,Low,4
2026-07-27,B004,Salem,Tamil Nadu,P007,Printer,Electronics,11,1,2,13,14,3,11606.0,High,10
2026-07-27,B004,Salem,Tamil Nadu,P008,Air Conditioner,Appliances,6,1,2,14,13,3,40969.45,Critical,5
2026-07-27,B004,Salem,Tamil Nadu,P009,Router,Networking,95,6,5,49,52,13,3224.22,Low,4
2026-07-27,B004,Salem,Tamil Nadu,P010,Monitor,Electronics,15,2,0,20,19,5,14802.86,Critical,3
2026-07-27,B005,Trichy,Tamil Nadu,P001,LED TV,Electronics,36,2,1,28,26,7,33602.29,Low,4
2026-07-27,B005,Trichy,Tamil Nadu,P002,Refrigerator,Appliances,6,1,2,11,12,3,29438.13,Critical,4
2026-07-27,B005,Trichy,Tamil Nadu,P003,Washing Machine,Appliances,26,0,2,20,20,6,25800.35,Low,10
2026-07-27,B005,Trichy,Tamil Nadu,P004,Microwave,Appliances,16,1,4,17,16,5,8553.78,Medium,8
2026-07-27,B005,Trichy,Tamil Nadu,P005,Laptop,Electronics,40,2,2,23,25,8,48125.31,Low,6
2026-07-27,B005,Trichy,Tamil Nadu,P006,Smartphone,Electronics,27,2,11,60,58,18,18626.74,Critical,7
2026-07-27,B005,Trichy,Tamil Nadu,P007,Printer,Electronics,12,1,0,14,17,4,12140.78,Critical,3
2026-07-27,B005,Trichy,Tamil Nadu,P008,Air Conditioner,Appliances,18,0,4,14,13,3,42365.31,Low,6
2026-07-27,B005,Trichy,Tamil Nadu,P009,Router,Networking,63,3,0,35,35,9,3345.56,Low,3
2026-07-27,B005,Trichy,Tamil Nadu,P010,Monitor,Electronics,9,1,7,21,21,7,15328.27,Critical,8
2026-07-27,B006,Tiruppur,Tamil Nadu,P001,LED TV,Electronics,46,1,6,32,35,9,30651.68,Low,7
2026-07-27,B006,Tiruppur,Tamil Nadu,P002,Refrigerator,Appliances,17,0,5,15,16,3,28533.64,Low,10
2026-07-27,B006,Tiruppur,Tamil Nadu,P003,Washing Machine,Appliances,18,1,7,22,23,7,22424.2,High,10
2026-07-27,B006,Tiruppur,Tamil Nadu,P004,Microwave,Appliances,11,0,1,8,7,3,8999.88,Low,7
2026-07-27,B006,Tiruppur,Tamil Nadu,P005,Laptop,Electronics,15,3,6,25,27,6,51168.79,Critical,10
2026-07-27,B006,Tiruppur,Tamil Nadu,P006,Smartphone,Electronics,48,2,8,44,42,8,18635.98,Low,7
2026-07-27,B006,Tiruppur,Tamil Nadu,P007,Printer,Electronics,8,0,1,11,10,3,11366.06,High,3
2026-07-27,B006,Tiruppur,Tamil Nadu,P008,Air Conditioner,Appliances,11,0,2,14,13,3,44367.95,High,7
2026-07-27,B006,Tiruppur,Tamil Nadu,P009,Router,Networking,71,5,7,42,38,8,3611.39,Low,7
2026-07-27,B006,Tiruppur,Tamil Nadu,P010,Monitor,Electronics,20,1,0,24,24,5,14812.86,High,8
2026-07-27,B007,Erode,Tamil Nadu,P001,LED TV,Electronics,13,1,1,10,10,3,33697.51,Low,9
2026-07-27,B007,Erode,Tamil Nadu,P002,Refrigerator,Appliances,11,0,3,11,11,3,28570.27,Low,10
2026-07-27,B007,Erode,Tamil Nadu,P003,Washing Machine,Appliances,26,0,2,16,16,5,22995.43,Low,9
2026-07-27,B007,Erode,Tamil Nadu,P004,Microwave,Appliances,9,0,1,7,6,3,8817.02,Low,8
2026-07-27,B007,Erode,Tamil Nadu,P005,Laptop,Electronics,19,0,1,22,22,5,47302.57,High,8
2026-07-27,B007,Erode,Tamil Nadu,P006,Smartphone,Electronics,17,0,3,35,32,8,17411.81,Critical,9
2026-07-27,B007,Erode,Tamil Nadu,P007,Printer,Electronics,4,0,1,8,8,3,12430.02,Critical,3
2026-07-27,B007,Erode,Tamil Nadu,P008,Air Conditioner,Appliances,18,1,5,18,19,6,41663.69,Medium,3
2026-07-27,B007,Erode,Tamil Nadu,P009,Router,Networking,18,3,4,31,32,9,3294.2,Critical,6
2026-07-27,B007,Erode,Tamil Nadu,P010,Monitor,Electronics,9,0,3,13,12,3,15156.05,High,7
2026-07-27,B008,Vellore,Tamil Nadu,P001,LED TV,Electronics,43,0,7,39,36,11,32572.1,Low,5
2026-07-27,B008,Vellore,Tamil Nadu,P002,Refrigerator,Appliances,9,0,3,14,14,3,28255.39,High,4
2026-07-27,B008,Vellore,Tamil Nadu,P003,Washing Machine,Appliances,13,1,3,18,17,4,22117.53,High,7
2026-07-27,B008,Vellore,Tamil Nadu,P004,Microwave,Appliances,17,0,1,16,16,3,9009.91,Medium,10
2026-07-27,B008,Vellore,Tamil Nadu,P005,Laptop,Electronics,47,1,9,29,31,8,45521.07,Low,9
2026-07-27,B008,Vellore,Tamil Nadu,P006,Smartphone,Electronics,33,3,13,47,45,15,18249.29,High,4
2026-07-27,B008,Vellore,Tamil Nadu,P007,Printer,Electronics,13,0,0,11,9,3,11768.94,Low,10
2026-07-27,B008,Vellore,Tamil Nadu,P008,Air Conditioner,Appliances,13,0,1,13,12,3,41972.97,Medium,10
2026-07-27,B008,Vellore,Tamil Nadu,P009,Router,Networking,20,3,5,23,26,8,3561.14,Critical,6
2026-07-27,B008,Vellore,Tamil Nadu,P010,Monitor,Electronics,20,2,3,21,19,5,15476.15,Medium,5
2026-07-28,B001,Chennai,Tamil Nadu,P001,LED TV,Electronics,49,5,12,60,58,11,33419.02,High,9
2026-07-28,B001,Chennai,Tamil Nadu,P002,Refrigerator,Appliances,32,0,6,29,25,7,26409.79,Low,7
2026-07-28,B001,Chennai,Tamil Nadu,P003,Washing Machine,Appliances,32,1,7,27,26,8,23115.71,Low,4
2026-07-28,B001,Chennai,Tamil Nadu,P004,Microwave,Appliances,12,0,4,18,16,4,8536.08,High,5
2026-07-28,B001,Chennai,Tamil Nadu,P005,Laptop,Electronics,37,3,10,42,46,14,47537.42,High,3
2026-07-28,B001,Chennai,Tamil Nadu,P006,Smartphone,Electronics,62,7,13,71,88,26,17887.74,Critical,7
2026-07-28,B001,Chennai,Tamil Nadu,P007,Printer,Electronics,22,1,2,15,14,3,11473.83,Low,8
2026-07-28,B001,Chennai,Tamil Nadu,P008,Air Conditioner,Appliances,9,0,0,19,18,3,43563.36,Critical,3
2026-07-28,B001,Chennai,Tamil Nadu,P009,Router,Networking,73,2,14,55,51,10,3421.14,Low,10
2026-07-28,B001,Chennai,Tamil Nadu,P010,Monitor,Electronics,25,0,6,32,30,6,15091.91,Medium,7
2026-07-28,B002,Coimbatore,Tamil Nadu,P001,LED TV,Electronics,88,1,14,50,56,15,33870.72,Low,7
2026-07-28,B002,Coimbatore,Tamil Nadu,P002,Refrigerator,Appliances,9,0,0,15,15,4,26745.38,Critical,6
2026-07-28,B002,Coimbatore,Tamil Nadu,P003,Washing Machine,Appliances,42,3,6,25,27,5,23200.93,Low,5
2026-07-28,B002,Coimbatore,Tamil Nadu,P004,Microwave,Appliances,19,0,2,15,16,4,9079.87,Low,6
2026-07-28,B002,Coimbatore,Tamil Nadu,P005,Laptop,Electronics,40,3,10,31,33,8,45532.36,Low,4
2026-07-28,B002,Coimbatore,Tamil Nadu,P006,Smartphone,Electronics,80,1,16,64,68,16,16762.55,Low,5
2026-07-28,B002,Coimbatore,Tamil Nadu,P007,Printer,Electronics,16,0,2,14,14,3,11882.59,Low,10
2026-07-28,B002,Coimbatore,Tamil Nadu,P008,Air Conditioner,Appliances,26,1,2,23,23,7,43887.15,Medium,10
2026-07-28,B002,Coimbatore,Tamil Nadu,P009,Router,Networking,63,0,6,33,34,8,3275.37,Low,9
2026-07-28,B002,Coimbatore,Tamil Nadu,P010,Monitor,Electronics,56,1,6,30,30,6,16004.75,Low,7
2026-07-28,B003,Madurai,Tamil Nadu,P001,LED TV,Electronics,50,2,0,37,38,10,34485.86,Low,9
2026-07-28,B003,Madurai,Tamil Nadu,P002,Refrigerator,Appliances,29,1,0,17,17,4,26667.2,Low,4
2026-07-28,B003,Madurai,Tamil Nadu,P003,Washing Machine,Appliances,28,2,5,21,22,4,22650.95,Low,3
2026-07-28,B003,Madurai,Tamil Nadu,P004,Microwave,Appliances,17,0,0,18,17,3,8286.68,Medium,6
2026-07-28,B003,Madurai,Tamil Nadu,P005,Laptop,Electronics,31,1,7,28,24,6,46007.42,Low,4
2026-07-28,B003,Madurai,Tamil Nadu,P006,Smartphone,Electronics,78,5,11,58,60,13,17944.74,Low,10
2026-07-28,B003,Madurai,Tamil Nadu,P007,Printer,Electronics,17,1,3,12,12,3,12078.92,Low,3
2026-07-28,B003,Madurai,Tamil Nadu,P008,Air Conditioner,Appliances,7,0,3,15,14,4,43962.58,Critical,9
2026-07-28,B003,Madurai,Tamil Nadu,P009,Router,Networking,60,4,7,49,51,16,3482.18,Medium,3
2026-07-28,B003,Madurai,Tamil Nadu,P010,Monitor,Electronics,32,3,2,19,22,6,15350.69,Low,6
2026-07-28,B004,Salem,Tamil Nadu,P001,LED TV,Electronics,49,4,12,40,45,15,31969.79,Medium,3
2026-07-28,B004,Salem,Tamil Nadu,P002,Refrigerator,Appliances,12,0,1,12,10,3,25818.14,Low,5
2026-07-28,B004,Salem,Tamil Nadu,P003,Washing Machine,Appliances,23,1,2,14,13,3,24205.4,Low,10
2026-07-28,B004,Salem,Tamil Nadu,P004,Microwave,Appliances,5,1,2,10,10,3,9582.81,Critical,10
2026-07-28,B004,Salem,Tamil Nadu,P005,Laptop,Electronics,27,2,0,25,25,5,44596.9,Medium,10
2026-07-28,B004,Salem,Tamil Nadu,P006,Smartphone,Electronics,86,6,13,50,52,12,18331.58,Low,8
2026-07-28,B004,Salem,Tamil Nadu,P007,Printer,Electronics,22,0,4,14,16,4,11480.29,Low,3
2026-07-28,B004,Salem,Tamil Nadu,P008,Air Conditioner,Appliances,16,2,4,17,17,3,44343.18,Medium,5
2026-07-28,B004,Salem,Tamil Nadu,P009,Router,Networking,16,1,0,33,34,9,3486.08,Critical,6
2026-07-28,B004,Salem,Tamil Nadu,P010,Monitor,Electronics,49,2,0,30,33,8,16277.97,Low,7
2026-07-28,B005,Trichy,Tamil Nadu,P001,LED TV,Electronics,26,0,9,52,44,15,34299.38,Critical,7
2026-07-28,B005,Trichy,Tamil Nadu,P002,Refrigerator,Appliances,25,1,2,15,14,4,26517.13,Low,7
2026-07-28,B005,Trichy,Tamil Nadu,P003,Washing Machine,Appliances,6,0,0,7,6,3,22748.41,Critical,6
2026-07-28,B005,Trichy,Tamil Nadu,P004,Microwave,Appliances,8,0,1,13,13,3,8486.89,Critical,3
2026-07-28,B005,Trichy,Tamil Nadu,P005,Laptop,Electronics,49,1,2,27,26,6,48521.4,Low,4
2026-07-28,B005,Trichy,Tamil Nadu,P006,Smartphone,Electronics,27,3,0,56,50,17,17133.77,Critical,5
2026-07-28,B005,Trichy,Tamil Nadu,P007,Printer,Electronics,19,0,2,14,14,4,12055.99,Low,7
2026-07-28,B005,Trichy,Tamil Nadu,P008,Air Conditioner,Appliances,29,1,5,17,18,5,41200.74,Low,7
2026-07-28,B005,Trichy,Tamil Nadu,P009,Router,Networking,33,2,10,38,39,11,3615.16,High,10
2026-07-28,B005,Trichy,Tamil Nadu,P010,Monitor,Electronics,17,0,0,24,24,6,14765.35,Critical,8
2026-07-28,B006,Tiruppur,Tamil Nadu,P001,LED TV,Electronics,19,3,6,31,31,8,33918.6,Critical,6
2026-07-28,B006,Tiruppur,Tamil Nadu,P002,Refrigerator,Appliances,19,0,0,11,11,3,28369.14,Low,7
2026-07-28,B006,Tiruppur,Tamil Nadu,P003,Washing Machine,Appliances,20,0,2,18,17,5,23396.7,Low,3
2026-07-28,B006,Tiruppur,Tamil Nadu,P004,Microwave,Appliances,7,1,1,11,11,3,8469.96,Critical,7
2026-07-28,B006,Tiruppur,Tamil Nadu,P005,Laptop,Electronics,25,1,1,24,22,6,47843.43,Medium,8
2026-07-28,B006,Tiruppur,Tamil Nadu,P006,Smartphone,Electronics,49,4,8,47,39,11,18829.35,Low,4
2026-07-28,B006,Tiruppur,Tamil Nadu,P007,Printer,Electronics,7,2,1,14,14,3,11283.11,Critical,10
2026-07-28,B006,Tiruppur,Tamil Nadu,P008,Air Conditioner,Appliances,12,0,2,14,14,4,41358.9,High,9
2026-07-28,B006,Tiruppur,Tamil Nadu,P009,Router,Networking,42,3,3,30,31,6,3553.37,Low,6
2026-07-28,B006,Tiruppur,Tamil Nadu,P010,Monitor,Electronics,16,3,2,21,23,7,14982.97,Critical,7
2026-07-28,B007,Erode,Tamil Nadu,P001,LED TV,Electronics,38,3,0,27,26,8,31254.84,Low,7
2026-07-28,B007,Erode,Tamil Nadu,P002,Refrigerator,Appliances,41,1,6,21,22,5,29008.61,Low,10
2026-07-28,B007,Erode,Tamil Nadu,P003,Washing Machine,Appliances,19,0,1,11,11,3,24859.66,Low,8
2026-07-28,B007,Erode,Tamil Nadu,P004,Microwave,Appliances,16,0,1,10,9,3,8533.11,Low,4
2026-07-28,B007,Erode,Tamil Nadu,P005,Laptop,Electronics,18,0,4,18,17,5,46344.35,Low,8
2026-07-28,B007,Erode,Tamil Nadu,P006,Smartphone,Electronics,26,2,6,26,24,4,17330.27,Low,5
2026-07-28,B007,Erode,Tamil Nadu,P007,Printer,Electronics,7,1,0,13,12,3,11379.12,Critical,4
2026-07-28,B007,Erode,Tamil Nadu,P008,Air Conditioner,Appliances,7,0,2,8,7,3,41534.64,Medium,10
2026-07-28,B007,Erode,Tamil Nadu,P009,Router,Networking,49,4,0,35,33,10,3761.19,Low,4
2026-07-28,B007,Erode,Tamil Nadu,P010,Monitor,Electronics,32,1,1,20,19,5,15919.4,Low,9
2026-07-28,B008,Vellore,Tamil Nadu,P001,LED TV,Electronics,38,3,4,31,31,10,32244.3,Medium,9
2026-07-28,B008,Vellore,Tamil Nadu,P002,Refrigerator,Appliances,13,1,5,19,19,6,28340.2,High,7
2026-07-28,B008,Vellore,Tamil Nadu,P003,Washing Machine,Appliances,14,1,0,8,8,3,24889.06,Low,5
2026-07-28,B008,Vellore,Tamil Nadu,P004,Microwave,Appliances,6,1,2,12,10,3,9417.21,Critical,9
2026-07-28,B008,Vellore,Tamil Nadu,P005,Laptop,Electronics,18,1,5,19,20,5,50065.25,Medium,6
2026-07-28,B008,Vellore,Tamil Nadu,P006,Smartphone,Electronics,67,3,11,35,37,10,17691.95,Low,4
2026-07-28,B008,Vellore,Tamil Nadu,P007,Printer,Electronics,6,0,0,6,6,3,11951.32,Critical,5
2026-07-28,B008,Vellore,Tamil Nadu,P008,Air Conditioner,Appliances,9,0,5,16,16,5,40627.59,High,6
2026-07-28,B008,Vellore,Tamil Nadu,P009,Router,Networking,27,4,0,36,33,10,3746.94,Critical,3
2026-07-28,B008,Vellore,Tamil Nadu,P010,Monitor,Electronics,17,1,0,19,20,4,15972.87,High,4
2026-07-29,B001,Chennai,Tamil Nadu,P001,LED TV,Electronics,41,8,17,57,65,18,32801.13,Critical,9
2026-07-29,B001,Chennai,Tamil Nadu,P002,Refrigerator,Appliances,42,0,0,27,29,6,29152.08,Low,5
2026-07-29,B001,Chennai,Tamil Nadu,P003,Washing Machine,Appliances,22,0,5,24,21,6,24120.84,Low,4
2026-07-29,B001,Chennai,Tamil Nadu,P004,Microwave,Appliances,22,3,1,22,25,7,8737.96,Critical,4
2026-07-29,B001,Chennai,Tamil Nadu,P005,Laptop,Electronics,40,3,3,27,25,7,47461.22,Low,7
2026-07-29,B001,Chennai,Tamil Nadu,P006,Smartphone,Electronics,81,1,17,78,74,18,18724.38,Low,10
2026-07-29,B001,Chennai,Tamil Nadu,P007,Printer,Electronics,29,0,5,18,20,4,11960.36,Low,5
2026-07-29,B001,Chennai,Tamil Nadu,P008,Air Conditioner,Appliances,19,2,5,21,20,5,43321.19,Medium,9
2026-07-29,B001,Chennai,Tamil Nadu,P009,Router,Networking,119,7,10,67,73,22,3484.27,Low,3
2026-07-29,B001,Chennai,Tamil Nadu,P010,Monitor,Electronics,31,0,4,32,33,11,15986.2,High,5
2026-07-29,B002,Coimbatore,Tamil Nadu,P001,LED TV,Electronics,50,5,4,40,42,13,29757.7,Medium,5
2026-07-29,B002,Coimbatore,Tamil Nadu,P002,Refrigerator,Appliances,33,1,5,19,18,4,29500.78,Low,8
2026-07-29,B002,Coimbatore,Tamil Nadu,P003,Washing Machine,Appliances,32,2,2,23,24,6,25188.78,Low,8
2026-07-29,B002,Coimbatore,Tamil Nadu,P004,Microwave,Appliances,23,0,5,19,19,5,8796.78,Low,5
2026-07-29,B002,Coimbatore,Tamil Nadu,P005,Laptop,Electronics,17,5,1,35,36,7,50378.13,Critical,10
2026-07-29,B002,Coimbatore,Tamil Nadu,P006,Smartphone,Electronics,37,2,3,63,57,17,17193.59,Critical,8
2026-07-29,B002,Coimbatore,Tamil Nadu,P007,Printer,Electronics,28,1,6,19,20,4,12635.12,Low,9
2026-07-29,B002,Coimbatore,Tamil Nadu,P008,Air Conditioner,Appliances,13,0,6,22,21,7,44998.69,High,7
2026-07-29,B002,Coimbatore,Tamil Nadu,P009,Router,Networking,63,6,12,40,44,11,3472.33,Low,5
2026-07-29,B002,Coimbatore,Tamil Nadu,P010,Monitor,Electronics,48,4,4,32,30,7,16883.45,Low,6
2026-07-29,B003,Madurai,Tamil Nadu,P001,LED TV,Electronics,118,2,0,54,65,13,29831.39,Low,5
2026-07-29,B003,Madurai,Tamil Nadu,P002,Refrigerator,Appliances,35,1,3,19,22,7,29122.31,Low,9
2026-07-29,B003,Madurai,Tamil Nadu,P003,Washing Machine,Appliances,9,1,1,20,18,3,22446.24,Critical,8
2026-07-29,B003,Madurai,Tamil Nadu,P004,Microwave,Appliances,9,1,3,17,16,5,8281.23,Critical,9
2026-07-29,B003,Madurai,Tamil Nadu,P005,Laptop,Electronics,39,1,5,22,21,6,47962.31,Low,9
2026-07-29,B003,Madurai,Tamil Nadu,P006,Smartphone,Electronics,32,0,1,46,49,13,19274.4,Critical,8
2026-07-29,B003,Madurai,Tamil Nadu,P007,Printer,Electronics,21,0,0,13,14,3,11757.35,Low,10
2026-07-29,B003,Madurai,Tamil Nadu,P008,Air Conditioner,Appliances,6,0,4,13,14,3,40691.39,Critical,8
2026-07-29,B003,Madurai,Tamil Nadu,P009,Router,Networking,15,1,9,39,34,10,3595.68,Critical,7
2026-07-29,B003,Madurai,Tamil Nadu,P010,Monitor,Electronics,61,1,6,30,33,11,15081.87,Low,3
2026-07-29,B004,Salem,Tamil Nadu,P001,LED TV,Electronics,52,1,11,36,37,9,29990.8,Low,10
2026-07-29,B004,Salem,Tamil Nadu,P002,Refrigerator,Appliances,19,0,3,16,16,4,27726.91,Low,7
2026-07-29,B004,Salem,Tamil Nadu,P003,Washing Machine,Appliances,16,1,4,23,21,4,25031.92,High,7
2026-07-29,B004,Salem,Tamil Nadu,P004,Microwave,Appliances,13,2,2,19,18,4,8559.82,Critical,3
2026-07-29,B004,Salem,Tamil Nadu,P005,Laptop,Electronics,11,1,5,21,22,5,46664.83,Critical,3
2026-07-29,B004,Salem,Tamil Nadu,P006,Smartphone,Electronics,39,0,5,40,39,11,17162.92,Medium,7
2026-07-29,B004,Salem,Tamil Nadu,P007,Printer,Electronics,11,0,3,14,15,4,12462.88,High,9
2026-07-29,B004,Salem,Tamil Nadu,P008,Air Conditioner,Appliances,5,1,1,11,12,3,45323.33,Critical,7
2026-07-29,B004,Salem,Tamil Nadu,P009,Router,Networking,34,3,1,40,40,8,3533.97,High,5
2026-07-29,B004,Salem,Tamil Nadu,P010,Monitor,Electronics,28,2,1,21,19,6,16470.59,Low,8
2026-07-29,B005,Trichy,Tamil Nadu,P001,LED TV,Electronics,30,2,3,36,34,10,29850.75,High,7
2026-07-29,B005,Trichy,Tamil Nadu,P002,Refrigerator,Appliances,6,1,3,11,11,3,26456.93,Critical,9
2026-07-29,B005,Trichy,Tamil Nadu,P003,Washing Machine,Appliances,33,2,1,25,23,7,23409.13,Low,8
2026-07-29,B005,Trichy,Tamil Nadu,P004,Microwave,Appliances,9,0,1,14,13,3,9462.0,Critical,7
2026-07-29,B005,Trichy,Tamil Nadu,P005,Laptop,Electronics,27,1,4,25,25,8,50569.51,Medium,8
2026-07-29,B005,Trichy,Tamil Nadu,P006,Smartphone,Electronics,70,4,14,54,52,10,18091.19,Low,5
2026-07-29,B005,Trichy,Tamil Nadu,P007,Printer,Electronics,15,1,2,12,13,3,11591.77,Low,9
2026-07-29,B005,Trichy,Tamil Nadu,P008,Air Conditioner,Appliances,8,0,1,9,8,3,43009.2,High,7
2026-07-29,B005,Trichy,Tamil Nadu,P009,Router,Networking,53,4,3,35,37,8,3363.9,Low,5
2026-07-29,B005,Trichy,Tamil Nadu,P010,Monitor,Electronics,20,2,2,22,23,4,16125.89,High,8
2026-07-29,B006,Tiruppur,Tamil Nadu,P001,LED TV,Electronics,28,0,2,20,18,6,32225.34,Low,7
2026-07-29,B006,Tiruppur,Tamil Nadu,P002,Refrigerator,Appliances,34,0,0,18,19,4,27106.53,Low,5
2026-07-29,B006,Tiruppur,Tamil Nadu,P003,Washing Machine,Appliances,30,0,3,18,17,5,22635.37,Low,9
2026-07-29,B006,Tiruppur,Tamil Nadu,P004,Microwave,Appliances,14,0,3,11,10,3,9156.49,Low,3
2026-07-29,B006,Tiruppur,Tamil Nadu,P005,Laptop,Electronics,22,1,3,18,16,5,51426.79,Low,3
2026-07-29,B006,Tiruppur,Tamil Nadu,P006,Smartphone,Electronics,77,3,0,51,51,11,18048.96,Low,8
2026-07-29,B006,Tiruppur,Tamil Nadu,P007,Printer,Electronics,18,0,0,12,12,3,12453.58,Low,5
2026-07-29,B006,Tiruppur,Tamil Nadu,P008,Air Conditioner,Appliances,21,0,0,15,15,4,40382.01,Low,9
2026-07-29,B006,Tiruppur,Tamil Nadu,P009,Router,Networking,72,3,15,46,45,9,3550.09,Low,5
2026-07-29,B006,Tiruppur,Tamil Nadu,P010,Monitor,Electronics,31,0,9,30,32,7,16236.64,Low,5
2026-07-29,B007,Erode,Tamil Nadu,P001,LED TV,Electronics,66,3,1,37,36,11,32498.68,Low,10
2026-07-29,B007,Erode,Tamil Nadu,P002,Refrigerator,Appliances,16,0,3,15,15,5,27269.44,Medium,6
2026-07-29,B007,Erode,Tamil Nadu,P003,Washing Machine,Appliances,18,1,3,18,19,3,25067.47,Medium,8
2026-07-29,B007,Erode,Tamil Nadu,P004,Microwave,Appliances,17,0,3,10,10,3,9007.81,Low,7
2026-07-29,B007,Erode,Tamil Nadu,P005,Laptop,Electronics,23,1,0,21,19,4,50850.29,Medium,6
2026-07-29,B007,Erode,Tamil Nadu,P006,Smartphone,Electronics,41,4,13,44,45,15,17655.74,High,7
2026-07-29,B007,Erode,Tamil Nadu,P007,Printer,Electronics,11,0,1,10,9,3,11505.97,Low,4
2026-07-29,B007,Erode,Tamil Nadu,P008,Air Conditioner,Appliances,20,0,4,13,13,3,41088.29,Low,5
2026-07-29,B007,Erode,Tamil Nadu,P009,Router,Networking,99,7,13,46,53,13,3520.91,Low,4
2026-07-29,B007,Erode,Tamil Nadu,P010,Monitor,Electronics,11,1,6,17,18,3,16425.46,High,6
2026-07-29,B008,Vellore,Tamil Nadu,P001,LED TV,Electronics,86,0,2,39,46,15,30107.26,Low,9
2026-07-29,B008,Vellore,Tamil Nadu,P002,Refrigerator,Appliances,27,0,2,17,16,4,30157.36,Low,8
2026-07-29,B008,Vellore,Tamil Nadu,P003,Washing Machine,Appliances,17,2,5,17,16,4,25236.16,Low,5
2026-07-29,B008,Vellore,Tamil Nadu,P004,Microwave,Appliances,18,0,2,12,11,3,9496.64,Low,6
2026-07-29,B008,Vellore,Tamil Nadu,P005,Laptop,Electronics,30,2,0,24,25,5,45857.79,Medium,9
2026-07-29,B008,Vellore,Tamil Nadu,P006,Smartphone,Electronics,93,6,19,56,56,12,17371.24,Low,4
2026-07-29,B008,Vellore,Tamil Nadu,P007,Printer,Electronics,25,1,2,18,18,4,12682.5,Low,9
2026-07-29,B008,Vellore,Tamil Nadu,P008,Air Conditioner,Appliances,6,0,3,12,11,3,42380.81,Critical,8
2026-07-29,B008,Vellore,Tamil Nadu,P009,Router,Networking,91,5,2,54,58,19,3429.29,Low,3
2026-07-29,B008,Vellore,Tamil Nadu,P010,Monitor,Electronics,25,3,4,24,25,6,16939.38,Medium,8
2026-07-30,B001,Chennai,Tamil Nadu,P001,LED TV,Electronics,82,5,9,59,56,12,30132.37,Low,3
2026-07-30,B001,Chennai,Tamil Nadu,P002,Refrigerator,Appliances,38,0,4,27,28,6,26960.79,Low,10
2026-07-30,B001,Chennai,Tamil Nadu,P003,Washing Machine,Appliances,22,1,4,31,33,7,25127.67,Critical,5
2026-07-30,B001,Chennai,Tamil Nadu,P004,Microwave,Appliances,26,0,0,18,17,3,8757.07,Low,4
2026-07-30,B001,Chennai,Tamil Nadu,P005,Laptop,Electronics,50,4,2,39,37,9,51309.11,Low,6
2026-07-30,B001,Chennai,Tamil Nadu,P006,Smartphone,Electronics,79,3,15,89,93,27,18670.95,High,6
2026-07-30,B001,Chennai,Tamil Nadu,P007,Printer,Electronics,25,1,2,18,19,4,11974.29,Low,3
2026-07-30,B001,Chennai,Tamil Nadu,P008,Air Conditioner,Appliances,14,1,0,22,21,6,44342.65,Critical,8
2026-07-30,B001,Chennai,Tamil Nadu,P009,Router,Networking,91,6,12,67,73,17,3683.22,Low,8
2026-07-30,B001,Chennai,Tamil Nadu,P010,Monitor,Electronics,31,3,9,31,31,6,14796.05,Low,10
2026-07-30,B002,Coimbatore,Tamil Nadu,P001,LED TV,Electronics,34,1,12,37,37,11,33417.63,Medium,9
2026-07-30,B002,Coimbatore,Tamil Nadu,P002,Refrigerator,Appliances,24,0,4,26,24,4,29536.27,Low,4
2026-07-30,B002,Coimbatore,Tamil Nadu,P003,Washing Machine,Appliances,23,1,6,24,19,4,25824.74,Low,5
2026-07-30,B002,Coimbatore,Tamil Nadu,P004,Microwave,Appliances,26,0,4,19,17,4,8913.21,Low,9
2026-07-30,B002,Coimbatore,Tamil Nadu,P005,Laptop,Electronics,39,0,1,28,29,8,44992.85,Low,6
2026-07-30,B002,Coimbatore,Tamil Nadu,P006,Smartphone,Electronics,29,2,19,63,65,13,18769.4,Critical,9
2026-07-30,B002,Coimbatore,Tamil Nadu,P007,Printer,Electronics,22,0,4,14,15,3,11669.55,Low,7
2026-07-30,B002,Coimbatore,Tamil Nadu,P008,Air Conditioner,Appliances,9,1,0,11,11,3,44254.35,Critical,5
2026-07-30,B002,Coimbatore,Tamil Nadu,P009,Router,Networking,48,8,19,51,59,11,3667.36,Medium,9
2026-07-30,B002,Coimbatore,Tamil Nadu,P010,Monitor,Electronics,24,0,8,29,33,10,15346.68,High,3
2026-07-30,B003,Madurai,Tamil Nadu,P001,LED TV,Electronics,83,3,4,47,48,13,34132.03,Low,3
2026-07-30,B003,Madurai,Tamil Nadu,P002,Refrigerator,Appliances,35,1,4,23,23,7,29843.98,Low,8
2026-07-30,B003,Madurai,Tamil Nadu,P003,Washing Machine,Appliances,7,1,1,16,15,4,22593.29,Critical,9
2026-07-30,B003,Madurai,Tamil Nadu,P004,Microwave,Appliances,10,2,3,15,16,5,9343.1,Critical,7
2026-07-30,B003,Madurai,Tamil Nadu,P005,Laptop,Electronics,27,1,2,18,17,5,49541.16,Low,5
2026-07-30,B003,Madurai,Tamil Nadu,P006,Smartphone,Electronics,115,8,1,65,63,20,18950.02,Low,5
2026-07-30,B003,Madurai,Tamil Nadu,P007,Printer,Electronics,18,0,0,15,16,5,12467.25,Medium,4
2026-07-30,B003,Madurai,Tamil Nadu,P008,Air Conditioner,Appliances,15,0,2,19,19,6,44575.56,High,10
2026-07-30,B003,Madurai,Tamil Nadu,P009,Router,Networking,74,5,14,46,43,13,3506.76,Low,4
2026-07-30,B003,Madurai,Tamil Nadu,P010,Monitor,Electronics,39,1,1,26,26,7,14817.18,Low,6
2026-07-30,B004,Salem,Tamil Nadu,P001,LED TV,Electronics,29,0,2,37,35,7,29983.46,High,10
2026-07-30,B004,Salem,Tamil Nadu,P002,Refrigerator,Appliances,11,1,2,16,16,4,27420.57,Critical,3
2026-07-30,B004,Salem,Tamil Nadu,P003,Washing Machine,Appliances,24,0,6,19,20,6,24159.26,Low,3
2026-07-30,B004,Salem,Tamil Nadu,P004,Microwave,Appliances,9,0,3,15,14,3,8375.58,High,9
2026-07-30,B004,Salem,Tamil Nadu,P005,Laptop,Electronics,59,3,13,35,38,12,49426.0,Low,10
2026-07-30,B004,Salem,Tamil Nadu,P006,Smartphone,Electronics,84,7,0,58,64,15,18626.77,Medium,6
2026-07-30,B004,Salem,Tamil Nadu,P007,Printer,Electronics,10,0,0,10,8,3,12471.93,Medium,10
2026-07-30,B004,Salem,Tamil Nadu,P008,Air Conditioner,Appliances,14,1,2,19,21,4,39917.05,Critical,8
2026-07-30,B004,Salem,Tamil Nadu,P009,Router,Networking,81,5,6,54,49,12,3631.21,Low,3
2026-07-30,B004,Salem,Tamil Nadu,P010,Monitor,Electronics,29,1,3,19,17,3,15670.49,Low,9
2026-07-30,B005,Trichy,Tamil Nadu,P001,LED TV,Electronics,61,2,9,47,54,11,34159.96,Low,7
2026-07-30,B005,Trichy,Tamil Nadu,P002,Refrigerator,Appliances,22,0,4,15,16,4,28850.81,Low,5
2026-07-30,B005,Trichy,Tamil Nadu,P003,Washing Machine,Appliances,12,1,1,11,11,3,22341.12,Medium,5
2026-07-30,B005,Trichy,Tamil Nadu,P004,Microwave,Appliances,22,1,0,15,17,3,9456.35,Low,7
2026-07-30,B005,Trichy,Tamil Nadu,P005,Laptop,Electronics,44,0,7,30,30,8,49696.94,Low,4
2026-07-30,B005,Trichy,Tamil Nadu,P006,Smartphone,Electronics,84,5,3,60,61,14,17246.96,Low,8
2026-07-30,B005,Trichy,Tamil Nadu,P007,Printer,Electronics,10,1,1,10,10,3,12673.79,High,5
2026-07-30,B005,Trichy,Tamil Nadu,P008,Air Conditioner,Appliances,15,0,2,16,17,5,38802.8,High,6
2026-07-30,B005,Trichy,Tamil Nadu,P009,Router,Networking,30,3,9,31,38,10,3420.46,High,9
2026-07-30,B005,Trichy,Tamil Nadu,P010,Monitor,Electronics,35,1,4,25,25,6,15616.26,Low,4
2026-07-30,B006,Tiruppur,Tamil Nadu,P001,LED TV,Electronics,71,0,6,46,42,12,29937.79,Low,3
2026-07-30,B006,Tiruppur,Tamil Nadu,P002,Refrigerator,Appliances,23,2,2,17,17,5,28236.33,Low,4
2026-07-30,B006,Tiruppur,Tamil Nadu,P003,Washing Machine,Appliances,24,0,0,15,17,5,24980.51,Low,10
2026-07-30,B006,Tiruppur,Tamil Nadu,P004,Microwave,Appliances,31,0,3,16,17,4,8970.54,Low,10
2026-07-30,B006,Tiruppur,Tamil Nadu,P005,Laptop,Electronics,24,2,1,24,26,8,48908.85,High,5
2026-07-30,B006,Tiruppur,Tamil Nadu,P006,Smartphone,Electronics,55,5,11,55,50,17,17922.07,Medium,6
2026-07-30,B006,Tiruppur,Tamil Nadu,P007,Printer,Electronics,7,1,1,13,15,5,11386.05,Critical,10
2026-07-30,B006,Tiruppur,Tamil Nadu,P008,Air Conditioner,Appliances,27,2,4,14,15,5,38691.48,Low,7
2026-07-30,B006,Tiruppur,Tamil Nadu,P009,Router,Networking,57,0,1,38,40,13,3733.02,Low,6
2026-07-30,B006,Tiruppur,Tamil Nadu,P010,Monitor,Electronics,10,3,4,22,21,5,16039.6,Critical,6
2026-07-30,B007,Erode,Tamil Nadu,P001,LED TV,Electronics,28,1,4,26,26,5,31637.36,Low,4
2026-07-30,B007,Erode,Tamil Nadu,P002,Refrigerator,Appliances,23,1,0,16,16,4,30200.32,Low,8
2026-07-30,B007,Erode,Tamil Nadu,P003,Washing Machine,Appliances,20,1,0,13,13,4,25148.02,Low,4
2026-07-30,B007,Erode,Tamil Nadu,P004,Microwave,Appliances,8,0,3,10,9,3,8754.41,Medium,6
2026-07-30,B007,Erode,Tamil Nadu,P005,Laptop,Electronics,12,0,0,13,14,3,51698.32,High,6
2026-07-30,B007,Erode,Tamil Nadu,P006,Smartphone,Electronics,49,6,14,55,54,15,18000.49,High,10
2026-07-30,B007,Erode,Tamil Nadu,P007,Printer,Electronics,8,1,2,10,10,3,12184.06,High,3
2026-07-30,B007,Erode,Tamil Nadu,P008,Air Conditioner,Appliances,8,1,3,11,10,3,41411.88,High,6
2026-07-30,B007,Erode,Tamil Nadu,P009,Router,Networking,19,5,11,43,38,9,3763.65,Critical,6
2026-07-30,B007,Erode,Tamil Nadu,P010,Monitor,Electronics,26,1,4,13,14,3,16126.32,Low,6
2026-07-30,B008,Vellore,Tamil Nadu,P001,LED TV,Electronics,25,1,13,38,41,12,30802.69,High,10
2026-07-30,B008,Vellore,Tamil Nadu,P002,Refrigerator,Appliances,19,0,2,14,14,3,26745.66,Low,5
2026-07-30,B008,Vellore,Tamil Nadu,P003,Washing Machine,Appliances,21,0,5,20,21,4,24911.12,Low,4
2026-07-30,B008,Vellore,Tamil Nadu,P004,Microwave,Appliances,14,0,2,10,10,3,8920.2,Low,8
2026-07-30,B008,Vellore,Tamil Nadu,P005,Laptop,Electronics,56,4,10,31,32,7,50134.21,Low,4
2026-07-30,B008,Vellore,Tamil Nadu,P006,Smartphone,Electronics,74,6,11,62,49,13,18184.05,Low,4
2026-07-30,B008,Vellore,Tamil Nadu,P007,Printer,Electronics,6,0,1,11,10,3,12701.51,Critical,9
2026-07-30,B008,Vellore,Tamil Nadu,P008,Air Conditioner,Appliances,20,0,3,16,17,3,43467.97,Low,8
2026-07-30,B008,Vellore,Tamil Nadu,P009,Router,Networking,60,0,15,46,51,12,3420.42,Low,10
2026-07-30,B008,Vellore,Tamil Nadu,P010,Monitor,Electronics,10,1,2,12,11,3,15285.54,High,4
2026-07-31,B001,Chennai,Tamil Nadu,P001,LED TV,Electronics,65,2,2,37,43,9,31139.75,Low,8
2026-07-31,B001,Chennai,Tamil Nadu,P002,Refrigerator,Appliances,42,3,2,26,28,9,28665.57,Low,5
2026-07-31,B001,Chennai,Tamil Nadu,P003,Washing Machine,Appliances,33,2,1,35,37,9,23451.13,High,3
2026-07-31,B001,Chennai,Tamil Nadu,P004,Microwave,Appliances,31,1,5,22,22,6,9034.21,Low,9
2026-07-31,B001,Chennai,Tamil Nadu,P005,Laptop,Electronics,98,0,4,49,52,14,47205.47,Low,10
2026-07-31,B001,Chennai,Tamil Nadu,P006,Smartphone,Electronics,54,2,18,70,59,15,17025.72,Medium,3
2026-07-31,B001,Chennai,Tamil Nadu,P007,Printer,Electronics,37,0,8,25,27,8,12445.67,Low,7
2026-07-31,B001,Chennai,Tamil Nadu,P008,Air Conditioner,Appliances,28,2,0,24,24,5,42902.41,Medium,5
2026-07-31,B001,Chennai,Tamil Nadu,P009,Router,Networking,112,11,6,77,75,23,3631.86,Low,6
2026-07-31,B001,Chennai,Tamil Nadu,P010,Monitor,Electronics,69,4,7,38,37,11,14787.46,Low,8
2026-07-31,B002,Coimbatore,Tamil Nadu,P001,LED TV,Electronics,55,0,4,53,54,18,34279.92,High,4
2026-07-31,B002,Coimbatore,Tamil Nadu,P002,Refrigerator,Appliances,11,0,5,21,22,6,29058.46,Critical,8
2026-07-31,B002,Coimbatore,Tamil Nadu,P003,Washing Machine,Appliances,39,4,7,33,34,9,25157.04,Medium,8
2026-07-31,B002,Coimbatore,Tamil Nadu,P004,Microwave,Appliances,23,0,1,18,19,4,9130.18,Low,7
2026-07-31,B002,Coimbatore,Tamil Nadu,P005,Laptop,Electronics,60,5,4,41,40,13,44837.03,Low,9
2026-07-31,B002,Coimbatore,Tamil Nadu,P006,Smartphone,Electronics,41,4,6,76,67,22,16603.0,Critical,6
2026-07-31,B002,Coimbatore,Tamil Nadu,P007,Printer,Electronics,24,0,4,15,16,3,12398.7,Low,6
2026-07-31,B002,Coimbatore,Tamil Nadu,P008,Air Conditioner,Appliances,10,1,2,16,15,4,44231.29,Critical,8
2026-07-31,B002,Coimbatore,Tamil Nadu,P009,Router,Networking,72,5,9,65,66,21,3471.68,Medium,10
2026-07-31,B002,Coimbatore,Tamil Nadu,P010,Monitor,Electronics,16,0,7,33,34,9,15746.98,Critical,8
2026-07-31,B003,Madurai,Tamil Nadu,P001,LED TV,Electronics,81,6,5,48,55,15,30191.58,Low,5
2026-07-31,B003,Madurai,Tamil Nadu,P002,Refrigerator,Appliances,16,0,0,24,24,5,26420.67,Critical,6
2026-07-31,B003,Madurai,Tamil Nadu,P003,Washing Machine,Appliances,11,1,5,17,16,5,24148.49,High,7
2026-07-31,B003,Madurai,Tamil Nadu,P004,Microwave,Appliances,26,2,1,18,17,5,8951.13,Low,5
2026-07-31,B003,Madurai,Tamil Nadu,P005,Laptop,Electronics,39,1,0,29,25,6,49613.6,Low,7
2026-07-31,B003,Madurai,Tamil Nadu,P006,Smartphone,Electronics,95,4,4,69,69,19,17201.67,Low,6
2026-07-31,B003,Madurai,Tamil Nadu,P007,Printer,Electronics,12,1,1,12,12,3,11793.49,High,7
2026-07-31,B003,Madurai,Tamil Nadu,P008,Air Conditioner,Appliances,39,0,5,20,23,7,40900.11,Low,4
2026-07-31,B003,Madurai,Tamil Nadu,P009,Router,Networking,56,8,9,58,66,21,3444.5,Critical,3
2026-07-31,B003,Madurai,Tamil Nadu,P010,Monitor,Electronics,14,2,5,30,30,7,16770.53,Critical,4
2026-07-31,B004,Salem,Tamil Nadu,P001,LED TV,Electronics,59,6,3,40,43,9,30871.4,Low,6
2026-07-31,B004,Salem,Tamil Nadu,P002,Refrigerator,Appliances,24,0,2,15,15,4,29848.99,Low,6
2026-07-31,B004,Salem,Tamil Nadu,P003,Washing Machine,Appliances,24,0,3,15,14,4,22715.72,Low,10
2026-07-31,B004,Salem,Tamil Nadu,P004,Microwave,Appliances,17,0,1,11,10,3,9303.07,Low,4
2026-07-31,B004,Salem,Tamil Nadu,P005,Laptop,Electronics,64,3,8,30,34,8,49400.88,Low,6
2026-07-31,B004,Salem,Tamil Nadu,P006,Smartphone,Electronics,49,0,3,45,47,16,18553.15,High,9
2026-07-31,B004,Salem,Tamil Nadu,P007,Printer,Electronics,14,2,3,16,17,4,12557.75,High,10
2026-07-31,B004,Salem,Tamil Nadu,P008,Air Conditioner,Appliances,11,0,3,20,21,4,39380.38,Critical,6
2026-07-31,B004,Salem,Tamil Nadu,P009,Router,Networking,75,1,8,39,40,9,3455.27,Low,6
2026-07-31,B004,Salem,Tamil Nadu,P010,Monitor,Electronics,48,4,7,33,32,7,14831.94,Low,6
2026-07-31,B005,Trichy,Tamil Nadu,P001,LED TV,Electronics,40,2,1,42,43,13,30191.91,High,7
2026-07-31,B005,Trichy,Tamil Nadu,P002,Refrigerator,Appliances,16,1,4,14,14,3,29620.93,Low,4
2026-07-31,B005,Trichy,Tamil Nadu,P003,Washing Machine,Appliances,34,0,3,27,27,6,22947.31,Low,10
2026-07-31,B005,Trichy,Tamil Nadu,P004,Microwave,Appliances,11,1,1,17,16,3,8760.05,Critical,7
2026-07-31,B005,Trichy,Tamil Nadu,P005,Laptop,Electronics,15,1,4,27,28,6,51823.86,Critical,8
2026-07-31,B005,Trichy,Tamil Nadu,P006,Smartphone,Electronics,85,7,12,56,54,14,18017.69,Low,7
2026-07-31,B005,Trichy,Tamil Nadu,P007,Printer,Electronics,23,1,0,17,16,4,11190.51,Low,4
2026-07-31,B005,Trichy,Tamil Nadu,P008,Air Conditioner,Appliances,19,2,2,17,17,4,40140.1,Medium,6
2026-07-31,B005,Trichy,Tamil Nadu,P009,Router,Networking,92,1,5,50,57,13,3323.01,Low,6
2026-07-31,B005,Trichy,Tamil Nadu,P010,Monitor,Electronics,39,4,4,27,29,8,15807.93,Low,3
2026-07-31,B006,Tiruppur,Tamil Nadu,P001,LED TV,Electronics,33,1,2,31,32,7,34009.66,Medium,7
2026-07-31,B006,Tiruppur,Tamil Nadu,P002,Refrigerator,Appliances,29,1,4,16,17,4,27687.68,Low,5
2026-07-31,B006,Tiruppur,Tamil Nadu,P003,Washing Machine,Appliances,12,1,3,18,15,4,23803.16,High,5
2026-07-31,B006,Tiruppur,Tamil Nadu,P004,Microwave,Appliances,12,0,3,12,13,4,8984.83,Medium,8
2026-07-31,B006,Tiruppur,Tamil Nadu,P005,Laptop,Electronics,20,3,9,25,30,6,49335.54,High,8
2026-07-31,B006,Tiruppur,Tamil Nadu,P006,Smartphone,Electronics,21,0,5,49,47,11,17200.39,Critical,8
2026-07-31,B006,Tiruppur,Tamil Nadu,P007,Printer,Electronics,21,0,2,12,12,3,11915.99,Low,5
2026-07-31,B006,Tiruppur,Tamil Nadu,P008,Air Conditioner,Appliances,30,0,5,16,17,5,44993.99,Low,8
2026-07-31,B006,Tiruppur,Tamil Nadu,P009,Router,Networking,36,3,10,48,44,13,3481.3,High,4
2026-07-31,B006,Tiruppur,Tamil Nadu,P010,Monitor,Electronics,21,2,8,26,30,7,16256.01,High,7
2026-07-31,B007,Erode,Tamil Nadu,P001,LED TV,Electronics,14,1,1,32,31,8,29564.38,Critical,9
2026-07-31,B007,Erode,Tamil Nadu,P002,Refrigerator,Appliances,33,1,3,23,23,6,29630.96,Low,7
2026-07-31,B007,Erode,Tamil Nadu,P003,Washing Machine,Appliances,23,1,2,15,15,3,23876.31,Low,10
2026-07-31,B007,Erode,Tamil Nadu,P004,Microwave,Appliances,12,0,2,14,12,3,8641.51,Medium,3
2026-07-31,B007,Erode,Tamil Nadu,P005,Laptop,Electronics,15,1,3,16,14,3,51061.68,Low,7
2026-07-31,B007,Erode,Tamil Nadu,P006,Smartphone,Electronics,55,3,4,44,43,12,17621.51,Low,8
2026-07-31,B007,Erode,Tamil Nadu,P007,Printer,Electronics,24,0,1,15,14,4,11753.36,Low,8
2026-07-31,B007,Erode,Tamil Nadu,P008,Air Conditioner,Appliances,15,0,1,9,9,3,44199.75,Low,3
2026-07-31,B007,Erode,Tamil Nadu,P009,Router,Networking,58,2,10,42,49,12,3272.07,Low,10
2026-07-31,B007,Erode,Tamil Nadu,P010,Monitor,Electronics,11,1,3,16,16,4,17020.37,High,5
2026-07-31,B008,Vellore,Tamil Nadu,P001,LED TV,Electronics,43,0,7,36,37,10,33578.63,Low,5
2026-07-31,B008,Vellore,Tamil Nadu,P002,Refrigerator,Appliances,13,0,4,21,18,4,28031.33,High,8
2026-07-31,B008,Vellore,Tamil Nadu,P003,Washing Machine,Appliances,10,2,3,23,22,6,22832.75,Critical,10
2026-07-31,B008,Vellore,Tamil Nadu,P004,Microwave,Appliances,21,0,4,13,15,3,8640.88,Low,8
2026-07-31,B008,Vellore,Tamil Nadu,P005,Laptop,Electronics,56,2,5,28,31,8,49324.3,Low,5
2026-07-31,B008,Vellore,Tamil Nadu,P006,Smartphone,Electronics,62,5,13,41,42,13,17229.05,Low,10
2026-07-31,B008,Vellore,Tamil Nadu,P007,Printer,Electronics,13,1,1,8,8,3,12527.38,Low,6
2026-07-31,B008,Vellore,Tamil Nadu,P008,Air Conditioner,Appliances,14,1,1,14,13,3,43744.21,Medium,4
2026-07-31,B008,Vellore,Tamil Nadu,P009,Router,Networking,15,4,11,32,33,10,3621.04,Critical,6
2026-07-31,B008,Vellore,Tamil Nadu,P010,Monitor,Electronics,35,2,4,18,20,6,15014.28,Low,5
2026-08-01,B001,Chennai,Tamil Nadu,P001,LED TV,Electronics,52,4,14,82,93,28,30774.42,Critical,10
2026-08-01,B001,Chennai,Tamil Nadu,P002,Refrigerator,Appliances,19,0,5,33,33,10,29903.44,Critical,5
2026-08-01,B001,Chennai,Tamil Nadu,P003,Washing Machine,Appliances,46,4,1,36,36,11,22138.43,Medium,6
2026-08-01,B001,Chennai,Tamil Nadu,P004,Microwave,Appliances,20,0,4,27,28,9,8671.15,Critical,5
2026-08-01,B001,Chennai,Tamil Nadu,P005,Laptop,Electronics,25,0,7,47,47,10,46624.24,Critical,7
2026-08-01,B001,Chennai,Tamil Nadu,P006,Smartphone,Electronics,164,1,7,90,88,21,16807.62,Low,10
2026-08-01,B001,Chennai,Tamil Nadu,P007,Printer,Electronics,42,3,2,23,25,5,11721.22,Low,4
2026-08-01,B001,Chennai,Tamil Nadu,P008,Air Conditioner,Appliances,28,3,8,32,28,9,39809.73,Medium,9
2026-08-01,B001,Chennai,Tamil Nadu,P009,Router,Networking,63,8,22,84,79,25,3420.8,High,4
2026-08-01,B001,Chennai,Tamil Nadu,P010,Monitor,Electronics,34,1,1,35,37,12,15688.96,High,7
2026-08-01,B002,Coimbatore,Tamil Nadu,P001,LED TV,Electronics,65,7,11,59,54,14,32541.55,Low,3
2026-08-01,B002,Coimbatore,Tamil Nadu,P002,Refrigerator,Appliances,48,4,1,26,29,8,28857.23,Low,9
2026-08-01,B002,Coimbatore,Tamil Nadu,P003,Washing Machine,Appliances,17,3,2,30,31,6,24475.63,Critical,6
2026-08-01,B002,Coimbatore,Tamil Nadu,P004,Microwave,Appliances,19,0,2,17,15,4,9616.65,Low,4
2026-08-01,B002,Coimbatore,Tamil Nadu,P005,Laptop,Electronics,66,2,11,38,38,10,46672.73,Low,10
2026-08-01,B002,Coimbatore,Tamil Nadu,P006,Smartphone,Electronics,103,4,23,89,97,33,18885.76,Medium,3
2026-08-01,B002,Coimbatore,Tamil Nadu,P007,Printer,Electronics,30,0,1,19,18,6,11891.17,Low,8
2026-08-01,B002,Coimbatore,Tamil Nadu,P008,Air Conditioner,Appliances,26,2,4,21,22,4,42880.72,Low,10
2026-08-01,B002,Coimbatore,Tamil Nadu,P009,Router,Networking,34,2,6,60,54,11,3723.77,Critical,10
2026-08-01,B002,Coimbatore,Tamil Nadu,P010,Monitor,Electronics,54,3,10,31,30,6,16931.45,Low,9
2026-08-01,B003,Madurai,Tamil Nadu,P001,LED TV,Electronics,18,1,1,36,38,8,33461.48,Critical,10
2026-08-01,B003,Madurai,Tamil Nadu,P002,Refrigerator,Appliances,32,2,1,25,21,4,28476.63,Low,8
2026-08-01,B003,Madurai,Tamil Nadu,P003,Washing Machine,Appliances,16,3,3,28,30,7,22831.54,Critical,3
2026-08-01,B003,Madurai,Tamil Nadu,P004,Microwave,Appliances,31,2,5,22,20,6,9226.1,Low,4
2026-08-01,B003,Madurai,Tamil Nadu,P005,Laptop,Electronics,45,2,6,33,32,10,49886.31,Low,10
2026-08-01,B003,Madurai,Tamil Nadu,P006,Smartphone,Electronics,47,6,18,83,78,22,19098.77,Critical,8
2026-08-01,B003,Madurai,Tamil Nadu,P007,Printer,Electronics,14,1,5,20,21,5,11832.69,High,8
2026-08-01,B003,Madurai,Tamil Nadu,P008,Air Conditioner,Appliances,19,1,1,21,21,6,38745.64,High,7
2026-08-01,B003,Madurai,Tamil Nadu,P009,Router,Networking,108,7,10,52,71,21,3573.75,Low,9
2026-08-01,B003,Madurai,Tamil Nadu,P010,Monitor,Electronics,49,0,7,28,29,9,16347.9,Low,6
2026-08-01,B004,Salem,Tamil Nadu,P001,LED TV,Electronics,84,6,11,55,49,10,31787.08,Low,5
2026-08-01,B004,Salem,Tamil Nadu,P002,Refrigerator,Appliances,31,0,2,18,17,5,26038.96,Low,9
2026-08-01,B004,Salem,Tamil Nadu,P003,Washing Machine,Appliances,38,3,4,22,21,6,24409.43,Low,7
2026-08-01,B004,Salem,Tamil Nadu,P004,Microwave,Appliances,43,3,6,20,24,7,8555.82,Low,7
2026-08-01,B004,Salem,Tamil Nadu,P005,Laptop,Electronics,24,0,8,30,30,6,46630.53,Medium,6
2026-08-01,B004,Salem,Tamil Nadu,P006,Smartphone,Electronics,105,2,3,73,77,16,19131.47,Low,7
2026-08-01,B004,Salem,Tamil Nadu,P007,Printer,Electronics,10,1,3,17,15,3,11517.23,High,4
2026-08-01,B004,Salem,Tamil Nadu,P008,Air Conditioner,Appliances,23,1,2,21,19,4,41757.37,Low,7
2026-08-01,B004,Salem,Tamil Nadu,P009,Router,Networking,77,0,4,49,45,9,3323.43,Low,4
2026-08-01,B004,Salem,Tamil Nadu,P010,Monitor,Electronics,17,2,1,20,18,5,16080.65,High,7
2026-08-01,B005,Trichy,Tamil Nadu,P001,LED TV,Electronics,70,2,14,52,50,14,32172.16,Low,4
2026-08-01,B005,Trichy,Tamil Nadu,P002,Refrigerator,Appliances,42,2,4,22,24,6,29116.19,Low,9
2026-08-01,B005,Trichy,Tamil Nadu,P003,Washing Machine,Appliances,23,0,2,27,31,7,23406.5,High,6
2026-08-01,B005,Trichy,Tamil Nadu,P004,Microwave,Appliances,22,1,0,16,17,3,8283.55,Low,5
2026-08-01,B005,Trichy,Tamil Nadu,P005,Laptop,Electronics,44,1,1,40,42,12,48272.78,High,6
2026-08-01,B005,Trichy,Tamil Nadu,P006,Smartphone,Electronics,86,2,5,53,51,16,18787.87,Low,6
2026-08-01,B005,Trichy,Tamil Nadu,P007,Printer,Electronics,23,1,2,14,13,4,11505.93,Low,10
2026-08-01,B005,Trichy,Tamil Nadu,P008,Air Conditioner,Appliances,28,0,1,16,16,3,43333.79,Low,3
2026-08-01,B005,Trichy,Tamil Nadu,P009,Router,Networking,120,5,11,71,66,13,3690.06,Low,4
2026-08-01,B005,Trichy,Tamil Nadu,P010,Monitor,Electronics,58,2,3,33,34,10,16082.68,Low,7
2026-08-01,B006,Tiruppur,Tamil Nadu,P001,LED TV,Electronics,43,4,9,38,33,10,30841.17,Low,7
2026-08-01,B006,Tiruppur,Tamil Nadu,P002,Refrigerator,Appliances,21,0,2,20,19,5,29372.63,Medium,3
2026-08-01,B006,Tiruppur,Tamil Nadu,P003,Washing Machine,Appliances,18,1,6,23,22,7,25040.67,High,9
2026-08-01,B006,Tiruppur,Tamil Nadu,P004,Microwave,Appliances,18,1,1,12,13,3,8716.63,Low,8
2026-08-01,B006,Tiruppur,Tamil Nadu,P005,Laptop,Electronics,42,3,4,35,32,6,45814.35,Low,9
2026-08-01,B006,Tiruppur,Tamil Nadu,P006,Smartphone,Electronics,74,3,3,61,63,15,17587.49,Medium,8
2026-08-01,B006,Tiruppur,Tamil Nadu,P007,Printer,Electronics,33,1,3,17,18,3,11773.86,Low,8
2026-08-01,B006,Tiruppur,Tamil Nadu,P008,Air Conditioner,Appliances,12,0,1,13,13,3,41590.09,High,5
2026-08-01,B006,Tiruppur,Tamil Nadu,P009,Router,Networking,101,3,16,59,63,15,3238.89,Low,9
2026-08-01,B006,Tiruppur,Tamil Nadu,P010,Monitor,Electronics,37,0,5,21,21,7,14912.61,Low,4
2026-08-01,B007,Erode,Tamil Nadu,P001,LED TV,Electronics,42,1,4,36,35,11,30825.97,Medium,8
2026-08-01,B007,Erode,Tamil Nadu,P002,Refrigerator,Appliances,9,1,2,16,15,4,26614.79,Critical,10
2026-08-01,B007,Erode,Tamil Nadu,P003,Washing Machine,Appliances,9,1,4,16,14,4,24045.29,High,6
2026-08-01,B007,Erode,Tamil Nadu,P004,Microwave,Appliances,10,0,1,14,13,3,8932.57,High,7
2026-08-01,B007,Erode,Tamil Nadu,P005,Laptop,Electronics,57,2,3,34,35,8,46426.57,Low,6
2026-08-01,B007,Erode,Tamil Nadu,P006,Smartphone,Electronics,51,4,14,61,57,18,17707.64,High,8
2026-08-01,B007,Erode,Tamil Nadu,P007,Printer,Electronics,18,1,2,11,11,3,11710.28,Low,3
2026-08-01,B007,Erode,Tamil Nadu,P008,Air Conditioner,Appliances,14,1,1,17,15,3,43053.42,High,8
2026-08-01,B007,Erode,Tamil Nadu,P009,Router,Networking,42,6,18,46,56,16,3719.02,High,7
2026-08-01,B007,Erode,Tamil Nadu,P010,Monitor,Electronics,10,1,2,18,15,5,15778.89,Critical,3
2026-08-01,B008,Vellore,Tamil Nadu,P001,LED TV,Electronics,45,3,3,42,34,11,33709.61,Low,4
2026-08-01,B008,Vellore,Tamil Nadu,P002,Refrigerator,Appliances,18,2,6,21,25,6,26717.77,High,3
2026-08-01,B008,Vellore,Tamil Nadu,P003,Washing Machine,Appliances,48,2,6,26,26,8,24480.09,Low,4
2026-08-01,B008,Vellore,Tamil Nadu,P004,Microwave,Appliances,31,1,1,16,18,4,8947.0,Low,7
2026-08-01,B008,Vellore,Tamil Nadu,P005,Laptop,Electronics,33,0,3,30,29,9,45049.87,Medium,6
2026-08-01,B008,Vellore,Tamil Nadu,P006,Smartphone,Electronics,86,8,6,69,67,20,18837.67,Medium,10
2026-08-01,B008,Vellore,Tamil Nadu,P007,Printer,Electronics,15,0,4,16,17,5,12547.19,Medium,7
2026-08-01,B008,Vellore,Tamil Nadu,P008,Air Conditioner,Appliances,29,1,6,20,21,4,43313.14,Low,3
2026-08-01,B008,Vellore,Tamil Nadu,P009,Router,Networking,49,4,10,46,46,12,3323.72,Medium,8
2026-08-01,B008,Vellore,Tamil Nadu,P010,Monitor,Electronics,32,2,5,17,19,4,15134.23,Low,10
2026-08-02,B001,Chennai,Tamil Nadu,P001,LED TV,Electronics,103,1,17,63,66,16,33633.02,Low,5
2026-08-02,B001,Chennai,Tamil Nadu,P002,Refrigerator,Appliances,26,0,3,29,30,8,27349.88,High,6
2026-08-02,B001,Chennai,Tamil Nadu,P003,Washing Machine,Appliances,13,1,0,28,25,7,24958.06,Critical,5
2026-08-02,B001,Chennai,Tamil Nadu,P004,Microwave,Appliances,9,1,5,23,20,5,8332.47,Critical,10
2026-08-02,B001,Chennai,Tamil Nadu,P005,Laptop,Electronics,59,2,12,38,47,9,47261.83,Low,6
2026-08-02,B001,Chennai,Tamil Nadu,P006,Smartphone,Electronics,108,3,26,74,83,18,17831.24,Low,6
2026-08-02,B001,Chennai,Tamil Nadu,P007,Printer,Electronics,23,0,0,18,16,3,12184.7,Low,9
2026-08-02,B001,Chennai,Tamil Nadu,P008,Air Conditioner,Appliances,25,1,7,23,23,6,39575.95,Low,5
2026-08-02,B001,Chennai,Tamil Nadu,P009,Router,Networking,97,2,7,58,56,14,3701.81,Low,7
2026-08-02,B001,Chennai,Tamil Nadu,P010,Monitor,Electronics,24,4,5,34,36,11,16472.67,Critical,3
2026-08-02,B002,Coimbatore,Tamil Nadu,P001,LED TV,Electronics,94,2,18,55,56,19,32969.43,Low,5
2026-08-02,B002,Coimbatore,Tamil Nadu,P002,Refrigerator,Appliances,19,0,5,20,19,4,27359.52,Low,8
2026-08-02,B002,Coimbatore,Tamil Nadu,P003,Washing Machine,Appliances,16,1,9,25,27,7,23759.47,High,9
2026-08-02,B002,Coimbatore,Tamil Nadu,P004,Microwave,Appliances,27,0,1,16,15,4,9596.89,Low,6
2026-08-02,B002,Coimbatore,Tamil Nadu,P005,Laptop,Electronics,25,2,13,38,40,11,46856.74,High,7
2026-08-02,B002,Coimbatore,Tamil Nadu,P006,Smartphone,Electronics,34,0,7,65,61,19,18662.19,Critical,8
2026-08-02,B002,Coimbatore,Tamil Nadu,P007,Printer,Electronics,17,2,6,21,23,5,11306.11,High,9
2026-08-02,B002,Coimbatore,Tamil Nadu,P008,Air Conditioner,Appliances,16,0,1,22,23,7,39881.78,Critical,8
2026-08-02,B002,Coimbatore,Tamil Nadu,P009,Router,Networking,39,4,14,73,70,17,3380.8,Critical,9
2026-08-02,B002,Coimbatore,Tamil Nadu,P010,Monitor,Electronics,27,0,2,27,27,6,16186.75,Medium,3
2026-08-02,B003,Madurai,Tamil Nadu,P001,LED TV,Electronics,73,4,6,67,61,14,33690.63,Low,6
2026-08-02,B003,Madurai,Tamil Nadu,P002,Refrigerator,Appliances,39,1,6,23,21,6,26004.52,Low,7
2026-08-02,B003,Madurai,Tamil Nadu,P003,Washing Machine,Appliances,27,3,6,25,26,6,25848.62,Medium,10
2026-08-02,B003,Madurai,Tamil Nadu,P004,Microwave,Appliances,13,1,5,16,15,4,8728.95,Medium,8
2026-08-02,B003,Madurai,Tamil Nadu,P005,Laptop,Electronics,31,3,3,30,28,8,51514.65,Medium,9
2026-08-02,B003,Madurai,Tamil Nadu,P006,Smartphone,Electronics,43,7,11,75,61,17,17338.16,Critical,5
2026-08-02,B003,Madurai,Tamil Nadu,P007,Printer,Electronics,9,0,0,10,9,3,11449.2,High,8
2026-08-02,B003,Madurai,Tamil Nadu,P008,Air Conditioner,Appliances,37,2,4,20,22,6,43242.01,Low,9
2026-08-02,B003,Madurai,Tamil Nadu,P009,Router,Networking,45,1,9,44,36,12,3503.27,Low,6
2026-08-02,B003,Madurai,Tamil Nadu,P010,Monitor,Electronics,17,0,6,22,20,4,15621.42,Medium,4
2026-08-02,B004,Salem,Tamil Nadu,P001,LED TV,Electronics,72,4,8,36,40,9,30140.33,Low,9
2026-08-02,B004,Salem,Tamil Nadu,P002,Refrigerator,Appliances,30,0,2,16,16,4,25798.18,Low,9
2026-08-02,B004,Salem,Tamil Nadu,P003,Washing Machine,Appliances,11,0,5,21,21,7,24725.35,Critical,7
2026-08-02,B004,Salem,Tamil Nadu,P004,Microwave,Appliances,8,1,1,15,14,4,8525.67,Critical,10
2026-08-02,B004,Salem,Tamil Nadu,P005,Laptop,Electronics,55,1,7,33,31,9,48788.09,Low,4
2026-08-02,B004,Salem,Tamil Nadu,P006,Smartphone,Electronics,71,0,7,45,44,13,17956.36,Low,4
2026-08-02,B004,Salem,Tamil Nadu,P007,Printer,Electronics,21,0,2,17,17,4,11306.48,Low,7
2026-08-02,B004,Salem,Tamil Nadu,P008,Air Conditioner,Appliances,21,0,0,15,15,4,39413.89,Low,8
2026-08-02,B004,Salem,Tamil Nadu,P009,Router,Networking,122,2,13,64,66,16,3776.31,Low,3
2026-08-02,B004,Salem,Tamil Nadu,P010,Monitor,Electronics,22,2,7,25,24,6,15544.77,Medium,7
2026-08-02,B005,Trichy,Tamil Nadu,P001,LED TV,Electronics,93,2,18,48,54,11,34325.46,Low,6
2026-08-02,B005,Trichy,Tamil Nadu,P002,Refrigerator,Appliances,26,1,4,20,19,6,26785.08,Low,4
2026-08-02,B005,Trichy,Tamil Nadu,P003,Washing Machine,Appliances,31,1,1,22,18,4,23795.87,Low,6
2026-08-02,B005,Trichy,Tamil Nadu,P004,Microwave,Appliances,23,2,1,19,21,4,9415.24,Medium,3
2026-08-02,B005,Trichy,Tamil Nadu,P005,Laptop,Electronics,49,0,4,33,38,7,51320.01,Low,7
2026-08-02,B005,Trichy,Tamil Nadu,P006,Smartphone,Electronics,50,4,19,69,64,16,16757.59,High,9
2026-08-02,B005,Trichy,Tamil Nadu,P007,Printer,Electronics,24,1,0,15,15,3,12802.65,Low,3
2026-08-02,B005,Trichy,Tamil Nadu,P008,Air Conditioner,Appliances,26,2,3,16,16,4,45000.54,Low,7
2026-08-02,B005,Trichy,Tamil Nadu,P009,Router,Networking,117,7,14,62,65,21,3462.83,Low,5
2026-08-02,B005,Trichy,Tamil Nadu,P010,Monitor,Electronics,13,0,5,25,22,6,16088.85,Critical,3
2026-08-02,B006,Tiruppur,Tamil Nadu,P001,LED TV,Electronics,88,5,4,43,49,11,31090.29,Low,5
2026-08-02,B006,Tiruppur,Tamil Nadu,P002,Refrigerator,Appliances,9,1,3,13,11,3,29854.71,High,8
2026-08-02,B006,Tiruppur,Tamil Nadu,P003,Washing Machine,Appliances,15,1,1,24,26,5,22369.23,Critical,7
2026-08-02,B006,Tiruppur,Tamil Nadu,P004,Microwave,Appliances,21,1,1,14,14,4,9133.72,Low,8
2026-08-02,B006,Tiruppur,Tamil Nadu,P005,Laptop,Electronics,41,3,6,23,22,5,48991.16,Low,10
2026-08-02,B006,Tiruppur,Tamil Nadu,P006,Smartphone,Electronics,56,0,5,60,55,12,16814.3,Medium,6
2026-08-02,B006,Tiruppur,Tamil Nadu,P007,Printer,Electronics,12,1,2,13,13,4,12243.46,High,6
2026-08-02,B006,Tiruppur,Tamil Nadu,P008,Air Conditioner,Appliances,19,1,3,12,13,3,41448.44,Low,3
2026-08-02,B006,Tiruppur,Tamil Nadu,P009,Router,Networking,70,0,11,39,40,12,3526.56,Low,4
2026-08-02,B006,Tiruppur,Tamil Nadu,P010,Monitor,Electronics,27,1,2,26,23,6,15035.89,Medium,4
2026-08-02,B007,Erode,Tamil Nadu,P001,LED TV,Electronics,38,4,6,33,36,9,33479.47,Medium,4
2026-08-02,B007,Erode,Tamil Nadu,P002,Refrigerator,Appliances,13,1,3,19,16,5,26475.5,High,6
2026-08-02,B007,Erode,Tamil Nadu,P003,Washing Machine,Appliances,11,2,2,21,18,5,24818.57,Critical,3
2026-08-02,B007,Erode,Tamil Nadu,P004,Microwave,Appliances,12,1,5,16,15,3,9427.88,Medium,6
2026-08-02,B007,Erode,Tamil Nadu,P005,Laptop,Electronics,14,2,1,20,19,5,49589.52,Critical,4
2026-08-02,B007,Erode,Tamil Nadu,P006,Smartphone,Electronics,54,4,0,35,32,7,16720.49,Low,3
2026-08-02,B007,Erode,Tamil Nadu,P007,Printer,Electronics,14,0,3,13,11,3,12100.2,Low,5
2026-08-02,B007,Erode,Tamil Nadu,P008,Air Conditioner,Appliances,20,1,0,12,11,3,43372.99,Low,8
2026-08-02,B007,Erode,Tamil Nadu,P009,Router,Networking,41,0,2,28,31,7,3243.59,Low,10
2026-08-02,B007,Erode,Tamil Nadu,P010,Monitor,Electronics,17,4,2,27,29,8,16327.33,Critical,4
2026-08-02,B008,Vellore,Tamil Nadu,P001,LED TV,Electronics,37,0,13,37,40,13,33894.52,Medium,10
2026-08-02,B008,Vellore,Tamil Nadu,P002,Refrigerator,Appliances,9,0,0,15,15,4,29232.48,Critical,9
2026-08-02,B008,Vellore,Tamil Nadu,P003,Washing Machine,Appliances,14,1,5,28,27,8,22333.61,Critical,7
2026-08-02,B008,Vellore,Tamil Nadu,P004,Microwave,Appliances,13,1,4,20,17,4,8587.52,High,4
2026-08-02,B008,Vellore,Tamil Nadu,P005,Laptop,Electronics,20,2,3,26,24,7,45959.67,High,9
2026-08-02,B008,Vellore,Tamil Nadu,P006,Smartphone,Electronics,43,3,4,51,51,13,17064.77,High,5
2026-08-02,B008,Vellore,Tamil Nadu,P007,Printer,Electronics,12,2,3,19,18,5,11355.53,Critical,8
2026-08-02,B008,Vellore,Tamil Nadu,P008,Air Conditioner,Appliances,20,0,2,16,14,3,40874.21,Low,9
2026-08-02,B008,Vellore,Tamil Nadu,P009,Router,Networking,37,3,9,47,49,14,3612.07,High,10
2026-08-02,B008,Vellore,Tamil Nadu,P010,Monitor,Electronics,15,1,4,23,20,5,15701.59,High,4
2026-08-03,B001,Chennai,Tamil Nadu,P001,LED TV,Electronics,67,7,10,52,52,17,30074.41,Low,6
2026-08-03,B001,Chennai,Tamil Nadu,P002,Refrigerator,Appliances,49,2,8,29,29,7,28904.75,Low,6
2026-08-03,B001,Chennai,Tamil Nadu,P003,Washing Machine,Appliances,28,0,2,26,24,5,25665.14,Low,9
2026-08-03,B001,Chennai,Tamil Nadu,P004,Microwave,Appliances,18,0,5,24,27,9,8361.67,Critical,5
2026-08-03,B001,Chennai,Tamil Nadu,P005,Laptop,Electronics,53,1,1,42,41,13,49532.9,Medium,9
2026-08-03,B001,Chennai,Tamil Nadu,P006,Smartphone,Electronics,111,3,12,88,92,19,19248.31,Low,8
2026-08-03,B001,Chennai,Tamil Nadu,P007,Printer,Electronics,37,2,2,22,21,7,12481.51,Low,4
2026-08-03,B001,Chennai,Tamil Nadu,P008,Air Conditioner,Appliances,20,2,3,26,29,6,40425.76,Critical,10
2026-08-03,B001,Chennai,Tamil Nadu,P009,Router,Networking,58,8,0,74,79,24,3390.86,Critical,9
2026-08-03,B001,Chennai,Tamil Nadu,P010,Monitor,Electronics,45,5,13,39,41,12,15560.56,Low,8
2026-08-03,B002,Coimbatore,Tamil Nadu,P001,LED TV,Electronics,74,0,2,48,47,10,32194.35,Low,10
2026-08-03,B002,Coimbatore,Tamil Nadu,P002,Refrigerator,Appliances,14,3,3,23,22,7,28577.4,Critical,5
2026-08-03,B002,Coimbatore,Tamil Nadu,P003,Washing Machine,Appliances,41,4,5,30,28,5,23994.2,Low,8
2026-08-03,B002,Coimbatore,Tamil Nadu,P004,Microwave,Appliances,8,1,5,16,16,4,8283.24,Critical,5
2026-08-03,B002,Coimbatore,Tamil Nadu,P005,Laptop,Electronics,38,3,3,31,29,8,51164.68,Low,3
2026-08-03,B002,Coimbatore,Tamil Nadu,P006,Smartphone,Electronics,67,3,4,76,75,15,17528.33,High,7
2026-08-03,B002,Coimbatore,Tamil Nadu,P007,Printer,Electronics,16,1,2,15,16,3,12007.19,Medium,8
2026-08-03,B002,Coimbatore,Tamil Nadu,P008,Air Conditioner,Appliances,12,0,5,20,19,3,38935.74,High,7
2026-08-03,B002,Coimbatore,Tamil Nadu,P009,Router,Networking,120,5,13,57,64,21,3642.48,Low,10
2026-08-03,B002,Coimbatore,Tamil Nadu,P010,Monitor,Electronics,51,1,9,27,28,7,16212.89,Low,10
2026-08-03,B003,Madurai,Tamil Nadu,P001,LED TV,Electronics,100,4,18,49,57,19,31510.04,Low,6
2026-08-03,B003,Madurai,Tamil Nadu,P002,Refrigerator,Appliances,7,1,0,18,17,5,27026.78,Critical,9
2026-08-03,B003,Madurai,Tamil Nadu,P003,Washing Machine,Appliances,21,1,1,17,17,5,24537.0,Medium,10
2026-08-03,B003,Madurai,Tamil Nadu,P004,Microwave,Appliances,15,2,4,19,19,4,9093.64,High,9
2026-08-03,B003,Madurai,Tamil Nadu,P005,Laptop,Electronics,53,2,3,28,31,6,46801.79,Low,9
2026-08-03,B003,Madurai,Tamil Nadu,P006,Smartphone,Electronics,127,1,2,68,67,20,16961.46,Low,3
2026-08-03,B003,Madurai,Tamil Nadu,P007,Printer,Electronics,10,1,3,15,14,4,12812.72,High,9
2026-08-03,B003,Madurai,Tamil Nadu,P008,Air Conditioner,Appliances,28,1,1,18,17,4,42500.15,Low,5
2026-08-03,B003,Madurai,Tamil Nadu,P009,Router,Networking,19,4,11,38,39,12,3686.4,Critical,6
2026-08-03,B003,Madurai,Tamil Nadu,P010,Monitor,Electronics,30,3,9,28,28,6,15351.02,Low,5
2026-08-03,B004,Salem,Tamil Nadu,P001,LED TV,Electronics,49,3,9,28,29,10,31215.84,Low,5
2026-08-03,B004,Salem,Tamil Nadu,P002,Refrigerator,Appliances,26,1,2,19,17,5,26385.57,Low,3
2026-08-03,B004,Salem,Tamil Nadu,P003,Washing Machine,Appliances,13,1,3,20,18,5,22695.19,High,8
2026-08-03,B004,Salem,Tamil Nadu,P004,Microwave,Appliances,27,1,5,15,16,5,9123.05,Low,5
2026-08-03,B004,Salem,Tamil Nadu,P005,Laptop,Electronics,30,0,6,25,27,6,48140.99,Low,7
2026-08-03,B004,Salem,Tamil Nadu,P006,Smartphone,Electronics,46,3,3,56,46,10,17299.26,High,9
2026-08-03,B004,Salem,Tamil Nadu,P007,Printer,Electronics,19,1,3,14,13,3,12511.18,Low,3
2026-08-03,B004,Salem,Tamil Nadu,P008,Air Conditioner,Appliances,23,0,3,14,14,3,40955.6,Low,6
2026-08-03,B004,Salem,Tamil Nadu,P009,Router,Networking,55,3,4,46,44,15,3363.75,Medium,4
2026-08-03,B004,Salem,Tamil Nadu,P010,Monitor,Electronics,12,1,4,19,19,6,17118.89,Critical,10
2026-08-03,B005,Trichy,Tamil Nadu,P001,LED TV,Electronics,24,4,11,40,41,12,33156.43,Critical,6
2026-08-03,B005,Trichy,Tamil Nadu,P002,Refrigerator,Appliances,29,0,2,16,17,4,26955.36,Low,10
2026-08-03,B005,Trichy,Tamil Nadu,P003,Washing Machine,Appliances,34,0,6,21,21,4,24735.28,Low,5
2026-08-03,B005,Trichy,Tamil Nadu,P004,Microwave,Appliances,16,0,0,19,18,4,9551.78,High,9
2026-08-03,B005,Trichy,Tamil Nadu,P005,Laptop,Electronics,44,0,8,27,26,5,45684.7,Low,10
2026-08-03,B005,Trichy,Tamil Nadu,P006,Smartphone,Electronics,43,5,12,59,58,16,18859.25,High,6
2026-08-03,B005,Trichy,Tamil Nadu,P007,Printer,Electronics,7,1,2,14,13,4,11114.99,Critical,6
2026-08-03,B005,Trichy,Tamil Nadu,P008,Air Conditioner,Appliances,22,2,5,17,17,3,44017.68,Low,3
2026-08-03,B005,Trichy,Tamil Nadu,P009,Router,Networking,81,4,7,54,57,16,3538.56,Low,4
2026-08-03,B005,Trichy,Tamil Nadu,P010,Monitor,Electronics,41,0,2,28,28,5,17142.58,Low,10
2026-08-03,B006,Tiruppur,Tamil Nadu,P001,LED TV,Electronics,64,7,3,50,57,13,29538.36,Medium,8
2026-08-03,B006,Tiruppur,Tamil Nadu,P002,Refrigerator,Appliances,20,2,5,19,19,4,29207.84,Low,10
2026-08-03,B006,Tiruppur,Tamil Nadu,P003,Washing Machine,Appliances,25,0,0,19,20,4,24501.19,Low,7
2026-08-03,B006,Tiruppur,Tamil Nadu,P004,Microwave,Appliances,16,0,3,12,12,3,9112.26,Low,6
2026-08-03,B006,Tiruppur,Tamil Nadu,P005,Laptop,Electronics,15,3,5,28,30,6,50416.18,Critical,6
2026-08-03,B006,Tiruppur,Tamil Nadu,P006,Smartphone,Electronics,21,4,4,55,46,15,17160.18,Critical,5
2026-08-03,B006,Tiruppur,Tamil Nadu,P007,Printer,Electronics,13,0,0,12,12,3,12665.79,Medium,6
2026-08-03,B006,Tiruppur,Tamil Nadu,P008,Air Conditioner,Appliances,17,0,2,13,12,3,44085.19,Low,10
2026-08-03,B006,Tiruppur,Tamil Nadu,P009,Router,Networking,45,0,0,50,54,11,3308.65,High,6
2026-08-03,B006,Tiruppur,Tamil Nadu,P010,Monitor,Electronics,35,0,6,21,20,6,15537.59,Low,7
2026-08-03,B007,Erode,Tamil Nadu,P001,LED TV,Electronics,52,3,2,37,37,7,33323.25,Low,9
2026-08-03,B007,Erode,Tamil Nadu,P002,Refrigerator,Appliances,19,0,3,12,12,3,27367.61,Low,3
2026-08-03,B007,Erode,Tamil Nadu,P003,Washing Machine,Appliances,17,1,3,14,15,3,24208.18,Low,6
2026-08-03,B007,Erode,Tamil Nadu,P004,Microwave,Appliances,8,0,2,11,10,3,8681.47,High,8
2026-08-03,B007,Erode,Tamil Nadu,P005,Laptop,Electronics,36,1,2,22,20,4,51300.08,Low,8
2026-08-03,B007,Erode,Tamil Nadu,P006,Smartphone,Electronics,39,5,6,44,48,12,18734.93,High,8
2026-08-03,B007,Erode,Tamil Nadu,P007,Printer,Electronics,24,0,2,15,14,4,12700.8,Low,6
2026-08-03,B007,Erode,Tamil Nadu,P008,Air Conditioner,Appliances,14,1,4,13,13,3,39859.05,Low,7
2026-08-03,B007,Erode,Tamil Nadu,P009,Router,Networking,36,1,10,49,39,10,3443.99,Medium,7
2026-08-03,B007,Erode,Tamil Nadu,P010,Monitor,Electronics,27,3,6,26,25,5,15528.5,Low,3
2026-08-03,B008,Vellore,Tamil Nadu,P001,LED TV,Electronics,40,4,3,42,44,11,29977.26,High,10
2026-08-03,B008,Vellore,Tamil Nadu,P002,Refrigerator,Appliances,27,0,0,17,16,5,28610.66,Low,4
2026-08-03,B008,Vellore,Tamil Nadu,P003,Washing Machine,Appliances,22,2,1,19,18,3,23492.78,Low,3
2026-08-03,B008,Vellore,Tamil Nadu,P004,Microwave,Appliances,21,1,0,13,12,3,9277.96,Low,6
2026-08-03,B008,Vellore,Tamil Nadu,P005,Laptop,Electronics,27,4,6,25,28,7,47607.79,High,7
2026-08-03,B008,Vellore,Tamil Nadu,P006,Smartphone,Electronics,89,2,10,55,55,17,18082.06,Low,4
2026-08-03,B008,Vellore,Tamil Nadu,P007,Printer,Electronics,20,1,2,15,17,4,12324.87,Low,5
2026-08-03,B008,Vellore,Tamil Nadu,P008,Air Conditioner,Appliances,10,0,3,14,15,4,42589.47,High,7
2026-08-03,B008,Vellore,Tamil Nadu,P009,Router,Networking,58,6,2,59,52,13,3278.05,High,4
2026-08-03,B008,Vellore,Tamil Nadu,P010,Monitor,Electronics,23,2,5,22,24,7,15756.78,High,6
2026-08-04,B001,Chennai,Tamil Nadu,P001,LED TV,Electronics,110,0,16,65,61,21,31250.46,Low,4
2026-08-04,B001,Chennai,Tamil Nadu,P002,Refrigerator,Appliances,41,0,3,26,22,5,28811.46,Low,8
2026-08-04,B001,Chennai,Tamil Nadu,P003,Washing Machine,Appliances,36,3,5,26,23,8,23640.08,Low,6
2026-08-04,B001,Chennai,Tamil Nadu,P004,Microwave,Appliances,35,2,6,21,22,5,9405.99,Low,9
2026-08-04,B001,Chennai,Tamil Nadu,P005,Laptop,Electronics,58,0,0,51,48,10,48867.26,Low,10
2026-08-04,B001,Chennai,Tamil Nadu,P006,Smartphone,Electronics,64,0,7,98,90,21,18300.6,High,3
2026-08-04,B001,Chennai,Tamil Nadu,P007,Printer,Electronics,26,0,3,21,22,7,11390.07,Low,4
2026-08-04,B001,Chennai,Tamil Nadu,P008,Air Conditioner,Appliances,27,3,6,27,29,9,45077.2,High,8
2026-08-04,B001,Chennai,Tamil Nadu,P009,Router,Networking,133,2,14,88,98,33,3586.67,Low,5
2026-08-04,B001,Chennai,Tamil Nadu,P010,Monitor,Electronics,14,2,6,31,30,8,15635.7,Critical,9
2026-08-04,B002,Coimbatore,Tamil Nadu,P001,LED TV,Electronics,29,0,9,49,50,10,30543.07,High,4
2026-08-04,B002,Coimbatore,Tamil Nadu,P002,Refrigerator,Appliances,13,0,1,21,18,6,28232.22,Critical,3
2026-08-04,B002,Coimbatore,Tamil Nadu,P003,Washing Machine,Appliances,10,2,3,19,20,6,24888.16,Critical,3
2026-08-04,B002,Coimbatore,Tamil Nadu,P004,Microwave,Appliances,36,2,0,18,20,6,9640.54,Low,3
2026-08-04,B002,Coimbatore,Tamil Nadu,P005,Laptop,Electronics,37,1,8,33,33,11,50963.73,Low,5
2026-08-04,B002,Coimbatore,Tamil Nadu,P006,Smartphone,Electronics,67,2,12,67,72,24,18332.57,High,7
2026-08-04,B002,Coimbatore,Tamil Nadu,P007,Printer,Electronics,7,2,3,15,16,4,12231.05,Critical,3
2026-08-04,B002,Coimbatore,Tamil Nadu,P008,Air Conditioner,Appliances,25,1,1,18,18,4,43263.96,Low,8
2026-08-04,B002,Coimbatore,Tamil Nadu,P009,Router,Networking,39,4,5,64,70,24,3573.04,Critical,9
2026-08-04,B002,Coimbatore,Tamil Nadu,P010,Monitor,Electronics,20,4,1,37,41,9,15045.04,Critical,4
2026-08-04,B003,Madurai,Tamil Nadu,P001,LED TV,Electronics,44,7,2,53,55,12,30418.46,Critical,9
2026-08-04,B003,Madurai,Tamil Nadu,P002,Refrigerator,Appliances,33,3,4,29,28,6,27113.29,Low,9
2026-08-04,B003,Madurai,Tamil Nadu,P003,Washing Machine,Appliances,30,1,2,26,29,7,23839.25,Medium,4
2026-08-04,B003,Madurai,Tamil Nadu,P004,Microwave,Appliances,16,2,0,13,15,4,9407.38,High,5
2026-08-04,B003,Madurai,Tamil Nadu,P005,Laptop,Electronics,60,2,9,29,34,10,51692.1,Low,3
2026-08-04,B003,Madurai,Tamil Nadu,P006,Smartphone,Electronics,84,0,16,60,58,17,17978.16,Low,5
2026-08-04,B003,Madurai,Tamil Nadu,P007,Printer,Electronics,19,2,1,18,17,4,11225.88,Medium,3
2026-08-04,B003,Madurai,Tamil Nadu,P008,Air Conditioner,Appliances,18,0,3,11,11,3,41825.49,Low,3
2026-08-04,B003,Madurai,Tamil Nadu,P009,Router,Networking,36,3,10,51,53,14,3626.11,Critical,8
2026-08-04,B003,Madurai,Tamil Nadu,P010,Monitor,Electronics,27,2,4,29,28,8,15303.41,High,6
2026-08-04,B004,Salem,Tamil Nadu,P001,LED TV,Electronics,45,1,3,40,35,11,34152.69,Low,3
2026-08-04,B004,Salem,Tamil Nadu,P002,Refrigerator,Appliances,6,1,1,11,10,3,28995.38,Critical,6
2026-08-04,B004,Salem,Tamil Nadu,P003,Washing Machine,Appliances,9,2,2,22,21,4,23671.67,Critical,8
2026-08-04,B004,Salem,Tamil Nadu,P004,Microwave,Appliances,8,1,0,16,17,5,8784.7,Critical,7
2026-08-04,B004,Salem,Tamil Nadu,P005,Laptop,Electronics,31,2,3,23,27,9,50221.54,Medium,3
2026-08-04,B004,Salem,Tamil Nadu,P006,Smartphone,Electronics,94,6,16,54,55,14,18864.74,Low,6
2026-08-04,B004,Salem,Tamil Nadu,P007,Printer,Electronics,13,0,2,15,14,3,12294.02,Medium,7
2026-08-04,B004,Salem,Tamil Nadu,P008,Air Conditioner,Appliances,14,1,6,18,20,6,44787.03,High,4
2026-08-04,B004,Salem,Tamil Nadu,P009,Router,Networking,76,0,15,46,46,14,3655.73,Low,3
2026-08-04,B004,Salem,Tamil Nadu,P010,Monitor,Electronics,20,1,1,19,19,4,15057.72,Medium,8
2026-08-04,B005,Trichy,Tamil Nadu,P001,LED TV,Electronics,24,0,1,30,27,6,32718.88,High,10
2026-08-04,B005,Trichy,Tamil Nadu,P002,Refrigerator,Appliances,15,1,4,22,24,6,28913.66,Critical,4
2026-08-04,B005,Trichy,Tamil Nadu,P003,Washing Machine,Appliances,36,2,9,26,27,7,22713.74,Low,7
2026-08-04,B005,Trichy,Tamil Nadu,P004,Microwave,Appliances,10,0,4,13,12,3,9178.94,Medium,3
2026-08-04,B005,Trichy,Tamil Nadu,P005,Laptop,Electronics,72,1,5,45,40,9,45349.86,Low,7
2026-08-04,B005,Trichy,Tamil Nadu,P006,Smartphone,Electronics,53,5,18,72,73,14,17956.88,High,10
2026-08-04,B005,Trichy,Tamil Nadu,P007,Printer,Electronics,13,0,1,9,8,3,11871.66,Low,4
2026-08-04,B005,Trichy,Tamil Nadu,P008,Air Conditioner,Appliances,10,1,2,16,18,4,40185.31,Critical,3
2026-08-04,B005,Trichy,Tamil Nadu,P009,Router,Networking,36,0,1,45,42,12,3290.54,High,8
2026-08-04,B005,Trichy,Tamil Nadu,P010,Monitor,Electronics,18,1,1,20,16,5,16715.03,Medium,6
2026-08-04,B006,Tiruppur,Tamil Nadu,P001,LED TV,Electronics,24,5,11,44,46,15,34289.2,Critical,7
2026-08-04,B006,Tiruppur,Tamil Nadu,P002,Refrigerator,Appliances,14,1,0,14,13,3,29783.13,High,6
2026-08-04,B006,Tiruppur,Tamil Nadu,P003,Washing Machine,Appliances,14,0,4,15,15,3,22648.66,Low,9
2026-08-04,B006,Tiruppur,Tamil Nadu,P004,Microwave,Appliances,10,1,2,13,12,3,9384.73,High,4
2026-08-04,B006,Tiruppur,Tamil Nadu,P005,Laptop,Electronics,42,4,9,31,33,7,44379.89,Low,5
2026-08-04,B006,Tiruppur,Tamil Nadu,P006,Smartphone,Electronics,41,0,5,34,32,11,16703.89,Low,9
2026-08-04,B006,Tiruppur,Tamil Nadu,P007,Printer,Electronics,15,0,0,13,12,3,12385.54,Low,9
2026-08-04,B006,Tiruppur,Tamil Nadu,P008,Air Conditioner,Appliances,22,0,5,17,16,5,44577.26,Low,4
2026-08-04,B006,Tiruppur,Tamil Nadu,P009,Router,Networking,41,1,5,28,29,10,3452.87,Low,5
2026-08-04,B006,Tiruppur,Tamil Nadu,P010,Monitor,Electronics,42,1,6,27,26,7,16941.42,Low,8
2026-08-04,B007,Erode,Tamil Nadu,P001,LED TV,Electronics,19,3,7,29,29,6,30483.55,High,7
2026-08-04,B007,Erode,Tamil Nadu,P002,Refrigerator,Appliances,14,0,3,15,15,3,26829.04,Medium,5
2026-08-04,B007,Erode,Tamil Nadu,P003,Washing Machine,Appliances,10,1,5,14,16,4,22983.43,High,4
2026-08-04,B007,Erode,Tamil Nadu,P004,Microwave,Appliances,14,0,1,17,16,3,9312.42,High,6
2026-08-04,B007,Erode,Tamil Nadu,P005,Laptop,Electronics,44,0,11,33,38,11,50511.2,Low,9
2026-08-04,B007,Erode,Tamil Nadu,P006,Smartphone,Electronics,47,3,8,57,57,15,18489.59,High,10
2026-08-04,B007,Erode,Tamil Nadu,P007,Printer,Electronics,13,1,1,11,12,3,11084.06,Medium,3
2026-08-04,B007,Erode,Tamil Nadu,P008,Air Conditioner,Appliances,8,1,1,15,14,4,42797.14,Critical,9
2026-08-04,B007,Erode,Tamil Nadu,P009,Router,Networking,28,2,8,31,31,10,3735.55,High,8
2026-08-04,B007,Erode,Tamil Nadu,P010,Monitor,Electronics,25,1,2,24,22,4,17101.94,Low,4
2026-08-04,B008,Vellore,Tamil Nadu,P001,LED TV,Electronics,76,5,0,42,45,14,30704.98,Low,7
2026-08-04,B008,Vellore,Tamil Nadu,P002,Refrigerator,Appliances,23,2,0,17,18,4,29333.34,Medium,7
2026-08-04,B008,Vellore,Tamil Nadu,P003,Washing Machine,Appliances,15,2,0,15,15,4,25828.88,High,8
2026-08-04,B008,Vellore,Tamil Nadu,P004,Microwave,Appliances,21,0,0,13,12,3,8602.29,Low,7
2026-08-04,B008,Vellore,Tamil Nadu,P005,Laptop,Electronics,38,0,7,24,24,6,48601.4,Low,4
2026-08-04,B008,Vellore,Tamil Nadu,P006,Smartphone,Electronics,61,1,10,74,71,23,17177.82,High,6
2026-08-04,B008,Vellore,Tamil Nadu,P007,Printer,Electronics,6,1,2,12,12,3,11999.36,Critical,5
2026-08-04,B008,Vellore,Tamil Nadu,P008,Air Conditioner,Appliances,8,0,2,10,9,3,42589.4,High,3
2026-08-04,B008,Vellore,Tamil Nadu,P009,Router,Networking,39,5,16,47,51,13,3351.77,High,9
2026-08-04,B008,Vellore,Tamil Nadu,P010,Monitor,Electronics,39,0,7,28,25,5,16925.58,Low,9
2026-08-05,B001,Chennai,Tamil Nadu,P001,LED TV,Electronics,135,7,25,67,75,18,32410.2,Low,10
2026-08-05,B001,Chennai,Tamil Nadu,P002,Refrigerator,Appliances,19,3,6,30,27,5,27128.87,High,4
2026-08-05,B001,Chennai,Tamil Nadu,P003,Washing Machine,Appliances,64,3,10,33,38,11,23279.18,Low,6
2026-08-05,B001,Chennai,Tamil Nadu,P004,Microwave,Appliances,14,1,1,25,26,7,9309.38,Critical,10
2026-08-05,B001,Chennai,Tamil Nadu,P005,Laptop,Electronics,80,6,17,48,54,18,49344.4,Low,8
2026-08-05,B001,Chennai,Tamil Nadu,P006,Smartphone,Electronics,130,2,18,70,75,22,17693.84,Low,8
2026-08-05,B001,Chennai,Tamil Nadu,P007,Printer,Electronics,12,2,2,19,16,3,12231.46,High,3
2026-08-05,B001,Chennai,Tamil Nadu,P008,Air Conditioner,Appliances,22,0,5,22,25,5,41038.07,Medium,10
2026-08-05,B001,Chennai,Tamil Nadu,P009,Router,Networking,116,5,2,77,74,17,3373.03,Low,9
2026-08-05,B001,Chennai,Tamil Nadu,P010,Monitor,Electronics,44,3,10,36,35,7,15789.41,Low,5
2026-08-05,B002,Coimbatore,Tamil Nadu,P001,LED TV,Electronics,66,7,22,63,71,22,29495.78,Medium,9
2026-08-05,B002,Coimbatore,Tamil Nadu,P002,Refrigerator,Appliances,25,3,6,28,28,9,27015.23,High,6
2026-08-05,B002,Coimbatore,Tamil Nadu,P003,Washing Machine,Appliances,23,2,3,20,22,5,25205.99,Medium,4
2026-08-05,B002,Coimbatore,Tamil Nadu,P004,Microwave,Appliances,16,1,6,18,19,5,9326.79,Medium,7
2026-08-05,B002,Coimbatore,Tamil Nadu,P005,Laptop,Electronics,20,0,1,36,41,12,47520.5,Critical,10
2026-08-05,B002,Coimbatore,Tamil Nadu,P006,Smartphone,Electronics,96,2,29,83,90,23,19286.08,Low,9
2026-08-05,B002,Coimbatore,Tamil Nadu,P007,Printer,Electronics,25,0,4,21,16,4,12121.41,Low,8
2026-08-05,B002,Coimbatore,Tamil Nadu,P008,Air Conditioner,Appliances,13,2,6,24,23,4,42345.86,High,7
2026-08-05,B002,Coimbatore,Tamil Nadu,P009,Router,Networking,86,6,12,55,49,10,3561.5,Low,6
2026-08-05,B002,Coimbatore,Tamil Nadu,P010,Monitor,Electronics,11,0,2,21,20,6,15983.26,Critical,4
2026-08-05,B003,Madurai,Tamil Nadu,P001,LED TV,Electronics,54,4,0,36,37,10,32025.74,Low,5
2026-08-05,B003,Madurai,Tamil Nadu,P002,Refrigerator,Appliances,28,2,2,19,21,5,25886.08,Low,8
2026-08-05,B003,Madurai,Tamil Nadu,P003,Washing Machine,Appliances,43,0,9,30,30,7,25215.62,Low,3
2026-08-05,B003,Madurai,Tamil Nadu,P004,Microwave,Appliances,34,2,0,20,20,4,9673.4,Low,6
2026-08-05,B003,Madurai,Tamil Nadu,P005,Laptop,Electronics,17,3,0,42,36,8,51635.73,Critical,9
2026-08-05,B003,Madurai,Tamil Nadu,P006,Smartphone,Electronics,121,8,5,65,66,22,17567.93,Low,5
2026-08-05,B003,Madurai,Tamil Nadu,P007,Printer,Electronics,22,0,3,13,12,3,12351.24,Low,6
2026-08-05,B003,Madurai,Tamil Nadu,P008,Air Conditioner,Appliances,35,2,0,19,20,4,43595.15,Low,3
2026-08-05,B003,Madurai,Tamil Nadu,P009,Router,Networking,54,2,4,54,47,12,3597.87,Medium,10
2026-08-05,B003,Madurai,Tamil Nadu,P010,Monitor,Electronics,35,2,2,19,21,5,15832.66,Low,10
2026-08-05,B004,Salem,Tamil Nadu,P001,LED TV,Electronics,57,5,10,38,37,10,33930.3,Low,10
2026-08-05,B004,Salem,Tamil Nadu,P002,Refrigerator,Appliances,21,1,1,22,21,4,27457.04,Medium,3
2026-08-05,B004,Salem,Tamil Nadu,P003,Washing Machine,Appliances,19,0,1,18,20,5,22932.52,High,9
2026-08-05,B004,Salem,Tamil Nadu,P004,Microwave,Appliances,28,0,5,16,18,3,8590.14,Low,3
2026-08-05,B004,Salem,Tamil Nadu,P005,Laptop,Electronics,37,1,7,35,30,8,50507.4,Low,8
2026-08-05,B004,Salem,Tamil Nadu,P006,Smartphone,Electronics,81,4,13,63,55,11,18833.95,Low,6
2026-08-05,B004,Salem,Tamil Nadu,P007,Printer,Electronics,17,1,0,10,10,3,12315.02,Low,6
2026-08-05,B004,Salem,Tamil Nadu,P008,Air Conditioner,Appliances,9,0,4,14,14,3,45148.49,High,9
2026-08-05,B004,Salem,Tamil Nadu,P009,Router,Networking,26,5,14,53,57,19,3733.98,Critical,4
2026-08-05,B004,Salem,Tamil Nadu,P010,Monitor,Electronics,42,2,2,32,30,9,16320.24,Low,6
2026-08-05,B005,Trichy,Tamil Nadu,P001,LED TV,Electronics,25,3,8,28,26,8,31997.45,Medium,6
2026-08-05,B005,Trichy,Tamil Nadu,P002,Refrigerator,Appliances,33,1,2,18,19,4,27343.06,Low,4
2026-08-05,B005,Trichy,Tamil Nadu,P003,Washing Machine,Appliances,30,2,5,24,21,7,24875.05,Low,6
2026-08-05,B005,Trichy,Tamil Nadu,P004,Microwave,Appliances,19,1,2,14,14,3,8418.04,Low,10
2026-08-05,B005,Trichy,Tamil Nadu,P005,Laptop,Electronics,49,3,4,39,40,13,46503.89,Medium,6
2026-08-05,B005,Trichy,Tamil Nadu,P006,Smartphone,Electronics,84,4,14,48,47,10,17837.34,Low,7
2026-08-05,B005,Trichy,Tamil Nadu,P007,Printer,Electronics,8,1,2,14,12,4,12477.28,Critical,3
2026-08-05,B005,Trichy,Tamil Nadu,P008,Air Conditioner,Appliances,21,1,0,17,17,3,42900.07,Low,9
2026-08-05,B005,Trichy,Tamil Nadu,P009,Router,Networking,83,0,3,60,55,11,3591.92,Low,7
2026-08-05,B005,Trichy,Tamil Nadu,P010,Monitor,Electronics,13,2,4,26,23,5,15121.55,Critical,8
2026-08-05,B006,Tiruppur,Tamil Nadu,P001,LED TV,Electronics,49,0,3,37,33,9,32555.62,Low,7
2026-08-05,B006,Tiruppur,Tamil Nadu,P002,Refrigerator,Appliances,24,1,1,26,28,5,27174.06,High,6
2026-08-05,B006,Tiruppur,Tamil Nadu,P003,Washing Machine,Appliances,21,2,0,19,17,5,23752.75,Medium,7
2026-08-05,B006,Tiruppur,Tamil Nadu,P004,Microwave,Appliances,21,1,0,18,20,4,8731.12,Medium,9
2026-08-05,B006,Tiruppur,Tamil Nadu,P005,Laptop,Electronics,58,3,6,27,31,10,44766.37,Low,4
2026-08-05,B006,Tiruppur,Tamil Nadu,P006,Smartphone,Electronics,61,6,15,42,45,14,16569.45,Low,9
2026-08-05,B006,Tiruppur,Tamil Nadu,P007,Printer,Electronics,24,0,3,14,13,4,11718.82,Low,6
2026-08-05,B006,Tiruppur,Tamil Nadu,P008,Air Conditioner,Appliances,16,0,4,20,19,6,44787.0,High,8
2026-08-05,B006,Tiruppur,Tamil Nadu,P009,Router,Networking,49,4,13,45,46,15,3723.38,Medium,8
2026-08-05,B006,Tiruppur,Tamil Nadu,P010,Monitor,Electronics,57,0,4,28,35,8,16142.11,Low,10
2026-08-05,B007,Erode,Tamil Nadu,P001,LED TV,Electronics,72,0,6,44,45,9,31097.95,Low,10
2026-08-05,B007,Erode,Tamil Nadu,P002,Refrigerator,Appliances,13,0,5,18,17,4,27143.21,Medium,5
2026-08-05,B007,Erode,Tamil Nadu,P003,Washing Machine,Appliances,23,0,1,16,17,4,23904.98,Low,4
2026-08-05,B007,Erode,Tamil Nadu,P004,Microwave,Appliances,19,1,1,12,12,3,8409.8,Low,10
2026-08-05,B007,Erode,Tamil Nadu,P005,Laptop,Electronics,31,2,8,27,30,6,44623.96,Low,9
2026-08-05,B007,Erode,Tamil Nadu,P006,Smartphone,Electronics,81,3,4,47,49,12,18136.93,Low,4
2026-08-05,B007,Erode,Tamil Nadu,P007,Printer,Electronics,10,1,0,10,10,3,12329.94,High,7
2026-08-05,B007,Erode,Tamil Nadu,P008,Air Conditioner,Appliances,12,2,4,16,16,3,39401.92,High,10
2026-08-05,B007,Erode,Tamil Nadu,P009,Router,Networking,34,3,0,29,29,7,3386.15,Medium,8
2026-08-05,B007,Erode,Tamil Nadu,P010,Monitor,Electronics,17,0,4,23,22,6,16260.36,High,7
2026-08-05,B008,Vellore,Tamil Nadu,P001,LED TV,Electronics,34,4,11,48,46,12,30080.36,High,7
2026-08-05,B008,Vellore,Tamil Nadu,P002,Refrigerator,Appliances,13,1,4,16,14,3,28832.04,Medium,4
2026-08-05,B008,Vellore,Tamil Nadu,P003,Washing Machine,Appliances,16,0,4,17,16,3,25104.85,Low,7
2026-08-05,B008,Vellore,Tamil Nadu,P004,Microwave,Appliances,7,0,3,18,17,5,8453.18,Critical,6
2026-08-05,B008,Vellore,Tamil Nadu,P005,Laptop,Electronics,22,3,5,26,22,6,46013.2,Medium,10
2026-08-05,B008,Vellore,Tamil Nadu,P006,Smartphone,Electronics,75,6,14,48,47,12,17877.13,Low,8
2026-08-05,B008,Vellore,Tamil Nadu,P007,Printer,Electronics,31,0,1,21,23,5,12088.85,Low,10
2026-08-05,B008,Vellore,Tamil Nadu,P008,Air Conditioner,Appliances,10,1,4,15,16,3,42947.97,High,8
2026-08-05,B008,Vellore,Tamil Nadu,P009,Router,Networking,80,7,19,57,60,17,3430.96,Low,10
2026-08-05,B008,Vellore,Tamil Nadu,P010,Monitor,Electronics,35,0,5,19,20,5,16361.78,Low,6
2026-08-06,B001,Chennai,Tamil Nadu,P001,LED TV,Electronics,34,4,17,70,70,16,31766.85,Critical,4
2026-08-06,B001,Chennai,Tamil Nadu,P002,Refrigerator,Appliances,33,0,0,28,27,8,29651.08,Medium,6
2026-08-06,B001,Chennai,Tamil Nadu,P003,Washing Machine,Appliances,21,1,10,32,34,8,25372.15,High,7
2026-08-06,B001,Chennai,Tamil Nadu,P004,Microwave,Appliances,22,1,3,19,20,6,8693.0,Medium,4
2026-08-06,B001,Chennai,Tamil Nadu,P005,Laptop,Electronics,36,0,4,39,38,7,48984.65,Medium,6
2026-08-06,B001,Chennai,Tamil Nadu,P006,Smartphone,Electronics,115,10,9,78,78,23,17301.22,Low,6
2026-08-06,B001,Chennai,Tamil Nadu,P007,Printer,Electronics,18,1,3,20,22,7,12753.82,High,5
2026-08-06,B001,Chennai,Tamil Nadu,P008,Air Conditioner,Appliances,28,1,2,27,31,6,38899.86,High,8
2026-08-06,B001,Chennai,Tamil Nadu,P009,Router,Networking,87,3,8,47,52,15,3410.56,Low,3
2026-08-06,B001,Chennai,Tamil Nadu,P010,Monitor,Electronics,21,5,4,37,39,11,16061.45,Critical,7
2026-08-06,B002,Coimbatore,Tamil Nadu,P001,LED TV,Electronics,99,7,18,61,65,15,31041.96,Low,5
2026-08-06,B002,Coimbatore,Tamil Nadu,P002,Refrigerator,Appliances,24,1,3,21,22,6,27674.35,Medium,7
2026-08-06,B002,Coimbatore,Tamil Nadu,P003,Washing Machine,Appliances,11,0,3,25,24,7,24912.85,Critical,9
2026-08-06,B002,Coimbatore,Tamil Nadu,P004,Microwave,Appliances,34,0,3,19,19,4,8774.82,Low,6
2026-08-06,B002,Coimbatore,Tamil Nadu,P005,Laptop,Electronics,59,1,8,35,33,8,49773.01,Low,4
2026-08-06,B002,Coimbatore,Tamil Nadu,P006,Smartphone,Electronics,47,9,0,80,83,19,18674.39,Critical,10
2026-08-06,B002,Coimbatore,Tamil Nadu,P007,Printer,Electronics,12,0,2,11,11,3,11850.47,Low,6
2026-08-06,B002,Coimbatore,Tamil Nadu,P008,Air Conditioner,Appliances,29,1,4,20,18,3,39813.53,Low,4
2026-08-06,B002,Coimbatore,Tamil Nadu,P009,Router,Networking,80,2,8,55,50,12,3623.92,Low,9
2026-08-06,B002,Coimbatore,Tamil Nadu,P010,Monitor,Electronics,49,0,3,27,27,9,16972.89,Low,3
2026-08-06,B003,Madurai,Tamil Nadu,P001,LED TV,Electronics,38,6,1,46,42,14,34061.68,Critical,10
2026-08-06,B003,Madurai,Tamil Nadu,P002,Refrigerator,Appliances,22,0,0,13,13,4,26427.93,Low,3
2026-08-06,B003,Madurai,Tamil Nadu,P003,Washing Machine,Appliances,30,0,1,22,20,4,22834.2,Low,7
2026-08-06,B003,Madurai,Tamil Nadu,P004,Microwave,Appliances,31,0,3,18,18,5,9062.36,Low,6
2026-08-06,B003,Madurai,Tamil Nadu,P005,Laptop,Electronics,39,1,3,34,32,9,51578.0,Low,9
2026-08-06,B003,Madurai,Tamil Nadu,P006,Smartphone,Electronics,68,5,13,55,53,15,18290.76,Low,6
2026-08-06,B003,Madurai,Tamil Nadu,P007,Printer,Electronics,24,1,3,16,14,4,11045.72,Low,10
2026-08-06,B003,Madurai,Tamil Nadu,P008,Air Conditioner,Appliances,22,0,4,14,14,4,44384.37,Low,10
2026-08-06,B003,Madurai,Tamil Nadu,P009,Router,Networking,98,0,3,67,66,13,3309.43,Low,6
2026-08-06,B003,Madurai,Tamil Nadu,P010,Monitor,Electronics,12,3,4,28,26,5,16110.82,Critical,4
2026-08-06,B004,Salem,Tamil Nadu,P001,LED TV,Electronics,60,3,8,36,37,8,31581.2,Low,3
2026-08-06,B004,Salem,Tamil Nadu,P002,Refrigerator,Appliances,27,2,2,17,17,3,26251.51,Low,7
2026-08-06,B004,Salem,Tamil Nadu,P003,Washing Machine,Appliances,35,3,7,23,28,5,25099.46,Low,9
2026-08-06,B004,Salem,Tamil Nadu,P004,Microwave,Appliances,12,1,2,13,11,3,8502.64,Medium,7
2026-08-06,B004,Salem,Tamil Nadu,P005,Laptop,Electronics,11,0,6,25,24,8,51815.51,Critical,3
2026-08-06,B004,Salem,Tamil Nadu,P006,Smartphone,Electronics,115,5,6,67,69,15,17347.83,Low,5
2026-08-06,B004,Salem,Tamil Nadu,P007,Printer,Electronics,26,0,3,14,14,3,11337.71,Low,3
2026-08-06,B004,Salem,Tamil Nadu,P008,Air Conditioner,Appliances,12,1,4,15,14,4,42986.3,High,5
2026-08-06,B004,Salem,Tamil Nadu,P009,Router,Networking,73,1,11,45,47,11,3688.88,Low,4
2026-08-06,B004,Salem,Tamil Nadu,P010,Monitor,Electronics,32,2,6,20,21,5,15115.93,Low,3
2026-08-06,B005,Trichy,Tamil Nadu,P001,LED TV,Electronics,43,5,15,54,55,15,31075.18,High,5
2026-08-06,B005,Trichy,Tamil Nadu,P002,Refrigerator,Appliances,10,0,5,19,19,5,27259.88,Critical,9
2026-08-06,B005,Trichy,Tamil Nadu,P003,Washing Machine,Appliances,23,0,3,21,22,6,25116.01,Medium,9
2026-08-06,B005,Trichy,Tamil Nadu,P004,Microwave,Appliances,14,1,4,16,16,3,9226.99,Medium,8
2026-08-06,B005,Trichy,Tamil Nadu,P005,Laptop,Electronics,33,0,8,38,36,7,51616.44,Medium,4
2026-08-06,B005,Trichy,Tamil Nadu,P006,Smartphone,Electronics,35,7,15,53,59,15,18375.12,Critical,10
2026-08-06,B005,Trichy,Tamil Nadu,P007,Printer,Electronics,12,1,4,17,15,4,11518.76,High,5
2026-08-06,B005,Trichy,Tamil Nadu,P008,Air Conditioner,Appliances,8,0,4,17,15,4,41705.89,Critical,5
2026-08-06,B005,Trichy,Tamil Nadu,P009,Router,Networking,90,2,1,48,53,13,3469.22,Low,8
2026-08-06,B005,Trichy,Tamil Nadu,P010,Monitor,Electronics,46,3,7,24,25,7,16533.39,Low,7
2026-08-06,B006,Tiruppur,Tamil Nadu,P001,LED TV,Electronics,71,5,14,49,46,13,31646.4,Low,6
2026-08-06,B006,Tiruppur,Tamil Nadu,P002,Refrigerator,Appliances,8,1,0,12,10,3,28133.35,Critical,6
2026-08-06,B006,Tiruppur,Tamil Nadu,P003,Washing Machine,Appliances,17,3,5,22,23,4,24235.96,High,7
2026-08-06,B006,Tiruppur,Tamil Nadu,P004,Microwave,Appliances,21,0,1,13,14,4,9684.21,Low,5
2026-08-06,B006,Tiruppur,Tamil Nadu,P005,Laptop,Electronics,50,0,0,26,28,9,47816.02,Low,3
2026-08-06,B006,Tiruppur,Tamil Nadu,P006,Smartphone,Electronics,50,7,1,56,57,18,17510.17,Critical,5
2026-08-06,B006,Tiruppur,Tamil Nadu,P007,Printer,Electronics,27,2,2,14,15,3,12140.79,Low,4
2026-08-06,B006,Tiruppur,Tamil Nadu,P008,Air Conditioner,Appliances,15,1,0,14,12,3,43072.71,Medium,6
2026-08-06,B006,Tiruppur,Tamil Nadu,P009,Router,Networking,53,2,17,44,52,12,3698.0,Low,5
2026-08-06,B006,Tiruppur,Tamil Nadu,P010,Monitor,Electronics,34,1,3,26,27,8,15533.42,Low,7
2026-08-06,B007,Erode,Tamil Nadu,P001,LED TV,Electronics,39,5,11,41,36,12,30739.26,Medium,8
2026-08-06,B007,Erode,Tamil Nadu,P002,Refrigerator,Appliances,8,1,1,19,19,6,28304.79,Critical,8
2026-08-06,B007,Erode,Tamil Nadu,P003,Washing Machine,Appliances,15,0,2,19,16,4,24390.28,Medium,9
2026-08-06,B007,Erode,Tamil Nadu,P004,Microwave,Appliances,7,1,3,13,11,3,8395.22,Critical,3
2026-08-06,B007,Erode,Tamil Nadu,P005,Laptop,Electronics,31,2,3,25,23,7,44313.08,Low,5
2026-08-06,B007,Erode,Tamil Nadu,P006,Smartphone,Electronics,72,2,3,48,48,13,17224.18,Low,8
2026-08-06,B007,Erode,Tamil Nadu,P007,Printer,Electronics,12,0,1,13,13,4,12345.2,High,6
2026-08-06,B007,Erode,Tamil Nadu,P008,Air Conditioner,Appliances,10,1,6,19,21,5,45074.79,Critical,7
2026-08-06,B007,Erode,Tamil Nadu,P009,Router,Networking,50,1,2,39,41,14,3299.35,Medium,7
2026-08-06,B007,Erode,Tamil Nadu,P010,Monitor,Electronics,15,2,8,23,25,7,15134.61,High,9
2026-08-06,B008,Vellore,Tamil Nadu,P001,LED TV,Electronics,50,3,8,46,45,10,33690.85,Low,7
2026-08-06,B008,Vellore,Tamil Nadu,P002,Refrigerator,Appliances,10,2,2,16,18,5,29880.22,Critical,6
2026-08-06,B008,Vellore,Tamil Nadu,P003,Washing Machine,Appliances,18,0,5,23,24,6,23973.54,High,4
2026-08-06,B008,Vellore,Tamil Nadu,P004,Microwave,Appliances,20,1,3,18,17,3,8503.73,Low,6
2026-08-06,B008,Vellore,Tamil Nadu,P005,Laptop,Electronics,10,1,0,22,21,5,49677.88,Critical,9
2026-08-06,B008,Vellore,Tamil Nadu,P006,Smartphone,Electronics,56,0,11,34,34,9,16838.36,Low,3
2026-08-06,B008,Vellore,Tamil Nadu,P007,Printer,Electronics,11,1,1,13,13,4,12819.55,Critical,3
2026-08-06,B008,Vellore,Tamil Nadu,P008,Air Conditioner,Appliances,8,1,3,15,15,3,45175.94,Critical,8
2026-08-06,B008,Vellore,Tamil Nadu,P009,Router,Networking,99,2,6,60,63,21,3274.67,Low,8
2026-08-06,B008,Vellore,Tamil Nadu,P010,Monitor,Electronics,10,1,0,23,22,5,15820.06,Critical,6
2026-08-07,B001,Chennai,Tamil Nadu,P001,LED TV,Electronics,51,3,15,64,56,18,33325.86,Medium,5
2026-08-07,B001,Chennai,Tamil Nadu,P002,Refrigerator,Appliances,56,3,4,32,31,10,27903.05,Low,5
2026-08-07,B001,Chennai,Tamil Nadu,P003,Washing Machine,Appliances,16,4,10,32,31,7,24333.2,Critical,6
2026-08-07,B001,Chennai,Tamil Nadu,P004,Microwave,Appliances,14,2,4,23,25,5,9104.09,Critical,4
2026-08-07,B001,Chennai,Tamil Nadu,P005,Laptop,Electronics,38,6,3,46,46,10,45996.95,Critical,9
2026-08-07,B001,Chennai,Tamil Nadu,P006,Smartphone,Electronics,76,3,25,94,97,20,16738.15,Medium,10
2026-08-07,B001,Chennai,Tamil Nadu,P007,Printer,Electronics,36,1,3,27,25,5,12110.87,Low,10
2026-08-07,B001,Chennai,Tamil Nadu,P008,Air Conditioner,Appliances,46,3,6,26,28,8,43460.56,Low,9
2026-08-07,B001,Chennai,Tamil Nadu,P009,Router,Networking,77,4,18,79,72,16,3327.73,Low,8
2026-08-07,B001,Chennai,Tamil Nadu,P010,Monitor,Electronics,25,4,2,42,40,11,15701.32,Critical,8
2026-08-07,B002,Coimbatore,Tamil Nadu,P001,LED TV,Electronics,59,5,3,55,50,13,34285.94,Medium,7
2026-08-07,B002,Coimbatore,Tamil Nadu,P002,Refrigerator,Appliances,37,1,1,24,24,4,26586.51,Low,7
2026-08-07,B002,Coimbatore,Tamil Nadu,P003,Washing Machine,Appliances,61,2,0,30,33,10,23849.82,Low,5
2026-08-07,B002,Coimbatore,Tamil Nadu,P004,Microwave,Appliances,14,1,2,18,19,4,8863.32,High,8
2026-08-07,B002,Coimbatore,Tamil Nadu,P005,Laptop,Electronics,35,4,11,37,40,9,46692.27,Medium,4
2026-08-07,B002,Coimbatore,Tamil Nadu,P006,Smartphone,Electronics,52,5,17,76,73,16,16777.2,High,9
2026-08-07,B002,Coimbatore,Tamil Nadu,P007,Printer,Electronics,25,1,1,18,17,3,12559.0,Low,6
2026-08-07,B002,Coimbatore,Tamil Nadu,P008,Air Conditioner,Appliances,21,1,5,23,22,7,39096.19,Medium,7
2026-08-07,B002,Coimbatore,Tamil Nadu,P009,Router,Networking,70,8,17,77,75,21,3566.69,High,7
2026-08-07,B002,Coimbatore,Tamil Nadu,P010,Monitor,Electronics,35,3,6,39,36,8,16144.52,Medium,4
2026-08-07,B003,Madurai,Tamil Nadu,P001,LED TV,Electronics,48,4,11,44,48,11,32400.42,Medium,9
2026-08-07,B003,Madurai,Tamil Nadu,P002,Refrigerator,Appliances,33,0,3,26,29,5,30145.09,Low,10
2026-08-07,B003,Madurai,Tamil Nadu,P003,Washing Machine,Appliances,68,4,1,35,37,11,23379.89,Low,8
2026-08-07,B003,Madurai,Tamil Nadu,P004,Microwave,Appliances,22,3,4,30,28,5,8905.84,High,9
2026-08-07,B003,Madurai,Tamil Nadu,P005,Laptop,Electronics,47,0,2,31,29,6,44510.79,Low,9
2026-08-07,B003,Madurai,Tamil Nadu,P006,Smartphone,Electronics,78,2,7,72,68,20,16766.36,Medium,10
2026-08-07,B003,Madurai,Tamil Nadu,P007,Printer,Electronics,8,1,3,17,17,3,12544.5,Critical,3
2026-08-07,B003,Madurai,Tamil Nadu,P008,Air Conditioner,Appliances,14,1,3,15,14,3,43914.92,Medium,8
2026-08-07,B003,Madurai,Tamil Nadu,P009,Router,Networking,36,6,8,46,49,12,3345.99,Critical,4
2026-08-07,B003,Madurai,Tamil Nadu,P010,Monitor,Electronics,27,1,7,23,23,7,17076.52,Low,3
2026-08-07,B004,Salem,Tamil Nadu,P001,LED TV,Electronics,63,6,1,44,48,16,31223.29,Medium,3
2026-08-07,B004,Salem,Tamil Nadu,P002,Refrigerator,Appliances,25,2,1,19,19,5,27423.85,Low,9
2026-08-07,B004,Salem,Tamil Nadu,P003,Washing Machine,Appliances,19,1,2,16,14,3,22293.91,Low,7
2026-08-07,B004,Salem,Tamil Nadu,P004,Microwave,Appliances,17,1,2,19,19,6,9301.07,High,10
2026-08-07,B004,Salem,Tamil Nadu,P005,Laptop,Electronics,27,4,3,37,38,8,45634.44,Critical,8
2026-08-07,B004,Salem,Tamil Nadu,P006,Smartphone,Electronics,62,2,6,46,43,13,17158.78,Low,10
2026-08-07,B004,Salem,Tamil Nadu,P007,Printer,Electronics,18,0,0,15,13,3,11971.56,Low,3
2026-08-07,B004,Salem,Tamil Nadu,P008,Air Conditioner,Appliances,34,0,0,19,18,4,43283.13,Low,5
2026-08-07,B004,Salem,Tamil Nadu,P009,Router,Networking,20,1,5,29,30,7,3252.67,High,7
2026-08-07,B004,Salem,Tamil Nadu,P010,Monitor,Electronics,23,0,6,25,23,7,14801.72,Medium,8
2026-08-07,B005,Trichy,Tamil Nadu,P001,LED TV,Electronics,99,1,7,61,66,14,34266.86,Low,10
2026-08-07,B005,Trichy,Tamil Nadu,P002,Refrigerator,Appliances,33,2,4,22,21,5,29798.16,Low,4
2026-08-07,B005,Trichy,Tamil Nadu,P003,Washing Machine,Appliances,41,0,0,27,25,5,23596.97,Low,3
2026-08-07,B005,Trichy,Tamil Nadu,P004,Microwave,Appliances,4,1,2,12,10,3,9220.11,Critical,7
2026-08-07,B005,Trichy,Tamil Nadu,P005,Laptop,Electronics,73,1,3,38,41,11,48874.03,Low,10
2026-08-07,B005,Trichy,Tamil Nadu,P006,Smartphone,Electronics,44,4,4,55,49,14,17038.44,High,5
2026-08-07,B005,Trichy,Tamil Nadu,P007,Printer,Electronics,23,3,2,20,21,4,11468.45,Medium,10
2026-08-07,B005,Trichy,Tamil Nadu,P008,Air Conditioner,Appliances,14,0,5,19,20,6,42281.4,High,7
2026-08-07,B005,Trichy,Tamil Nadu,P009,Router,Networking,25,4,18,58,54,14,3415.85,Critical,8
2026-08-07,B005,Trichy,Tamil Nadu,P010,Monitor,Electronics,17,0,9,27,27,7,16589.04,High,10
2026-08-07,B006,Tiruppur,Tamil Nadu,P001,LED TV,Electronics,70,2,3,56,64,21,31487.97,High,7
2026-08-07,B006,Tiruppur,Tamil Nadu,P002,Refrigerator,Appliances,26,2,4,22,22,5,29008.86,Low,4
2026-08-07,B006,Tiruppur,Tamil Nadu,P003,Washing Machine,Appliances,12,2,2,19,21,6,25910.42,Critical,7
2026-08-07,B006,Tiruppur,Tamil Nadu,P004,Microwave,Appliances,8,0,0,17,16,5,9398.55,Critical,5
2026-08-07,B006,Tiruppur,Tamil Nadu,P005,Laptop,Electronics,40,2,8,33,40,11,51325.04,Medium,10
2026-08-07,B006,Tiruppur,Tamil Nadu,P006,Smartphone,Electronics,107,7,3,59,58,15,18859.65,Low,10
2026-08-07,B006,Tiruppur,Tamil Nadu,P007,Printer,Electronics,20,1,3,15,15,4,11864.34,Low,9
2026-08-07,B006,Tiruppur,Tamil Nadu,P008,Air Conditioner,Appliances,22,1,2,15,16,3,39614.0,Low,7
2026-08-07,B006,Tiruppur,Tamil Nadu,P009,Router,Networking,32,4,1,47,54,15,3525.12,Critical,5
2026-08-07,B006,Tiruppur,Tamil Nadu,P010,Monitor,Electronics,15,1,0,26,26,6,17075.28,Critical,8
2026-08-07,B007,Erode,Tamil Nadu,P001,LED TV,Electronics,33,4,11,49,48,13,30909.05,High,9
2026-08-07,B007,Erode,Tamil Nadu,P002,Refrigerator,Appliances,12,1,4,16,16,3,26626.02,High,4
2026-08-07,B007,Erode,Tamil Nadu,P003,Washing Machine,Appliances,23,1,3,21,21,6,22974.69,Medium,10
2026-08-07,B007,Erode,Tamil Nadu,P004,Microwave,Appliances,9,0,3,11,10,3,8531.82,Medium,6
2026-08-07,B007,Erode,Tamil Nadu,P005,Laptop,Electronics,43,3,0,32,32,10,51457.72,Medium,10
2026-08-07,B007,Erode,Tamil Nadu,P006,Smartphone,Electronics,89,2,0,51,51,17,18672.1,Low,4
2026-08-07,B007,Erode,Tamil Nadu,P007,Printer,Electronics,16,0,1,11,11,3,11324.58,Low,5
2026-08-07,B007,Erode,Tamil Nadu,P008,Air Conditioner,Appliances,19,2,3,16,17,5,38670.49,Medium,6
2026-08-07,B007,Erode,Tamil Nadu,P009,Router,Networking,44,2,8,41,42,10,3413.74,Medium,7
2026-08-07,B007,Erode,Tamil Nadu,P010,Monitor,Electronics,42,3,0,32,27,6,16346.63,Low,7
2026-08-07,B008,Vellore,Tamil Nadu,P001,LED TV,Electronics,117,5,19,64,63,20,29445.59,Low,8
2026-08-07,B008,Vellore,Tamil Nadu,P002,Refrigerator,Appliances,13,0,3,15,16,5,29657.54,High,10
2026-08-07,B008,Vellore,Tamil Nadu,P003,Washing Machine,Appliances,9,0,3,17,15,4,24177.78,Critical,8
2026-08-07,B008,Vellore,Tamil Nadu,P004,Microwave,Appliances,10,0,8,22,24,5,8461.83,Critical,6
2026-08-07,B008,Vellore,Tamil Nadu,P005,Laptop,Electronics,40,2,5,28,26,5,49290.03,Low,7
2026-08-07,B008,Vellore,Tamil Nadu,P006,Smartphone,Electronics,138,10,11,69,78,20,17227.37,Low,5
2026-08-07,B008,Vellore,Tamil Nadu,P007,Printer,Electronics,17,1,3,13,14,4,12636.9,Low,4
2026-08-07,B008,Vellore,Tamil Nadu,P008,Air Conditioner,Appliances,20,0,4,13,14,3,40643.09,Low,3
2026-08-07,B008,Vellore,Tamil Nadu,P009,Router,Networking,72,1,0,55,56,17,3609.02,Medium,4
2026-08-07,B008,Vellore,Tamil Nadu,P010,Monitor,Electronics,28,0,3,35,34,9,16546.26,High,9
2026-08-08,B001,Chennai,Tamil Nadu,P001,LED TV,Electronics,49,3,0,77,83,24,30143.54,Critical,10
2026-08-08,B001,Chennai,Tamil Nadu,P002,Refrigerator,Appliances,20,0,4,34,34,11,27647.13,Critical,3
2026-08-08,B001,Chennai,Tamil Nadu,P003,Washing Machine,Appliances,54,1,9,34,35,8,24130.39,Low,9
2026-08-08,B001,Chennai,Tamil Nadu,P004,Microwave,Appliances,15,0,0,26,25,5,8742.44,Critical,3
2026-08-08,B001,Chennai,Tamil Nadu,P005,Laptop,Electronics,45,1,17,53,57,16,49729.07,High,10
2026-08-08,B001,Chennai,Tamil Nadu,P006,Smartphone,Electronics,96,11,30,88,88,29,18512.0,Medium,9
2026-08-08,B001,Chennai,Tamil Nadu,P007,Printer,Electronics,18,0,0,22,22,5,11306.95,High,7
2026-08-08,B001,Chennai,Tamil Nadu,P008,Air Conditioner,Appliances,36,0,3,27,25,7,44212.58,Low,6
2026-08-08,B001,Chennai,Tamil Nadu,P009,Router,Networking,34,6,9,75,69,19,3225.45,Critical,4
2026-08-08,B001,Chennai,Tamil Nadu,P010,Monitor,Electronics,67,5,11,45,46,10,15258.45,Low,7
2026-08-08,B002,Coimbatore,Tamil Nadu,P001,LED TV,Electronics,95,1,18,51,57,18,31697.27,Low,8
2026-08-08,B002,Coimbatore,Tamil Nadu,P002,Refrigerator,Appliances,36,5,12,32,37,11,25818.07,Medium,9
2026-08-08,B002,Coimbatore,Tamil Nadu,P003,Washing Machine,Appliances,53,2,0,30,29,6,22211.06,Low,4
2026-08-08,B002,Coimbatore,Tamil Nadu,P004,Microwave,Appliances,30,1,0,19,19,5,9276.81,Low,3
2026-08-08,B002,Coimbatore,Tamil Nadu,P005,Laptop,Electronics,80,0,1,41,44,14,50330.17,Low,10
2026-08-08,B002,Coimbatore,Tamil Nadu,P006,Smartphone,Electronics,168,4,31,81,90,31,19315.68,Low,5
2026-08-08,B002,Coimbatore,Tamil Nadu,P007,Printer,Electronics,38,2,2,21,21,6,12599.13,Low,8
2026-08-08,B002,Coimbatore,Tamil Nadu,P008,Air Conditioner,Appliances,33,2,1,24,23,5,42652.7,Low,9
2026-08-08,B002,Coimbatore,Tamil Nadu,P009,Router,Networking,32,2,10,62,68,20,3573.15,Critical,5
2026-08-08,B002,Coimbatore,Tamil Nadu,P010,Monitor,Electronics,41,3,8,34,31,9,15848.97,Low,8
2026-08-08,B003,Madurai,Tamil Nadu,P001,LED TV,Electronics,29,0,16,66,62,21,32749.53,Critical,5
2026-08-08,B003,Madurai,Tamil Nadu,P002,Refrigerator,Appliances,31,2,3,19,18,5,27908.79,Low,4
2026-08-08,B003,Madurai,Tamil Nadu,P003,Washing Machine,Appliances,42,0,3,24,25,7,25842.47,Low,9
2026-08-08,B003,Madurai,Tamil Nadu,P004,Microwave,Appliances,25,1,4,16,16,4,9154.79,Low,7
2026-08-08,B003,Madurai,Tamil Nadu,P005,Laptop,Electronics,56,1,7,32,32,8,46482.17,Low,7
2026-08-08,B003,Madurai,Tamil Nadu,P006,Smartphone,Electronics,89,3,24,79,84,28,18799.53,Medium,6
2026-08-08,B003,Madurai,Tamil Nadu,P007,Printer,Electronics,24,1,3,17,19,4,12727.49,Low,8
2026-08-08,B003,Madurai,Tamil Nadu,P008,Air Conditioner,Appliances,11,1,1,19,19,4,40612.62,Critical,3
2026-08-08,B003,Madurai,Tamil Nadu,P009,Router,Networking,103,2,0,76,80,23,3409.19,Medium,5
2026-08-08,B003,Madurai,Tamil Nadu,P010,Monitor,Electronics,55,1,9,35,31,8,16163.59,Low,6
2026-08-08,B004,Salem,Tamil Nadu,P001,LED TV,Electronics,48,0,5,48,48,16,31989.81,High,7
2026-08-08,B004,Salem,Tamil Nadu,P002,Refrigerator,Appliances,9,1,5,14,15,5,27305.75,Critical,3
2026-08-08,B004,Salem,Tamil Nadu,P003,Washing Machine,Appliances,12,0,1,21,21,6,22744.56,Critical,7
2026-08-08,B004,Salem,Tamil Nadu,P004,Microwave,Appliances,13,1,3,16,16,4,9032.99,High,8
2026-08-08,B004,Salem,Tamil Nadu,P005,Laptop,Electronics,36,2,5,32,33,11,49516.23,Medium,10
2026-08-08,B004,Salem,Tamil Nadu,P006,Smartphone,Electronics,45,1,21,66,74,25,18986.0,Critical,4
2026-08-08,B004,Salem,Tamil Nadu,P007,Printer,Electronics,31,1,7,21,21,6,12669.44,Low,3
2026-08-08,B004,Salem,Tamil Nadu,P008,Air Conditioner,Appliances,20,1,4,19,19,6,43113.95,Medium,3
2026-08-08,B004,Salem,Tamil Nadu,P009,Router,Networking,59,0,9,39,41,8,3582.86,Low,7
2026-08-08,B004,Salem,Tamil Nadu,P010,Monitor,Electronics,55,3,8,30,30,8,15916.64,Low,9
2026-08-08,B005,Trichy,Tamil Nadu,P001,LED TV,Electronics,101,4,2,58,63,18,32302.43,Low,7
2026-08-08,B005,Trichy,Tamil Nadu,P002,Refrigerator,Appliances,10,2,0,23,23,7,27813.1,Critical,9
2026-08-08,B005,Trichy,Tamil Nadu,P003,Washing Machine,Appliances,36,0,4,23,20,5,25347.94,Low,6
2026-08-08,B005,Trichy,Tamil Nadu,P004,Microwave,Appliances,10,1,5,22,21,5,9686.62,Critical,10
2026-08-08,B005,Trichy,Tamil Nadu,P005,Laptop,Electronics,79,2,4,49,57,19,45144.95,Low,9
2026-08-08,B005,Trichy,Tamil Nadu,P006,Smartphone,Electronics,78,3,5,69,70,18,19216.17,Medium,8
2026-08-08,B005,Trichy,Tamil Nadu,P007,Printer,Electronics,17,1,0,14,12,3,11344.3,Low,3
2026-08-08,B005,Trichy,Tamil Nadu,P008,Air Conditioner,Appliances,21,1,2,17,16,4,42230.12,Low,9
2026-08-08,B005,Trichy,Tamil Nadu,P009,Router,Networking,102,2,0,59,55,13,3508.76,Low,4
2026-08-08,B005,Trichy,Tamil Nadu,P010,Monitor,Electronics,26,4,2,34,35,11,16931.08,Critical,8
2026-08-08,B006,Tiruppur,Tamil Nadu,P001,LED TV,Electronics,52,4,9,58,63,14,33404.99,High,5
2026-08-08,B006,Tiruppur,Tamil Nadu,P002,Refrigerator,Appliances,32,1,3,21,20,4,26981.78,Low,7
2026-08-08,B006,Tiruppur,Tamil Nadu,P003,Washing Machine,Appliances,45,3,8,24,25,6,24472.68,Low,5
2026-08-08,B006,Tiruppur,Tamil Nadu,P004,Microwave,Appliances,5,0,1,13,11,3,8951.91,Critical,10
2026-08-08,B006,Tiruppur,Tamil Nadu,P005,Laptop,Electronics,44,1,5,35,34,11,47295.69,Low,10
2026-08-08,B006,Tiruppur,Tamil Nadu,P006,Smartphone,Electronics,36,8,0,72,72,24,17841.88,Critical,7
2026-08-08,B006,Tiruppur,Tamil Nadu,P007,Printer,Electronics,18,1,4,15,15,3,12385.74,Low,4
2026-08-08,B006,Tiruppur,Tamil Nadu,P008,Air Conditioner,Appliances,11,0,0,16,15,3,41638.76,Critical,6
2026-08-08,B006,Tiruppur,Tamil Nadu,P009,Router,Networking,25,2,17,56,55,11,3724.83,Critical,6
2026-08-08,B006,Tiruppur,Tamil Nadu,P010,Monitor,Electronics,13,0,7,29,30,10,15718.91,Critical,4
2026-08-08,B007,Erode,Tamil Nadu,P001,LED TV,Electronics,61,1,4,43,40,11,32355.95,Low,5
2026-08-08,B007,Erode,Tamil Nadu,P002,Refrigerator,Appliances,21,0,2,21,22,6,28065.2,High,8
2026-08-08,B007,Erode,Tamil Nadu,P003,Washing Machine,Appliances,28,0,0,21,19,3,23374.15,Low,10
2026-08-08,B007,Erode,Tamil Nadu,P004,Microwave,Appliances,15,1,0,14,14,4,9120.36,High,7
2026-08-08,B007,Erode,Tamil Nadu,P005,Laptop,Electronics,28,2,5,30,28,6,45074.48,Medium,8
2026-08-08,B007,Erode,Tamil Nadu,P006,Smartphone,Electronics,62,3,9,54,55,12,18618.66,Low,3
2026-08-08,B007,Erode,Tamil Nadu,P007,Printer,Electronics,16,0,0,14,12,3,11178.02,Low,5
2026-08-08,B007,Erode,Tamil Nadu,P008,Air Conditioner,Appliances,23,0,0,17,16,4,40692.74,Low,10
2026-08-08,B007,Erode,Tamil Nadu,P009,Router,Networking,53,3,3,46,45,11,3531.84,Medium,7
2026-08-08,B007,Erode,Tamil Nadu,P010,Monitor,Electronics,49,3,7,29,30,8,15859.58,Low,9
2026-08-08,B008,Vellore,Tamil Nadu,P001,LED TV,Electronics,43,6,0,49,45,15,34185.59,Critical,6
2026-08-08,B008,Vellore,Tamil Nadu,P002,Refrigerator,Appliances,24,1,1,17,14,4,25780.13,Low,6
2026-08-08,B008,Vellore,Tamil Nadu,P003,Washing Machine,Appliances,40,2,9,28,30,6,23570.73,Low,7
2026-08-08,B008,Vellore,Tamil Nadu,P004,Microwave,Appliances,9,0,0,15,15,3,9516.54,Critical,7
2026-08-08,B008,Vellore,Tamil Nadu,P005,Laptop,Electronics,52,1,9,33,41,11,48018.45,Low,10
2026-08-08,B008,Vellore,Tamil Nadu,P006,Smartphone,Electronics,138,4,14,79,85,19,18310.76,Low,3
2026-08-08,B008,Vellore,Tamil Nadu,P007,Printer,Electronics,25,1,4,15,14,4,11217.35,Low,10
2026-08-08,B008,Vellore,Tamil Nadu,P008,Air Conditioner,Appliances,37,1,3,21,21,6,43543.19,Low,4
2026-08-08,B008,Vellore,Tamil Nadu,P009,Router,Networking,36,6,21,68,70,14,3515.95,Critical,7
2026-08-08,B008,Vellore,Tamil Nadu,P010,Monitor,Electronics,52,2,0,26,29,8,14793.85,Low,6
2026-08-09,B001,Chennai,Tamil Nadu,P001,LED TV,Electronics,86,5,19,61,59,16,33513.52,Low,7
2026-08-09,B001,Chennai,Tamil Nadu,P002,Refrigerator,Appliances,33,2,3,27,28,6,29009.21,Low,9
2026-08-09,B001,Chennai,Tamil Nadu,P003,Washing Machine,Appliances,26,1,3,24,22,6,23146.51,Low,7
2026-08-09,B001,Chennai,Tamil Nadu,P004,Microwave,Appliances,21,3,1,22,25,6,9318.59,Critical,8
2026-08-09,B001,Chennai,Tamil Nadu,P005,Laptop,Electronics,59,4,6,33,34,8,45988.65,Low,7
2026-08-09,B001,Chennai,Tamil Nadu,P006,Smartphone,Electronics,107,2,9,85,88,17,16622.36,Low,10
2026-08-09,B001,Chennai,Tamil Nadu,P007,Printer,Electronics,32,2,4,22,22,7,12491.09,Low,3
2026-08-09,B001,Chennai,Tamil Nadu,P008,Air Conditioner,Appliances,12,2,2,23,23,6,45284.42,Critical,6
2026-08-09,B001,Chennai,Tamil Nadu,P009,Router,Networking,98,5,16,56,56,15,3313.07,Low,10
2026-08-09,B001,Chennai,Tamil Nadu,P010,Monitor,Electronics,81,3,1,42,45,15,15914.03,Low,7
2026-08-09,B002,Coimbatore,Tamil Nadu,P001,LED TV,Electronics,17,3,0,35,34,10,31011.51,Critical,6
2026-08-09,B002,Coimbatore,Tamil Nadu,P002,Refrigerator,Appliances,29,0,3,24,23,6,29673.85,Low,8
2026-08-09,B002,Coimbatore,Tamil Nadu,P003,Washing Machine,Appliances,14,1,8,24,25,6,24233.88,High,3
2026-08-09,B002,Coimbatore,Tamil Nadu,P004,Microwave,Appliances,45,0,7,23,25,5,8829.93,Low,10
2026-08-09,B002,Coimbatore,Tamil Nadu,P005,Laptop,Electronics,21,1,3,41,47,15,51455.74,Critical,9
2026-08-09,B002,Coimbatore,Tamil Nadu,P006,Smartphone,Electronics,134,0,11,81,74,20,18486.16,Low,3
2026-08-09,B002,Coimbatore,Tamil Nadu,P007,Printer,Electronics,21,0,3,14,15,5,11810.52,Low,3
2026-08-09,B002,Coimbatore,Tamil Nadu,P008,Air Conditioner,Appliances,37,1,0,20,21,6,39828.53,Low,10
2026-08-09,B002,Coimbatore,Tamil Nadu,P009,Router,Networking,102,4,16,54,61,18,3490.29,Low,9
2026-08-09,B002,Coimbatore,Tamil Nadu,P010,Monitor,Electronics,16,1,2,27,26,7,15977.08,Critical,9
2026-08-09,B003,Madurai,Tamil Nadu,P001,LED TV,Electronics,43,5,12,40,46,9,31972.79,Medium,3
2026-08-09,B003,Madurai,Tamil Nadu,P002,Refrigerator,Appliances,12,0,6,17,18,3,29880.6,Medium,5
2026-08-09,B003,Madurai,Tamil Nadu,P003,Washing Machine,Appliances,15,1,0,17,19,3,22493.35,High,7
2026-08-09,B003,Madurai,Tamil Nadu,P004,Microwave,Appliances,15,1,3,16,17,4,9348.74,High,10
2026-08-09,B003,Madurai,Tamil Nadu,P005,Laptop,Electronics,51,3,5,33,33,8,50270.44,Low,7
2026-08-09,B003,Madurai,Tamil Nadu,P006,Smartphone,Electronics,121,6,7,76,75,24,18676.38,Low,10
2026-08-09,B003,Madurai,Tamil Nadu,P007,Printer,Electronics,12,1,0,19,18,6,11505.36,Critical,4
2026-08-09,B003,Madurai,Tamil Nadu,P008,Air Conditioner,Appliances,15,1,4,17,16,3,40541.34,Medium,9
2026-08-09,B003,Madurai,Tamil Nadu,P009,Router,Networking,83,0,10,52,52,15,3515.46,Low,6
2026-08-09,B003,Madurai,Tamil Nadu,P010,Monitor,Electronics,38,0,1,26,24,5,16489.39,Low,10
2026-08-09,B004,Salem,Tamil Nadu,P001,LED TV,Electronics,33,3,5,31,34,9,34372.91,High,9
2026-08-09,B004,Salem,Tamil Nadu,P002,Refrigerator,Appliances,9,1,4,14,13,4,28919.71,High,8
2026-08-09,B004,Salem,Tamil Nadu,P003,Washing Machine,Appliances,24,0,1,23,24,5,25072.2,Medium,7
2026-08-09,B004,Salem,Tamil Nadu,P004,Microwave,Appliances,24,1,4,16,16,4,8526.15,Low,9
2026-08-09,B004,Salem,Tamil Nadu,P005,Laptop,Electronics,48,0,6,32,32,7,50846.39,Low,7
2026-08-09,B004,Salem,Tamil Nadu,P006,Smartphone,Electronics,67,1,5,47,46,15,18693.46,Low,9
2026-08-09,B004,Salem,Tamil Nadu,P007,Printer,Electronics,14,0,0,13,12,3,11884.63,Medium,6
2026-08-09,B004,Salem,Tamil Nadu,P008,Air Conditioner,Appliances,9,2,0,17,16,3,42251.75,Critical,6
2026-08-09,B004,Salem,Tamil Nadu,P009,Router,Networking,75,5,10,45,48,12,3743.68,Low,9
2026-08-09,B004,Salem,Tamil Nadu,P010,Monitor,Electronics,46,0,3,27,32,9,16604.78,Low,9
2026-08-09,B005,Trichy,Tamil Nadu,P001,LED TV,Electronics,62,3,10,39,36,10,32223.03,Low,5
2026-08-09,B005,Trichy,Tamil Nadu,P002,Refrigerator,Appliances,14,1,2,20,18,5,27030.44,High,9
2026-08-09,B005,Trichy,Tamil Nadu,P003,Washing Machine,Appliances,45,1,5,23,24,7,25365.04,Low,5
2026-08-09,B005,Trichy,Tamil Nadu,P004,Microwave,Appliances,24,1,2,14,15,4,9630.74,Low,6
2026-08-09,B005,Trichy,Tamil Nadu,P005,Laptop,Electronics,44,1,2,25,26,5,48473.65,Low,8
2026-08-09,B005,Trichy,Tamil Nadu,P006,Smartphone,Electronics,71,1,9,41,38,10,18743.03,Low,10
2026-08-09,B005,Trichy,Tamil Nadu,P007,Printer,Electronics,19,0,4,14,14,3,12757.38,Low,9
2026-08-09,B005,Trichy,Tamil Nadu,P008,Air Conditioner,Appliances,16,1,0,18,17,4,40740.2,High,9
2026-08-09,B005,Trichy,Tamil Nadu,P009,Router,Networking,46,4,3,47,46,14,3453.25,High,8
2026-08-09,B005,Trichy,Tamil Nadu,P010,Monitor,Electronics,32,2,5,21,23,6,15406.89,Low,5
2026-08-09,B006,Tiruppur,Tamil Nadu,P001,LED TV,Electronics,37,2,8,29,33,6,30871.62,Low,5
2026-08-09,B006,Tiruppur,Tamil Nadu,P002,Refrigerator,Appliances,7,0,0,16,17,5,29716.14,Critical,5
2026-08-09,B006,Tiruppur,Tamil Nadu,P003,Washing Machine,Appliances,41,2,5,21,22,4,23636.45,Low,5
2026-08-09,B006,Tiruppur,Tamil Nadu,P004,Microwave,Appliances,15,1,2,13,12,3,9709.87,Low,7
2026-08-09,B006,Tiruppur,Tamil Nadu,P005,Laptop,Electronics,35,2,0,25,23,6,48483.6,Low,3
2026-08-09,B006,Tiruppur,Tamil Nadu,P006,Smartphone,Electronics,35,1,8,34,36,10,17442.28,Medium,6
2026-08-09,B006,Tiruppur,Tamil Nadu,P007,Printer,Electronics,17,0,3,12,12,3,12031.57,Low,6
2026-08-09,B006,Tiruppur,Tamil Nadu,P008,Air Conditioner,Appliances,7,0,0,10,8,3,39462.7,Critical,3
2026-08-09,B006,Tiruppur,Tamil Nadu,P009,Router,Networking,65,2,15,49,47,14,3373.55,Low,3
2026-08-09,B006,Tiruppur,Tamil Nadu,P010,Monitor,Electronics,11,3,5,20,22,6,15078.77,Critical,8
2026-08-09,B007,Erode,Tamil Nadu,P001,LED TV,Electronics,41,1,8,33,32,10,32128.81,Low,9
2026-08-09,B007,Erode,Tamil Nadu,P002,Refrigerator,Appliances,14,2,1,16,16,4,27533.12,High,5
2026-08-09,B007,Erode,Tamil Nadu,P003,Washing Machine,Appliances,16,1,3,12,13,3,24526.21,Low,10
2026-08-09,B007,Erode,Tamil Nadu,P004,Microwave,Appliances,7,0,0,8,9,3,8962.9,Critical,6
2026-08-09,B007,Erode,Tamil Nadu,P005,Laptop,Electronics,32,0,1,26,26,8,51062.47,Medium,4
2026-08-09,B007,Erode,Tamil Nadu,P006,Smartphone,Electronics,28,2,5,27,27,8,17264.03,Medium,4
2026-08-09,B007,Erode,Tamil Nadu,P007,Printer,Electronics,9,0,0,11,10,3,11893.22,High,3
2026-08-09,B007,Erode,Tamil Nadu,P008,Air Conditioner,Appliances,6,0,3,10,11,3,44112.32,Critical,7
2026-08-09,B007,Erode,Tamil Nadu,P009,Router,Networking,72,0,4,43,41,12,3270.84,Low,9
2026-08-09,B007,Erode,Tamil Nadu,P010,Monitor,Electronics,14,2,0,30,27,8,14792.15,Critical,8
2026-08-09,B008,Vellore,Tamil Nadu,P001,LED TV,Electronics,25,3,8,38,41,8,30772.14,Critical,10
2026-08-09,B008,Vellore,Tamil Nadu,P002,Refrigerator,Appliances,11,0,6,19,19,4,29089.13,High,7
2026-08-09,B008,Vellore,Tamil Nadu,P003,Washing Machine,Appliances,20,0,0,18,18,4,23858.83,Medium,8
2026-08-09,B008,Vellore,Tamil Nadu,P004,Microwave,Appliances,16,1,1,13,14,3,8321.58,Medium,10
2026-08-09,B008,Vellore,Tamil Nadu,P005,Laptop,Electronics,25,2,5,35,35,10,47415.35,Critical,10
2026-08-09,B008,Vellore,Tamil Nadu,P006,Smartphone,Electronics,19,1,2,21,21,5,19129.84,High,6
2026-08-09,B008,Vellore,Tamil Nadu,P007,Printer,Electronics,31,2,1,19,18,4,12677.59,Low,4
2026-08-09,B008,Vellore,Tamil Nadu,P008,Air Conditioner,Appliances,23,1,1,18,20,6,41230.45,Medium,3
2026-08-09,B008,Vellore,Tamil Nadu,P009,Router,Networking,34,0,10,38,38,8,3386.25,Medium,4
2026-08-09,B008,Vellore,Tamil Nadu,P010,Monitor,Electronics,30,1,7,25,26,6,16853.39,Low,7
2026-08-10,B001,Chennai,Tamil Nadu,P001,LED TV,Electronics,119,2,1,62,73,23,33040.56,Low,7
2026-08-10,B001,Chennai,Tamil Nadu,P002,Refrigerator,Appliances,20,0,10,32,31,6,29167.6,High,4
2026-08-10,B001,Chennai,Tamil Nadu,P003,Washing Machine,Appliances,59,2,3,33,32,8,22822.33,Low,5
2026-08-10,B001,Chennai,Tamil Nadu,P004,Microwave,Appliances,10,2,4,22,22,7,9266.87,Critical,5
2026-08-10,B001,Chennai,Tamil Nadu,P005,Laptop,Electronics,25,2,4,46,38,11,46851.14,Critical,4
2026-08-10,B001,Chennai,Tamil Nadu,P006,Smartphone,Electronics,118,9,19,76,76,25,17354.17,Low,9
2026-08-10,B001,Chennai,Tamil Nadu,P007,Printer,Electronics,22,0,1,19,18,6,11362.22,Medium,5
2026-08-10,B001,Chennai,Tamil Nadu,P008,Air Conditioner,Appliances,26,2,3,26,24,6,40981.84,Medium,10
2026-08-10,B001,Chennai,Tamil Nadu,P009,Router,Networking,106,1,19,60,63,18,3264.49,Low,4
2026-08-10,B001,Chennai,Tamil Nadu,P010,Monitor,Electronics,53,1,0,33,35,7,15292.35,Low,4
2026-08-10,B002,Coimbatore,Tamil Nadu,P001,LED TV,Electronics,92,0,17,57,58,13,32891.7,Low,9
2026-08-10,B002,Coimbatore,Tamil Nadu,P002,Refrigerator,Appliances,27,2,0,20,21,5,27521.18,Medium,10
2026-08-10,B002,Coimbatore,Tamil Nadu,P003,Washing Machine,Appliances,28,0,3,18,16,3,25462.14,Low,3
2026-08-10,B002,Coimbatore,Tamil Nadu,P004,Microwave,Appliances,37,2,5,25,25,6,9520.71,Low,3
2026-08-10,B002,Coimbatore,Tamil Nadu,P005,Laptop,Electronics,54,1,9,32,33,8,47982.79,Low,5
2026-08-10,B002,Coimbatore,Tamil Nadu,P006,Smartphone,Electronics,80,6,5,63,68,22,18595.22,Medium,8
2026-08-10,B002,Coimbatore,Tamil Nadu,P007,Printer,Electronics,27,1,2,17,19,5,12950.2,Low,6
2026-08-10,B002,Coimbatore,Tamil Nadu,P008,Air Conditioner,Appliances,26,2,0,21,23,6,40693.68,High,4
2026-08-10,B002,Coimbatore,Tamil Nadu,P009,Router,Networking,100,5,6,68,65,14,3496.92,Low,7
2026-08-10,B002,Coimbatore,Tamil Nadu,P010,Monitor,Electronics,61,4,2,35,33,11,15218.18,Low,5
2026-08-10,B003,Madurai,Tamil Nadu,P001,LED TV,Electronics,46,4,4,42,42,13,33762.9,High,7
2026-08-10,B003,Madurai,Tamil Nadu,P002,Refrigerator,Appliances,38,2,6,21,21,6,29482.9,Low,7
2026-08-10,B003,Madurai,Tamil Nadu,P003,Washing Machine,Appliances,21,1,2,18,17,4,23769.45,Low,10
2026-08-10,B003,Madurai,Tamil Nadu,P004,Microwave,Appliances,10,0,2,8,6,3,8376.14,Low,4
2026-08-10,B003,Madurai,Tamil Nadu,P005,Laptop,Electronics,43,2,9,28,27,6,45937.56,Low,3
2026-08-10,B003,Madurai,Tamil Nadu,P006,Smartphone,Electronics,116,9,19,65,64,13,18688.04,Low,10
2026-08-10,B003,Madurai,Tamil Nadu,P007,Printer,Electronics,12,0,0,15,14,4,11843.74,High,9
2026-08-10,B003,Madurai,Tamil Nadu,P008,Air Conditioner,Appliances,20,0,5,17,19,4,42347.84,Low,3
2026-08-10,B003,Madurai,Tamil Nadu,P009,Router,Networking,17,3,1,41,37,12,3681.0,Critical,8
2026-08-10,B003,Madurai,Tamil Nadu,P010,Monitor,Electronics,48,1,7,27,30,6,16863.31,Low,7
2026-08-10,B004,Salem,Tamil Nadu,P001,LED TV,Electronics,87,3,6,43,46,12,34096.92,Low,5
2026-08-10,B004,Salem,Tamil Nadu,P002,Refrigerator,Appliances,15,0,1,17,17,5,29502.16,High,6
2026-08-10,B004,Salem,Tamil Nadu,P003,Washing Machine,Appliances,21,0,4,21,19,5,24150.37,Low,8
2026-08-10,B004,Salem,Tamil Nadu,P004,Microwave,Appliances,22,0,4,14,15,4,8950.98,Low,9
2026-08-10,B004,Salem,Tamil Nadu,P005,Laptop,Electronics,24,1,3,36,35,10,46167.14,Critical,6
2026-08-10,B004,Salem,Tamil Nadu,P006,Smartphone,Electronics,33,5,1,71,64,15,18643.92,Critical,7
2026-08-10,B004,Salem,Tamil Nadu,P007,Printer,Electronics,25,0,4,14,14,3,11582.7,Low,10
2026-08-10,B004,Salem,Tamil Nadu,P008,Air Conditioner,Appliances,13,1,0,16,17,3,43881.52,Critical,6
2026-08-10,B004,Salem,Tamil Nadu,P009,Router,Networking,77,0,12,38,41,9,3419.06,Low,10
2026-08-10,B004,Salem,Tamil Nadu,P010,Monitor,Electronics,32,1,4,26,25,8,15944.87,Low,10
2026-08-10,B005,Trichy,Tamil Nadu,P001,LED TV,Electronics,42,0,6,27,27,7,29440.56,Low,4
2026-08-10,B005,Trichy,Tamil Nadu,P002,Refrigerator,Appliances,13,1,5,18,17,5,26722.64,High,8
2026-08-10,B005,Trichy,Tamil Nadu,P003,Washing Machine,Appliances,29,1,0,21,22,4,22427.88,Low,3
2026-08-10,B005,Trichy,Tamil Nadu,P004,Microwave,Appliances,17,1,3,13,11,3,8593.83,Low,5
2026-08-10,B005,Trichy,Tamil Nadu,P005,Laptop,Electronics,41,0,0,25,25,6,46690.06,Low,5
2026-08-10,B005,Trichy,Tamil Nadu,P006,Smartphone,Electronics,28,1,11,59,52,18,17436.57,Critical,6
2026-08-10,B005,Trichy,Tamil Nadu,P007,Printer,Electronics,4,0,2,10,10,3,11389.43,Critical,7
2026-08-10,B005,Trichy,Tamil Nadu,P008,Air Conditioner,Appliances,17,2,0,18,19,5,38934.03,Critical,4
2026-08-10,B005,Trichy,Tamil Nadu,P009,Router,Networking,83,7,4,51,52,17,3565.55,Low,6
2026-08-10,B005,Trichy,Tamil Nadu,P010,Monitor,Electronics,20,3,8,29,25,6,15785.2,High,3
2026-08-10,B006,Tiruppur,Tamil Nadu,P001,LED TV,Electronics,19,5,10,38,40,8,29986.23,Critical,10
2026-08-10,B006,Tiruppur,Tamil Nadu,P002,Refrigerator,Appliances,10,0,3,17,15,4,27032.37,High,10
2026-08-10,B006,Tiruppur,Tamil Nadu,P003,Washing Machine,Appliances,16,1,6,21,21,5,23992.08,High,9
2026-08-10,B006,Tiruppur,Tamil Nadu,P004,Microwave,Appliances,20,1,0,16,14,4,9669.95,Low,7
2026-08-10,B006,Tiruppur,Tamil Nadu,P005,Laptop,Electronics,14,0,1,25,26,8,47605.01,Critical,5
2026-08-10,B006,Tiruppur,Tamil Nadu,P006,Smartphone,Electronics,56,1,5,63,66,22,18223.84,High,6
2026-08-10,B006,Tiruppur,Tamil Nadu,P007,Printer,Electronics,16,1,1,16,16,4,11268.79,High,9
2026-08-10,B006,Tiruppur,Tamil Nadu,P008,Air Conditioner,Appliances,9,1,2,14,12,3,43288.63,High,9
2026-08-10,B006,Tiruppur,Tamil Nadu,P009,Router,Networking,33,0,4,39,41,8,3521.39,High,3
2026-08-10,B006,Tiruppur,Tamil Nadu,P010,Monitor,Electronics,24,0,2,18,18,5,17009.41,Low,9
2026-08-10,B007,Erode,Tamil Nadu,P001,LED TV,Electronics,36,3,6,37,38,10,31124.79,High,4
2026-08-10,B007,Erode,Tamil Nadu,P002,Refrigerator,Appliances,22,3,4,20,21,4,29566.58,Medium,8
2026-08-10,B007,Erode,Tamil Nadu,P003,Washing Machine,Appliances,26,2,4,20,21,4,24384.06,Low,5
2026-08-10,B007,Erode,Tamil Nadu,P004,Microwave,Appliances,22,1,3,15,15,4,8826.36,Low,6
2026-08-10,B007,Erode,Tamil Nadu,P005,Laptop,Electronics,33,3,2,25,25,7,46000.03,Low,9
2026-08-10,B007,Erode,Tamil Nadu,P006,Smartphone,Electronics,55,0,1,42,44,11,19250.65,Low,9
2026-08-10,B007,Erode,Tamil Nadu,P007,Printer,Electronics,9,0,0,7,6,3,11685.13,Low,9
2026-08-10,B007,Erode,Tamil Nadu,P008,Air Conditioner,Appliances,11,1,3,15,16,5,43085.69,Critical,5
2026-08-10,B007,Erode,Tamil Nadu,P009,Router,Networking,24,5,8,42,45,13,3694.82,Critical,4
2026-08-10,B007,Erode,Tamil Nadu,P010,Monitor,Electronics,33,1,1,22,24,4,16676.93,Low,8
2026-08-10,B008,Vellore,Tamil Nadu,P001,LED TV,Electronics,23,2,11,38,39,12,33000.19,Critical,5
2026-08-10,B008,Vellore,Tamil Nadu,P002,Refrigerator,Appliances,26,1,2,17,18,5,28786.55,Low,4
2026-08-10,B008,Vellore,Tamil Nadu,P003,Washing Machine,Appliances,18,0,4,24,22,6,22671.37,High,6
2026-08-10,B008,Vellore,Tamil Nadu,P004,Microwave,Appliances,20,1,0,16,15,4,9650.14,Low,5
2026-08-10,B008,Vellore,Tamil Nadu,P005,Laptop,Electronics,17,2,2,25,20,5,48603.62,High,9
2026-08-10,B008,Vellore,Tamil Nadu,P006,Smartphone,Electronics,19,1,6,45,44,9,17261.7,Critical,10
2026-08-10,B008,Vellore,Tamil Nadu,P007,Printer,Electronics,13,0,3,12,12,3,11084.6,Low,6
2026-08-10,B008,Vellore,Tamil Nadu,P008,Air Conditioner,Appliances,14,1,3,17,17,5,39939.42,High,6
2026-08-10,B008,Vellore,Tamil Nadu,P009,Router,Networking,78,7,9,46,47,11,3393.26,Low,9
2026-08-10,B008,Vellore,Tamil Nadu,P010,Monitor,Electronics,45,1,8,32,31,7,16846.44,Low,9
2026-08-11,B001,Chennai,Tamil Nadu,P001,LED TV,Electronics,49,4,9,71,63,14,30950.31,High,4
2026-08-11,B001,Chennai,Tamil Nadu,P002,Refrigerator,Appliances,16,0,0,24,24,5,29316.14,Critical,3
2026-08-11,B001,Chennai,Tamil Nadu,P003,Washing Machine,Appliances,18,3,8,27,25,5,22279.29,High,10
2026-08-11,B001,Chennai,Tamil Nadu,P004,Microwave,Appliances,34,0,4,21,24,7,9329.12,Low,10
2026-08-11,B001,Chennai,Tamil Nadu,P005,Laptop,Electronics,37,3,4,35,32,8,46699.11,Medium,10
2026-08-11,B001,Chennai,Tamil Nadu,P006,Smartphone,Electronics,44,6,3,65,73,24,18115.66,Critical,6
2026-08-11,B001,Chennai,Tamil Nadu,P007,Printer,Electronics,27,2,6,19,18,4,11182.05,Low,7
2026-08-11,B001,Chennai,Tamil Nadu,P008,Air Conditioner,Appliances,37,0,6,22,24,5,42436.12,Low,5
2026-08-11,B001,Chennai,Tamil Nadu,P009,Router,Networking,59,3,14,80,78,23,3577.19,High,9
2026-08-11,B001,Chennai,Tamil Nadu,P010,Monitor,Electronics,19,0,1,37,39,9,15578.74,Critical,7
2026-08-11,B002,Coimbatore,Tamil Nadu,P001,LED TV,Electronics,82,0,22,56,64,18,29612.08,Low,7
2026-08-11,B002,Coimbatore,Tamil Nadu,P002,Refrigerator,Appliances,30,1,2,22,24,6,27211.16,Low,9
2026-08-11,B002,Coimbatore,Tamil Nadu,P003,Washing Machine,Appliances,25,1,7,26,23,7,22528.34,Low,10
2026-08-11,B002,Coimbatore,Tamil Nadu,P004,Microwave,Appliances,14,2,0,17,18,6,9186.93,Critical,10
2026-08-11,B002,Coimbatore,Tamil Nadu,P005,Laptop,Electronics,35,4,12,37,38,8,51692.6,Medium,5
2026-08-11,B002,Coimbatore,Tamil Nadu,P006,Smartphone,Electronics,59,6,5,69,61,17,16659.72,High,7
2026-08-11,B002,Coimbatore,Tamil Nadu,P007,Printer,Electronics,19,1,0,16,15,3,12913.36,Low,10
2026-08-11,B002,Coimbatore,Tamil Nadu,P008,Air Conditioner,Appliances,32,1,2,21,21,4,40459.62,Low,9
2026-08-11,B002,Coimbatore,Tamil Nadu,P009,Router,Networking,75,1,11,44,49,16,3736.54,Low,5
2026-08-11,B002,Coimbatore,Tamil Nadu,P010,Monitor,Electronics,22,2,4,28,26,5,15136.19,High,10
2026-08-11,B003,Madurai,Tamil Nadu,P001,LED TV,Electronics,59,0,12,60,59,16,33882.01,Medium,10
2026-08-11,B003,Madurai,Tamil Nadu,P002,Refrigerator,Appliances,33,1,5,20,22,5,26464.39,Low,3
2026-08-11,B003,Madurai,Tamil Nadu,P003,Washing Machine,Appliances,31,0,3,26,26,5,24554.61,Low,10
2026-08-11,B003,Madurai,Tamil Nadu,P004,Microwave,Appliances,36,1,5,20,22,5,8702.13,Low,4
2026-08-11,B003,Madurai,Tamil Nadu,P005,Laptop,Electronics,43,2,0,30,31,6,45102.16,Low,8
2026-08-11,B003,Madurai,Tamil Nadu,P006,Smartphone,Electronics,116,3,7,74,69,19,16655.61,Low,9
2026-08-11,B003,Madurai,Tamil Nadu,P007,Printer,Electronics,17,2,1,15,17,3,11653.93,High,9
2026-08-11,B003,Madurai,Tamil Nadu,P008,Air Conditioner,Appliances,35,1,1,20,21,6,42280.23,Low,7
2026-08-11,B003,Madurai,Tamil Nadu,P009,Router,Networking,53,0,1,49,50,15,3599.63,High,10
2026-08-11,B003,Madurai,Tamil Nadu,P010,Monitor,Electronics,56,2,9,31,32,10,15395.44,Low,3
2026-08-11,B004,Salem,Tamil Nadu,P001,LED TV,Electronics,71,2,7,41,45,14,33026.48,Low,8
2026-08-11,B004,Salem,Tamil Nadu,P002,Refrigerator,Appliances,16,1,2,18,17,4,27953.56,High,4
2026-08-11,B004,Salem,Tamil Nadu,P003,Washing Machine,Appliances,14,1,4,18,17,5,25541.45,High,8
2026-08-11,B004,Salem,Tamil Nadu,P004,Microwave,Appliances,16,0,1,13,11,3,9310.87,Low,4
2026-08-11,B004,Salem,Tamil Nadu,P005,Laptop,Electronics,57,2,10,32,32,8,49822.88,Low,10
2026-08-11,B004,Salem,Tamil Nadu,P006,Smartphone,Electronics,43,7,1,69,76,20,16845.73,Critical,8
2026-08-11,B004,Salem,Tamil Nadu,P007,Printer,Electronics,25,2,0,20,22,4,12499.71,Medium,9
2026-08-11,B004,Salem,Tamil Nadu,P008,Air Conditioner,Appliances,24,0,2,17,17,3,41926.03,Low,10
2026-08-11,B004,Salem,Tamil Nadu,P009,Router,Networking,81,6,10,48,45,13,3223.18,Low,3
2026-08-11,B004,Salem,Tamil Nadu,P010,Monitor,Electronics,29,2,8,25,25,7,16795.32,Low,10
2026-08-11,B005,Trichy,Tamil Nadu,P001,LED TV,Electronics,73,4,8,47,49,11,30471.45,Low,5
2026-08-11,B005,Trichy,Tamil Nadu,P002,Refrigerator,Appliances,20,0,6,20,20,5,28214.08,Low,10
2026-08-11,B005,Trichy,Tamil Nadu,P003,Washing Machine,Appliances,21,1,6,22,20,5,24557.85,Low,6
2026-08-11,B005,Trichy,Tamil Nadu,P004,Microwave,Appliances,37,0,0,21,20,5,8553.79,Low,10
2026-08-11,B005,Trichy,Tamil Nadu,P005,Laptop,Electronics,28,0,5,28,28,8,46311.32,Medium,10
2026-08-11,B005,Trichy,Tamil Nadu,P006,Smartphone,Electronics,40,0,7,40,34,7,17255.78,Low,9
2026-08-11,B005,Trichy,Tamil Nadu,P007,Printer,Electronics,12,0,0,10,9,3,11843.37,Low,9
2026-08-11,B005,Trichy,Tamil Nadu,P008,Air Conditioner,Appliances,43,2,5,24,27,8,42787.69,Low,9
2026-08-11,B005,Trichy,Tamil Nadu,P009,Router,Networking,60,5,14,47,43,11,3313.97,Low,8
2026-08-11,B005,Trichy,Tamil Nadu,P010,Monitor,Electronics,28,2,4,28,25,5,17080.58,Low,10
2026-08-11,B006,Tiruppur,Tamil Nadu,P001,LED TV,Electronics,65,4,16,57,49,15,32606.18,Low,8
2026-08-11,B006,Tiruppur,Tamil Nadu,P002,Refrigerator,Appliances,26,1,5,22,21,6,28686.58,Low,7
2026-08-11,B006,Tiruppur,Tamil Nadu,P003,Washing Machine,Appliances,16,2,2,24,20,5,24504.46,High,10
2026-08-11,B006,Tiruppur,Tamil Nadu,P004,Microwave,Appliances,8,0,3,16,17,5,9172.07,Critical,9
2026-08-11,B006,Tiruppur,Tamil Nadu,P005,Laptop,Electronics,24,2,8,31,26,7,49167.47,Medium,7
2026-08-11,B006,Tiruppur,Tamil Nadu,P006,Smartphone,Electronics,81,1,17,52,58,12,17349.19,Low,9
2026-08-11,B006,Tiruppur,Tamil Nadu,P007,Printer,Electronics,14,0,1,10,10,3,12389.77,Low,6
2026-08-11,B006,Tiruppur,Tamil Nadu,P008,Air Conditioner,Appliances,12,0,2,15,14,4,39897.31,High,4
2026-08-11,B006,Tiruppur,Tamil Nadu,P009,Router,Networking,83,2,13,46,44,14,3756.22,Low,8
2026-08-11,B006,Tiruppur,Tamil Nadu,P010,Monitor,Electronics,30,1,1,27,23,7,15907.08,Low,5
2026-08-11,B007,Erode,Tamil Nadu,P001,LED TV,Electronics,50,1,6,33,34,8,34126.07,Low,5
2026-08-11,B007,Erode,Tamil Nadu,P002,Refrigerator,Appliances,23,0,3,14,13,3,27540.18,Low,8
2026-08-11,B007,Erode,Tamil Nadu,P003,Washing Machine,Appliances,15,1,6,22,23,5,25078.13,High,8
2026-08-11,B007,Erode,Tamil Nadu,P004,Microwave,Appliances,26,2,4,14,15,5,8449.41,Low,6
2026-08-11,B007,Erode,Tamil Nadu,P005,Laptop,Electronics,19,1,5,22,22,5,45771.46,Medium,9
2026-08-11,B007,Erode,Tamil Nadu,P006,Smartphone,Electronics,33,3,13,45,53,12,18138.94,High,3
2026-08-11,B007,Erode,Tamil Nadu,P007,Printer,Electronics,18,1,1,13,14,3,11420.16,Low,7
2026-08-11,B007,Erode,Tamil Nadu,P008,Air Conditioner,Appliances,7,0,1,12,12,3,40130.27,Critical,6
2026-08-11,B007,Erode,Tamil Nadu,P009,Router,Networking,17,3,8,37,36,10,3353.94,Critical,6
2026-08-11,B007,Erode,Tamil Nadu,P010,Monitor,Electronics,30,1,5,21,16,3,15781.88,Low,5
2026-08-11,B008,Vellore,Tamil Nadu,P001,LED TV,Electronics,62,1,3,37,41,9,31646.37,Low,3
2026-08-11,B008,Vellore,Tamil Nadu,P002,Refrigerator,Appliances,41,0,1,22,26,6,27870.75,Low,3
2026-08-11,B008,Vellore,Tamil Nadu,P003,Washing Machine,Appliances,46,2,1,27,29,8,25188.79,Low,8
2026-08-11,B008,Vellore,Tamil Nadu,P004,Microwave,Appliances,16,1,0,11,11,3,8377.47,Low,5
2026-08-11,B008,Vellore,Tamil Nadu,P005,Laptop,Electronics,38,0,4,25,23,7,44436.94,Low,7
2026-08-11,B008,Vellore,Tamil Nadu,P006,Smartphone,Electronics,104,4,16,60,68,15,18467.3,Low,10
2026-08-11,B008,Vellore,Tamil Nadu,P007,Printer,Electronics,6,0,0,12,11,3,11040.46,Critical,4
2026-08-11,B008,Vellore,Tamil Nadu,P008,Air Conditioner,Appliances,25,1,4,16,17,4,38848.88,Low,5
2026-08-11,B008,Vellore,Tamil Nadu,P009,Router,Networking,34,1,12,36,37,9,3713.32,Medium,10
2026-08-11,B008,Vellore,Tamil Nadu,P010,Monitor,Electronics,20,4,13,36,38,12,16593.34,Critical,7
2026-08-12,B001,Chennai,Tamil Nadu,P001,LED TV,Electronics,59,0,15,69,68,13,29956.05,Medium,4
2026-08-12,B001,Chennai,Tamil Nadu,P002,Refrigerator,Appliances,14,0,6,29,31,9,29844.78,Critical,7
2026-08-12,B001,Chennai,Tamil Nadu,P003,Washing Machine,Appliances,34,3,2,27,30,7,22467.7,Medium,9
2026-08-12,B001,Chennai,Tamil Nadu,P004,Microwave,Appliances,23,1,6,26,26,7,8375.69,Medium,8
2026-08-12,B001,Chennai,Tamil Nadu,P005,Laptop,Electronics,40,3,9,43,45,10,51275.21,Medium,10
2026-08-12,B001,Chennai,Tamil Nadu,P006,Smartphone,Electronics,77,8,19,67,59,14,18584.53,Low,9
2026-08-12,B001,Chennai,Tamil Nadu,P007,Printer,Electronics,24,2,0,23,24,5,11978.69,High,10
2026-08-12,B001,Chennai,Tamil Nadu,P008,Air Conditioner,Appliances,16,3,5,21,21,4,43166.29,High,10
2026-08-12,B001,Chennai,Tamil Nadu,P009,Router,Networking,82,9,25,75,81,16,3557.23,Low,5
2026-08-12,B001,Chennai,Tamil Nadu,P010,Monitor,Electronics,59,1,9,35,37,11,15462.04,Low,6
2026-08-12,B002,Coimbatore,Tamil Nadu,P001,LED TV,Electronics,45,2,10,45,51,14,31951.33,High,9
2026-08-12,B002,Coimbatore,Tamil Nadu,P002,Refrigerator,Appliances,46,3,2,24,26,5,28236.29,Low,9
2026-08-12,B002,Coimbatore,Tamil Nadu,P003,Washing Machine,Appliances,30,3,7,23,23,6,23158.05,Low,5
2026-08-12,B002,Coimbatore,Tamil Nadu,P004,Microwave,Appliances,23,1,3,15,15,4,8682.01,Low,9
2026-08-12,B002,Coimbatore,Tamil Nadu,P005,Laptop,Electronics,35,1,9,31,32,8,47724.59,Low,7
2026-08-12,B002,Coimbatore,Tamil Nadu,P006,Smartphone,Electronics,55,1,12,68,71,23,18896.21,High,5
2026-08-12,B002,Coimbatore,Tamil Nadu,P007,Printer,Electronics,30,2,4,16,17,5,11820.67,Low,5
2026-08-12,B002,Coimbatore,Tamil Nadu,P008,Air Conditioner,Appliances,12,2,4,18,16,4,40546.85,High,4
2026-08-12,B002,Coimbatore,Tamil Nadu,P009,Router,Networking,112,2,4,64,68,19,3738.74,Low,3
2026-08-12,B002,Coimbatore,Tamil Nadu,P010,Monitor,Electronics,21,2,4,24,25,5,16874.59,High,10
2026-08-12,B003,Madurai,Tamil Nadu,P001,LED TV,Electronics,93,8,13,63,67,23,32649.87,Low,10
2026-08-12,B003,Madurai,Tamil Nadu,P002,Refrigerator,Appliances,15,1,4,18,19,4,26297.0,High,7
2026-08-12,B003,Madurai,Tamil Nadu,P003,Washing Machine,Appliances,29,2,4,17,18,4,24090.92,Low,4
2026-08-12,B003,Madurai,Tamil Nadu,P004,Microwave,Appliances,8,1,2,15,13,3,8819.51,Critical,10
2026-08-12,B003,Madurai,Tamil Nadu,P005,Laptop,Electronics,51,1,9,31,29,7,46456.94,Low,4
2026-08-12,B003,Madurai,Tamil Nadu,P006,Smartphone,Electronics,52,6,9,63,68,15,17070.52,High,5
2026-08-12,B003,Madurai,Tamil Nadu,P007,Printer,Electronics,20,1,0,13,14,3,12216.3,Low,7
2026-08-12,B003,Madurai,Tamil Nadu,P008,Air Conditioner,Appliances,29,0,2,18,19,4,42457.47,Low,5
2026-08-12,B003,Madurai,Tamil Nadu,P009,Router,Networking,47,3,17,52,51,15,3341.2,Medium,4
2026-08-12,B003,Madurai,Tamil Nadu,P010,Monitor,Electronics,47,1,5,29,28,8,16915.21,Low,8
2026-08-12,B004,Salem,Tamil Nadu,P001,LED TV,Electronics,35,2,12,39,39,8,31466.68,Medium,9
2026-08-12,B004,Salem,Tamil Nadu,P002,Refrigerator,Appliances,23,0,4,19,20,6,27437.91,Low,8
2026-08-12,B004,Salem,Tamil Nadu,P003,Washing Machine,Appliances,34,0,1,25,24,4,22694.69,Low,5
2026-08-12,B004,Salem,Tamil Nadu,P004,Microwave,Appliances,14,0,0,16,13,3,8431.05,Medium,10
2026-08-12,B004,Salem,Tamil Nadu,P005,Laptop,Electronics,27,2,2,19,21,4,44358.61,Low,8
2026-08-12,B004,Salem,Tamil Nadu,P006,Smartphone,Electronics,76,5,7,65,68,19,18454.96,Medium,5
2026-08-12,B004,Salem,Tamil Nadu,P007,Printer,Electronics,15,0,4,12,13,4,11198.85,Low,8
2026-08-12,B004,Salem,Tamil Nadu,P008,Air Conditioner,Appliances,15,0,1,15,13,3,44163.18,Low,5
2026-08-12,B004,Salem,Tamil Nadu,P009,Router,Networking,90,6,15,48,49,13,3729.52,Low,7
2026-08-12,B004,Salem,Tamil Nadu,P010,Monitor,Electronics,13,1,2,17,16,5,15929.55,High,3
2026-08-12,B005,Trichy,Tamil Nadu,P001,LED TV,Electronics,78,3,2,46,49,12,33968.65,Low,9
2026-08-12,B005,Trichy,Tamil Nadu,P002,Refrigerator,Appliances,17,1,4,14,13,4,28503.67,Low,3
2026-08-12,B005,Trichy,Tamil Nadu,P003,Washing Machine,Appliances,24,2,4,22,21,4,22801.97,Low,10
2026-08-12,B005,Trichy,Tamil Nadu,P004,Microwave,Appliances,17,1,0,12,11,3,8680.29,Low,5
2026-08-12,B005,Trichy,Tamil Nadu,P005,Laptop,Electronics,40,0,7,31,27,8,49326.24,Low,10
2026-08-12,B005,Trichy,Tamil Nadu,P006,Smartphone,Electronics,98,9,7,64,73,24,16940.23,Medium,9
2026-08-12,B005,Trichy,Tamil Nadu,P007,Printer,Electronics,22,1,1,15,17,5,12170.85,Low,6
2026-08-12,B005,Trichy,Tamil Nadu,P008,Air Conditioner,Appliances,30,1,0,19,20,6,41475.06,Low,3
2026-08-12,B005,Trichy,Tamil Nadu,P009,Router,Networking,44,7,1,51,56,15,3605.79,Critical,7
2026-08-12,B005,Trichy,Tamil Nadu,P010,Monitor,Electronics,15,1,6,22,22,5,16347.19,High,6
2026-08-12,B006,Tiruppur,Tamil Nadu,P001,LED TV,Electronics,70,3,7,38,40,10,30342.31,Low,8
2026-08-12,B006,Tiruppur,Tamil Nadu,P002,Refrigerator,Appliances,34,1,4,20,19,5,26993.27,Low,3
2026-08-12,B006,Tiruppur,Tamil Nadu,P003,Washing Machine,Appliances,38,0,3,19,21,5,23312.57,Low,10
2026-08-12,B006,Tiruppur,Tamil Nadu,P004,Microwave,Appliances,10,1,1,13,11,3,8341.68,High,5
2026-08-12,B006,Tiruppur,Tamil Nadu,P005,Laptop,Electronics,12,1,6,22,23,6,50106.56,Critical,4
2026-08-12,B006,Tiruppur,Tamil Nadu,P006,Smartphone,Electronics,58,1,16,57,64,22,17360.88,High,7
2026-08-12,B006,Tiruppur,Tamil Nadu,P007,Printer,Electronics,15,0,3,12,11,3,12008.1,Low,5
2026-08-12,B006,Tiruppur,Tamil Nadu,P008,Air Conditioner,Appliances,21,1,4,15,14,4,39815.92,Low,4
2026-08-12,B006,Tiruppur,Tamil Nadu,P009,Router,Networking,96,8,4,53,58,14,3543.16,Low,10
2026-08-12,B006,Tiruppur,Tamil Nadu,P010,Monitor,Electronics,35,0,0,23,22,5,15781.4,Low,8
2026-08-12,B007,Erode,Tamil Nadu,P001,LED TV,Electronics,70,3,9,39,44,12,32083.03,Low,7
2026-08-12,B007,Erode,Tamil Nadu,P002,Refrigerator,Appliances,22,1,2,14,16,3,27238.61,Low,4
2026-08-12,B007,Erode,Tamil Nadu,P003,Washing Machine,Appliances,17,1,1,18,14,3,23434.16,Low,9
2026-08-12,B007,Erode,Tamil Nadu,P004,Microwave,Appliances,13,0,0,11,11,3,9125.96,Medium,10
2026-08-12,B007,Erode,Tamil Nadu,P005,Laptop,Electronics,40,0,9,29,29,6,48714.35,Low,4
2026-08-12,B007,Erode,Tamil Nadu,P006,Smartphone,Electronics,13,0,4,21,20,4,17750.12,High,6
2026-08-12,B007,Erode,Tamil Nadu,P007,Printer,Electronics,11,0,1,9,8,3,12044.45,Low,5
2026-08-12,B007,Erode,Tamil Nadu,P008,Air Conditioner,Appliances,20,0,5,16,16,4,42755.15,Low,3
2026-08-12,B007,Erode,Tamil Nadu,P009,Router,Networking,43,2,8,35,36,11,3240.37,Low,9
2026-08-12,B007,Erode,Tamil Nadu,P010,Monitor,Electronics,8,1,3,15,13,3,15424.28,Critical,4
2026-08-12,B008,Vellore,Tamil Nadu,P001,LED TV,Electronics,35,3,11,42,46,9,30565.13,High,10
2026-08-12,B008,Vellore,Tamil Nadu,P002,Refrigerator,Appliances,13,0,8,25,25,7,26906.74,High,4
2026-08-12,B008,Vellore,Tamil Nadu,P003,Washing Machine,Appliances,33,3,6,24,22,7,25899.31,Low,9
2026-08-12,B008,Vellore,Tamil Nadu,P004,Microwave,Appliances,25,1,0,15,16,4,8620.98,Low,6
2026-08-12,B008,Vellore,Tamil Nadu,P005,Laptop,Electronics,15,2,6,21,20,4,44878.18,High,8
2026-08-12,B008,Vellore,Tamil Nadu,P006,Smartphone,Electronics,71,8,16,58,60,18,18910.11,Low,6
2026-08-12,B008,Vellore,Tamil Nadu,P007,Printer,Electronics,9,1,2,12,11,3,11181.22,High,9
2026-08-12,B008,Vellore,Tamil Nadu,P008,Air Conditioner,Appliances,28,0,4,17,16,3,42143.92,Low,10
2026-08-12,B008,Vellore,Tamil Nadu,P009,Router,Networking,20,1,11,49,40,12,3702.71,Critical,4
2026-08-12,B008,Vellore,Tamil Nadu,P010,Monitor,Electronics,22,1,0,22,21,4,16852.28,Medium,5
2026-08-13,B001,Chennai,Tamil Nadu,P001,LED TV,Electronics,42,5,18,76,76,21,29737.45,Critical,4
2026-08-13,B001,Chennai,Tamil Nadu,P002,Refrigerator,Appliances,50,2,2,25,27,6,27234.28,Low,6
2026-08-13,B001,Chennai,Tamil Nadu,P003,Washing Machine,Appliances,14,1,1,28,27,8,22852.36,Critical,5
2026-08-13,B001,Chennai,Tamil Nadu,P004,Microwave,Appliances,19,2,4,19,21,6,8680.55,High,4
2026-08-13,B001,Chennai,Tamil Nadu,P005,Laptop,Electronics,20,2,10,36,31,7,47170.33,High,4
2026-08-13,B001,Chennai,Tamil Nadu,P006,Smartphone,Electronics,41,1,3,80,86,17,18714.49,Critical,9
2026-08-13,B001,Chennai,Tamil Nadu,P007,Printer,Electronics,28,1,0,18,16,3,12311.74,Low,9
2026-08-13,B001,Chennai,Tamil Nadu,P008,Air Conditioner,Appliances,17,0,6,21,22,6,44695.83,High,5
2026-08-13,B001,Chennai,Tamil Nadu,P009,Router,Networking,89,1,7,64,65,19,3548.1,Low,9
2026-08-13,B001,Chennai,Tamil Nadu,P010,Monitor,Electronics,28,5,8,36,39,11,16804.45,Critical,10
2026-08-13,B002,Coimbatore,Tamil Nadu,P001,LED TV,Electronics,47,0,0,58,56,11,31249.31,High,6
2026-08-13,B002,Coimbatore,Tamil Nadu,P002,Refrigerator,Appliances,12,2,5,18,16,3,28896.76,High,8
2026-08-13,B002,Coimbatore,Tamil Nadu,P003,Washing Machine,Appliances,25,2,5,20,20,6,22386.34,Low,9
2026-08-13,B002,Coimbatore,Tamil Nadu,P004,Microwave,Appliances,29,1,1,19,20,5,8884.64,Low,5
2026-08-13,B002,Coimbatore,Tamil Nadu,P005,Laptop,Electronics,42,1,12,45,45,11,49501.81,Medium,6
2026-08-13,B002,Coimbatore,Tamil Nadu,P006,Smartphone,Electronics,107,1,13,68,57,15,16958.1,Low,7
2026-08-13,B002,Coimbatore,Tamil Nadu,P007,Printer,Electronics,9,1,2,18,17,4,12597.86,Critical,9
2026-08-13,B002,Coimbatore,Tamil Nadu,P008,Air Conditioner,Appliances,26,0,3,15,14,3,39038.81,Low,4
2026-08-13,B002,Coimbatore,Tamil Nadu,P009,Router,Networking,92,5,16,57,55,17,3612.37,Low,5
2026-08-13,B002,Coimbatore,Tamil Nadu,P010,Monitor,Electronics,28,2,9,29,28,5,16057.0,Low,3
2026-08-13,B003,Madurai,Tamil Nadu,P001,LED TV,Electronics,95,3,14,58,58,19,30914.0,Low,7
2026-08-13,B003,Madurai,Tamil Nadu,P002,Refrigerator,Appliances,12,0,2,18,19,4,29684.58,Critical,5
2026-08-13,B003,Madurai,Tamil Nadu,P003,Washing Machine,Appliances,13,0,0,24,25,6,23014.7,Critical,6
2026-08-13,B003,Madurai,Tamil Nadu,P004,Microwave,Appliances,16,0,4,14,14,3,9010.26,Low,9
2026-08-13,B003,Madurai,Tamil Nadu,P005,Laptop,Electronics,50,0,1,38,35,7,49611.89,Low,4
2026-08-13,B003,Madurai,Tamil Nadu,P006,Smartphone,Electronics,112,0,12,78,85,26,17314.65,Low,4
2026-08-13,B003,Madurai,Tamil Nadu,P007,Printer,Electronics,13,2,5,17,19,4,12219.76,High,8
2026-08-13,B003,Madurai,Tamil Nadu,P008,Air Conditioner,Appliances,9,0,1,15,15,4,43030.97,Critical,10
2026-08-13,B003,Madurai,Tamil Nadu,P009,Router,Networking,63,1,10,48,53,18,3346.68,Low,6
2026-08-13,B003,Madurai,Tamil Nadu,P010,Monitor,Electronics,47,0,1,24,27,8,15766.33,Low,9
2026-08-13,B004,Salem,Tamil Nadu,P001,LED TV,Electronics,30,2,5,56,57,17,29974.02,Critical,8
2026-08-13,B004,Salem,Tamil Nadu,P002,Refrigerator,Appliances,29,0,0,16,16,4,29486.36,Low,9
2026-08-13,B004,Salem,Tamil Nadu,P003,Washing Machine,Appliances,21,1,4,21,21,6,25239.27,Medium,9
2026-08-13,B004,Salem,Tamil Nadu,P004,Microwave,Appliances,8,0,3,20,18,4,9422.87,Critical,4
2026-08-13,B004,Salem,Tamil Nadu,P005,Laptop,Electronics,30,1,9,29,29,6,46351.71,Low,10
2026-08-13,B004,Salem,Tamil Nadu,P006,Smartphone,Electronics,105,9,22,68,80,18,16731.93,Low,8
2026-08-13,B004,Salem,Tamil Nadu,P007,Printer,Electronics,17,1,1,12,13,3,11115.21,Low,9
2026-08-13,B004,Salem,Tamil Nadu,P008,Air Conditioner,Appliances,28,0,0,17,17,4,39447.61,Low,6
2026-08-13,B004,Salem,Tamil Nadu,P009,Router,Networking,61,1,7,50,48,11,3336.21,Low,4
2026-08-13,B004,Salem,Tamil Nadu,P010,Monitor,Electronics,33,3,5,27,28,9,15965.32,Medium,8
2026-08-13,B005,Trichy,Tamil Nadu,P001,LED TV,Electronics,76,5,15,47,48,13,30535.77,Low,5
2026-08-13,B005,Trichy,Tamil Nadu,P002,Refrigerator,Appliances,27,2,2,21,20,6,30025.57,Low,3
2026-08-13,B005,Trichy,Tamil Nadu,P003,Washing Machine,Appliances,21,2,2,18,17,4,25208.01,Low,10
2026-08-13,B005,Trichy,Tamil Nadu,P004,Microwave,Appliances,28,2,3,18,18,5,9498.64,Low,5
2026-08-13,B005,Trichy,Tamil Nadu,P005,Laptop,Electronics,39,1,4,25,27,8,47260.93,Low,7
2026-08-13,B005,Trichy,Tamil Nadu,P006,Smartphone,Electronics,91,1,18,56,60,13,17739.07,Low,7
2026-08-13,B005,Trichy,Tamil Nadu,P007,Printer,Electronics,19,0,1,13,11,3,12767.0,Low,5
2026-08-13,B005,Trichy,Tamil Nadu,P008,Air Conditioner,Appliances,14,1,6,20,21,5,44898.47,High,8
2026-08-13,B005,Trichy,Tamil Nadu,P009,Router,Networking,59,3,14,40,45,13,3232.96,Low,10
2026-08-13,B005,Trichy,Tamil Nadu,P010,Monitor,Electronics,33,1,8,27,27,7,15855.9,Low,10
2026-08-13,B006,Tiruppur,Tamil Nadu,P001,LED TV,Electronics,40,1,5,27,27,7,33663.26,Low,5
2026-08-13,B006,Tiruppur,Tamil Nadu,P002,Refrigerator,Appliances,15,0,1,13,13,3,28797.72,Low,5
2026-08-13,B006,Tiruppur,Tamil Nadu,P003,Washing Machine,Appliances,25,0,5,19,17,4,25740.07,Low,7
2026-08-13,B006,Tiruppur,Tamil Nadu,P004,Microwave,Appliances,28,0,4,17,17,5,9220.39,Low,4
2026-08-13,B006,Tiruppur,Tamil Nadu,P005,Laptop,Electronics,15,2,0,19,20,5,51034.76,Critical,6
2026-08-13,B006,Tiruppur,Tamil Nadu,P006,Smartphone,Electronics,27,6,7,49,45,9,18543.57,Critical,4
2026-08-13,B006,Tiruppur,Tamil Nadu,P007,Printer,Electronics,9,0,1,11,10,3,11783.06,High,10
2026-08-13,B006,Tiruppur,Tamil Nadu,P008,Air Conditioner,Appliances,33,1,5,20,22,5,39606.51,Low,4
2026-08-13,B006,Tiruppur,Tamil Nadu,P009,Router,Networking,38,6,10,43,46,11,3592.56,High,8
2026-08-13,B006,Tiruppur,Tamil Nadu,P010,Monitor,Electronics,19,1,1,21,20,5,16466.31,High,7
2026-08-13,B007,Erode,Tamil Nadu,P001,LED TV,Electronics,32,2,11,37,34,8,31530.9,Medium,7
2026-08-13,B007,Erode,Tamil Nadu,P002,Refrigerator,Appliances,14,0,3,16,16,3,27956.23,Medium,9
2026-08-13,B007,Erode,Tamil Nadu,P003,Washing Machine,Appliances,31,1,0,19,18,3,25777.81,Low,7
2026-08-13,B007,Erode,Tamil Nadu,P004,Microwave,Appliances,19,1,4,15,14,3,9337.4,Low,6
2026-08-13,B007,Erode,Tamil Nadu,P005,Laptop,Electronics,33,0,2,22,21,5,50564.21,Low,3
2026-08-13,B007,Erode,Tamil Nadu,P006,Smartphone,Electronics,23,2,12,46,49,11,19322.18,Critical,9
2026-08-13,B007,Erode,Tamil Nadu,P007,Printer,Electronics,10,0,2,14,14,3,12766.92,High,4
2026-08-13,B007,Erode,Tamil Nadu,P008,Air Conditioner,Appliances,18,1,4,13,13,3,39370.24,Low,10
2026-08-13,B007,Erode,Tamil Nadu,P009,Router,Networking,20,2,3,39,36,12,3522.35,Critical,4
2026-08-13,B007,Erode,Tamil Nadu,P010,Monitor,Electronics,19,1,5,19,17,5,16985.78,Low,7
2026-08-13,B008,Vellore,Tamil Nadu,P001,LED TV,Electronics,26,5,4,37,40,8,29997.18,Critical,4
2026-08-13,B008,Vellore,Tamil Nadu,P002,Refrigerator,Appliances,17,1,3,17,17,3,26958.46,Medium,4
2026-08-13,B008,Vellore,Tamil Nadu,P003,Washing Machine,Appliances,17,1,2,14,13,3,22690.11,Low,8
2026-08-13,B008,Vellore,Tamil Nadu,P004,Microwave,Appliances,10,0,3,12,12,3,8951.25,Medium,4
2026-08-13,B008,Vellore,Tamil Nadu,P005,Laptop,Electronics,47,0,3,29,28,7,46736.21,Low,8
2026-08-13,B008,Vellore,Tamil Nadu,P006,Smartphone,Electronics,55,1,10,50,53,18,19430.25,Medium,7
2026-08-13,B008,Vellore,Tamil Nadu,P007,Printer,Electronics,5,0,0,8,8,3,12748.24,Critical,4
2026-08-13,B008,Vellore,Tamil Nadu,P008,Air Conditioner,Appliances,15,2,0,16,17,5,42575.14,Critical,9
2026-08-13,B008,Vellore,Tamil Nadu,P009,Router,Networking,64,0,10,51,47,10,3507.51,Low,9
2026-08-13,B008,Vellore,Tamil Nadu,P010,Monitor,Electronics,33,1,3,21,20,4,15672.89,Low,4
2026-08-14,B001,Chennai,Tamil Nadu,P001,LED TV,Electronics,63,6,6,67,69,22,33195.04,High,10
2026-08-14,B001,Chennai,Tamil Nadu,P002,Refrigerator,Appliances,44,3,7,31,33,9,28764.76,Low,10
2026-08-14,B001,Chennai,Tamil Nadu,P003,Washing Machine,Appliances,58,4,5,32,35,8,22183.31,Low,10
2026-08-14,B001,Chennai,Tamil Nadu,P004,Microwave,Appliances,23,4,0,27,30,7,8286.24,Critical,8
2026-08-14,B001,Chennai,Tamil Nadu,P005,Laptop,Electronics,75,6,19,49,57,13,47079.24,Low,4
2026-08-14,B001,Chennai,Tamil Nadu,P006,Smartphone,Electronics,76,9,35,116,113,31,17765.33,High,6
2026-08-14,B001,Chennai,Tamil Nadu,P007,Printer,Electronics,16,2,4,24,26,5,12374.0,Critical,8
2026-08-14,B001,Chennai,Tamil Nadu,P008,Air Conditioner,Appliances,20,0,3,25,24,7,43609.24,High,10
2026-08-14,B001,Chennai,Tamil Nadu,P009,Router,Networking,73,11,18,81,80,16,3518.32,Medium,9
2026-08-14,B001,Chennai,Tamil Nadu,P010,Monitor,Electronics,89,3,4,49,48,11,15447.77,Low,5
2026-08-14,B002,Coimbatore,Tamil Nadu,P001,LED TV,Electronics,28,5,11,62,63,14,31885.57,Critical,7
2026-08-14,B002,Coimbatore,Tamil Nadu,P002,Refrigerator,Appliances,12,1,5,20,18,4,25882.76,High,10
2026-08-14,B002,Coimbatore,Tamil Nadu,P003,Washing Machine,Appliances,28,1,9,29,29,10,24417.12,Medium,4
2026-08-14,B002,Coimbatore,Tamil Nadu,P004,Microwave,Appliances,35,1,3,20,19,4,9411.14,Low,5
2026-08-14,B002,Coimbatore,Tamil Nadu,P005,Laptop,Electronics,25,0,5,40,38,13,48486.38,Critical,7
2026-08-14,B002,Coimbatore,Tamil Nadu,P006,Smartphone,Electronics,77,13,9,89,97,26,18690.25,Critical,4
2026-08-14,B002,Coimbatore,Tamil Nadu,P007,Printer,Electronics,10,0,3,18,15,3,12625.86,High,7
2026-08-14,B002,Coimbatore,Tamil Nadu,P008,Air Conditioner,Appliances,11,0,0,16,16,5,38899.95,Critical,8
2026-08-14,B002,Coimbatore,Tamil Nadu,P009,Router,Networking,64,8,12,57,60,14,3760.62,Medium,5
2026-08-14,B002,Coimbatore,Tamil Nadu,P010,Monitor,Electronics,27,4,2,35,30,6,16507.65,High,7
2026-08-14,B003,Madurai,Tamil Nadu,P001,LED TV,Electronics,100,4,14,53,56,18,31370.34,Low,9
2026-08-14,B003,Madurai,Tamil Nadu,P002,Refrigerator,Appliances,25,0,4,21,18,5,29896.28,Low,10
2026-08-14,B003,Madurai,Tamil Nadu,P003,Washing Machine,Appliances,10,0,5,22,19,4,22916.35,High,9
2026-08-14,B003,Madurai,Tamil Nadu,P004,Microwave,Appliances,11,0,1,17,16,4,9510.03,Critical,3
2026-08-14,B003,Madurai,Tamil Nadu,P005,Laptop,Electronics,40,2,0,29,29,7,44658.83,Low,6
2026-08-14,B003,Madurai,Tamil Nadu,P006,Smartphone,Electronics,56,4,7,58,53,16,18148.2,Medium,6
2026-08-14,B003,Madurai,Tamil Nadu,P007,Printer,Electronics,12,1,0,17,16,4,11237.19,Critical,10
2026-08-14,B003,Madurai,Tamil Nadu,P008,Air Conditioner,Appliances,19,0,1,18,19,3,45002.8,Medium,4
2026-08-14,B003,Madurai,Tamil Nadu,P009,Router,Networking,37,0,3,38,38,13,3353.82,High,9
2026-08-14,B003,Madurai,Tamil Nadu,P010,Monitor,Electronics,37,3,7,26,22,4,16923.3,Low,8
2026-08-14,B004,Salem,Tamil Nadu,P001,LED TV,Electronics,47,1,10,38,39,8,31048.66,Low,7
2026-08-14,B004,Salem,Tamil Nadu,P002,Refrigerator,Appliances,6,0,0,13,13,3,26223.9,Critical,4
2026-08-14,B004,Salem,Tamil Nadu,P003,Washing Machine,Appliances,15,0,0,18,17,5,25371.94,High,6
2026-08-14,B004,Salem,Tamil Nadu,P004,Microwave,Appliances,32,0,5,15,18,5,9476.76,Low,5
2026-08-14,B004,Salem,Tamil Nadu,P005,Laptop,Electronics,22,4,3,45,45,9,49168.88,Critical,7
2026-08-14,B004,Salem,Tamil Nadu,P006,Smartphone,Electronics,104,2,10,61,64,13,18913.88,Low,9
2026-08-14,B004,Salem,Tamil Nadu,P007,Printer,Electronics,29,0,5,15,18,4,12214.29,Low,9
2026-08-14,B004,Salem,Tamil Nadu,P008,Air Conditioner,Appliances,29,3,4,23,21,4,42862.57,Low,7
2026-08-14,B004,Salem,Tamil Nadu,P009,Router,Networking,111,7,7,69,67,16,3685.17,Low,7
2026-08-14,B004,Salem,Tamil Nadu,P010,Monitor,Electronics,52,3,2,32,29,6,16351.43,Low,10
2026-08-14,B005,Trichy,Tamil Nadu,P001,LED TV,Electronics,86,1,12,49,47,15,32378.21,Low,4
2026-08-14,B005,Trichy,Tamil Nadu,P002,Refrigerator,Appliances,31,1,0,23,23,7,26282.04,Low,4
2026-08-14,B005,Trichy,Tamil Nadu,P003,Washing Machine,Appliances,30,1,7,23,25,7,23706.19,Low,10
2026-08-14,B005,Trichy,Tamil Nadu,P004,Microwave,Appliances,28,1,4,18,19,5,9647.88,Low,7
2026-08-14,B005,Trichy,Tamil Nadu,P005,Laptop,Electronics,34,4,0,34,34,10,48958.26,High,7
2026-08-14,B005,Trichy,Tamil Nadu,P006,Smartphone,Electronics,72,2,12,58,56,11,16728.93,Low,6
2026-08-14,B005,Trichy,Tamil Nadu,P007,Printer,Electronics,21,1,5,17,16,4,12548.51,Low,7
2026-08-14,B005,Trichy,Tamil Nadu,P008,Air Conditioner,Appliances,23,1,2,20,19,6,41500.0,Medium,10
2026-08-14,B005,Trichy,Tamil Nadu,P009,Router,Networking,72,1,7,39,39,10,3266.61,Low,9
2026-08-14,B005,Trichy,Tamil Nadu,P010,Monitor,Electronics,27,3,6,30,30,9,16784.78,High,6
2026-08-14,B006,Tiruppur,Tamil Nadu,P001,LED TV,Electronics,45,4,9,47,43,11,30229.96,Medium,10
2026-08-14,B006,Tiruppur,Tamil Nadu,P002,Refrigerator,Appliances,13,1,2,14,14,4,28834.37,High,5
2026-08-14,B006,Tiruppur,Tamil Nadu,P003,Washing Machine,Appliances,35,2,5,19,19,5,23102.75,Low,5
2026-08-14,B006,Tiruppur,Tamil Nadu,P004,Microwave,Appliances,33,1,0,17,19,6,8942.13,Low,8
2026-08-14,B006,Tiruppur,Tamil Nadu,P005,Laptop,Electronics,54,1,8,34,36,8,45097.13,Low,3
2026-08-14,B006,Tiruppur,Tamil Nadu,P006,Smartphone,Electronics,142,0,2,69,79,27,18775.11,Low,10
2026-08-14,B006,Tiruppur,Tamil Nadu,P007,Printer,Electronics,7,0,2,11,8,3,12537.68,High,5
2026-08-14,B006,Tiruppur,Tamil Nadu,P008,Air Conditioner,Appliances,10,1,0,18,18,5,42388.29,Critical,5
2026-08-14,B006,Tiruppur,Tamil Nadu,P009,Router,Networking,48,4,2,33,36,9,3268.72,Low,8
2026-08-14,B006,Tiruppur,Tamil Nadu,P010,Monitor,Electronics,32,2,7,32,27,8,15522.02,Low,7
2026-08-14,B007,Erode,Tamil Nadu,P001,LED TV,Electronics,40,4,2,42,37,10,34070.05,High,5
2026-08-14,B007,Erode,Tamil Nadu,P002,Refrigerator,Appliances,36,0,4,21,21,4,26968.2,Low,9
2026-08-14,B007,Erode,Tamil Nadu,P003,Washing Machine,Appliances,14,2,3,19,18,3,22952.92,High,7
2026-08-14,B007,Erode,Tamil Nadu,P004,Microwave,Appliances,20,0,0,13,11,3,9190.58,Low,4
2026-08-14,B007,Erode,Tamil Nadu,P005,Laptop,Electronics,60,1,8,33,34,9,49141.75,Low,10
2026-08-14,B007,Erode,Tamil Nadu,P006,Smartphone,Electronics,26,0,4,45,41,13,18263.91,Critical,3
2026-08-14,B007,Erode,Tamil Nadu,P007,Printer,Electronics,28,0,3,17,16,4,12753.23,Low,8
2026-08-14,B007,Erode,Tamil Nadu,P008,Air Conditioner,Appliances,14,1,1,9,8,3,40687.28,Low,8
2026-08-14,B007,Erode,Tamil Nadu,P009,Router,Networking,63,1,7,42,36,9,3422.15,Low,5
2026-08-14,B007,Erode,Tamil Nadu,P010,Monitor,Electronics,15,3,7,27,24,7,16582.11,Critical,8
2026-08-14,B008,Vellore,Tamil Nadu,P001,LED TV,Electronics,47,5,3,49,55,11,33676.24,High,10
2026-08-14,B008,Vellore,Tamil Nadu,P002,Refrigerator,Appliances,17,0,6,21,20,5,28159.39,Medium,6
2026-08-14,B008,Vellore,Tamil Nadu,P003,Washing Machine,Appliances,23,1,2,19,16,3,23607.76,Low,5
2026-08-14,B008,Vellore,Tamil Nadu,P004,Microwave,Appliances,30,1,4,20,16,3,8878.72,Low,4
2026-08-14,B008,Vellore,Tamil Nadu,P005,Laptop,Electronics,65,3,7,39,44,9,49484.44,Low,6
2026-08-14,B008,Vellore,Tamil Nadu,P006,Smartphone,Electronics,94,10,10,80,87,21,17035.38,Medium,10
2026-08-14,B008,Vellore,Tamil Nadu,P007,Printer,Electronics,11,0,3,15,15,4,12269.34,High,3
2026-08-14,B008,Vellore,Tamil Nadu,P008,Air Conditioner,Appliances,18,1,4,14,14,3,43827.06,Low,4
2026-08-14,B008,Vellore,Tamil Nadu,P009,Router,Networking,44,3,12,34,37,9,3686.52,Low,5
2026-08-14,B008,Vellore,Tamil Nadu,P010,Monitor,Electronics,27,2,0,29,30,9,16995.86,Critical,6
2026-08-15,B001,Chennai,Tamil Nadu,P001,LED TV,Electronics,81,4,12,65,61,12,32240.06,Low,10
2026-08-15,B001,Chennai,Tamil Nadu,P002,Refrigerator,Appliances,34,6,6,39,43,11,29018.35,Critical,9
2026-08-15,B001,Chennai,Tamil Nadu,P003,Washing Machine,Appliances,55,3,6,41,37,7,23706.22,Low,10
2026-08-15,B001,Chennai,Tamil Nadu,P004,Microwave,Appliances,24,0,1,27,26,7,9122.87,High,10
2026-08-15,B001,Chennai,Tamil Nadu,P005,Laptop,Electronics,71,3,10,39,41,8,47723.5,Low,9
2026-08-15,B001,Chennai,Tamil Nadu,P006,Smartphone,Electronics,177,7,33,104,111,28,16631.72,Low,5
2026-08-15,B001,Chennai,Tamil Nadu,P007,Printer,Electronics,26,2,6,26,28,9,12920.61,High,6
2026-08-15,B001,Chennai,Tamil Nadu,P008,Air Conditioner,Appliances,40,2,1,29,30,7,42136.53,Low,8
2026-08-15,B001,Chennai,Tamil Nadu,P009,Router,Networking,134,5,1,79,76,22,3337.34,Low,4
2026-08-15,B001,Chennai,Tamil Nadu,P010,Monitor,Electronics,46,3,1,48,48,12,15711.61,High,7
2026-08-15,B002,Coimbatore,Tamil Nadu,P001,LED TV,Electronics,47,7,2,62,59,17,34179.8,Critical,9
2026-08-15,B002,Coimbatore,Tamil Nadu,P002,Refrigerator,Appliances,50,0,6,26,27,5,29745.09,Low,10
2026-08-15,B002,Coimbatore,Tamil Nadu,P003,Washing Machine,Appliances,44,0,4,27,27,9,24518.47,Low,7
2026-08-15,B002,Coimbatore,Tamil Nadu,P004,Microwave,Appliances,12,2,6,20,19,6,8357.76,Critical,8
2026-08-15,B002,Coimbatore,Tamil Nadu,P005,Laptop,Electronics,39,2,10,42,41,12,45784.96,Medium,10
2026-08-15,B002,Coimbatore,Tamil Nadu,P006,Smartphone,Electronics,105,9,28,91,94,24,17757.16,Low,5
2026-08-15,B002,Coimbatore,Tamil Nadu,P007,Printer,Electronics,42,0,1,21,23,6,11695.32,Low,9
2026-08-15,B002,Coimbatore,Tamil Nadu,P008,Air Conditioner,Appliances,12,2,3,23,24,4,42504.17,Critical,8
2026-08-15,B002,Coimbatore,Tamil Nadu,P009,Router,Networking,53,7,9,65,59,12,3303.97,High,6
2026-08-15,B002,Coimbatore,Tamil Nadu,P010,Monitor,Electronics,24,2,6,26,25,5,15921.1,Medium,5
2026-08-15,B003,Madurai,Tamil Nadu,P001,LED TV,Electronics,29,5,8,59,65,17,30042.94,Critical,4
2026-08-15,B003,Madurai,Tamil Nadu,P002,Refrigerator,Appliances,28,0,0,23,24,7,27099.56,Medium,5
2026-08-15,B003,Madurai,Tamil Nadu,P003,Washing Machine,Appliances,24,1,7,27,26,5,25680.82,Medium,4
2026-08-15,B003,Madurai,Tamil Nadu,P004,Microwave,Appliances,23,0,5,18,19,4,9459.69,Low,10
2026-08-15,B003,Madurai,Tamil Nadu,P005,Laptop,Electronics,47,3,10,37,40,13,47427.34,Low,5
2026-08-15,B003,Madurai,Tamil Nadu,P006,Smartphone,Electronics,115,5,8,76,71,18,17492.75,Low,9
2026-08-15,B003,Madurai,Tamil Nadu,P007,Printer,Electronics,16,2,2,20,21,4,12842.1,High,9
2026-08-15,B003,Madurai,Tamil Nadu,P008,Air Conditioner,Appliances,15,0,4,21,22,6,41784.89,High,5
2026-08-15,B003,Madurai,Tamil Nadu,P009,Router,Networking,49,3,14,61,66,21,3709.87,High,9
2026-08-15,B003,Madurai,Tamil Nadu,P010,Monitor,Electronics,20,2,4,28,24,6,15502.57,High,9
2026-08-15,B004,Salem,Tamil Nadu,P001,LED TV,Electronics,39,6,1,45,45,12,31791.72,Critical,6
2026-08-15,B004,Salem,Tamil Nadu,P002,Refrigerator,Appliances,17,1,5,19,18,4,29168.77,Medium,8
2026-08-15,B004,Salem,Tamil Nadu,P003,Washing Machine,Appliances,26,1,6,27,24,6,22890.84,Low,3
2026-08-15,B004,Salem,Tamil Nadu,P004,Microwave,Appliances,27,0,2,16,17,4,8456.17,Low,6
2026-08-15,B004,Salem,Tamil Nadu,P005,Laptop,Electronics,40,0,6,32,29,8,47269.37,Low,9
2026-08-15,B004,Salem,Tamil Nadu,P006,Smartphone,Electronics,39,0,20,58,62,15,17107.14,High,6
2026-08-15,B004,Salem,Tamil Nadu,P007,Printer,Electronics,18,0,3,18,19,4,11601.74,Medium,5
2026-08-15,B004,Salem,Tamil Nadu,P008,Air Conditioner,Appliances,20,0,0,13,13,3,41045.54,Low,4
2026-08-15,B004,Salem,Tamil Nadu,P009,Router,Networking,32,2,1,51,51,15,3485.98,Critical,4
2026-08-15,B004,Salem,Tamil Nadu,P010,Monitor,Electronics,52,2,5,32,33,9,14840.31,Low,10
2026-08-15,B005,Trichy,Tamil Nadu,P001,LED TV,Electronics,91,4,2,51,50,14,32089.81,Low,8
2026-08-15,B005,Trichy,Tamil Nadu,P002,Refrigerator,Appliances,28,0,5,20,19,5,29758.21,Low,4
2026-08-15,B005,Trichy,Tamil Nadu,P003,Washing Machine,Appliances,13,2,3,25,27,6,25565.25,Critical,8
2026-08-15,B005,Trichy,Tamil Nadu,P004,Microwave,Appliances,27,1,5,17,17,4,9494.31,Low,10
2026-08-15,B005,Trichy,Tamil Nadu,P005,Laptop,Electronics,52,2,4,31,33,9,44248.88,Low,10
2026-08-15,B005,Trichy,Tamil Nadu,P006,Smartphone,Electronics,97,5,15,81,66,19,17534.3,Low,9
2026-08-15,B005,Trichy,Tamil Nadu,P007,Printer,Electronics,12,1,4,18,17,3,11728.02,High,6
2026-08-15,B005,Trichy,Tamil Nadu,P008,Air Conditioner,Appliances,35,2,5,23,22,5,40044.94,Low,8
2026-08-15,B005,Trichy,Tamil Nadu,P009,Router,Networking,33,3,4,53,53,15,3422.25,Critical,4
2026-08-15,B005,Trichy,Tamil Nadu,P010,Monitor,Electronics,16,2,5,21,22,7,17168.97,Critical,5
2026-08-15,B006,Tiruppur,Tamil Nadu,P001,LED TV,Electronics,84,0,7,52,61,15,32166.97,Low,7
2026-08-15,B006,Tiruppur,Tamil Nadu,P002,Refrigerator,Appliances,14,1,5,21,17,4,28717.6,Medium,5
2026-08-15,B006,Tiruppur,Tamil Nadu,P003,Washing Machine,Appliances,24,1,2,23,20,6,23570.5,Medium,4
2026-08-15,B006,Tiruppur,Tamil Nadu,P004,Microwave,Appliances,8,0,2,8,8,3,9691.56,Medium,6
2026-08-15,B006,Tiruppur,Tamil Nadu,P005,Laptop,Electronics,57,4,2,35,40,11,48939.29,Low,3
2026-08-15,B006,Tiruppur,Tamil Nadu,P006,Smartphone,Electronics,99,4,19,65,60,12,17937.11,Low,7
2026-08-15,B006,Tiruppur,Tamil Nadu,P007,Printer,Electronics,21,1,1,15,14,3,12247.24,Low,5
2026-08-15,B006,Tiruppur,Tamil Nadu,P008,Air Conditioner,Appliances,10,2,5,18,19,6,44642.2,Critical,3
2026-08-15,B006,Tiruppur,Tamil Nadu,P009,Router,Networking,48,5,9,49,52,14,3742.41,High,3
2026-08-15,B006,Tiruppur,Tamil Nadu,P010,Monitor,Electronics,33,1,9,32,35,10,14855.91,Medium,7
2026-08-15,B007,Erode,Tamil Nadu,P001,LED TV,Electronics,44,5,12,46,37,7,32162.2,Low,4
2026-08-15,B007,Erode,Tamil Nadu,P002,Refrigerator,Appliances,15,1,3,18,18,4,28582.67,High,6
2026-08-15,B007,Erode,Tamil Nadu,P003,Washing Machine,Appliances,21,3,0,22,25,7,23361.03,Critical,10
2026-08-15,B007,Erode,Tamil Nadu,P004,Microwave,Appliances,16,0,3,13,13,3,8484.98,Low,4
2026-08-15,B007,Erode,Tamil Nadu,P005,Laptop,Electronics,22,1,3,24,25,7,47406.39,High,4
2026-08-15,B007,Erode,Tamil Nadu,P006,Smartphone,Electronics,53,2,0,40,34,9,18780.8,Low,9
2026-08-15,B007,Erode,Tamil Nadu,P007,Printer,Electronics,14,0,0,10,10,3,12738.24,Low,5
2026-08-15,B007,Erode,Tamil Nadu,P008,Air Conditioner,Appliances,11,0,2,14,12,3,43502.37,Medium,4
2026-08-15,B007,Erode,Tamil Nadu,P009,Router,Networking,30,0,12,49,46,13,3221.15,High,7
2026-08-15,B007,Erode,Tamil Nadu,P010,Monitor,Electronics,52,3,2,36,32,9,14872.59,Low,9
2026-08-15,B008,Vellore,Tamil Nadu,P001,LED TV,Electronics,23,0,12,50,45,13,33840.63,Critical,5
2026-08-15,B008,Vellore,Tamil Nadu,P002,Refrigerator,Appliances,13,1,2,16,16,3,27241.97,High,9
2026-08-15,B008,Vellore,Tamil Nadu,P003,Washing Machine,Appliances,11,2,0,19,17,4,23927.02,Critical,10
2026-08-15,B008,Vellore,Tamil Nadu,P004,Microwave,Appliances,8,0,1,16,14,3,8756.46,Critical,3
2026-08-15,B008,Vellore,Tamil Nadu,P005,Laptop,Electronics,40,1,10,32,34,10,48743.71,Low,9
2026-08-15,B008,Vellore,Tamil Nadu,P006,Smartphone,Electronics,57,6,11,64,64,13,19098.37,High,8
2026-08-15,B008,Vellore,Tamil Nadu,P007,Printer,Electronics,19,0,3,13,14,3,12500.08,Low,5
2026-08-15,B008,Vellore,Tamil Nadu,P008,Air Conditioner,Appliances,17,2,2,20,22,7,44099.94,Critical,6
2026-08-15,B008,Vellore,Tamil Nadu,P009,Router,Networking,26,4,3,42,40,11,3554.91,Critical,5
2026-08-15,B008,Vellore,Tamil Nadu,P010,Monitor,Electronics,23,0,2,29,23,5,15334.64,Medium,7
2026-08-16,B001,Chennai,Tamil Nadu,P001,LED TV,Electronics,106,7,2,54,58,18,31332.11,Low,5
2026-08-16,B001,Chennai,Tamil Nadu,P002,Refrigerator,Appliances,50,2,8,26,27,7,29860.24,Low,3
2026-08-16,B001,Chennai,Tamil Nadu,P003,Washing Machine,Appliances,51,1,5,27,27,7,22489.49,Low,7
2026-08-16,B001,Chennai,Tamil Nadu,P004,Microwave,Appliances,41,1,5,21,23,6,9205.72,Low,10
2026-08-16,B001,Chennai,Tamil Nadu,P005,Laptop,Electronics,43,0,2,47,46,16,49987.13,High,10
2026-08-16,B001,Chennai,Tamil Nadu,P006,Smartphone,Electronics,104,7,11,66,67,16,18626.43,Low,5
2026-08-16,B001,Chennai,Tamil Nadu,P007,Printer,Electronics,32,2,5,25,27,8,12389.85,Low,6
2026-08-16,B001,Chennai,Tamil Nadu,P008,Air Conditioner,Appliances,32,1,1,21,23,5,44499.18,Low,7
2026-08-16,B001,Chennai,Tamil Nadu,P009,Router,Networking,66,4,18,69,66,18,3377.18,Medium,10
2026-08-16,B001,Chennai,Tamil Nadu,P010,Monitor,Electronics,67,5,1,36,40,11,16838.37,Low,5
2026-08-16,B002,Coimbatore,Tamil Nadu,P001,LED TV,Electronics,46,5,3,42,44,14,31043.42,High,10
2026-08-16,B002,Coimbatore,Tamil Nadu,P002,Refrigerator,Appliances,10,0,7,21,23,6,25857.35,Critical,4
2026-08-16,B002,Coimbatore,Tamil Nadu,P003,Washing Machine,Appliances,35,0,6,25,26,6,25239.29,Low,8
2026-08-16,B002,Coimbatore,Tamil Nadu,P004,Microwave,Appliances,10,2,4,18,19,4,9608.63,Critical,9
2026-08-16,B002,Coimbatore,Tamil Nadu,P005,Laptop,Electronics,28,1,2,33,34,11,48054.37,Critical,3
2026-08-16,B002,Coimbatore,Tamil Nadu,P006,Smartphone,Electronics,79,0,6,62,61,18,18413.51,Low,7
2026-08-16,B002,Coimbatore,Tamil Nadu,P007,Printer,Electronics,26,2,4,18,18,4,12334.71,Low,9
2026-08-16,B002,Coimbatore,Tamil Nadu,P008,Air Conditioner,Appliances,16,1,0,16,15,4,43947.14,High,3
2026-08-16,B002,Coimbatore,Tamil Nadu,P009,Router,Networking,57,6,8,44,50,16,3589.81,Medium,9
2026-08-16,B002,Coimbatore,Tamil Nadu,P010,Monitor,Electronics,40,2,5,25,23,6,16578.76,Low,8
2026-08-16,B003,Madurai,Tamil Nadu,P001,LED TV,Electronics,38,5,1,50,60,13,33913.52,Critical,4
2026-08-16,B003,Madurai,Tamil Nadu,P002,Refrigerator,Appliances,13,1,4,18,19,5,29128.81,High,3
2026-08-16,B003,Madurai,Tamil Nadu,P003,Washing Machine,Appliances,12,1,4,23,21,6,23975.1,Critical,3
2026-08-16,B003,Madurai,Tamil Nadu,P004,Microwave,Appliances,26,2,2,15,15,3,8348.76,Low,8
2026-08-16,B003,Madurai,Tamil Nadu,P005,Laptop,Electronics,14,4,5,28,29,9,50110.02,Critical,6
2026-08-16,B003,Madurai,Tamil Nadu,P006,Smartphone,Electronics,123,8,0,64,76,22,16647.66,Low,9
2026-08-16,B003,Madurai,Tamil Nadu,P007,Printer,Electronics,21,1,4,17,17,5,11396.98,Low,9
2026-08-16,B003,Madurai,Tamil Nadu,P008,Air Conditioner,Appliances,31,1,4,19,21,4,43197.89,Low,5
2026-08-16,B003,Madurai,Tamil Nadu,P009,Router,Networking,72,0,6,38,39,11,3248.9,Low,10
2026-08-16,B003,Madurai,Tamil Nadu,P010,Monitor,Electronics,31,0,6,26,28,5,16183.74,Low,8
2026-08-16,B004,Salem,Tamil Nadu,P001,LED TV,Electronics,86,1,11,49,49,15,33220.93,Low,4
2026-08-16,B004,Salem,Tamil Nadu,P002,Refrigerator,Appliances,30,2,5,17,18,5,29698.6,Low,9
2026-08-16,B004,Salem,Tamil Nadu,P003,Washing Machine,Appliances,21,0,3,15,14,4,22787.97,Low,4
2026-08-16,B004,Salem,Tamil Nadu,P004,Microwave,Appliances,13,0,1,16,15,4,8846.3,High,3
2026-08-16,B004,Salem,Tamil Nadu,P005,Laptop,Electronics,36,1,2,30,25,6,51371.96,Low,6
2026-08-16,B004,Salem,Tamil Nadu,P006,Smartphone,Electronics,113,8,2,60,62,13,17088.72,Low,5
2026-08-16,B004,Salem,Tamil Nadu,P007,Printer,Electronics,11,0,1,12,14,3,11991.52,High,3
2026-08-16,B004,Salem,Tamil Nadu,P008,Air Conditioner,Appliances,24,1,5,15,16,3,39577.72,Low,5
2026-08-16,B004,Salem,Tamil Nadu,P009,Router,Networking,61,2,4,43,42,8,3290.85,Low,8
2026-08-16,B004,Salem,Tamil Nadu,P010,Monitor,Electronics,38,0,6,25,24,6,16547.87,Low,3
2026-08-16,B005,Trichy,Tamil Nadu,P001,LED TV,Electronics,56,3,14,39,41,10,33463.0,Low,5
2026-08-16,B005,Trichy,Tamil Nadu,P002,Refrigerator,Appliances,27,2,3,18,19,6,26479.57,Low,4
2026-08-16,B005,Trichy,Tamil Nadu,P003,Washing Machine,Appliances,45,2,4,26,26,6,25102.22,Low,4
2026-08-16,B005,Trichy,Tamil Nadu,P004,Microwave,Appliances,10,1,2,18,19,5,9227.02,Critical,9
2026-08-16,B005,Trichy,Tamil Nadu,P005,Laptop,Electronics,29,0,3,26,28,9,46050.29,Medium,6
2026-08-16,B005,Trichy,Tamil Nadu,P006,Smartphone,Electronics,104,8,13,76,64,21,17970.17,Low,6
2026-08-16,B005,Trichy,Tamil Nadu,P007,Printer,Electronics,17,0,3,15,14,3,12751.24,Low,4
2026-08-16,B005,Trichy,Tamil Nadu,P008,Air Conditioner,Appliances,14,0,3,20,21,4,43038.83,High,8
2026-08-16,B005,Trichy,Tamil Nadu,P009,Router,Networking,51,5,11,44,40,13,3728.19,Low,7
2026-08-16,B005,Trichy,Tamil Nadu,P010,Monitor,Electronics,46,2,3,26,26,8,17278.71,Low,5
2026-08-16,B006,Tiruppur,Tamil Nadu,P001,LED TV,Electronics,22,6,3,44,47,14,32660.79,Critical,9
2026-08-16,B006,Tiruppur,Tamil Nadu,P002,Refrigerator,Appliances,29,0,5,21,21,7,26886.14,Low,8
2026-08-16,B006,Tiruppur,Tamil Nadu,P003,Washing Machine,Appliances,30,0,6,18,18,4,23444.21,Low,9
2026-08-16,B006,Tiruppur,Tamil Nadu,P004,Microwave,Appliances,18,1,1,13,13,4,8944.34,Low,5
2026-08-16,B006,Tiruppur,Tamil Nadu,P005,Laptop,Electronics,32,0,3,23,24,6,46161.93,Low,3
2026-08-16,B006,Tiruppur,Tamil Nadu,P006,Smartphone,Electronics,53,0,7,58,58,16,18197.68,High,7
2026-08-16,B006,Tiruppur,Tamil Nadu,P007,Printer,Electronics,8,1,0,9,8,3,12168.68,Critical,7
2026-08-16,B006,Tiruppur,Tamil Nadu,P008,Air Conditioner,Appliances,20,1,3,13,13,3,43245.07,Low,8
2026-08-16,B006,Tiruppur,Tamil Nadu,P009,Router,Networking,19,0,9,36,40,12,3383.1,Critical,5
2026-08-16,B006,Tiruppur,Tamil Nadu,P010,Monitor,Electronics,25,2,3,28,31,9,16813.31,Critical,7
2026-08-16,B007,Erode,Tamil Nadu,P001,LED TV,Electronics,16,4,6,30,29,8,34487.79,Critical,3
2026-08-16,B007,Erode,Tamil Nadu,P002,Refrigerator,Appliances,20,1,4,13,12,3,29344.18,Low,7
2026-08-16,B007,Erode,Tamil Nadu,P003,Washing Machine,Appliances,7,1,2,13,11,3,25593.39,Critical,10
2026-08-16,B007,Erode,Tamil Nadu,P004,Microwave,Appliances,28,1,0,13,15,4,9182.11,Low,6
2026-08-16,B007,Erode,Tamil Nadu,P005,Laptop,Electronics,17,3,0,31,32,9,50438.16,Critical,6
2026-08-16,B007,Erode,Tamil Nadu,P006,Smartphone,Electronics,36,0,7,38,35,10,16934.59,Medium,8
2026-08-16,B007,Erode,Tamil Nadu,P007,Printer,Electronics,16,0,1,12,13,3,11678.6,Low,9
2026-08-16,B007,Erode,Tamil Nadu,P008,Air Conditioner,Appliances,28,2,4,14,16,5,42315.12,Low,6
2026-08-16,B007,Erode,Tamil Nadu,P009,Router,Networking,33,0,0,43,46,11,3642.3,Critical,5
2026-08-16,B007,Erode,Tamil Nadu,P010,Monitor,Electronics,41,0,5,24,24,5,16379.71,Low,3
2026-08-16,B008,Vellore,Tamil Nadu,P001,LED TV,Electronics,30,2,1,43,41,9,30326.8,Critical,8
2026-08-16,B008,Vellore,Tamil Nadu,P002,Refrigerator,Appliances,17,1,3,15,15,4,28752.05,Low,6
2026-08-16,B008,Vellore,Tamil Nadu,P003,Washing Machine,Appliances,16,2,6,19,19,6,25626.92,High,9
2026-08-16,B008,Vellore,Tamil Nadu,P004,Microwave,Appliances,11,0,3,12,11,3,9510.03,Low,6
2026-08-16,B008,Vellore,Tamil Nadu,P005,Laptop,Electronics,22,1,7,28,26,5,45646.21,Medium,3
2026-08-16,B008,Vellore,Tamil Nadu,P006,Smartphone,Electronics,75,6,0,53,46,10,17232.11,Low,6
2026-08-16,B008,Vellore,Tamil Nadu,P007,Printer,Electronics,25,1,1,15,15,4,12749.98,Low,10
2026-08-16,B008,Vellore,Tamil Nadu,P008,Air Conditioner,Appliances,14,0,3,17,15,3,42419.45,Medium,9
2026-08-16,B008,Vellore,Tamil Nadu,P009,Router,Networking,26,0,8,37,37,11,3443.24,High,3
2026-08-16,B008,Vellore,Tamil Nadu,P010,Monitor,Electronics,36,3,3,30,32,8,16729.0,Medium,7
2026-08-17,B001,Chennai,Tamil Nadu,P001,LED TV,Electronics,111,10,20,71,75,20,34098.45,Low,9
2026-08-17,B001,Chennai,Tamil Nadu,P002,Refrigerator,Appliances,35,1,0,25,26,5,27944.5,Low,7
2026-08-17,B001,Chennai,Tamil Nadu,P003,Washing Machine,Appliances,35,2,6,33,34,8,22230.49,Medium,3
2026-08-17,B001,Chennai,Tamil Nadu,P004,Microwave,Appliances,18,1,0,27,24,4,9067.23,Critical,7
2026-08-17,B001,Chennai,Tamil Nadu,P005,Laptop,Electronics,24,5,8,44,47,15,50496.0,Critical,9
2026-08-17,B001,Chennai,Tamil Nadu,P006,Smartphone,Electronics,43,6,13,80,80,19,16578.22,Critical,5
2026-08-17,B001,Chennai,Tamil Nadu,P007,Printer,Electronics,39,2,6,23,22,7,11594.9,Low,5
2026-08-17,B001,Chennai,Tamil Nadu,P008,Air Conditioner,Appliances,23,0,4,29,30,8,42992.16,High,3
2026-08-17,B001,Chennai,Tamil Nadu,P009,Router,Networking,115,1,9,54,63,16,3587.26,Low,10
2026-08-17,B001,Chennai,Tamil Nadu,P010,Monitor,Electronics,77,1,3,46,43,10,15525.38,Low,9
2026-08-17,B002,Coimbatore,Tamil Nadu,P001,LED TV,Electronics,51,6,4,50,54,18,29829.9,High,7
2026-08-17,B002,Coimbatore,Tamil Nadu,P002,Refrigerator,Appliances,29,0,1,25,23,5,29219.81,Low,3
2026-08-17,B002,Coimbatore,Tamil Nadu,P003,Washing Machine,Appliances,28,2,5,19,16,3,23625.4,Low,8
2026-08-17,B002,Coimbatore,Tamil Nadu,P004,Microwave,Appliances,26,0,0,16,16,3,8803.24,Low,6
2026-08-17,B002,Coimbatore,Tamil Nadu,P005,Laptop,Electronics,24,0,5,27,24,8,50318.44,Medium,4
2026-08-17,B002,Coimbatore,Tamil Nadu,P006,Smartphone,Electronics,54,7,20,60,59,17,16685.81,Medium,6
2026-08-17,B002,Coimbatore,Tamil Nadu,P007,Printer,Electronics,8,0,5,18,18,5,12275.42,Critical,4
2026-08-17,B002,Coimbatore,Tamil Nadu,P008,Air Conditioner,Appliances,33,1,4,17,18,6,44115.24,Low,8
2026-08-17,B002,Coimbatore,Tamil Nadu,P009,Router,Networking,56,4,8,51,51,15,3718.6,Medium,6
2026-08-17,B002,Coimbatore,Tamil Nadu,P010,Monitor,Electronics,27,0,5,26,23,6,16492.9,Low,3
2026-08-17,B003,Madurai,Tamil Nadu,P001,LED TV,Electronics,107,3,2,52,57,15,33646.1,Low,10
2026-08-17,B003,Madurai,Tamil Nadu,P002,Refrigerator,Appliances,10,1,2,19,19,3,29761.11,Critical,7
2026-08-17,B003,Madurai,Tamil Nadu,P003,Washing Machine,Appliances,43,1,7,25,26,8,24099.6,Low,3
2026-08-17,B003,Madurai,Tamil Nadu,P004,Microwave,Appliances,12,1,1,17,18,4,9656.04,Critical,8
2026-08-17,B003,Madurai,Tamil Nadu,P005,Laptop,Electronics,36,0,7,24,22,5,49285.25,Low,6
2026-08-17,B003,Madurai,Tamil Nadu,P006,Smartphone,Electronics,123,9,15,80,75,21,16623.34,Low,9
2026-08-17,B003,Madurai,Tamil Nadu,P007,Printer,Electronics,12,0,3,16,14,4,12836.08,High,6
2026-08-17,B003,Madurai,Tamil Nadu,P008,Air Conditioner,Appliances,25,1,3,15,14,3,44126.35,Low,3
2026-08-17,B003,Madurai,Tamil Nadu,P009,Router,Networking,63,7,13,52,49,15,3612.44,Low,3
2026-08-17,B003,Madurai,Tamil Nadu,P010,Monitor,Electronics,57,3,10,27,31,10,15611.83,Low,6
2026-08-17,B004,Salem,Tamil Nadu,P001,LED TV,Electronics,19,2,3,48,43,13,34553.76,Critical,9
2026-08-17,B004,Salem,Tamil Nadu,P002,Refrigerator,Appliances,33,1,5,20,21,5,28233.98,Low,7
2026-08-17,B004,Salem,Tamil Nadu,P003,Washing Machine,Appliances,14,1,3,13,12,3,24296.1,Low,4
2026-08-17,B004,Salem,Tamil Nadu,P004,Microwave,Appliances,19,1,1,13,13,4,8551.1,Low,3
2026-08-17,B004,Salem,Tamil Nadu,P005,Laptop,Electronics,27,0,4,28,30,7,50237.67,Medium,9
2026-08-17,B004,Salem,Tamil Nadu,P006,Smartphone,Electronics,101,5,3,46,55,14,17850.7,Low,10
2026-08-17,B004,Salem,Tamil Nadu,P007,Printer,Electronics,17,1,1,15,14,3,12477.87,Low,10
2026-08-17,B004,Salem,Tamil Nadu,P008,Air Conditioner,Appliances,30,0,1,18,19,6,41008.72,Low,5
2026-08-17,B004,Salem,Tamil Nadu,P009,Router,Networking,39,3,3,53,47,13,3248.32,High,7
2026-08-17,B004,Salem,Tamil Nadu,P010,Monitor,Electronics,33,2,7,33,35,10,15025.73,Medium,8
2026-08-17,B005,Trichy,Tamil Nadu,P001,LED TV,Electronics,53,2,7,49,56,15,32571.57,High,4
2026-08-17,B005,Trichy,Tamil Nadu,P002,Refrigerator,Appliances,20,0,0,17,18,6,27933.31,High,8
2026-08-17,B005,Trichy,Tamil Nadu,P003,Washing Machine,Appliances,46,2,7,28,26,6,23344.58,Low,6
2026-08-17,B005,Trichy,Tamil Nadu,P004,Microwave,Appliances,24,0,3,12,13,3,8949.98,Low,8
2026-08-17,B005,Trichy,Tamil Nadu,P005,Laptop,Electronics,45,0,4,29,29,9,47378.47,Low,4
2026-08-17,B005,Trichy,Tamil Nadu,P006,Smartphone,Electronics,81,4,8,56,62,14,19167.6,Low,10
2026-08-17,B005,Trichy,Tamil Nadu,P007,Printer,Electronics,27,0,3,17,18,5,12543.3,Low,3
2026-08-17,B005,Trichy,Tamil Nadu,P008,Air Conditioner,Appliances,13,1,2,15,14,3,42357.84,High,8
2026-08-17,B005,Trichy,Tamil Nadu,P009,Router,Networking,71,6,13,47,50,15,3305.81,Low,6
2026-08-17,B005,Trichy,Tamil Nadu,P010,Monitor,Electronics,29,3,1,26,25,8,16266.97,High,9
2026-08-17,B006,Tiruppur,Tamil Nadu,P001,LED TV,Electronics,59,2,0,39,37,12,32701.03,Low,10
2026-08-17,B006,Tiruppur,Tamil Nadu,P002,Refrigerator,Appliances,30,2,3,20,21,6,27811.56,Low,5
2026-08-17,B006,Tiruppur,Tamil Nadu,P003,Washing Machine,Appliances,10,1,0,13,14,3,25473.93,Critical,6
2026-08-17,B006,Tiruppur,Tamil Nadu,P004,Microwave,Appliances,8,1,2,8,9,3,9295.9,High,4
2026-08-17,B006,Tiruppur,Tamil Nadu,P005,Laptop,Electronics,27,2,6,22,22,6,45319.33,Low,3
2026-08-17,B006,Tiruppur,Tamil Nadu,P006,Smartphone,Electronics,35,3,12,39,43,8,18798.32,Medium,4
2026-08-17,B006,Tiruppur,Tamil Nadu,P007,Printer,Electronics,5,0,2,12,10,3,11803.66,Critical,10
2026-08-17,B006,Tiruppur,Tamil Nadu,P008,Air Conditioner,Appliances,9,1,4,16,14,3,40479.55,High,3
2026-08-17,B006,Tiruppur,Tamil Nadu,P009,Router,Networking,32,1,4,46,50,16,3357.09,Critical,6
2026-08-17,B006,Tiruppur,Tamil Nadu,P010,Monitor,Electronics,14,0,6,18,20,6,15511.08,High,6
2026-08-17,B007,Erode,Tamil Nadu,P001,LED TV,Electronics,11,3,3,23,21,6,31046.15,Critical,7
2026-08-17,B007,Erode,Tamil Nadu,P002,Refrigerator,Appliances,35,2,6,22,22,6,27608.33,Low,5
2026-08-17,B007,Erode,Tamil Nadu,P003,Washing Machine,Appliances,41,0,0,23,23,5,24554.36,Low,4
2026-08-17,B007,Erode,Tamil Nadu,P004,Microwave,Appliances,28,2,1,16,16,3,9384.18,Low,5
2026-08-17,B007,Erode,Tamil Nadu,P005,Laptop,Electronics,9,1,1,15,17,5,48209.9,Critical,10
2026-08-17,B007,Erode,Tamil Nadu,P006,Smartphone,Electronics,85,0,11,62,65,18,18217.62,Low,8
2026-08-17,B007,Erode,Tamil Nadu,P007,Printer,Electronics,5,0,0,14,12,3,11191.51,Critical,10
2026-08-17,B007,Erode,Tamil Nadu,P008,Air Conditioner,Appliances,17,0,2,12,10,3,40639.93,Low,7
2026-08-17,B007,Erode,Tamil Nadu,P009,Router,Networking,49,0,1,27,27,7,3692.55,Low,7
2026-08-17,B007,Erode,Tamil Nadu,P010,Monitor,Electronics,32,2,5,30,27,5,15346.29,Low,6
2026-08-17,B008,Vellore,Tamil Nadu,P001,LED TV,Electronics,80,0,11,42,44,9,29600.16,Low,9
2026-08-17,B008,Vellore,Tamil Nadu,P002,Refrigerator,Appliances,27,1,0,18,16,4,28824.01,Low,10
2026-08-17,B008,Vellore,Tamil Nadu,P003,Washing Machine,Appliances,16,0,3,14,13,3,25470.52,Low,7
2026-08-17,B008,Vellore,Tamil Nadu,P004,Microwave,Appliances,31,2,5,18,17,5,9647.1,Low,9
2026-08-17,B008,Vellore,Tamil Nadu,P005,Laptop,Electronics,19,3,4,29,28,9,49949.73,Critical,7
2026-08-17,B008,Vellore,Tamil Nadu,P006,Smartphone,Electronics,49,4,3,55,50,12,17655.79,High,5
2026-08-17,B008,Vellore,Tamil Nadu,P007,Printer,Electronics,31,0,1,16,18,5,12951.9,Low,9
2026-08-17,B008,Vellore,Tamil Nadu,P008,Air Conditioner,Appliances,28,0,1,16,17,4,40150.14,Low,3
2026-08-17,B008,Vellore,Tamil Nadu,P009,Router,Networking,46,7,9,44,52,13,3534.3,High,5
2026-08-17,B008,Vellore,Tamil Nadu,P010,Monitor,Electronics,18,0,5,20,21,6,15379.4,Medium,4
2026-08-18,B001,Chennai,Tamil Nadu,P001,LED TV,Electronics,37,8,5,59,61,19,32387.07,Critical,3
2026-08-18,B001,Chennai,Tamil Nadu,P002,Refrigerator,Appliances,40,1,4,29,29,6,28008.18,Low,4
2026-08-18,B001,Chennai,Tamil Nadu,P003,Washing Machine,Appliances,39,2,1,37,30,6,22994.38,Low,3
2026-08-18,B001,Chennai,Tamil Nadu,P004,Microwave,Appliances,10,2,7,22,21,6,8293.45,Critical,10
2026-08-18,B001,Chennai,Tamil Nadu,P005,Laptop,Electronics,53,3,3,33,35,10,48066.11,Low,7
2026-08-18,B001,Chennai,Tamil Nadu,P006,Smartphone,Electronics,91,2,20,76,70,15,17379.53,Low,8
2026-08-18,B001,Chennai,Tamil Nadu,P007,Printer,Electronics,30,1,5,23,23,7,12503.31,Low,7
2026-08-18,B001,Chennai,Tamil Nadu,P008,Air Conditioner,Appliances,10,2,5,25,21,5,41387.15,Critical,4
2026-08-18,B001,Chennai,Tamil Nadu,P009,Router,Networking,126,9,19,65,72,20,3337.37,Low,6
2026-08-18,B001,Chennai,Tamil Nadu,P010,Monitor,Electronics,47,3,10,38,38,13,16502.12,Low,9
2026-08-18,B002,Coimbatore,Tamil Nadu,P001,LED TV,Electronics,46,7,10,52,51,13,33078.88,High,10
2026-08-18,B002,Coimbatore,Tamil Nadu,P002,Refrigerator,Appliances,24,2,3,19,18,5,28087.64,Low,10
2026-08-18,B002,Coimbatore,Tamil Nadu,P003,Washing Machine,Appliances,8,0,2,21,17,5,22085.63,Critical,7
2026-08-18,B002,Coimbatore,Tamil Nadu,P004,Microwave,Appliances,11,0,2,17,17,3,9027.9,High,4
2026-08-18,B002,Coimbatore,Tamil Nadu,P005,Laptop,Electronics,30,0,5,34,34,7,47191.93,Medium,10
2026-08-18,B002,Coimbatore,Tamil Nadu,P006,Smartphone,Electronics,142,7,16,80,79,23,18440.22,Low,6
2026-08-18,B002,Coimbatore,Tamil Nadu,P007,Printer,Electronics,10,0,5,18,19,5,11487.27,Critical,10
2026-08-18,B002,Coimbatore,Tamil Nadu,P008,Air Conditioner,Appliances,33,0,8,25,26,8,39276.06,Low,5
2026-08-18,B002,Coimbatore,Tamil Nadu,P009,Router,Networking,43,5,13,48,54,17,3762.45,High,8
2026-08-18,B002,Coimbatore,Tamil Nadu,P010,Monitor,Electronics,51,2,7,31,30,9,15841.41,Low,4
2026-08-18,B003,Madurai,Tamil Nadu,P001,LED TV,Electronics,75,5,7,48,49,16,32053.51,Low,8
2026-08-18,B003,Madurai,Tamil Nadu,P002,Refrigerator,Appliances,24,0,1,18,18,5,27337.16,Low,9
2026-08-18,B003,Madurai,Tamil Nadu,P003,Washing Machine,Appliances,38,0,0,23,23,4,22982.63,Low,3
2026-08-18,B003,Madurai,Tamil Nadu,P004,Microwave,Appliances,6,1,2,12,12,3,9047.98,Critical,8
2026-08-18,B003,Madurai,Tamil Nadu,P005,Laptop,Electronics,61,0,10,34,35,11,50149.73,Low,8
2026-08-18,B003,Madurai,Tamil Nadu,P006,Smartphone,Electronics,112,1,13,75,82,16,18652.54,Low,4
2026-08-18,B003,Madurai,Tamil Nadu,P007,Printer,Electronics,24,0,5,18,17,5,12307.54,Low,9
2026-08-18,B003,Madurai,Tamil Nadu,P008,Air Conditioner,Appliances,28,0,3,17,18,4,39383.83,Low,3
2026-08-18,B003,Madurai,Tamil Nadu,P009,Router,Networking,94,2,11,49,50,11,3349.67,Low,5
2026-08-18,B003,Madurai,Tamil Nadu,P010,Monitor,Electronics,17,2,6,29,26,8,15225.2,Critical,9
2026-08-18,B004,Salem,Tamil Nadu,P001,LED TV,Electronics,42,2,2,39,43,12,32372.56,High,6
2026-08-18,B004,Salem,Tamil Nadu,P002,Refrigerator,Appliances,28,1,2,19,18,4,26664.59,Low,9
2026-08-18,B004,Salem,Tamil Nadu,P003,Washing Machine,Appliances,28,2,2,20,18,4,23750.08,Low,3
2026-08-18,B004,Salem,Tamil Nadu,P004,Microwave,Appliances,12,0,2,15,13,3,8742.13,Medium,4
2026-08-18,B004,Salem,Tamil Nadu,P005,Laptop,Electronics,29,3,5,35,31,6,51107.35,Medium,5
2026-08-18,B004,Salem,Tamil Nadu,P006,Smartphone,Electronics,68,1,15,51,56,13,18518.48,Low,8
2026-08-18,B004,Salem,Tamil Nadu,P007,Printer,Electronics,29,0,5,18,19,4,12017.57,Low,8
2026-08-18,B004,Salem,Tamil Nadu,P008,Air Conditioner,Appliances,10,1,3,14,15,4,41588.93,Critical,5
2026-08-18,B004,Salem,Tamil Nadu,P009,Router,Networking,35,7,11,44,47,16,3654.78,Critical,10
2026-08-18,B004,Salem,Tamil Nadu,P010,Monitor,Electronics,21,2,4,23,24,5,16094.94,High,3
2026-08-18,B005,Trichy,Tamil Nadu,P001,LED TV,Electronics,18,2,3,38,37,11,31863.5,Critical,9
2026-08-18,B005,Trichy,Tamil Nadu,P002,Refrigerator,Appliances,34,1,0,21,21,6,27211.12,Low,3
2026-08-18,B005,Trichy,Tamil Nadu,P003,Washing Machine,Appliances,23,2,2,20,20,5,25853.68,Medium,8
2026-08-18,B005,Trichy,Tamil Nadu,P004,Microwave,Appliances,28,2,3,18,19,4,8794.5,Low,7
2026-08-18,B005,Trichy,Tamil Nadu,P005,Laptop,Electronics,28,3,3,31,28,5,50577.38,Medium,10
2026-08-18,B005,Trichy,Tamil Nadu,P006,Smartphone,Electronics,30,4,2,47,50,12,18556.1,Critical,6
2026-08-18,B005,Trichy,Tamil Nadu,P007,Printer,Electronics,18,0,4,13,13,4,12864.35,Low,8
2026-08-18,B005,Trichy,Tamil Nadu,P008,Air Conditioner,Appliances,23,2,0,20,21,4,38834.68,Medium,6
2026-08-18,B005,Trichy,Tamil Nadu,P009,Router,Networking,42,2,4,41,42,8,3364.45,Medium,6
2026-08-18,B005,Trichy,Tamil Nadu,P010,Monitor,Electronics,23,0,1,21,19,5,16899.05,Low,5
2026-08-18,B006,Tiruppur,Tamil Nadu,P001,LED TV,Electronics,62,3,2,43,43,11,34250.45,Low,7
2026-08-18,B006,Tiruppur,Tamil Nadu,P002,Refrigerator,Appliances,13,0,6,21,21,6,29431.41,High,7
2026-08-18,B006,Tiruppur,Tamil Nadu,P003,Washing Machine,Appliances,12,0,0,20,18,5,23027.78,Critical,10
2026-08-18,B006,Tiruppur,Tamil Nadu,P004,Microwave,Appliances,32,0,0,17,18,4,8759.18,Low,4
2026-08-18,B006,Tiruppur,Tamil Nadu,P005,Laptop,Electronics,43,5,6,32,35,10,47611.48,Medium,10
2026-08-18,B006,Tiruppur,Tamil Nadu,P006,Smartphone,Electronics,39,1,4,38,37,9,18678.05,Medium,6
2026-08-18,B006,Tiruppur,Tamil Nadu,P007,Printer,Electronics,26,0,3,15,14,4,11479.31,Low,7
2026-08-18,B006,Tiruppur,Tamil Nadu,P008,Air Conditioner,Appliances,20,1,2,12,13,3,39169.45,Low,4
2026-08-18,B006,Tiruppur,Tamil Nadu,P009,Router,Networking,23,5,8,40,38,9,3666.02,Critical,8
2026-08-18,B006,Tiruppur,Tamil Nadu,P010,Monitor,Electronics,28,3,0,27,25,6,16453.85,High,5
2026-08-18,B007,Erode,Tamil Nadu,P001,LED TV,Electronics,27,1,2,47,50,10,31593.83,Critical,6
2026-08-18,B007,Erode,Tamil Nadu,P002,Refrigerator,Appliances,6,1,4,15,12,3,27629.53,Critical,4
2026-08-18,B007,Erode,Tamil Nadu,P003,Washing Machine,Appliances,31,0,1,18,20,4,23886.94,Low,5
2026-08-18,B007,Erode,Tamil Nadu,P004,Microwave,Appliances,9,1,3,15,13,4,9709.99,Critical,8
2026-08-18,B007,Erode,Tamil Nadu,P005,Laptop,Electronics,31,2,7,23,21,5,49723.56,Low,10
2026-08-18,B007,Erode,Tamil Nadu,P006,Smartphone,Electronics,41,0,9,54,52,16,19123.83,High,4
2026-08-18,B007,Erode,Tamil Nadu,P007,Printer,Electronics,6,1,2,7,7,3,12320.25,High,4
2026-08-18,B007,Erode,Tamil Nadu,P008,Air Conditioner,Appliances,14,1,0,18,18,5,42542.91,Critical,6
2026-08-18,B007,Erode,Tamil Nadu,P009,Router,Networking,68,4,1,45,42,13,3442.45,Low,8
2026-08-18,B007,Erode,Tamil Nadu,P010,Monitor,Electronics,28,2,1,19,18,5,16521.37,Low,8
2026-08-18,B008,Vellore,Tamil Nadu,P001,LED TV,Electronics,29,6,7,39,43,9,29501.55,Critical,4
2026-08-18,B008,Vellore,Tamil Nadu,P002,Refrigerator,Appliances,28,1,4,19,19,4,30213.97,Low,10
2026-08-18,B008,Vellore,Tamil Nadu,P003,Washing Machine,Appliances,18,2,3,18,19,4,23797.15,High,9
2026-08-18,B008,Vellore,Tamil Nadu,P004,Microwave,Appliances,6,0,2,10,11,3,8872.95,Critical,7
2026-08-18,B008,Vellore,Tamil Nadu,P005,Laptop,Electronics,54,1,1,31,30,7,47948.73,Low,5
2026-08-18,B008,Vellore,Tamil Nadu,P006,Smartphone,Electronics,68,5,0,50,42,10,18445.43,Low,7
2026-08-18,B008,Vellore,Tamil Nadu,P007,Printer,Electronics,18,0,0,14,13,3,11999.01,Low,8
2026-08-18,B008,Vellore,Tamil Nadu,P008,Air Conditioner,Appliances,33,1,0,18,19,3,41415.22,Low,10
2026-08-18,B008,Vellore,Tamil Nadu,P009,Router,Networking,72,3,11,41,41,9,3531.18,Low,6
2026-08-18,B008,Vellore,Tamil Nadu,P010,Monitor,Electronics,26,2,2,21,21,6,15298.1,Medium,6
2026-08-19,B001,Chennai,Tamil Nadu,P001,LED TV,Electronics,44,3,18,59,55,16,32644.48,High,3
2026-08-19,B001,Chennai,Tamil Nadu,P002,Refrigerator,Appliances,20,2,3,29,31,7,27435.38,Critical,3
2026-08-19,B001,Chennai,Tamil Nadu,P003,Washing Machine,Appliances,29,0,1,27,25,7,25194.4,Medium,6
2026-08-19,B001,Chennai,Tamil Nadu,P004,Microwave,Appliances,28,2,4,20,18,5,8964.17,Low,3
2026-08-19,B001,Chennai,Tamil Nadu,P005,Laptop,Electronics,33,2,6,39,35,11,47241.94,High,9
2026-08-19,B001,Chennai,Tamil Nadu,P006,Smartphone,Electronics,71,0,2,77,67,16,18356.23,Medium,8
2026-08-19,B001,Chennai,Tamil Nadu,P007,Printer,Electronics,33,2,7,25,24,5,12152.77,Low,3
2026-08-19,B001,Chennai,Tamil Nadu,P008,Air Conditioner,Appliances,34,2,5,27,28,8,45169.34,Low,4
2026-08-19,B001,Chennai,Tamil Nadu,P009,Router,Networking,99,4,5,79,82,19,3564.25,Medium,9
2026-08-19,B001,Chennai,Tamil Nadu,P010,Monitor,Electronics,11,2,1,25,20,6,17203.59,Critical,3
2026-08-19,B002,Coimbatore,Tamil Nadu,P001,LED TV,Electronics,67,0,4,42,48,13,31799.84,Low,8
2026-08-19,B002,Coimbatore,Tamil Nadu,P002,Refrigerator,Appliances,23,0,8,24,24,7,28378.54,Low,6
2026-08-19,B002,Coimbatore,Tamil Nadu,P003,Washing Machine,Appliances,28,3,1,24,24,7,25818.9,High,8
2026-08-19,B002,Coimbatore,Tamil Nadu,P004,Microwave,Appliances,33,1,4,23,23,7,9615.84,Low,8
2026-08-19,B002,Coimbatore,Tamil Nadu,P005,Laptop,Electronics,47,4,10,34,34,11,49927.3,Low,8
2026-08-19,B002,Coimbatore,Tamil Nadu,P006,Smartphone,Electronics,58,10,27,88,94,25,18389.45,Critical,8
2026-08-19,B002,Coimbatore,Tamil Nadu,P007,Printer,Electronics,21,1,4,15,14,3,11767.42,Low,5
2026-08-19,B002,Coimbatore,Tamil Nadu,P008,Air Conditioner,Appliances,10,0,6,20,19,4,41599.71,High,3
2026-08-19,B002,Coimbatore,Tamil Nadu,P009,Router,Networking,58,2,11,55,53,12,3774.89,Low,4
2026-08-19,B002,Coimbatore,Tamil Nadu,P010,Monitor,Electronics,40,2,6,23,25,6,16988.3,Low,7
2026-08-19,B003,Madurai,Tamil Nadu,P001,LED TV,Electronics,33,6,4,44,45,13,31113.2,Critical,3
2026-08-19,B003,Madurai,Tamil Nadu,P002,Refrigerator,Appliances,10,1,2,14,14,3,30155.57,High,8
2026-08-19,B003,Madurai,Tamil Nadu,P003,Washing Machine,Appliances,27,1,0,22,20,6,22312.14,Low,8
2026-08-19,B003,Madurai,Tamil Nadu,P004,Microwave,Appliances,6,0,3,14,14,3,9569.16,Critical,8
2026-08-19,B003,Madurai,Tamil Nadu,P005,Laptop,Electronics,64,0,10,34,34,9,47978.52,Low,8
2026-08-19,B003,Madurai,Tamil Nadu,P006,Smartphone,Electronics,41,6,11,45,42,11,19241.21,Medium,10
2026-08-19,B003,Madurai,Tamil Nadu,P007,Printer,Electronics,7,0,1,17,16,4,12351.99,Critical,6
2026-08-19,B003,Madurai,Tamil Nadu,P008,Air Conditioner,Appliances,27,1,3,19,18,4,41441.06,Low,9
2026-08-19,B003,Madurai,Tamil Nadu,P009,Router,Networking,92,0,7,49,49,13,3436.2,Low,3
2026-08-19,B003,Madurai,Tamil Nadu,P010,Monitor,Electronics,48,4,6,32,31,9,16293.21,Low,10
2026-08-19,B004,Salem,Tamil Nadu,P001,LED TV,Electronics,31,4,1,37,36,7,33242.32,High,6
2026-08-19,B004,Salem,Tamil Nadu,P002,Refrigerator,Appliances,31,0,5,16,17,5,29225.55,Low,8
2026-08-19,B004,Salem,Tamil Nadu,P003,Washing Machine,Appliances,34,3,3,21,21,6,22453.19,Low,4
2026-08-19,B004,Salem,Tamil Nadu,P004,Microwave,Appliances,13,1,3,13,12,3,9340.46,Low,5
2026-08-19,B004,Salem,Tamil Nadu,P005,Laptop,Electronics,9,0,4,23,20,6,47275.31,Critical,6
2026-08-19,B004,Salem,Tamil Nadu,P006,Smartphone,Electronics,61,2,4,55,52,14,17624.9,Medium,8
2026-08-19,B004,Salem,Tamil Nadu,P007,Printer,Electronics,19,1,0,13,13,3,12246.24,Low,9
2026-08-19,B004,Salem,Tamil Nadu,P008,Air Conditioner,Appliances,24,2,5,15,16,4,45354.46,Low,3
2026-08-19,B004,Salem,Tamil Nadu,P009,Router,Networking,58,6,10,52,47,10,3248.0,Low,7
2026-08-19,B004,Salem,Tamil Nadu,P010,Monitor,Electronics,37,2,3,19,21,5,16239.23,Low,3
2026-08-19,B005,Trichy,Tamil Nadu,P001,LED TV,Electronics,81,3,7,43,47,10,31525.67,Low,8
2026-08-19,B005,Trichy,Tamil Nadu,P002,Refrigerator,Appliances,19,1,4,19,20,4,28368.17,Medium,5
2026-08-19,B005,Trichy,Tamil Nadu,P003,Washing Machine,Appliances,29,3,4,23,22,5,22799.6,Low,10
2026-08-19,B005,Trichy,Tamil Nadu,P004,Microwave,Appliances,20,0,0,13,13,4,9703.94,Low,9
2026-08-19,B005,Trichy,Tamil Nadu,P005,Laptop,Electronics,33,3,9,39,40,9,47948.56,High,4
2026-08-19,B005,Trichy,Tamil Nadu,P006,Smartphone,Electronics,24,7,5,58,54,15,16782.41,Critical,3
2026-08-19,B005,Trichy,Tamil Nadu,P007,Printer,Electronics,6,1,3,13,12,3,12901.19,Critical,7
2026-08-19,B005,Trichy,Tamil Nadu,P008,Air Conditioner,Appliances,14,0,0,15,16,5,40538.85,High,6
2026-08-19,B005,Trichy,Tamil Nadu,P009,Router,Networking,37,1,7,40,41,10,3490.81,Medium,9
2026-08-19,B005,Trichy,Tamil Nadu,P010,Monitor,Electronics,20,2,0,23,23,5,15944.32,High,4
2026-08-19,B006,Tiruppur,Tamil Nadu,P001,LED TV,Electronics,19,3,1,42,40,8,34377.4,Critical,6
2026-08-19,B006,Tiruppur,Tamil Nadu,P002,Refrigerator,Appliances,6,0,0,10,8,3,25768.14,Critical,5
2026-08-19,B006,Tiruppur,Tamil Nadu,P003,Washing Machine,Appliances,26,2,1,21,21,7,22937.56,Medium,8
2026-08-19,B006,Tiruppur,Tamil Nadu,P004,Microwave,Appliances,21,0,3,15,14,4,9170.32,Low,5
2026-08-19,B006,Tiruppur,Tamil Nadu,P005,Laptop,Electronics,22,1,1,14,13,3,44395.11,Low,8
2026-08-19,B006,Tiruppur,Tamil Nadu,P006,Smartphone,Electronics,88,8,9,47,57,15,16577.73,Low,10
2026-08-19,B006,Tiruppur,Tamil Nadu,P007,Printer,Electronics,21,1,0,13,12,3,11209.96,Low,3
2026-08-19,B006,Tiruppur,Tamil Nadu,P008,Air Conditioner,Appliances,15,1,5,15,16,5,44979.51,Medium,6
2026-08-19,B006,Tiruppur,Tamil Nadu,P009,Router,Networking,34,3,3,36,40,13,3282.76,Critical,3
2026-08-19,B006,Tiruppur,Tamil Nadu,P010,Monitor,Electronics,49,0,4,30,30,6,15853.02,Low,5
2026-08-19,B007,Erode,Tamil Nadu,P001,LED TV,Electronics,47,2,0,33,28,7,33869.68,Low,7
2026-08-19,B007,Erode,Tamil Nadu,P002,Refrigerator,Appliances,10,1,0,13,14,3,29040.79,Critical,10
2026-08-19,B007,Erode,Tamil Nadu,P003,Washing Machine,Appliances,12,1,4,21,21,4,22667.5,Critical,6
2026-08-19,B007,Erode,Tamil Nadu,P004,Microwave,Appliances,21,0,3,13,13,4,8978.59,Low,9
2026-08-19,B007,Erode,Tamil Nadu,P005,Laptop,Electronics,47,2,3,27,29,10,49398.95,Low,5
2026-08-19,B007,Erode,Tamil Nadu,P006,Smartphone,Electronics,50,1,5,46,41,14,18325.66,Medium,9
2026-08-19,B007,Erode,Tamil Nadu,P007,Printer,Electronics,21,1,0,15,12,3,11516.48,Low,10
2026-08-19,B007,Erode,Tamil Nadu,P008,Air Conditioner,Appliances,14,1,3,11,11,3,44710.32,Low,5
2026-08-19,B007,Erode,Tamil Nadu,P009,Router,Networking,45,5,4,43,43,12,3368.85,High,4
2026-08-19,B007,Erode,Tamil Nadu,P010,Monitor,Electronics,46,3,10,35,39,12,14978.9,Low,6
2026-08-19,B008,Vellore,Tamil Nadu,P001,LED TV,Electronics,86,3,12,54,52,17,31557.97,Low,5
2026-08-19,B008,Vellore,Tamil Nadu,P002,Refrigerator,Appliances,27,2,6,20,21,6,27646.6,Low,10
2026-08-19,B008,Vellore,Tamil Nadu,P003,Washing Machine,Appliances,19,1,0,16,16,3,23421.58,Medium,6
2026-08-19,B008,Vellore,Tamil Nadu,P004,Microwave,Appliances,14,0,0,9,9,3,8888.3,Low,5
2026-08-19,B008,Vellore,Tamil Nadu,P005,Laptop,Electronics,23,1,5,21,18,4,47359.44,Low,4
2026-08-19,B008,Vellore,Tamil Nadu,P006,Smartphone,Electronics,47,2,5,60,66,21,18859.11,Critical,4
2026-08-19,B008,Vellore,Tamil Nadu,P007,Printer,Electronics,13,0,0,10,10,3,11150.84,Low,3
2026-08-19,B008,Vellore,Tamil Nadu,P008,Air Conditioner,Appliances,19,2,0,18,17,4,41260.08,High,9
2026-08-19,B008,Vellore,Tamil Nadu,P009,Router,Networking,47,2,12,40,43,11,3281.19,Low,9
2026-08-19,B008,Vellore,Tamil Nadu,P010,Monitor,Electronics,49,2,5,29,30,9,15280.7,Low,10
2026-08-20,B001,Chennai,Tamil Nadu,P001,LED TV,Electronics,57,2,1,62,59,13,32308.98,High,5
2026-08-20,B001,Chennai,Tamil Nadu,P002,Refrigerator,Appliances,47,3,6,30,34,7,27562.78,Low,9
2026-08-20,B001,Chennai,Tamil Nadu,P003,Washing Machine,Appliances,47,4,4,27,28,8,25809.06,Low,6
2026-08-20,B001,Chennai,Tamil Nadu,P004,Microwave,Appliances,27,2,2,25,25,6,8416.9,Medium,6
2026-08-20,B001,Chennai,Tamil Nadu,P005,Laptop,Electronics,68,2,12,42,44,10,44596.55,Low,3
2026-08-20,B001,Chennai,Tamil Nadu,P006,Smartphone,Electronics,106,5,14,83,68,18,17518.79,Low,6
2026-08-20,B001,Chennai,Tamil Nadu,P007,Printer,Electronics,35,0,6,23,26,8,11791.77,Low,6
2026-08-20,B001,Chennai,Tamil Nadu,P008,Air Conditioner,Appliances,35,1,6,25,22,5,38640.98,Low,8
2026-08-20,B001,Chennai,Tamil Nadu,P009,Router,Networking,23,2,13,54,48,15,3735.5,Critical,4
2026-08-20,B001,Chennai,Tamil Nadu,P010,Monitor,Electronics,44,1,5,42,42,9,16517.07,Medium,10
2026-08-20,B002,Coimbatore,Tamil Nadu,P001,LED TV,Electronics,94,5,0,55,57,13,30625.85,Low,4
2026-08-20,B002,Coimbatore,Tamil Nadu,P002,Refrigerator,Appliances,24,0,2,19,18,4,27572.13,Low,9
2026-08-20,B002,Coimbatore,Tamil Nadu,P003,Washing Machine,Appliances,16,0,1,22,22,5,24411.11,Critical,9
2026-08-20,B002,Coimbatore,Tamil Nadu,P004,Microwave,Appliances,4,0,2,14,11,3,9262.79,Critical,9
2026-08-20,B002,Coimbatore,Tamil Nadu,P005,Laptop,Electronics,15,2,6,29,31,7,49731.84,Critical,8
2026-08-20,B002,Coimbatore,Tamil Nadu,P006,Smartphone,Electronics,97,7,9,68,71,17,16859.49,Low,9
2026-08-20,B002,Coimbatore,Tamil Nadu,P007,Printer,Electronics,11,2,3,17,17,3,12201.05,Critical,5
2026-08-20,B002,Coimbatore,Tamil Nadu,P008,Air Conditioner,Appliances,16,1,2,17,17,4,41458.39,High,5
2026-08-20,B002,Coimbatore,Tamil Nadu,P009,Router,Networking,34,2,15,47,48,12,3602.66,High,8
2026-08-20,B002,Coimbatore,Tamil Nadu,P010,Monitor,Electronics,49,3,4,33,33,8,16238.83,Low,6
2026-08-20,B003,Madurai,Tamil Nadu,P001,LED TV,Electronics,67,4,8,51,55,13,30357.47,Low,4
2026-08-20,B003,Madurai,Tamil Nadu,P002,Refrigerator,Appliances,47,0,2,24,27,8,28673.37,Low,7
2026-08-20,B003,Madurai,Tamil Nadu,P003,Washing Machine,Appliances,21,2,6,22,22,6,25544.7,Medium,10
2026-08-20,B003,Madurai,Tamil Nadu,P004,Microwave,Appliances,14,0,3,13,12,3,9582.92,Low,9
2026-08-20,B003,Madurai,Tamil Nadu,P005,Laptop,Electronics,35,3,8,27,27,8,48352.66,Low,6
2026-08-20,B003,Madurai,Tamil Nadu,P006,Smartphone,Electronics,69,2,0,69,75,16,17058.36,High,5
2026-08-20,B003,Madurai,Tamil Nadu,P007,Printer,Electronics,9,0,4,18,16,4,11670.85,High,5
2026-08-20,B003,Madurai,Tamil Nadu,P008,Air Conditioner,Appliances,12,0,2,9,9,3,42555.44,Low,6
2026-08-20,B003,Madurai,Tamil Nadu,P009,Router,Networking,42,1,4,49,52,11,3496.57,High,6
2026-08-20,B003,Madurai,Tamil Nadu,P010,Monitor,Electronics,58,1,0,29,31,8,16040.99,Low,4
2026-08-20,B004,Salem,Tamil Nadu,P001,LED TV,Electronics,37,1,7,34,32,8,29591.73,Low,9
2026-08-20,B004,Salem,Tamil Nadu,P002,Refrigerator,Appliances,22,0,4,14,15,4,28821.99,Low,10
2026-08-20,B004,Salem,Tamil Nadu,P003,Washing Machine,Appliances,12,2,1,21,22,7,22178.61,Critical,7
2026-08-20,B004,Salem,Tamil Nadu,P004,Microwave,Appliances,26,0,1,17,16,4,8314.42,Low,7
2026-08-20,B004,Salem,Tamil Nadu,P005,Laptop,Electronics,67,2,5,31,36,11,50767.43,Low,7
2026-08-20,B004,Salem,Tamil Nadu,P006,Smartphone,Electronics,76,1,6,53,51,13,19182.65,Low,4
2026-08-20,B004,Salem,Tamil Nadu,P007,Printer,Electronics,22,2,1,16,16,5,12263.26,Low,6
2026-08-20,B004,Salem,Tamil Nadu,P008,Air Conditioner,Appliances,37,0,2,21,21,4,43116.3,Low,4
2026-08-20,B004,Salem,Tamil Nadu,P009,Router,Networking,37,4,11,39,36,7,3352.44,Low,6
2026-08-20,B004,Salem,Tamil Nadu,P010,Monitor,Electronics,14,3,3,30,26,6,15860.87,Critical,3
2026-08-20,B005,Trichy,Tamil Nadu,P001,LED TV,Electronics,27,5,0,48,50,15,29980.64,Critical,10
2026-08-20,B005,Trichy,Tamil Nadu,P002,Refrigerator,Appliances,27,0,3,21,22,5,28958.96,Low,9
2026-08-20,B005,Trichy,Tamil Nadu,P003,Washing Machine,Appliances,36,1,2,24,22,5,23663.69,Low,4
2026-08-20,B005,Trichy,Tamil Nadu,P004,Microwave,Appliances,9,1,4,12,14,4,8313.22,High,5
2026-08-20,B005,Trichy,Tamil Nadu,P005,Laptop,Electronics,31,4,12,32,40,8,48223.63,High,9
2026-08-20,B005,Trichy,Tamil Nadu,P006,Smartphone,Electronics,63,7,5,55,57,18,16942.26,High,7
2026-08-20,B005,Trichy,Tamil Nadu,P007,Printer,Electronics,23,0,0,15,14,3,12498.73,Low,4
2026-08-20,B005,Trichy,Tamil Nadu,P008,Air Conditioner,Appliances,9,0,2,16,17,5,40760.5,Critical,3
2026-08-20,B005,Trichy,Tamil Nadu,P009,Router,Networking,63,3,2,57,60,17,3656.49,High,4
2026-08-20,B005,Trichy,Tamil Nadu,P010,Monitor,Electronics,12,1,7,24,25,6,15689.56,Critical,4
2026-08-20,B006,Tiruppur,Tamil Nadu,P001,LED TV,Electronics,55,3,6,39,37,12,29664.08,Low,4
2026-08-20,B006,Tiruppur,Tamil Nadu,P002,Refrigerator,Appliances,28,1,0,19,20,6,29290.09,Low,8
2026-08-20,B006,Tiruppur,Tamil Nadu,P003,Washing Machine,Appliances,35,0,6,20,23,4,23443.37,Low,4
2026-08-20,B006,Tiruppur,Tamil Nadu,P004,Microwave,Appliances,6,0,2,8,7,3,9194.19,High,9
2026-08-20,B006,Tiruppur,Tamil Nadu,P005,Laptop,Electronics,13,3,0,25,24,5,50739.37,Critical,10
2026-08-20,B006,Tiruppur,Tamil Nadu,P006,Smartphone,Electronics,57,5,8,52,48,13,19153.56,Medium,6
2026-08-20,B006,Tiruppur,Tamil Nadu,P007,Printer,Electronics,19,0,1,11,12,3,12507.48,Low,3
2026-08-20,B006,Tiruppur,Tamil Nadu,P008,Air Conditioner,Appliances,10,1,4,15,14,3,44315.93,High,8
2026-08-20,B006,Tiruppur,Tamil Nadu,P009,Router,Networking,62,3,1,37,38,10,3316.26,Low,5
2026-08-20,B006,Tiruppur,Tamil Nadu,P010,Monitor,Electronics,37,0,4,26,26,5,16093.6,Low,3
2026-08-20,B007,Erode,Tamil Nadu,P001,LED TV,Electronics,29,1,13,41,43,12,30918.16,High,7
2026-08-20,B007,Erode,Tamil Nadu,P002,Refrigerator,Appliances,18,0,1,10,10,3,28586.02,Low,8
2026-08-20,B007,Erode,Tamil Nadu,P003,Washing Machine,Appliances,8,1,3,20,17,3,24728.27,Critical,4
2026-08-20,B007,Erode,Tamil Nadu,P004,Microwave,Appliances,24,0,3,14,14,3,9201.76,Low,4
2026-08-20,B007,Erode,Tamil Nadu,P005,Laptop,Electronics,15,1,3,20,19,5,47824.89,High,6
2026-08-20,B007,Erode,Tamil Nadu,P006,Smartphone,Electronics,54,5,19,57,57,19,16719.76,Medium,6
2026-08-20,B007,Erode,Tamil Nadu,P007,Printer,Electronics,10,0,1,9,8,3,12697.47,Low,10
2026-08-20,B007,Erode,Tamil Nadu,P008,Air Conditioner,Appliances,5,0,2,9,8,3,45229.85,Critical,9
2026-08-20,B007,Erode,Tamil Nadu,P009,Router,Networking,41,3,10,38,35,11,3334.11,Low,5
2026-08-20,B007,Erode,Tamil Nadu,P010,Monitor,Electronics,39,0,6,30,31,10,15677.7,Low,6
2026-08-20,B008,Vellore,Tamil Nadu,P001,LED TV,Electronics,28,4,6,47,52,13,31236.6,Critical,8
2026-08-20,B008,Vellore,Tamil Nadu,P002,Refrigerator,Appliances,9,1,3,12,11,3,30115.98,High,4
2026-08-20,B008,Vellore,Tamil Nadu,P003,Washing Machine,Appliances,10,0,1,18,16,5,24272.38,Critical,7
2026-08-20,B008,Vellore,Tamil Nadu,P004,Microwave,Appliances,25,0,4,15,15,3,8319.39,Low,6
2026-08-20,B008,Vellore,Tamil Nadu,P005,Laptop,Electronics,35,2,0,23,27,7,45121.73,Medium,4
2026-08-20,B008,Vellore,Tamil Nadu,P006,Smartphone,Electronics,71,6,4,48,44,13,18163.06,Low,9
2026-08-20,B008,Vellore,Tamil Nadu,P007,Printer,Electronics,8,1,1,12,12,3,11447.97,Critical,8
2026-08-20,B008,Vellore,Tamil Nadu,P008,Air Conditioner,Appliances,13,0,2,16,16,3,38976.94,High,4
2026-08-20,B008,Vellore,Tamil Nadu,P009,Router,Networking,40,5,1,53,55,16,3609.6,Critical,9
2026-08-20,B008,Vellore,Tamil Nadu,P010,Monitor,Electronics,18,0,3,26,27,5,15835.26,High,7
2026-08-21,B001,Chennai,Tamil Nadu,P001,LED TV,Electronics,98,5,26,75,79,26,31816.35,Low,8
2026-08-21,B001,Chennai,Tamil Nadu,P002,Refrigerator,Appliances,21,1,10,35,34,8,27576.76,High,4
2026-08-21,B001,Chennai,Tamil Nadu,P003,Washing Machine,Appliances,47,2,10,35,37,12,22698.02,Low,7
2026-08-21,B001,Chennai,Tamil Nadu,P004,Microwave,Appliances,20,2,4,22,22,6,9078.15,High,3
2026-08-21,B001,Chennai,Tamil Nadu,P005,Laptop,Electronics,54,3,13,46,43,9,50450.81,Low,10
2026-08-21,B001,Chennai,Tamil Nadu,P006,Smartphone,Electronics,37,11,1,92,84,27,17052.1,Critical,4
2026-08-21,B001,Chennai,Tamil Nadu,P007,Printer,Electronics,28,1,3,20,19,5,12652.19,Low,7
2026-08-21,B001,Chennai,Tamil Nadu,P008,Air Conditioner,Appliances,42,0,9,30,29,9,39150.73,Low,5
2026-08-21,B001,Chennai,Tamil Nadu,P009,Router,Networking,114,7,23,85,95,31,3401.1,Low,9
2026-08-21,B001,Chennai,Tamil Nadu,P010,Monitor,Electronics,58,3,4,37,35,9,15699.62,Low,7
2026-08-21,B002,Coimbatore,Tamil Nadu,P001,LED TV,Electronics,81,1,10,67,69,18,31421.41,Low,6
2026-08-21,B002,Coimbatore,Tamil Nadu,P002,Refrigerator,Appliances,19,0,1,25,28,8,28748.44,Critical,4
2026-08-21,B002,Coimbatore,Tamil Nadu,P003,Washing Machine,Appliances,18,0,2,30,28,9,22701.03,Critical,4
2026-08-21,B002,Coimbatore,Tamil Nadu,P004,Microwave,Appliances,20,1,0,23,22,5,9607.77,High,4
2026-08-21,B002,Coimbatore,Tamil Nadu,P005,Laptop,Electronics,50,3,1,31,28,6,47815.72,Low,8
2026-08-21,B002,Coimbatore,Tamil Nadu,P006,Smartphone,Electronics,47,4,0,75,69,20,17935.2,Critical,8
2026-08-21,B002,Coimbatore,Tamil Nadu,P007,Printer,Electronics,17,1,3,16,17,5,12016.92,Medium,9
2026-08-21,B002,Coimbatore,Tamil Nadu,P008,Air Conditioner,Appliances,32,2,0,26,25,7,39815.43,Medium,10
2026-08-21,B002,Coimbatore,Tamil Nadu,P009,Router,Networking,46,4,21,59,69,16,3325.5,High,5
2026-08-21,B002,Coimbatore,Tamil Nadu,P010,Monitor,Electronics,39,4,10,31,34,7,16894.32,Low,8
2026-08-21,B003,Madurai,Tamil Nadu,P001,LED TV,Electronics,75,5,13,63,64,21,33440.95,Medium,10
2026-08-21,B003,Madurai,Tamil Nadu,P002,Refrigerator,Appliances,27,1,5,16,16,5,28813.07,Low,7
2026-08-21,B003,Madurai,Tamil Nadu,P003,Washing Machine,Appliances,36,2,0,27,24,7,24859.72,Low,4
2026-08-21,B003,Madurai,Tamil Nadu,P004,Microwave,Appliances,32,0,4,19,19,5,9068.7,Low,6
2026-08-21,B003,Madurai,Tamil Nadu,P005,Laptop,Electronics,40,3,10,41,50,12,46037.96,High,7
2026-08-21,B003,Madurai,Tamil Nadu,P006,Smartphone,Electronics,126,4,8,78,85,24,19043.43,Low,9
2026-08-21,B003,Madurai,Tamil Nadu,P007,Printer,Electronics,17,1,4,21,24,6,12555.54,High,3
2026-08-21,B003,Madurai,Tamil Nadu,P008,Air Conditioner,Appliances,25,0,2,22,21,6,40273.64,Low,4
2026-08-21,B003,Madurai,Tamil Nadu,P009,Router,Networking,33,2,14,42,43,14,3398.49,High,5
2026-08-21,B003,Madurai,Tamil Nadu,P010,Monitor,Electronics,49,2,4,30,31,7,16990.92,Low,5
2026-08-21,B004,Salem,Tamil Nadu,P001,LED TV,Electronics,55,3,16,62,56,13,31223.46,Medium,6
2026-08-21,B004,Salem,Tamil Nadu,P002,Refrigerator,Appliances,17,1,2,16,16,3,30038.4,Medium,9
2026-08-21,B004,Salem,Tamil Nadu,P003,Washing Machine,Appliances,33,3,5,24,23,6,23238.01,Low,9
2026-08-21,B004,Salem,Tamil Nadu,P004,Microwave,Appliances,7,0,3,16,15,3,8487.74,Critical,10
2026-08-21,B004,Salem,Tamil Nadu,P005,Laptop,Electronics,65,2,13,41,43,10,45414.77,Low,4
2026-08-21,B004,Salem,Tamil Nadu,P006,Smartphone,Electronics,97,1,12,66,73,15,18487.91,Low,6
2026-08-21,B004,Salem,Tamil Nadu,P007,Printer,Electronics,11,1,1,10,11,3,12244.55,High,4
2026-08-21,B004,Salem,Tamil Nadu,P008,Air Conditioner,Appliances,31,2,0,18,19,5,39338.56,Low,4
2026-08-21,B004,Salem,Tamil Nadu,P009,Router,Networking,19,2,7,34,30,6,3747.06,High,3
2026-08-21,B004,Salem,Tamil Nadu,P010,Monitor,Electronics,49,3,10,30,32,8,15394.71,Low,10
2026-08-21,B005,Trichy,Tamil Nadu,P001,LED TV,Electronics,90,2,9,50,50,10,31068.52,Low,4
2026-08-21,B005,Trichy,Tamil Nadu,P002,Refrigerator,Appliances,27,2,4,21,21,7,28164.91,Low,8
2026-08-21,B005,Trichy,Tamil Nadu,P003,Washing Machine,Appliances,28,3,2,24,26,5,23114.73,Medium,3
2026-08-21,B005,Trichy,Tamil Nadu,P004,Microwave,Appliances,29,1,1,17,16,3,8676.7,Low,4
2026-08-21,B005,Trichy,Tamil Nadu,P005,Laptop,Electronics,40,4,9,35,33,10,46283.89,Low,4
2026-08-21,B005,Trichy,Tamil Nadu,P006,Smartphone,Electronics,42,9,2,72,77,17,18139.63,Critical,8
2026-08-21,B005,Trichy,Tamil Nadu,P007,Printer,Electronics,28,1,4,19,20,4,11041.56,Low,6
2026-08-21,B005,Trichy,Tamil Nadu,P008,Air Conditioner,Appliances,10,1,2,14,13,4,44518.59,Critical,5
2026-08-21,B005,Trichy,Tamil Nadu,P009,Router,Networking,71,2,17,53,56,13,3431.59,Low,8
2026-08-21,B005,Trichy,Tamil Nadu,P010,Monitor,Electronics,60,0,1,31,32,9,14804.03,Low,4
2026-08-21,B006,Tiruppur,Tamil Nadu,P001,LED TV,Electronics,93,1,15,49,59,11,29521.25,Low,10
2026-08-21,B006,Tiruppur,Tamil Nadu,P002,Refrigerator,Appliances,10,1,0,16,16,4,27555.18,Critical,10
2026-08-21,B006,Tiruppur,Tamil Nadu,P003,Washing Machine,Appliances,32,0,8,27,31,7,23351.65,Low,8
2026-08-21,B006,Tiruppur,Tamil Nadu,P004,Microwave,Appliances,19,1,5,18,20,4,8864.81,Medium,9
2026-08-21,B006,Tiruppur,Tamil Nadu,P005,Laptop,Electronics,13,0,8,31,29,9,51025.21,Critical,5
2026-08-21,B006,Tiruppur,Tamil Nadu,P006,Smartphone,Electronics,43,3,20,56,61,13,17350.42,High,7
2026-08-21,B006,Tiruppur,Tamil Nadu,P007,Printer,Electronics,19,0,3,14,14,3,11461.95,Low,9
2026-08-21,B006,Tiruppur,Tamil Nadu,P008,Air Conditioner,Appliances,18,1,3,12,13,4,44149.23,Low,8
2026-08-21,B006,Tiruppur,Tamil Nadu,P009,Router,Networking,50,1,11,49,53,13,3546.01,Medium,3
2026-08-21,B006,Tiruppur,Tamil Nadu,P010,Monitor,Electronics,21,1,2,24,25,5,15678.99,High,3
2026-08-21,B007,Erode,Tamil Nadu,P001,LED TV,Electronics,34,1,8,38,42,9,31188.33,High,3
2026-08-21,B007,Erode,Tamil Nadu,P002,Refrigerator,Appliances,6,0,1,11,12,4,29708.22,Critical,8
2026-08-21,B007,Erode,Tamil Nadu,P003,Washing Machine,Appliances,21,2,0,17,19,4,22289.55,High,5
2026-08-21,B007,Erode,Tamil Nadu,P004,Microwave,Appliances,9,1,1,18,16,3,8439.93,Critical,7
2026-08-21,B007,Erode,Tamil Nadu,P005,Laptop,Electronics,49,0,8,29,29,8,49518.44,Low,5
2026-08-21,B007,Erode,Tamil Nadu,P006,Smartphone,Electronics,86,0,3,72,65,20,17630.79,Low,8
2026-08-21,B007,Erode,Tamil Nadu,P007,Printer,Electronics,18,0,0,10,10,3,11056.14,Low,7
2026-08-21,B007,Erode,Tamil Nadu,P008,Air Conditioner,Appliances,29,0,4,21,20,6,40914.91,Low,6
2026-08-21,B007,Erode,Tamil Nadu,P009,Router,Networking,59,2,1,53,59,13,3547.48,High,6
2026-08-21,B007,Erode,Tamil Nadu,P010,Monitor,Electronics,15,2,5,24,25,5,15527.89,Critical,8
2026-08-21,B008,Vellore,Tamil Nadu,P001,LED TV,Electronics,103,0,21,62,65,19,29798.72,Low,4
2026-08-21,B008,Vellore,Tamil Nadu,P002,Refrigerator,Appliances,14,1,0,17,16,3,29042.96,High,5
2026-08-21,B008,Vellore,Tamil Nadu,P003,Washing Machine,Appliances,36,1,5,26,25,5,22869.24,Low,7
2026-08-21,B008,Vellore,Tamil Nadu,P004,Microwave,Appliances,18,0,4,14,13,3,8583.04,Low,6
2026-08-21,B008,Vellore,Tamil Nadu,P005,Laptop,Electronics,47,0,0,32,33,11,49706.33,Low,3
2026-08-21,B008,Vellore,Tamil Nadu,P006,Smartphone,Electronics,89,10,2,64,71,19,18880.16,Medium,4
2026-08-21,B008,Vellore,Tamil Nadu,P007,Printer,Electronics,10,0,1,15,16,5,11208.42,Critical,6
2026-08-21,B008,Vellore,Tamil Nadu,P008,Air Conditioner,Appliances,12,0,4,14,12,3,44086.87,Low,5
2026-08-21,B008,Vellore,Tamil Nadu,P009,Router,Networking,77,1,0,47,44,14,3701.47,Low,8
2026-08-21,B008,Vellore,Tamil Nadu,P010,Monitor,Electronics,37,2,3,30,30,8,16838.95,Low,4
2026-08-22,B001,Chennai,Tamil Nadu,P001,LED TV,Electronics,42,1,9,75,81,18,32019.88,Critical,5
2026-08-22,B001,Chennai,Tamil Nadu,P002,Refrigerator,Appliances,24,3,7,27,27,6,29476.55,Medium,7
2026-08-22,B001,Chennai,Tamil Nadu,P003,Washing Machine,Appliances,47,4,2,35,37,10,25400.95,Medium,4
2026-08-22,B001,Chennai,Tamil Nadu,P004,Microwave,Appliances,51,0,6,29,28,8,8398.41,Low,6
2026-08-22,B001,Chennai,Tamil Nadu,P005,Laptop,Electronics,70,6,19,55,57,12,50952.17,Low,3
2026-08-22,B001,Chennai,Tamil Nadu,P006,Smartphone,Electronics,100,8,4,96,89,22,19132.09,Medium,6
2026-08-22,B001,Chennai,Tamil Nadu,P007,Printer,Electronics,37,1,4,23,22,6,11359.66,Low,5
2026-08-22,B001,Chennai,Tamil Nadu,P008,Air Conditioner,Appliances,64,0,8,33,38,7,39302.44,Low,4
2026-08-22,B001,Chennai,Tamil Nadu,P009,Router,Networking,119,6,0,73,67,17,3228.29,Low,5
2026-08-22,B001,Chennai,Tamil Nadu,P010,Monitor,Electronics,21,4,0,41,38,13,15648.1,Critical,4
2026-08-22,B002,Coimbatore,Tamil Nadu,P001,LED TV,Electronics,95,0,8,54,53,14,29554.56,Low,7
2026-08-22,B002,Coimbatore,Tamil Nadu,P002,Refrigerator,Appliances,18,0,4,24,24,8,29060.11,High,9
2026-08-22,B002,Coimbatore,Tamil Nadu,P003,Washing Machine,Appliances,13,1,4,23,23,5,22535.15,Critical,9
2026-08-22,B002,Coimbatore,Tamil Nadu,P004,Microwave,Appliances,23,2,7,22,21,7,9068.38,Low,8
2026-08-22,B002,Coimbatore,Tamil Nadu,P005,Laptop,Electronics,48,5,18,45,53,16,47154.88,Medium,8
2026-08-22,B002,Coimbatore,Tamil Nadu,P006,Smartphone,Electronics,73,3,8,99,103,24,19049.76,Critical,8
2026-08-22,B002,Coimbatore,Tamil Nadu,P007,Printer,Electronics,15,1,3,16,16,3,12194.87,Medium,8
2026-08-22,B002,Coimbatore,Tamil Nadu,P008,Air Conditioner,Appliances,15,0,3,18,18,4,39861.9,High,10
2026-08-22,B002,Coimbatore,Tamil Nadu,P009,Router,Networking,102,2,11,64,54,13,3717.47,Low,9
2026-08-22,B002,Coimbatore,Tamil Nadu,P010,Monitor,Electronics,43,3,2,30,31,6,15301.44,Low,6
2026-08-22,B003,Madurai,Tamil Nadu,P001,LED TV,Electronics,76,1,10,49,56,16,30859.42,Low,10
2026-08-22,B003,Madurai,Tamil Nadu,P002,Refrigerator,Appliances,34,1,4,24,24,7,26821.61,Low,4
2026-08-22,B003,Madurai,Tamil Nadu,P003,Washing Machine,Appliances,8,1,3,17,18,4,22624.52,Critical,4
2026-08-22,B003,Madurai,Tamil Nadu,P004,Microwave,Appliances,16,1,2,18,19,4,9394.37,High,5
2026-08-22,B003,Madurai,Tamil Nadu,P005,Laptop,Electronics,48,4,6,41,42,9,47648.21,Medium,5
2026-08-22,B003,Madurai,Tamil Nadu,P006,Smartphone,Electronics,59,6,26,71,78,21,16792.15,High,7
2026-08-22,B003,Madurai,Tamil Nadu,P007,Printer,Electronics,7,0,4,13,14,4,11283.16,Critical,6
2026-08-22,B003,Madurai,Tamil Nadu,P008,Air Conditioner,Appliances,15,1,4,17,15,3,40301.72,Low,8
2026-08-22,B003,Madurai,Tamil Nadu,P009,Router,Networking,73,5,9,54,50,11,3610.97,Low,5
2026-08-22,B003,Madurai,Tamil Nadu,P010,Monitor,Electronics,56,1,2,35,39,12,16337.87,Low,6
2026-08-22,B004,Salem,Tamil Nadu,P001,LED TV,Electronics,44,6,5,41,45,13,32527.45,High,9
2026-08-22,B004,Salem,Tamil Nadu,P002,Refrigerator,Appliances,17,2,7,25,24,5,27284.96,High,8
2026-08-22,B004,Salem,Tamil Nadu,P003,Washing Machine,Appliances,12,1,6,23,21,7,25537.74,Critical,9
2026-08-22,B004,Salem,Tamil Nadu,P004,Microwave,Appliances,15,1,2,13,13,3,9164.55,Low,5
2026-08-22,B004,Salem,Tamil Nadu,P005,Laptop,Electronics,53,4,9,34,33,10,48157.16,Low,9
2026-08-22,B004,Salem,Tamil Nadu,P006,Smartphone,Electronics,90,5,6,55,58,19,18397.27,Low,8
2026-08-22,B004,Salem,Tamil Nadu,P007,Printer,Electronics,22,0,5,19,19,4,12638.1,Low,6
2026-08-22,B004,Salem,Tamil Nadu,P008,Air Conditioner,Appliances,31,2,3,20,20,6,38918.33,Low,9
2026-08-22,B004,Salem,Tamil Nadu,P009,Router,Networking,31,4,9,48,47,12,3635.02,Critical,3
2026-08-22,B004,Salem,Tamil Nadu,P010,Monitor,Electronics,36,3,6,29,30,6,15845.3,Low,6
2026-08-22,B005,Trichy,Tamil Nadu,P001,LED TV,Electronics,79,3,0,58,60,16,29550.67,Low,6
2026-08-22,B005,Trichy,Tamil Nadu,P002,Refrigerator,Appliances,25,1,4,28,27,9,29002.96,High,5
2026-08-22,B005,Trichy,Tamil Nadu,P003,Washing Machine,Appliances,27,0,1,19,17,3,25916.04,Low,3
2026-08-22,B005,Trichy,Tamil Nadu,P004,Microwave,Appliances,9,0,3,17,16,4,9598.94,Critical,8
2026-08-22,B005,Trichy,Tamil Nadu,P005,Laptop,Electronics,25,3,3,33,32,8,48819.7,Critical,9
2026-08-22,B005,Trichy,Tamil Nadu,P006,Smartphone,Electronics,155,14,36,90,104,29,18579.07,Low,4
2026-08-22,B005,Trichy,Tamil Nadu,P007,Printer,Electronics,8,1,5,17,16,4,11209.9,Critical,7
2026-08-22,B005,Trichy,Tamil Nadu,P008,Air Conditioner,Appliances,10,0,6,21,22,5,39360.93,Critical,3
2026-08-22,B005,Trichy,Tamil Nadu,P009,Router,Networking,27,0,7,30,28,6,3331.45,Low,7
2026-08-22,B005,Trichy,Tamil Nadu,P010,Monitor,Electronics,38,0,7,31,27,8,17102.62,Low,5
2026-08-22,B006,Tiruppur,Tamil Nadu,P001,LED TV,Electronics,90,4,1,48,55,18,32337.9,Low,3
2026-08-22,B006,Tiruppur,Tamil Nadu,P002,Refrigerator,Appliances,21,1,2,19,17,5,25941.49,Low,3
2026-08-22,B006,Tiruppur,Tamil Nadu,P003,Washing Machine,Appliances,25,1,1,20,20,4,23648.04,Low,7
2026-08-22,B006,Tiruppur,Tamil Nadu,P004,Microwave,Appliances,26,2,4,19,20,5,9481.23,Low,8
2026-08-22,B006,Tiruppur,Tamil Nadu,P005,Laptop,Electronics,33,3,5,25,24,5,51723.38,Low,4
2026-08-22,B006,Tiruppur,Tamil Nadu,P006,Smartphone,Electronics,49,2,0,49,53,11,17742.41,High,6
2026-08-22,B006,Tiruppur,Tamil Nadu,P007,Printer,Electronics,19,0,4,17,16,3,12231.05,Low,4
2026-08-22,B006,Tiruppur,Tamil Nadu,P008,Air Conditioner,Appliances,18,0,0,13,12,3,44819.89,Low,6
2026-08-22,B006,Tiruppur,Tamil Nadu,P009,Router,Networking,59,0,3,48,46,13,3254.63,Low,6
2026-08-22,B006,Tiruppur,Tamil Nadu,P010,Monitor,Electronics,31,0,2,22,19,4,14744.92,Low,9
2026-08-22,B007,Erode,Tamil Nadu,P001,LED TV,Electronics,43,6,12,47,49,14,33046.88,High,8
2026-08-22,B007,Erode,Tamil Nadu,P002,Refrigerator,Appliances,22,1,1,23,21,6,27846.88,High,5
2026-08-22,B007,Erode,Tamil Nadu,P003,Washing Machine,Appliances,10,2,1,21,21,5,24757.7,Critical,9
2026-08-22,B007,Erode,Tamil Nadu,P004,Microwave,Appliances,17,1,3,14,14,4,8847.33,Low,9
2026-08-22,B007,Erode,Tamil Nadu,P005,Laptop,Electronics,33,2,2,29,30,10,51729.42,High,7
2026-08-22,B007,Erode,Tamil Nadu,P006,Smartphone,Electronics,116,1,5,68,62,13,19308.78,Low,8
2026-08-22,B007,Erode,Tamil Nadu,P007,Printer,Electronics,16,0,1,14,15,3,11596.11,Medium,6
2026-08-22,B007,Erode,Tamil Nadu,P008,Air Conditioner,Appliances,10,2,2,14,16,3,39411.15,Critical,7
2026-08-22,B007,Erode,Tamil Nadu,P009,Router,Networking,29,1,5,43,39,12,3678.44,Critical,4
2026-08-22,B007,Erode,Tamil Nadu,P010,Monitor,Electronics,16,2,4,25,24,5,15955.1,Critical,7
2026-08-22,B008,Vellore,Tamil Nadu,P001,LED TV,Electronics,45,3,6,42,39,9,34309.13,Low,3
2026-08-22,B008,Vellore,Tamil Nadu,P002,Refrigerator,Appliances,33,1,0,20,19,5,27056.03,Low,7
2026-08-22,B008,Vellore,Tamil Nadu,P003,Washing Machine,Appliances,34,1,4,20,22,6,24997.33,Low,4
2026-08-22,B008,Vellore,Tamil Nadu,P004,Microwave,Appliances,17,1,3,14,14,3,9107.61,Low,3
2026-08-22,B008,Vellore,Tamil Nadu,P005,Laptop,Electronics,65,4,11,38,38,12,45511.87,Low,8
2026-08-22,B008,Vellore,Tamil Nadu,P006,Smartphone,Electronics,70,0,19,68,68,14,17045.05,Low,4
2026-08-22,B008,Vellore,Tamil Nadu,P007,Printer,Electronics,6,0,1,15,14,3,11217.06,Critical,3
2026-08-22,B008,Vellore,Tamil Nadu,P008,Air Conditioner,Appliances,14,0,7,20,21,5,43514.75,High,7
2026-08-22,B008,Vellore,Tamil Nadu,P009,Router,Networking,83,9,19,56,64,21,3754.01,Low,4
2026-08-22,B008,Vellore,Tamil Nadu,P010,Monitor,Electronics,55,1,10,30,31,9,16954.49,Low,10
2026-08-23,B001,Chennai,Tamil Nadu,P001,LED TV,Electronics,111,0,17,69,70,19,34287.81,Low,9
2026-08-23,B001,Chennai,Tamil Nadu,P002,Refrigerator,Appliances,26,2,4,22,21,6,27649.95,Low,5
2026-08-23,B001,Chennai,Tamil Nadu,P003,Washing Machine,Appliances,40,4,3,32,32,8,24668.79,Medium,9
2026-08-23,B001,Chennai,Tamil Nadu,P004,Microwave,Appliances,13,1,1,23,22,6,9299.73,Critical,5
2026-08-23,B001,Chennai,Tamil Nadu,P005,Laptop,Electronics,67,5,5,40,42,14,47889.69,Low,5
2026-08-23,B001,Chennai,Tamil Nadu,P006,Smartphone,Electronics,55,8,23,91,93,21,17633.04,Critical,9
2026-08-23,B001,Chennai,Tamil Nadu,P007,Printer,Electronics,37,0,4,21,23,7,11967.64,Low,10
2026-08-23,B001,Chennai,Tamil Nadu,P008,Air Conditioner,Appliances,30,2,7,21,22,5,43806.54,Low,4
2026-08-23,B001,Chennai,Tamil Nadu,P009,Router,Networking,42,3,9,57,66,22,3573.39,Critical,5
2026-08-23,B001,Chennai,Tamil Nadu,P010,Monitor,Electronics,17,0,7,39,39,12,15615.88,Critical,4
2026-08-23,B002,Coimbatore,Tamil Nadu,P001,LED TV,Electronics,50,4,10,49,48,11,29440.5,Medium,4
2026-08-23,B002,Coimbatore,Tamil Nadu,P002,Refrigerator,Appliances,17,1,1,20,20,5,28512.85,High,6
2026-08-23,B002,Coimbatore,Tamil Nadu,P003,Washing Machine,Appliances,25,0,2,24,20,5,25623.97,Low,3
2026-08-23,B002,Coimbatore,Tamil Nadu,P004,Microwave,Appliances,14,1,1,16,17,3,9002.55,High,6
2026-08-23,B002,Coimbatore,Tamil Nadu,P005,Laptop,Electronics,19,3,1,29,29,7,47865.86,Critical,9
2026-08-23,B002,Coimbatore,Tamil Nadu,P006,Smartphone,Electronics,122,3,21,78,72,17,18766.49,Low,5
2026-08-23,B002,Coimbatore,Tamil Nadu,P007,Printer,Electronics,36,0,4,19,19,5,12293.03,Low,9
2026-08-23,B002,Coimbatore,Tamil Nadu,P008,Air Conditioner,Appliances,19,0,6,20,20,4,39433.74,Low,7
2026-08-23,B002,Coimbatore,Tamil Nadu,P009,Router,Networking,83,2,16,52,50,14,3356.77,Low,5
2026-08-23,B002,Coimbatore,Tamil Nadu,P010,Monitor,Electronics,35,0,1,25,22,6,15288.07,Low,5
2026-08-23,B003,Madurai,Tamil Nadu,P001,LED TV,Electronics,32,6,11,53,58,13,32929.93,Critical,3
2026-08-23,B003,Madurai,Tamil Nadu,P002,Refrigerator,Appliances,32,0,3,18,19,6,25874.99,Low,6
2026-08-23,B003,Madurai,Tamil Nadu,P003,Washing Machine,Appliances,23,1,4,24,23,6,22999.36,Medium,3
2026-08-23,B003,Madurai,Tamil Nadu,P004,Microwave,Appliances,8,0,3,16,17,3,8765.68,Critical,4
2026-08-23,B003,Madurai,Tamil Nadu,P005,Laptop,Electronics,46,1,7,25,26,8,46079.3,Low,7
2026-08-23,B003,Madurai,Tamil Nadu,P006,Smartphone,Electronics,102,7,7,56,60,19,17028.17,Low,5
2026-08-23,B003,Madurai,Tamil Nadu,P007,Printer,Electronics,7,0,2,15,14,3,11490.72,Critical,7
2026-08-23,B003,Madurai,Tamil Nadu,P008,Air Conditioner,Appliances,14,0,1,18,17,5,44232.71,High,3
2026-08-23,B003,Madurai,Tamil Nadu,P009,Router,Networking,49,1,0,38,38,11,3642.81,Medium,10
2026-08-23,B003,Madurai,Tamil Nadu,P010,Monitor,Electronics,15,0,9,31,32,10,17124.66,Critical,9
2026-08-23,B004,Salem,Tamil Nadu,P001,LED TV,Electronics,45,6,8,50,48,14,32759.02,High,8
2026-08-23,B004,Salem,Tamil Nadu,P002,Refrigerator,Appliances,10,0,4,19,22,6,28108.01,Critical,4
2026-08-23,B004,Salem,Tamil Nadu,P003,Washing Machine,Appliances,21,0,4,22,20,4,22184.48,Low,5
2026-08-23,B004,Salem,Tamil Nadu,P004,Microwave,Appliances,8,0,0,15,13,3,9124.33,Critical,5
2026-08-23,B004,Salem,Tamil Nadu,P005,Laptop,Electronics,48,3,9,25,29,7,47016.43,Low,10
2026-08-23,B004,Salem,Tamil Nadu,P006,Smartphone,Electronics,106,0,13,56,61,17,17759.95,Low,9
2026-08-23,B004,Salem,Tamil Nadu,P007,Printer,Electronics,21,0,2,16,16,3,12468.1,Low,3
2026-08-23,B004,Salem,Tamil Nadu,P008,Air Conditioner,Appliances,29,3,3,21,22,4,39357.11,Low,10
2026-08-23,B004,Salem,Tamil Nadu,P009,Router,Networking,65,3,2,57,60,20,3408.63,High,9
2026-08-23,B004,Salem,Tamil Nadu,P010,Monitor,Electronics,21,1,4,19,21,5,14874.22,Medium,3
2026-08-23,B005,Trichy,Tamil Nadu,P001,LED TV,Electronics,46,0,0,38,36,7,29976.84,Low,8
2026-08-23,B005,Trichy,Tamil Nadu,P002,Refrigerator,Appliances,10,2,5,20,21,7,28628.73,Critical,5
2026-08-23,B005,Trichy,Tamil Nadu,P003,Washing Machine,Appliances,13,1,1,22,23,7,24849.47,Critical,9
2026-08-23,B005,Trichy,Tamil Nadu,P004,Microwave,Appliances,29,0,0,19,19,4,8951.29,Low,8
2026-08-23,B005,Trichy,Tamil Nadu,P005,Laptop,Electronics,34,0,1,25,22,5,48972.2,Low,8
2026-08-23,B005,Trichy,Tamil Nadu,P006,Smartphone,Electronics,141,9,20,70,78,15,19186.36,Low,6
2026-08-23,B005,Trichy,Tamil Nadu,P007,Printer,Electronics,8,1,1,11,10,3,11875.62,Critical,10
2026-08-23,B005,Trichy,Tamil Nadu,P008,Air Conditioner,Appliances,24,0,0,13,13,3,38785.61,Low,9
2026-08-23,B005,Trichy,Tamil Nadu,P009,Router,Networking,82,4,15,58,59,13,3236.86,Low,9
2026-08-23,B005,Trichy,Tamil Nadu,P010,Monitor,Electronics,12,1,2,21,22,5,16901.5,Critical,6
2026-08-23,B006,Tiruppur,Tamil Nadu,P001,LED TV,Electronics,60,0,0,46,48,10,32919.73,Low,7
2026-08-23,B006,Tiruppur,Tamil Nadu,P002,Refrigerator,Appliances,28,0,1,15,15,4,29784.95,Low,4
2026-08-23,B006,Tiruppur,Tamil Nadu,P003,Washing Machine,Appliances,31,0,2,20,20,6,25398.24,Low,6
2026-08-23,B006,Tiruppur,Tamil Nadu,P004,Microwave,Appliances,13,0,1,15,18,6,9704.8,Critical,7
2026-08-23,B006,Tiruppur,Tamil Nadu,P005,Laptop,Electronics,39,2,4,22,23,5,45779.66,Low,8
2026-08-23,B006,Tiruppur,Tamil Nadu,P006,Smartphone,Electronics,108,9,20,70,63,17,18282.4,Low,6
2026-08-23,B006,Tiruppur,Tamil Nadu,P007,Printer,Electronics,9,0,1,16,15,4,12183.89,Critical,10
2026-08-23,B006,Tiruppur,Tamil Nadu,P008,Air Conditioner,Appliances,33,2,3,19,21,4,42355.22,Low,3
2026-08-23,B006,Tiruppur,Tamil Nadu,P009,Router,Networking,102,8,12,57,61,15,3475.69,Low,10
2026-08-23,B006,Tiruppur,Tamil Nadu,P010,Monitor,Electronics,33,2,1,22,24,5,16953.21,Low,9
2026-08-23,B007,Erode,Tamil Nadu,P001,LED TV,Electronics,46,7,3,48,54,12,30328.7,High,6
2026-08-23,B007,Erode,Tamil Nadu,P002,Refrigerator,Appliances,21,1,3,14,13,3,27462.07,Low,4
2026-08-23,B007,Erode,Tamil Nadu,P003,Washing Machine,Appliances,23,2,4,18,18,3,24920.72,Low,7
2026-08-23,B007,Erode,Tamil Nadu,P004,Microwave,Appliances,16,1,0,9,9,3,8666.66,Low,9
2026-08-23,B007,Erode,Tamil Nadu,P005,Laptop,Electronics,29,1,3,19,17,5,50042.11,Low,6
2026-08-23,B007,Erode,Tamil Nadu,P006,Smartphone,Electronics,21,1,12,44,41,9,18987.43,High,8
2026-08-23,B007,Erode,Tamil Nadu,P007,Printer,Electronics,18,0,1,13,14,4,12107.21,Low,10
2026-08-23,B007,Erode,Tamil Nadu,P008,Air Conditioner,Appliances,6,0,2,10,10,3,44487.63,Critical,7
2026-08-23,B007,Erode,Tamil Nadu,P009,Router,Networking,45,3,8,35,34,7,3518.12,Low,3
2026-08-23,B007,Erode,Tamil Nadu,P010,Monitor,Electronics,42,1,8,28,28,6,16324.58,Low,8
2026-08-23,B008,Vellore,Tamil Nadu,P001,LED TV,Electronics,43,3,11,36,37,9,32477.39,Low,5
2026-08-23,B008,Vellore,Tamil Nadu,P002,Refrigerator,Appliances,19,1,2,19,21,5,29490.54,High,6
2026-08-23,B008,Vellore,Tamil Nadu,P003,Washing Machine,Appliances,27,1,0,19,16,4,23495.7,Low,6
2026-08-23,B008,Vellore,Tamil Nadu,P004,Microwave,Appliances,8,1,3,11,10,3,9488.75,High,5
2026-08-23,B008,Vellore,Tamil Nadu,P005,Laptop,Electronics,56,1,8,28,31,9,46232.42,Low,5
2026-08-23,B008,Vellore,Tamil Nadu,P006,Smartphone,Electronics,43,2,4,37,38,9,17319.55,Medium,10
2026-08-23,B008,Vellore,Tamil Nadu,P007,Printer,Electronics,18,1,0,15,14,4,11744.9,Medium,8
2026-08-23,B008,Vellore,Tamil Nadu,P008,Air Conditioner,Appliances,20,1,3,14,12,3,43150.8,Low,9
2026-08-23,B008,Vellore,Tamil Nadu,P009,Router,Networking,68,3,7,45,43,8,3423.0,Low,5
2026-08-23,B008,Vellore,Tamil Nadu,P010,Monitor,Electronics,42,3,3,30,28,9,17135.84,Low,10
2026-08-24,B001,Chennai,Tamil Nadu,P001,LED TV,Electronics,30,1,6,61,60,15,31029.66,Critical,7
2026-08-24,B001,Chennai,Tamil Nadu,P002,Refrigerator,Appliances,34,2,8,27,28,9,28033.47,Low,4
2026-08-24,B001,Chennai,Tamil Nadu,P003,Washing Machine,Appliances,32,0,7,26,28,5,24926.45,Low,9
2026-08-24,B001,Chennai,Tamil Nadu,P004,Microwave,Appliances,26,1,0,22,22,6,8877.12,Medium,4
2026-08-24,B001,Chennai,Tamil Nadu,P005,Laptop,Electronics,38,4,8,35,35,10,45016.08,Medium,9
2026-08-24,B001,Chennai,Tamil Nadu,P006,Smartphone,Electronics,60,7,7,95,90,19,16702.08,Critical,7
2026-08-24,B001,Chennai,Tamil Nadu,P007,Printer,Electronics,25,1,2,20,20,4,12812.57,Low,4
2026-08-24,B001,Chennai,Tamil Nadu,P008,Air Conditioner,Appliances,38,0,6,22,22,6,39416.86,Low,4
2026-08-24,B001,Chennai,Tamil Nadu,P009,Router,Networking,140,6,20,85,89,18,3652.33,Low,10
2026-08-24,B001,Chennai,Tamil Nadu,P010,Monitor,Electronics,15,3,5,33,31,9,16840.8,Critical,10
2026-08-24,B002,Coimbatore,Tamil Nadu,P001,LED TV,Electronics,22,1,6,40,44,13,31399.18,Critical,4
2026-08-24,B002,Coimbatore,Tamil Nadu,P002,Refrigerator,Appliances,13,1,0,21,18,4,27558.32,Critical,6
2026-08-24,B002,Coimbatore,Tamil Nadu,P003,Washing Machine,Appliances,30,4,0,34,39,8,23959.78,Critical,10
2026-08-24,B002,Coimbatore,Tamil Nadu,P004,Microwave,Appliances,29,1,3,18,16,4,8988.77,Low,10
2026-08-24,B002,Coimbatore,Tamil Nadu,P005,Laptop,Electronics,58,4,3,28,31,9,48030.15,Low,5
2026-08-24,B002,Coimbatore,Tamil Nadu,P006,Smartphone,Electronics,96,6,9,54,58,14,18325.37,Low,9
2026-08-24,B002,Coimbatore,Tamil Nadu,P007,Printer,Electronics,15,0,1,17,19,6,12073.88,Critical,4
2026-08-24,B002,Coimbatore,Tamil Nadu,P008,Air Conditioner,Appliances,10,2,8,24,24,6,40366.77,Critical,4
2026-08-24,B002,Coimbatore,Tamil Nadu,P009,Router,Networking,40,3,9,63,64,18,3743.81,Critical,7
2026-08-24,B002,Coimbatore,Tamil Nadu,P010,Monitor,Electronics,24,0,9,35,34,11,16106.07,High,10
2026-08-24,B003,Madurai,Tamil Nadu,P001,LED TV,Electronics,87,1,10,55,57,13,31659.7,Low,7
2026-08-24,B003,Madurai,Tamil Nadu,P002,Refrigerator,Appliances,27,0,4,16,15,4,25958.21,Low,9
2026-08-24,B003,Madurai,Tamil Nadu,P003,Washing Machine,Appliances,27,0,2,21,22,5,22966.53,Low,4
2026-08-24,B003,Madurai,Tamil Nadu,P004,Microwave,Appliances,31,0,2,16,19,5,8922.3,Low,10
2026-08-24,B003,Madurai,Tamil Nadu,P005,Laptop,Electronics,47,3,6,26,25,8,48680.63,Low,7
2026-08-24,B003,Madurai,Tamil Nadu,P006,Smartphone,Electronics,66,0,22,61,71,17,18775.86,Low,7
2026-08-24,B003,Madurai,Tamil Nadu,P007,Printer,Electronics,23,1,4,19,20,4,11774.67,Low,5
2026-08-24,B003,Madurai,Tamil Nadu,P008,Air Conditioner,Appliances,21,2,5,21,19,5,44460.94,Low,10
2026-08-24,B003,Madurai,Tamil Nadu,P009,Router,Networking,77,5,5,45,54,15,3688.7,Low,5
2026-08-24,B003,Madurai,Tamil Nadu,P010,Monitor,Electronics,14,3,5,28,24,5,15244.75,Critical,4
2026-08-24,B004,Salem,Tamil Nadu,P001,LED TV,Electronics,53,3,9,37,39,10,33873.8,Low,6
2026-08-24,B004,Salem,Tamil Nadu,P002,Refrigerator,Appliances,24,1,4,19,20,6,30119.56,Low,9
2026-08-24,B004,Salem,Tamil Nadu,P003,Washing Machine,Appliances,29,1,1,18,20,6,23646.11,Low,9
2026-08-24,B004,Salem,Tamil Nadu,P004,Microwave,Appliances,18,0,1,15,18,5,8475.37,High,4
2026-08-24,B004,Salem,Tamil Nadu,P005,Laptop,Electronics,18,2,1,23,23,5,47730.59,Critical,5
2026-08-24,B004,Salem,Tamil Nadu,P006,Smartphone,Electronics,31,6,14,54,58,15,17642.13,Critical,5
2026-08-24,B004,Salem,Tamil Nadu,P007,Printer,Electronics,14,1,3,13,13,3,12711.45,Low,5
2026-08-24,B004,Salem,Tamil Nadu,P008,Air Conditioner,Appliances,20,1,0,15,15,4,38871.24,Low,10
2026-08-24,B004,Salem,Tamil Nadu,P009,Router,Networking,36,2,2,38,37,10,3650.01,High,5
2026-08-24,B004,Salem,Tamil Nadu,P010,Monitor,Electronics,27,2,0,22,24,8,15980.75,High,3
2026-08-24,B005,Trichy,Tamil Nadu,P001,LED TV,Electronics,24,4,5,41,42,12,33729.01,Critical,5
2026-08-24,B005,Trichy,Tamil Nadu,P002,Refrigerator,Appliances,22,0,6,18,19,4,27369.13,Low,7
2026-08-24,B005,Trichy,Tamil Nadu,P003,Washing Machine,Appliances,24,1,3,18,19,4,24601.0,Low,5
2026-08-24,B005,Trichy,Tamil Nadu,P004,Microwave,Appliances,12,1,1,21,17,4,9403.32,Critical,5
2026-08-24,B005,Trichy,Tamil Nadu,P005,Laptop,Electronics,11,0,3,19,21,6,45370.73,Critical,10
2026-08-24,B005,Trichy,Tamil Nadu,P006,Smartphone,Electronics,122,10,22,74,82,21,17255.99,Low,5
2026-08-24,B005,Trichy,Tamil Nadu,P007,Printer,Electronics,18,0,0,16,16,5,11764.89,Medium,9
2026-08-24,B005,Trichy,Tamil Nadu,P008,Air Conditioner,Appliances,10,0,0,18,17,3,43693.47,Critical,5
2026-08-24,B005,Trichy,Tamil Nadu,P009,Router,Networking,42,3,6,38,41,11,3491.86,Medium,5
2026-08-24,B005,Trichy,Tamil Nadu,P010,Monitor,Electronics,10,2,0,19,18,5,16223.72,Critical,8
2026-08-24,B006,Tiruppur,Tamil Nadu,P001,LED TV,Electronics,25,4,13,44,41,12,30427.26,Critical,4
2026-08-24,B006,Tiruppur,Tamil Nadu,P002,Refrigerator,Appliances,8,0,0,9,7,3,26515.63,High,4
2026-08-24,B006,Tiruppur,Tamil Nadu,P003,Washing Machine,Appliances,11,1,2,18,18,5,25403.35,Critical,9
2026-08-24,B006,Tiruppur,Tamil Nadu,P004,Microwave,Appliances,18,0,2,11,10,3,9195.69,Low,8
2026-08-24,B006,Tiruppur,Tamil Nadu,P005,Laptop,Electronics,30,0,3,22,23,5,44552.58,Low,7
2026-08-24,B006,Tiruppur,Tamil Nadu,P006,Smartphone,Electronics,75,3,1,58,57,16,16776.72,Low,3
2026-08-24,B006,Tiruppur,Tamil Nadu,P007,Printer,Electronics,17,0,3,11,11,3,11363.78,Low,5
2026-08-24,B006,Tiruppur,Tamil Nadu,P008,Air Conditioner,Appliances,15,1,1,12,11,3,45338.36,Low,9
2026-08-24,B006,Tiruppur,Tamil Nadu,P009,Router,Networking,64,4,4,33,37,8,3379.13,Low,9
2026-08-24,B006,Tiruppur,Tamil Nadu,P010,Monitor,Electronics,13,0,8,24,25,7,15037.57,High,4
2026-08-24,B007,Erode,Tamil Nadu,P001,LED TV,Electronics,52,4,13,41,44,14,30629.48,Low,9
2026-08-24,B007,Erode,Tamil Nadu,P002,Refrigerator,Appliances,9,1,2,9,8,3,25772.74,Medium,9
2026-08-24,B007,Erode,Tamil Nadu,P003,Washing Machine,Appliances,17,0,1,13,13,4,25113.46,Low,7
2026-08-24,B007,Erode,Tamil Nadu,P004,Microwave,Appliances,14,0,1,16,14,3,8772.23,Medium,5
2026-08-24,B007,Erode,Tamil Nadu,P005,Laptop,Electronics,14,2,4,23,22,5,48661.8,Critical,10
2026-08-24,B007,Erode,Tamil Nadu,P006,Smartphone,Electronics,46,0,11,36,34,10,17939.68,Low,10
2026-08-24,B007,Erode,Tamil Nadu,P007,Printer,Electronics,5,0,0,9,9,3,12950.94,Critical,8
2026-08-24,B007,Erode,Tamil Nadu,P008,Air Conditioner,Appliances,34,1,6,20,21,5,45307.49,Low,5
2026-08-24,B007,Erode,Tamil Nadu,P009,Router,Networking,36,2,10,51,54,15,3230.17,Critical,8
2026-08-24,B007,Erode,Tamil Nadu,P010,Monitor,Electronics,17,1,4,23,24,7,15725.71,Critical,9
2026-08-24,B008,Vellore,Tamil Nadu,P001,LED TV,Electronics,39,2,10,34,33,10,29521.05,Low,9
2026-08-24,B008,Vellore,Tamil Nadu,P002,Refrigerator,Appliances,9,0,3,21,20,4,28364.0,Critical,6
2026-08-24,B008,Vellore,Tamil Nadu,P003,Washing Machine,Appliances,18,1,0,20,20,5,25912.9,High,5
2026-08-24,B008,Vellore,Tamil Nadu,P004,Microwave,Appliances,12,1,3,18,17,4,9527.32,High,3
2026-08-24,B008,Vellore,Tamil Nadu,P005,Laptop,Electronics,46,0,0,28,26,8,48638.04,Low,6
2026-08-24,B008,Vellore,Tamil Nadu,P006,Smartphone,Electronics,73,3,5,62,64,14,17701.08,Medium,6
2026-08-24,B008,Vellore,Tamil Nadu,P007,Printer,Electronics,15,1,4,13,13,4,11418.31,Low,8
2026-08-24,B008,Vellore,Tamil Nadu,P008,Air Conditioner,Appliances,38,1,0,22,24,7,42388.31,Low,8
2026-08-24,B008,Vellore,Tamil Nadu,P009,Router,Networking,29,0,4,41,42,12,3369.02,Critical,9
2026-08-24,B008,Vellore,Tamil Nadu,P010,Monitor,Electronics,34,2,6,27,24,8,16431.82,Low,4
2026-08-25,B001,Chennai,Tamil Nadu,P001,LED TV,Electronics,103,6,16,59,59,13,30075.74,Low,10
2026-08-25,B001,Chennai,Tamil Nadu,P002,Refrigerator,Appliances,50,0,7,25,28,5,27481.53,Low,5
2026-08-25,B001,Chennai,Tamil Nadu,P003,Washing Machine,Appliances,23,1,0,29,28,9,22382.9,Critical,8
2026-08-25,B001,Chennai,Tamil Nadu,P004,Microwave,Appliances,12,0,1,20,21,4,9051.32,Critical,10
2026-08-25,B001,Chennai,Tamil Nadu,P005,Laptop,Electronics,73,2,12,40,41,11,47968.08,Low,8
2026-08-25,B001,Chennai,Tamil Nadu,P006,Smartphone,Electronics,112,2,12,70,75,20,16897.04,Low,10
2026-08-25,B001,Chennai,Tamil Nadu,P007,Printer,Electronics,19,1,5,17,16,5,11777.15,Low,8
2026-08-25,B001,Chennai,Tamil Nadu,P008,Air Conditioner,Appliances,10,1,3,24,21,4,42508.28,Critical,4
2026-08-25,B001,Chennai,Tamil Nadu,P009,Router,Networking,147,11,0,78,83,28,3618.59,Low,3
2026-08-25,B001,Chennai,Tamil Nadu,P010,Monitor,Electronics,33,4,8,42,49,16,15690.04,Critical,7
2026-08-25,B002,Coimbatore,Tamil Nadu,P001,LED TV,Electronics,53,6,10,51,46,11,30926.38,Low,8
2026-08-25,B002,Coimbatore,Tamil Nadu,P002,Refrigerator,Appliances,35,2,3,28,28,7,27760.61,Low,8
2026-08-25,B002,Coimbatore,Tamil Nadu,P003,Washing Machine,Appliances,28,2,3,20,21,6,25572.84,Low,7
2026-08-25,B002,Coimbatore,Tamil Nadu,P004,Microwave,Appliances,17,1,4,18,16,5,9068.49,Medium,3
2026-08-25,B002,Coimbatore,Tamil Nadu,P005,Laptop,Electronics,65,5,8,38,39,13,45852.85,Low,5
2026-08-25,B002,Coimbatore,Tamil Nadu,P006,Smartphone,Electronics,94,7,4,53,52,16,18495.38,Low,3
2026-08-25,B002,Coimbatore,Tamil Nadu,P007,Printer,Electronics,18,0,1,15,14,4,11706.71,Low,9
2026-08-25,B002,Coimbatore,Tamil Nadu,P008,Air Conditioner,Appliances,24,0,5,18,18,5,44234.04,Low,8
2026-08-25,B002,Coimbatore,Tamil Nadu,P009,Router,Networking,40,1,18,68,66,17,3364.83,High,9
2026-08-25,B002,Coimbatore,Tamil Nadu,P010,Monitor,Electronics,21,3,0,30,31,6,16414.43,Critical,8
2026-08-25,B003,Madurai,Tamil Nadu,P001,LED TV,Electronics,37,7,2,51,50,10,33987.13,Critical,4
2026-08-25,B003,Madurai,Tamil Nadu,P002,Refrigerator,Appliances,19,1,3,14,14,4,27644.65,Low,3
2026-08-25,B003,Madurai,Tamil Nadu,P003,Washing Machine,Appliances,36,0,0,18,19,4,24766.04,Low,8
2026-08-25,B003,Madurai,Tamil Nadu,P004,Microwave,Appliances,24,0,1,17,16,3,9258.12,Low,10
2026-08-25,B003,Madurai,Tamil Nadu,P005,Laptop,Electronics,67,2,10,38,38,10,47288.53,Low,10
2026-08-25,B003,Madurai,Tamil Nadu,P006,Smartphone,Electronics,59,3,0,52,46,12,17549.17,Medium,9
2026-08-25,B003,Madurai,Tamil Nadu,P007,Printer,Electronics,25,0,1,16,16,4,11703.52,Low,4
2026-08-25,B003,Madurai,Tamil Nadu,P008,Air Conditioner,Appliances,33,2,4,17,18,4,42671.61,Low,5
2026-08-25,B003,Madurai,Tamil Nadu,P009,Router,Networking,35,4,3,36,32,11,3444.35,High,4
2026-08-25,B003,Madurai,Tamil Nadu,P010,Monitor,Electronics,33,0,4,23,24,8,16640.87,Low,3
2026-08-25,B004,Salem,Tamil Nadu,P001,LED TV,Electronics,64,5,1,37,40,8,34242.75,Low,5
2026-08-25,B004,Salem,Tamil Nadu,P002,Refrigerator,Appliances,24,0,1,14,13,4,30135.63,Low,5
2026-08-25,B004,Salem,Tamil Nadu,P003,Washing Machine,Appliances,14,1,2,19,17,5,24498.54,High,9
2026-08-25,B004,Salem,Tamil Nadu,P004,Microwave,Appliances,17,1,2,15,16,3,9612.65,Medium,4
2026-08-25,B004,Salem,Tamil Nadu,P005,Laptop,Electronics,18,1,2,22,21,5,49578.93,High,7
2026-08-25,B004,Salem,Tamil Nadu,P006,Smartphone,Electronics,98,1,7,56,60,13,17794.82,Low,4
2026-08-25,B004,Salem,Tamil Nadu,P007,Printer,Electronics,18,0,0,12,11,3,11562.49,Low,6
2026-08-25,B004,Salem,Tamil Nadu,P008,Air Conditioner,Appliances,11,0,1,13,12,3,40524.46,High,10
2026-08-25,B004,Salem,Tamil Nadu,P009,Router,Networking,36,6,0,45,48,9,3441.08,Critical,3
2026-08-25,B004,Salem,Tamil Nadu,P010,Monitor,Electronics,15,3,3,27,27,8,17079.13,Critical,7
2026-08-25,B005,Trichy,Tamil Nadu,P001,LED TV,Electronics,56,3,7,43,36,11,32848.63,Low,3
2026-08-25,B005,Trichy,Tamil Nadu,P002,Refrigerator,Appliances,17,1,0,17,17,4,26164.1,High,8
2026-08-25,B005,Trichy,Tamil Nadu,P003,Washing Machine,Appliances,9,0,6,20,21,5,23360.93,Critical,3
2026-08-25,B005,Trichy,Tamil Nadu,P004,Microwave,Appliances,20,0,1,12,11,3,9577.21,Low,4
2026-08-25,B005,Trichy,Tamil Nadu,P005,Laptop,Electronics,55,1,3,40,36,11,46834.46,Low,9
2026-08-25,B005,Trichy,Tamil Nadu,P006,Smartphone,Electronics,47,5,2,60,59,16,17521.36,Critical,3
2026-08-25,B005,Trichy,Tamil Nadu,P007,Printer,Electronics,14,0,1,13,11,3,11851.39,Low,5
2026-08-25,B005,Trichy,Tamil Nadu,P008,Air Conditioner,Appliances,19,0,0,16,17,5,42122.05,Medium,9
2026-08-25,B005,Trichy,Tamil Nadu,P009,Router,Networking,34,0,6,44,43,12,3381.08,High,9
2026-08-25,B005,Trichy,Tamil Nadu,P010,Monitor,Electronics,41,0,1,30,30,9,15816.07,Low,5
2026-08-25,B006,Tiruppur,Tamil Nadu,P001,LED TV,Electronics,78,3,2,45,42,10,33837.1,Low,5
2026-08-25,B006,Tiruppur,Tamil Nadu,P002,Refrigerator,Appliances,4,1,1,11,10,3,28899.09,Critical,10
2026-08-25,B006,Tiruppur,Tamil Nadu,P003,Washing Machine,Appliances,24,3,4,25,26,8,22468.39,High,9
2026-08-25,B006,Tiruppur,Tamil Nadu,P004,Microwave,Appliances,7,1,2,10,10,3,8481.95,Critical,9
2026-08-25,B006,Tiruppur,Tamil Nadu,P005,Laptop,Electronics,27,1,4,19,19,4,50485.06,Low,4
2026-08-25,B006,Tiruppur,Tamil Nadu,P006,Smartphone,Electronics,49,4,18,72,71,18,16780.59,High,5
2026-08-25,B006,Tiruppur,Tamil Nadu,P007,Printer,Electronics,27,1,1,16,15,3,11121.69,Low,5
2026-08-25,B006,Tiruppur,Tamil Nadu,P008,Air Conditioner,Appliances,21,1,6,16,18,4,43848.81,Low,5
2026-08-25,B006,Tiruppur,Tamil Nadu,P009,Router,Networking,78,0,4,45,43,12,3258.92,Low,3
2026-08-25,B006,Tiruppur,Tamil Nadu,P010,Monitor,Electronics,29,1,5,23,22,7,15624.64,Low,4
2026-08-25,B007,Erode,Tamil Nadu,P001,LED TV,Electronics,65,4,3,38,37,11,32514.6,Low,6
2026-08-25,B007,Erode,Tamil Nadu,P002,Refrigerator,Appliances,24,1,0,17,17,4,29090.28,Low,5
2026-08-25,B007,Erode,Tamil Nadu,P003,Washing Machine,Appliances,16,1,3,13,13,3,25223.9,Low,9
2026-08-25,B007,Erode,Tamil Nadu,P004,Microwave,Appliances,13,1,1,9,8,3,9656.39,Low,7
2026-08-25,B007,Erode,Tamil Nadu,P005,Laptop,Electronics,8,1,3,20,18,4,50378.07,Critical,7
2026-08-25,B007,Erode,Tamil Nadu,P006,Smartphone,Electronics,64,1,5,54,58,14,18060.32,Medium,7
2026-08-25,B007,Erode,Tamil Nadu,P007,Printer,Electronics,14,1,3,13,12,3,12943.36,Low,7
2026-08-25,B007,Erode,Tamil Nadu,P008,Air Conditioner,Appliances,10,0,0,11,10,3,43585.97,High,9
2026-08-25,B007,Erode,Tamil Nadu,P009,Router,Networking,33,4,2,45,43,12,3680.23,Critical,7
2026-08-25,B007,Erode,Tamil Nadu,P010,Monitor,Electronics,29,0,4,18,19,5,15833.26,Low,10
2026-08-25,B008,Vellore,Tamil Nadu,P001,LED TV,Electronics,49,2,14,41,42,10,33155.5,Low,10
2026-08-25,B008,Vellore,Tamil Nadu,P002,Refrigerator,Appliances,20,0,2,16,15,3,26411.13,Low,6
2026-08-25,B008,Vellore,Tamil Nadu,P003,Washing Machine,Appliances,29,1,1,21,19,4,23976.16,Low,8
2026-08-25,B008,Vellore,Tamil Nadu,P004,Microwave,Appliances,20,1,3,15,12,4,9128.32,Low,5
2026-08-25,B008,Vellore,Tamil Nadu,P005,Laptop,Electronics,26,1,1,30,27,8,45333.71,High,7
2026-08-25,B008,Vellore,Tamil Nadu,P006,Smartphone,Electronics,125,2,4,61,67,21,17542.02,Low,6
2026-08-25,B008,Vellore,Tamil Nadu,P007,Printer,Electronics,12,0,0,14,14,4,12276.29,High,4
2026-08-25,B008,Vellore,Tamil Nadu,P008,Air Conditioner,Appliances,19,1,1,15,16,4,43405.96,Medium,9
2026-08-25,B008,Vellore,Tamil Nadu,P009,Router,Networking,58,1,11,48,46,10,3254.09,Low,4
2026-08-25,B008,Vellore,Tamil Nadu,P010,Monitor,Electronics,21,1,6,27,27,6,16256.64,High,8
2026-08-26,B001,Chennai,Tamil Nadu,P001,LED TV,Electronics,84,3,3,64,60,20,30222.52,Low,3
2026-08-26,B001,Chennai,Tamil Nadu,P002,Refrigerator,Appliances,21,2,9,29,30,10,27471.87,High,3
2026-08-26,B001,Chennai,Tamil Nadu,P003,Washing Machine,Appliances,22,2,0,30,31,10,22233.89,Critical,8
2026-08-26,B001,Chennai,Tamil Nadu,P004,Microwave,Appliances,44,1,6,24,27,6,8714.05,Low,3
2026-08-26,B001,Chennai,Tamil Nadu,P005,Laptop,Electronics,34,0,10,42,43,10,45953.1,High,5
2026-08-26,B001,Chennai,Tamil Nadu,P006,Smartphone,Electronics,61,4,18,94,90,24,18457.28,High,10
2026-08-26,B001,Chennai,Tamil Nadu,P007,Printer,Electronics,24,2,2,20,22,5,12527.98,Medium,5
2026-08-26,B001,Chennai,Tamil Nadu,P008,Air Conditioner,Appliances,48,3,4,28,29,6,39437.77,Low,6
2026-08-26,B001,Chennai,Tamil Nadu,P009,Router,Networking,93,1,13,66,72,24,3776.39,Low,7
2026-08-26,B001,Chennai,Tamil Nadu,P010,Monitor,Electronics,42,0,1,34,36,10,15891.68,Medium,9
2026-08-26,B002,Coimbatore,Tamil Nadu,P001,LED TV,Electronics,26,3,4,38,39,8,29655.39,Critical,9
2026-08-26,B002,Coimbatore,Tamil Nadu,P002,Refrigerator,Appliances,30,1,2,21,18,5,30066.87,Low,8
2026-08-26,B002,Coimbatore,Tamil Nadu,P003,Washing Machine,Appliances,44,2,5,22,25,7,25092.94,Low,7
2026-08-26,B002,Coimbatore,Tamil Nadu,P004,Microwave,Appliances,12,0,1,22,19,6,9405.82,Critical,4
2026-08-26,B002,Coimbatore,Tamil Nadu,P005,Laptop,Electronics,33,1,2,35,32,9,46701.48,High,9
2026-08-26,B002,Coimbatore,Tamil Nadu,P006,Smartphone,Electronics,44,6,4,64,65,13,17779.33,Critical,3
2026-08-26,B002,Coimbatore,Tamil Nadu,P007,Printer,Electronics,30,0,0,18,18,5,11062.14,Low,3
2026-08-26,B002,Coimbatore,Tamil Nadu,P008,Air Conditioner,Appliances,18,0,1,18,18,4,41029.02,Medium,7
2026-08-26,B002,Coimbatore,Tamil Nadu,P009,Router,Networking,96,2,3,70,60,16,3642.29,Low,8
2026-08-26,B002,Coimbatore,Tamil Nadu,P010,Monitor,Electronics,27,4,4,32,33,10,15169.12,Critical,8
2026-08-26,B003,Madurai,Tamil Nadu,P001,LED TV,Electronics,59,2,12,40,39,13,29906.52,Low,8
2026-08-26,B003,Madurai,Tamil Nadu,P002,Refrigerator,Appliances,30,0,4,17,16,5,27053.21,Low,10
2026-08-26,B003,Madurai,Tamil Nadu,P003,Washing Machine,Appliances,23,0,1,24,24,7,24055.71,High,10
2026-08-26,B003,Madurai,Tamil Nadu,P004,Microwave,Appliances,28,1,3,17,15,3,8665.46,Low,8
2026-08-26,B003,Madurai,Tamil Nadu,P005,Laptop,Electronics,59,3,3,49,50,11,51749.31,Medium,7
2026-08-26,B003,Madurai,Tamil Nadu,P006,Smartphone,Electronics,29,4,15,55,58,12,19329.8,Critical,5
2026-08-26,B003,Madurai,Tamil Nadu,P007,Printer,Electronics,13,1,1,15,15,4,12212.82,High,5
2026-08-26,B003,Madurai,Tamil Nadu,P008,Air Conditioner,Appliances,20,1,3,14,12,3,42390.55,Low,9
2026-08-26,B003,Madurai,Tamil Nadu,P009,Router,Networking,60,4,9,54,56,13,3694.58,Medium,5
2026-08-26,B003,Madurai,Tamil Nadu,P010,Monitor,Electronics,21,1,2,23,24,6,15603.95,High,7
2026-08-26,B004,Salem,Tamil Nadu,P001,LED TV,Electronics,48,0,5,39,41,9,31261.06,Low,6
2026-08-26,B004,Salem,Tamil Nadu,P002,Refrigerator,Appliances,20,1,2,17,16,3,27254.63,Low,8
2026-08-26,B004,Salem,Tamil Nadu,P003,Washing Machine,Appliances,31,1,5,18,18,4,24668.47,Low,7
2026-08-26,B004,Salem,Tamil Nadu,P004,Microwave,Appliances,17,2,1,13,14,3,8467.92,Medium,10
2026-08-26,B004,Salem,Tamil Nadu,P005,Laptop,Electronics,34,1,4,22,20,5,49228.39,Low,3
2026-08-26,B004,Salem,Tamil Nadu,P006,Smartphone,Electronics,63,7,15,47,51,11,16867.76,Low,7
2026-08-26,B004,Salem,Tamil Nadu,P007,Printer,Electronics,21,0,3,15,14,4,11826.87,Low,6
2026-08-26,B004,Salem,Tamil Nadu,P008,Air Conditioner,Appliances,19,2,4,16,17,4,41058.63,Low,5
2026-08-26,B004,Salem,Tamil Nadu,P009,Router,Networking,71,5,4,41,43,12,3278.33,Low,9
2026-08-26,B004,Salem,Tamil Nadu,P010,Monitor,Electronics,16,2,7,26,24,5,15684.98,High,6
2026-08-26,B005,Trichy,Tamil Nadu,P001,LED TV,Electronics,61,0,11,37,38,9,30061.97,Low,4
2026-08-26,B005,Trichy,Tamil Nadu,P002,Refrigerator,Appliances,24,1,3,17,18,4,27231.57,Low,6
2026-08-26,B005,Trichy,Tamil Nadu,P003,Washing Machine,Appliances,13,0,4,20,18,4,24945.96,High,4
2026-08-26,B005,Trichy,Tamil Nadu,P004,Microwave,Appliances,20,1,3,13,14,4,8322.75,Low,5
2026-08-26,B005,Trichy,Tamil Nadu,P005,Laptop,Electronics,30,0,10,30,30,9,49194.95,Low,7
2026-08-26,B005,Trichy,Tamil Nadu,P006,Smartphone,Electronics,112,3,6,51,60,17,16993.74,Low,8
2026-08-26,B005,Trichy,Tamil Nadu,P007,Printer,Electronics,9,0,0,11,10,3,12171.02,High,10
2026-08-26,B005,Trichy,Tamil Nadu,P008,Air Conditioner,Appliances,5,1,0,14,12,3,38959.59,Critical,9
2026-08-26,B005,Trichy,Tamil Nadu,P009,Router,Networking,72,4,17,59,63,19,3328.1,Low,10
2026-08-26,B005,Trichy,Tamil Nadu,P010,Monitor,Electronics,27,4,8,29,33,8,16824.43,High,7
2026-08-26,B006,Tiruppur,Tamil Nadu,P001,LED TV,Electronics,17,2,11,33,34,7,33914.23,High,6
2026-08-26,B006,Tiruppur,Tamil Nadu,P002,Refrigerator,Appliances,19,2,3,22,23,4,28916.9,High,4
2026-08-26,B006,Tiruppur,Tamil Nadu,P003,Washing Machine,Appliances,13,1,1,18,18,3,24012.28,High,9
2026-08-26,B006,Tiruppur,Tamil Nadu,P004,Microwave,Appliances,15,0,0,14,14,3,8990.69,Medium,10
2026-08-26,B006,Tiruppur,Tamil Nadu,P005,Laptop,Electronics,25,0,0,26,23,6,46678.09,Medium,5
2026-08-26,B006,Tiruppur,Tamil Nadu,P006,Smartphone,Electronics,57,0,7,45,45,14,17811.08,Low,5
2026-08-26,B006,Tiruppur,Tamil Nadu,P007,Printer,Electronics,14,0,1,9,8,3,12922.22,Low,6
2026-08-26,B006,Tiruppur,Tamil Nadu,P008,Air Conditioner,Appliances,11,1,3,16,15,4,43646.78,High,9
2026-08-26,B006,Tiruppur,Tamil Nadu,P009,Router,Networking,47,4,7,33,38,12,3241.44,Low,5
2026-08-26,B006,Tiruppur,Tamil Nadu,P010,Monitor,Electronics,13,2,1,22,21,6,17244.17,Critical,8
2026-08-26,B007,Erode,Tamil Nadu,P001,LED TV,Electronics,49,0,7,36,31,9,33242.78,Low,9
2026-08-26,B007,Erode,Tamil Nadu,P002,Refrigerator,Appliances,10,0,5,16,18,4,28949.59,High,8
2026-08-26,B007,Erode,Tamil Nadu,P003,Washing Machine,Appliances,12,0,4,17,16,3,25223.29,Medium,10
2026-08-26,B007,Erode,Tamil Nadu,P004,Microwave,Appliances,18,0,3,14,15,3,8387.47,Low,5
2026-08-26,B007,Erode,Tamil Nadu,P005,Laptop,Electronics,27,2,0,24,25,7,48976.3,High,6
2026-08-26,B007,Erode,Tamil Nadu,P006,Smartphone,Electronics,69,3,2,65,63,15,18687.39,Medium,10
2026-08-26,B007,Erode,Tamil Nadu,P007,Printer,Electronics,21,0,2,15,13,4,11167.51,Low,6
2026-08-26,B007,Erode,Tamil Nadu,P008,Air Conditioner,Appliances,15,0,1,11,11,3,44816.37,Low,6
2026-08-26,B007,Erode,Tamil Nadu,P009,Router,Networking,29,4,3,31,29,10,3334.29,High,9
2026-08-26,B007,Erode,Tamil Nadu,P010,Monitor,Electronics,20,0,5,25,21,5,17201.49,Medium,8
2026-08-26,B008,Vellore,Tamil Nadu,P001,LED TV,Electronics,19,2,6,47,37,8,33359.0,Critical,8
2026-08-26,B008,Vellore,Tamil Nadu,P002,Refrigerator,Appliances,28,1,3,20,20,6,27122.7,Low,10
2026-08-26,B008,Vellore,Tamil Nadu,P003,Washing Machine,Appliances,28,2,1,21,22,5,24106.45,Low,7
2026-08-26,B008,Vellore,Tamil Nadu,P004,Microwave,Appliances,11,0,2,9,9,3,8319.07,Low,9
2026-08-26,B008,Vellore,Tamil Nadu,P005,Laptop,Electronics,10,3,7,23,23,6,49789.98,Critical,6
2026-08-26,B008,Vellore,Tamil Nadu,P006,Smartphone,Electronics,44,4,0,40,43,9,18041.2,High,3
2026-08-26,B008,Vellore,Tamil Nadu,P007,Printer,Electronics,17,2,2,15,15,3,12698.11,Medium,3
2026-08-26,B008,Vellore,Tamil Nadu,P008,Air Conditioner,Appliances,7,0,1,5,4,3,44598.91,Low,3
2026-08-26,B008,Vellore,Tamil Nadu,P009,Router,Networking,78,3,16,53,48,10,3457.11,Low,10
2026-08-26,B008,Vellore,Tamil Nadu,P010,Monitor,Electronics,39,1,8,29,27,8,15947.92,Low,8
2026-08-27,B001,Chennai,Tamil Nadu,P001,LED TV,Electronics,76,9,19,56,62,18,32911.73,Low,5
2026-08-27,B001,Chennai,Tamil Nadu,P002,Refrigerator,Appliances,50,2,7,26,29,7,27229.73,Low,10
2026-08-27,B001,Chennai,Tamil Nadu,P003,Washing Machine,Appliances,17,2,9,31,30,9,24757.88,Critical,8
2026-08-27,B001,Chennai,Tamil Nadu,P004,Microwave,Appliances,36,3,2,23,26,6,9449.76,Low,7
2026-08-27,B001,Chennai,Tamil Nadu,P005,Laptop,Electronics,68,4,12,39,39,10,45900.65,Low,3
2026-08-27,B001,Chennai,Tamil Nadu,P006,Smartphone,Electronics,56,2,14,71,81,16,17096.76,High,8
2026-08-27,B001,Chennai,Tamil Nadu,P007,Printer,Electronics,10,2,5,17,18,4,11165.96,Critical,10
2026-08-27,B001,Chennai,Tamil Nadu,P008,Air Conditioner,Appliances,40,0,8,25,27,7,42319.73,Low,3
2026-08-27,B001,Chennai,Tamil Nadu,P009,Router,Networking,51,7,12,83,78,18,3351.7,Critical,8
2026-08-27,B001,Chennai,Tamil Nadu,P010,Monitor,Electronics,15,3,4,30,28,7,15176.54,Critical,9
2026-08-27,B002,Coimbatore,Tamil Nadu,P001,LED TV,Electronics,23,5,1,42,45,9,30028.01,Critical,8
2026-08-27,B002,Coimbatore,Tamil Nadu,P002,Refrigerator,Appliances,11,0,4,19,20,5,29077.08,Critical,6
2026-08-27,B002,Coimbatore,Tamil Nadu,P003,Washing Machine,Appliances,30,1,0,22,20,6,23157.86,Low,9
2026-08-27,B002,Coimbatore,Tamil Nadu,P004,Microwave,Appliances,21,2,0,19,17,4,9597.56,Medium,6
2026-08-27,B002,Coimbatore,Tamil Nadu,P005,Laptop,Electronics,29,2,7,30,28,5,50383.48,Low,10
2026-08-27,B002,Coimbatore,Tamil Nadu,P006,Smartphone,Electronics,114,5,17,64,63,18,17044.89,Low,9
2026-08-27,B002,Coimbatore,Tamil Nadu,P007,Printer,Electronics,16,1,1,19,18,3,11420.91,High,7
2026-08-27,B002,Coimbatore,Tamil Nadu,P008,Air Conditioner,Appliances,33,1,4,17,18,4,40563.18,Low,8
2026-08-27,B002,Coimbatore,Tamil Nadu,P009,Router,Networking,36,0,7,47,46,14,3439.22,High,4
2026-08-27,B002,Coimbatore,Tamil Nadu,P010,Monitor,Electronics,28,0,10,32,31,10,14872.94,Medium,4
2026-08-27,B003,Madurai,Tamil Nadu,P001,LED TV,Electronics,48,3,9,35,33,9,30814.18,Low,7
2026-08-27,B003,Madurai,Tamil Nadu,P002,Refrigerator,Appliances,25,0,7,24,23,7,26120.32,Low,9
2026-08-27,B003,Madurai,Tamil Nadu,P003,Washing Machine,Appliances,16,0,2,22,24,7,23285.3,Critical,6
2026-08-27,B003,Madurai,Tamil Nadu,P004,Microwave,Appliances,7,0,1,13,14,4,9274.54,Critical,10
2026-08-27,B003,Madurai,Tamil Nadu,P005,Laptop,Electronics,29,0,5,24,24,6,50051.75,Low,6
2026-08-27,B003,Madurai,Tamil Nadu,P006,Smartphone,Electronics,31,3,8,53,54,17,18161.86,Critical,10
2026-08-27,B003,Madurai,Tamil Nadu,P007,Printer,Electronics,20,1,0,14,14,3,12307.31,Low,6
2026-08-27,B003,Madurai,Tamil Nadu,P008,Air Conditioner,Appliances,16,0,1,15,15,4,41978.18,Medium,5
2026-08-27,B003,Madurai,Tamil Nadu,P009,Router,Networking,76,7,2,51,53,17,3676.72,Low,6
2026-08-27,B003,Madurai,Tamil Nadu,P010,Monitor,Electronics,58,2,5,34,33,11,15041.79,Low,4
2026-08-27,B004,Salem,Tamil Nadu,P001,LED TV,Electronics,46,2,4,36,35,9,30301.56,Low,5
2026-08-27,B004,Salem,Tamil Nadu,P002,Refrigerator,Appliances,16,1,1,16,16,5,29714.84,High,6
2026-08-27,B004,Salem,Tamil Nadu,P003,Washing Machine,Appliances,31,0,4,20,18,6,22196.29,Low,4
2026-08-27,B004,Salem,Tamil Nadu,P004,Microwave,Appliances,19,1,5,19,19,6,8948.56,Medium,8
2026-08-27,B004,Salem,Tamil Nadu,P005,Laptop,Electronics,43,1,8,32,32,10,45716.37,Low,4
2026-08-27,B004,Salem,Tamil Nadu,P006,Smartphone,Electronics,55,5,2,40,40,11,17454.43,Low,9
2026-08-27,B004,Salem,Tamil Nadu,P007,Printer,Electronics,16,0,2,10,10,3,12907.48,Low,5
2026-08-27,B004,Salem,Tamil Nadu,P008,Air Conditioner,Appliances,24,1,4,16,16,5,39661.55,Low,5
2026-08-27,B004,Salem,Tamil Nadu,P009,Router,Networking,40,2,0,51,48,11,3762.72,High,6
2026-08-27,B004,Salem,Tamil Nadu,P010,Monitor,Electronics,20,0,2,23,23,6,15179.79,High,4
2026-08-27,B005,Trichy,Tamil Nadu,P001,LED TV,Electronics,58,6,8,49,48,15,32340.52,Medium,6
2026-08-27,B005,Trichy,Tamil Nadu,P002,Refrigerator,Appliances,9,0,4,15,16,4,27108.81,High,6
2026-08-27,B005,Trichy,Tamil Nadu,P003,Washing Machine,Appliances,29,2,4,21,19,5,22508.74,Low,9
2026-08-27,B005,Trichy,Tamil Nadu,P004,Microwave,Appliances,11,2,1,15,16,3,9328.35,Critical,5
2026-08-27,B005,Trichy,Tamil Nadu,P005,Laptop,Electronics,50,3,5,32,29,9,49330.63,Low,8
2026-08-27,B005,Trichy,Tamil Nadu,P006,Smartphone,Electronics,94,4,19,70,64,17,17660.54,Low,7
2026-08-27,B005,Trichy,Tamil Nadu,P007,Printer,Electronics,11,1,0,14,13,4,12130.78,Critical,7
2026-08-27,B005,Trichy,Tamil Nadu,P008,Air Conditioner,Appliances,15,2,0,17,15,3,40024.96,High,10
2026-08-27,B005,Trichy,Tamil Nadu,P009,Router,Networking,25,1,4,45,43,15,3566.71,Critical,3
2026-08-27,B005,Trichy,Tamil Nadu,P010,Monitor,Electronics,34,3,2,26,27,8,16127.39,Medium,7
2026-08-27,B006,Tiruppur,Tamil Nadu,P001,LED TV,Electronics,30,0,5,30,28,6,33967.15,Low,6
2026-08-27,B006,Tiruppur,Tamil Nadu,P002,Refrigerator,Appliances,16,0,1,16,16,3,28039.88,Medium,9
2026-08-27,B006,Tiruppur,Tamil Nadu,P003,Washing Machine,Appliances,8,0,2,16,15,5,25402.64,Critical,10
2026-08-27,B006,Tiruppur,Tamil Nadu,P004,Microwave,Appliances,20,1,0,19,20,5,9431.82,High,3
2026-08-27,B006,Tiruppur,Tamil Nadu,P005,Laptop,Electronics,23,0,6,25,26,6,45205.79,Medium,3
2026-08-27,B006,Tiruppur,Tamil Nadu,P006,Smartphone,Electronics,52,4,17,60,55,17,17667.07,Medium,7
2026-08-27,B006,Tiruppur,Tamil Nadu,P007,Printer,Electronics,22,1,4,14,15,4,11376.73,Low,9
2026-08-27,B006,Tiruppur,Tamil Nadu,P008,Air Conditioner,Appliances,19,1,0,14,14,3,42599.79,Low,3
2026-08-27,B006,Tiruppur,Tamil Nadu,P009,Router,Networking,54,1,4,34,35,11,3343.02,Low,7
2026-08-27,B006,Tiruppur,Tamil Nadu,P010,Monitor,Electronics,14,3,8,27,25,6,15884.87,Critical,9
2026-08-27,B007,Erode,Tamil Nadu,P001,LED TV,Electronics,38,3,8,38,35,8,32758.79,Low,4
2026-08-27,B007,Erode,Tamil Nadu,P002,Refrigerator,Appliances,6,0,0,11,10,3,28601.64,Critical,5
2026-08-27,B007,Erode,Tamil Nadu,P003,Washing Machine,Appliances,30,0,1,19,18,4,25816.81,Low,7
2026-08-27,B007,Erode,Tamil Nadu,P004,Microwave,Appliances,21,1,3,14,16,3,9272.27,Low,9
2026-08-27,B007,Erode,Tamil Nadu,P005,Laptop,Electronics,26,3,6,25,27,6,51113.69,Medium,7
2026-08-27,B007,Erode,Tamil Nadu,P006,Smartphone,Electronics,51,3,14,50,61,19,19419.68,High,7
2026-08-27,B007,Erode,Tamil Nadu,P007,Printer,Electronics,11,1,2,16,18,5,12762.16,Critical,5
2026-08-27,B007,Erode,Tamil Nadu,P008,Air Conditioner,Appliances,23,1,1,16,16,3,42813.87,Low,5
2026-08-27,B007,Erode,Tamil Nadu,P009,Router,Networking,65,5,0,43,48,12,3270.32,Low,3
2026-08-27,B007,Erode,Tamil Nadu,P010,Monitor,Electronics,23,2,0,20,18,5,16524.93,Medium,8
2026-08-27,B008,Vellore,Tamil Nadu,P001,LED TV,Electronics,30,4,7,44,44,9,33357.42,Critical,10
2026-08-27,B008,Vellore,Tamil Nadu,P002,Refrigerator,Appliances,20,0,2,18,17,5,27374.44,Low,8
2026-08-27,B008,Vellore,Tamil Nadu,P003,Washing Machine,Appliances,13,0,3,17,15,4,22258.2,Medium,3
2026-08-27,B008,Vellore,Tamil Nadu,P004,Microwave,Appliances,18,1,2,15,14,3,9208.84,Low,3
2026-08-27,B008,Vellore,Tamil Nadu,P005,Laptop,Electronics,29,2,4,22,20,6,44972.48,Low,3
2026-08-27,B008,Vellore,Tamil Nadu,P006,Smartphone,Electronics,91,8,20,64,65,20,17668.56,Low,4
2026-08-27,B008,Vellore,Tamil Nadu,P007,Printer,Electronics,14,1,3,14,13,3,11357.35,Low,6
2026-08-27,B008,Vellore,Tamil Nadu,P008,Air Conditioner,Appliances,13,1,1,14,13,3,41185.06,High,8
2026-08-27,B008,Vellore,Tamil Nadu,P009,Router,Networking,65,1,11,36,35,11,3290.21,Low,5
2026-08-27,B008,Vellore,Tamil Nadu,P010,Monitor,Electronics,12,1,7,24,23,6,15360.76,Critical,5
2026-08-28,B001,Chennai,Tamil Nadu,P001,LED TV,Electronics,134,10,25,78,80,23,29786.12,Low,9
2026-08-28,B001,Chennai,Tamil Nadu,P002,Refrigerator,Appliances,20,1,0,26,23,5,29370.39,High,7
2026-08-28,B001,Chennai,Tamil Nadu,P003,Washing Machine,Appliances,24,2,0,37,34,7,22567.4,Critical,8
2026-08-28,B001,Chennai,Tamil Nadu,P004,Microwave,Appliances,39,3,9,25,27,8,8762.26,Low,8
2026-08-28,B001,Chennai,Tamil Nadu,P005,Laptop,Electronics,68,4,8,44,37,11,50739.64,Low,9
2026-08-28,B001,Chennai,Tamil Nadu,P006,Smartphone,Electronics,115,5,4,93,87,17,18087.08,Low,8
2026-08-28,B001,Chennai,Tamil Nadu,P007,Printer,Electronics,33,1,4,25,24,6,11854.21,Low,7
2026-08-28,B001,Chennai,Tamil Nadu,P008,Air Conditioner,Appliances,13,1,0,28,28,7,43597.4,Critical,8
2026-08-28,B001,Chennai,Tamil Nadu,P009,Router,Networking,60,9,3,86,83,22,3319.77,Critical,8
2026-08-28,B001,Chennai,Tamil Nadu,P010,Monitor,Electronics,40,6,3,47,45,13,16895.44,Critical,8
2026-08-28,B002,Coimbatore,Tamil Nadu,P001,LED TV,Electronics,112,6,14,67,74,18,31322.14,Low,6
2026-08-28,B002,Coimbatore,Tamil Nadu,P002,Refrigerator,Appliances,19,3,0,26,27,8,29152.98,Critical,3
2026-08-28,B002,Coimbatore,Tamil Nadu,P003,Washing Machine,Appliances,55,3,5,28,30,9,23476.62,Low,6
2026-08-28,B002,Coimbatore,Tamil Nadu,P004,Microwave,Appliances,35,1,4,22,20,6,9041.9,Low,8
2026-08-28,B002,Coimbatore,Tamil Nadu,P005,Laptop,Electronics,63,0,12,35,38,9,44170.46,Low,5
2026-08-28,B002,Coimbatore,Tamil Nadu,P006,Smartphone,Electronics,40,0,5,76,86,26,16887.85,Critical,3
2026-08-28,B002,Coimbatore,Tamil Nadu,P007,Printer,Electronics,21,0,3,21,20,4,11049.77,Low,3
2026-08-28,B002,Coimbatore,Tamil Nadu,P008,Air Conditioner,Appliances,46,1,3,24,28,5,43896.99,Low,3
2026-08-28,B002,Coimbatore,Tamil Nadu,P009,Router,Networking,27,2,17,66,59,18,3503.93,Critical,8
2026-08-28,B002,Coimbatore,Tamil Nadu,P010,Monitor,Electronics,54,0,7,37,35,8,15534.65,Low,7
2026-08-28,B003,Madurai,Tamil Nadu,P001,LED TV,Electronics,84,2,2,54,53,18,31821.13,Low,10
2026-08-28,B003,Madurai,Tamil Nadu,P002,Refrigerator,Appliances,31,0,6,21,21,5,27157.64,Low,6
2026-08-28,B003,Madurai,Tamil Nadu,P003,Washing Machine,Appliances,12,2,0,22,18,6,25615.0,Critical,10
2026-08-28,B003,Madurai,Tamil Nadu,P004,Microwave,Appliances,36,0,1,22,20,5,8683.63,Low,4
2026-08-28,B003,Madurai,Tamil Nadu,P005,Laptop,Electronics,26,0,1,26,22,6,45248.96,Medium,6
2026-08-28,B003,Madurai,Tamil Nadu,P006,Smartphone,Electronics,117,4,20,71,70,16,18160.14,Low,7
2026-08-28,B003,Madurai,Tamil Nadu,P007,Printer,Electronics,30,2,3,16,17,4,11743.79,Low,6
2026-08-28,B003,Madurai,Tamil Nadu,P008,Air Conditioner,Appliances,37,1,3,19,21,6,40859.9,Low,5
2026-08-28,B003,Madurai,Tamil Nadu,P009,Router,Networking,100,5,18,78,86,27,3588.29,Low,3
2026-08-28,B003,Madurai,Tamil Nadu,P010,Monitor,Electronics,29,1,3,31,28,5,16411.33,Medium,8
2026-08-28,B004,Salem,Tamil Nadu,P001,LED TV,Electronics,26,4,4,49,50,14,31331.72,Critical,3
2026-08-28,B004,Salem,Tamil Nadu,P002,Refrigerator,Appliances,9,0,3,15,14,3,26379.52,High,4
2026-08-28,B004,Salem,Tamil Nadu,P003,Washing Machine,Appliances,20,2,6,20,22,4,25773.84,Medium,9
2026-08-28,B004,Salem,Tamil Nadu,P004,Microwave,Appliances,35,0,7,22,23,4,9430.97,Low,8
2026-08-28,B004,Salem,Tamil Nadu,P005,Laptop,Electronics,16,2,0,26,24,7,48380.37,Critical,6
2026-08-28,B004,Salem,Tamil Nadu,P006,Smartphone,Electronics,46,8,4,51,59,13,19331.73,Critical,6
2026-08-28,B004,Salem,Tamil Nadu,P007,Printer,Electronics,27,2,2,20,21,5,12048.68,Low,3
2026-08-28,B004,Salem,Tamil Nadu,P008,Air Conditioner,Appliances,22,0,4,18,18,5,40163.27,Low,8
2026-08-28,B004,Salem,Tamil Nadu,P009,Router,Networking,37,3,2,38,36,7,3390.81,Medium,6
2026-08-28,B004,Salem,Tamil Nadu,P010,Monitor,Electronics,11,1,1,20,20,6,14724.89,Critical,10
2026-08-28,B005,Trichy,Tamil Nadu,P001,LED TV,Electronics,49,7,16,55,59,16,33730.08,High,5
2026-08-28,B005,Trichy,Tamil Nadu,P002,Refrigerator,Appliances,30,1,4,17,16,4,26939.78,Low,10
2026-08-28,B005,Trichy,Tamil Nadu,P003,Washing Machine,Appliances,31,0,3,23,18,5,24566.2,Low,7
2026-08-28,B005,Trichy,Tamil Nadu,P004,Microwave,Appliances,17,0,3,13,13,3,9389.88,Low,6
2026-08-28,B005,Trichy,Tamil Nadu,P005,Laptop,Electronics,56,4,1,34,34,6,46735.15,Low,10
2026-08-28,B005,Trichy,Tamil Nadu,P006,Smartphone,Electronics,105,9,21,68,63,17,17240.55,Low,6
2026-08-28,B005,Trichy,Tamil Nadu,P007,Printer,Electronics,20,1,1,18,16,4,12639.07,Low,5
2026-08-28,B005,Trichy,Tamil Nadu,P008,Air Conditioner,Appliances,10,1,2,19,20,6,40016.6,Critical,8
2026-08-28,B005,Trichy,Tamil Nadu,P009,Router,Networking,94,2,8,53,55,12,3343.74,Low,3
2026-08-28,B005,Trichy,Tamil Nadu,P010,Monitor,Electronics,32,2,1,26,24,5,15393.37,Low,6
2026-08-28,B006,Tiruppur,Tamil Nadu,P001,LED TV,Electronics,41,0,0,46,49,11,32132.72,High,3
2026-08-28,B006,Tiruppur,Tamil Nadu,P002,Refrigerator,Appliances,22,0,0,18,20,6,29485.13,Medium,5
2026-08-28,B006,Tiruppur,Tamil Nadu,P003,Washing Machine,Appliances,37,0,0,27,29,10,24639.77,Medium,9
2026-08-28,B006,Tiruppur,Tamil Nadu,P004,Microwave,Appliances,24,0,1,22,21,4,9305.85,Low,6
2026-08-28,B006,Tiruppur,Tamil Nadu,P005,Laptop,Electronics,82,1,14,40,46,15,49817.25,Low,10
2026-08-28,B006,Tiruppur,Tamil Nadu,P006,Smartphone,Electronics,113,0,11,60,70,22,16681.67,Low,10
2026-08-28,B006,Tiruppur,Tamil Nadu,P007,Printer,Electronics,13,2,5,17,17,5,11304.2,High,10
2026-08-28,B006,Tiruppur,Tamil Nadu,P008,Air Conditioner,Appliances,16,0,0,10,10,3,42434.18,Low,10
2026-08-28,B006,Tiruppur,Tamil Nadu,P009,Router,Networking,93,2,10,48,56,16,3224.75,Low,9
2026-08-28,B006,Tiruppur,Tamil Nadu,P010,Monitor,Electronics,30,2,5,24,25,6,15890.78,Low,5
2026-08-28,B007,Erode,Tamil Nadu,P001,LED TV,Electronics,73,3,1,37,39,10,31783.13,Low,6
2026-08-28,B007,Erode,Tamil Nadu,P002,Refrigerator,Appliances,10,0,2,19,19,4,27127.7,Critical,10
2026-08-28,B007,Erode,Tamil Nadu,P003,Washing Machine,Appliances,17,2,3,19,20,6,25166.31,High,3
2026-08-28,B007,Erode,Tamil Nadu,P004,Microwave,Appliances,10,0,0,17,17,4,9176.63,Critical,9
2026-08-28,B007,Erode,Tamil Nadu,P005,Laptop,Electronics,12,2,0,21,17,3,49274.22,Critical,8
2026-08-28,B007,Erode,Tamil Nadu,P006,Smartphone,Electronics,82,1,0,44,45,10,18144.14,Low,6
2026-08-28,B007,Erode,Tamil Nadu,P007,Printer,Electronics,8,0,2,11,9,3,12564.16,High,10
2026-08-28,B007,Erode,Tamil Nadu,P008,Air Conditioner,Appliances,8,0,0,15,13,3,44401.91,Critical,6
2026-08-28,B007,Erode,Tamil Nadu,P009,Router,Networking,98,7,17,51,58,17,3305.77,Low,10
2026-08-28,B007,Erode,Tamil Nadu,P010,Monitor,Electronics,34,2,1,21,22,7,17037.2,Low,10
2026-08-28,B008,Vellore,Tamil Nadu,P001,LED TV,Electronics,64,4,13,41,41,14,31526.3,Low,6
2026-08-28,B008,Vellore,Tamil Nadu,P002,Refrigerator,Appliances,26,0,5,20,17,3,25859.72,Low,10
2026-08-28,B008,Vellore,Tamil Nadu,P003,Washing Machine,Appliances,22,2,7,31,32,6,22179.46,High,6
2026-08-28,B008,Vellore,Tamil Nadu,P004,Microwave,Appliances,18,0,3,20,23,7,8385.31,High,9
2026-08-28,B008,Vellore,Tamil Nadu,P005,Laptop,Electronics,15,4,9,30,32,8,49032.2,Critical,5
2026-08-28,B008,Vellore,Tamil Nadu,P006,Smartphone,Electronics,108,5,16,57,59,16,17311.88,Low,10
2026-08-28,B008,Vellore,Tamil Nadu,P007,Printer,Electronics,31,0,4,19,19,5,12850.53,Low,7
2026-08-28,B008,Vellore,Tamil Nadu,P008,Air Conditioner,Appliances,9,0,5,17,18,4,40602.45,High,7
2026-08-28,B008,Vellore,Tamil Nadu,P009,Router,Networking,84,5,7,60,60,15,3268.66,Low,7
2026-08-28,B008,Vellore,Tamil Nadu,P010,Monitor,Electronics,15,0,6,29,31,6,14878.39,Critical,9
2026-08-29,B001,Chennai,Tamil Nadu,P001,LED TV,Electronics,45,10,16,78,75,17,29747.33,Critical,10
2026-08-29,B001,Chennai,Tamil Nadu,P002,Refrigerator,Appliances,29,2,7,35,40,10,25916.15,High,10
2026-08-29,B001,Chennai,Tamil Nadu,P003,Washing Machine,Appliances,69,1,5,37,37,7,22253.0,Low,8
2026-08-29,B001,Chennai,Tamil Nadu,P004,Microwave,Appliances,20,2,6,24,24,6,9609.93,High,9
2026-08-29,B001,Chennai,Tamil Nadu,P005,Laptop,Electronics,28,6,13,47,44,14,47346.47,Critical,9
2026-08-29,B001,Chennai,Tamil Nadu,P006,Smartphone,Electronics,121,8,20,75,79,19,17288.63,Low,5
2026-08-29,B001,Chennai,Tamil Nadu,P007,Printer,Electronics,17,2,0,29,25,6,12152.74,Critical,9
2026-08-29,B001,Chennai,Tamil Nadu,P008,Air Conditioner,Appliances,31,2,5,28,30,9,39765.27,Medium,10
2026-08-29,B001,Chennai,Tamil Nadu,P009,Router,Networking,54,6,26,98,93,19,3571.69,High,3
2026-08-29,B001,Chennai,Tamil Nadu,P010,Monitor,Electronics,30,3,8,43,48,10,17145.58,Critical,9
2026-08-29,B002,Coimbatore,Tamil Nadu,P001,LED TV,Electronics,98,8,15,68,65,20,32696.76,Low,4
2026-08-29,B002,Coimbatore,Tamil Nadu,P002,Refrigerator,Appliances,45,3,8,31,33,10,25994.02,Low,10
2026-08-29,B002,Coimbatore,Tamil Nadu,P003,Washing Machine,Appliances,13,0,5,22,21,5,24994.98,High,10
2026-08-29,B002,Coimbatore,Tamil Nadu,P004,Microwave,Appliances,34,0,4,19,20,5,8614.02,Low,9
2026-08-29,B002,Coimbatore,Tamil Nadu,P005,Laptop,Electronics,37,1,9,37,33,10,50931.02,Low,9
2026-08-29,B002,Coimbatore,Tamil Nadu,P006,Smartphone,Electronics,97,12,1,89,91,26,17966.59,High,7
2026-08-29,B002,Coimbatore,Tamil Nadu,P007,Printer,Electronics,21,1,1,20,19,4,12016.07,Medium,8
2026-08-29,B002,Coimbatore,Tamil Nadu,P008,Air Conditioner,Appliances,34,2,6,25,25,7,41952.85,Low,6
2026-08-29,B002,Coimbatore,Tamil Nadu,P009,Router,Networking,102,7,0,66,59,19,3679.69,Low,5
2026-08-29,B002,Coimbatore,Tamil Nadu,P010,Monitor,Electronics,61,5,6,33,37,8,16204.99,Low,5
2026-08-29,B003,Madurai,Tamil Nadu,P001,LED TV,Electronics,32,6,6,67,63,16,29691.32,Critical,9
2026-08-29,B003,Madurai,Tamil Nadu,P002,Refrigerator,Appliances,39,2,5,22,21,4,29358.87,Low,7
2026-08-29,B003,Madurai,Tamil Nadu,P003,Washing Machine,Appliances,29,0,4,24,25,7,22344.94,Low,6
2026-08-29,B003,Madurai,Tamil Nadu,P004,Microwave,Appliances,29,1,0,16,17,3,8703.71,Low,4
2026-08-29,B003,Madurai,Tamil Nadu,P005,Laptop,Electronics,34,5,8,37,40,13,49882.97,High,9
2026-08-29,B003,Madurai,Tamil Nadu,P006,Smartphone,Electronics,61,5,3,55,53,10,18107.1,Medium,8
2026-08-29,B003,Madurai,Tamil Nadu,P007,Printer,Electronics,14,0,0,19,21,5,12333.08,Critical,3
2026-08-29,B003,Madurai,Tamil Nadu,P008,Air Conditioner,Appliances,16,1,5,23,20,6,43284.18,High,10
2026-08-29,B003,Madurai,Tamil Nadu,P009,Router,Networking,80,2,16,55,59,18,3553.24,Low,10
2026-08-29,B003,Madurai,Tamil Nadu,P010,Monitor,Electronics,30,1,4,28,32,8,15215.05,High,4
2026-08-29,B004,Salem,Tamil Nadu,P001,LED TV,Electronics,81,0,8,51,51,14,33899.26,Low,4
2026-08-29,B004,Salem,Tamil Nadu,P002,Refrigerator,Appliances,16,0,0,18,19,6,26750.34,Critical,7
2026-08-29,B004,Salem,Tamil Nadu,P003,Washing Machine,Appliances,14,0,6,30,31,9,22105.09,Critical,5
2026-08-29,B004,Salem,Tamil Nadu,P004,Microwave,Appliances,25,2,6,20,19,4,9711.06,Low,6
2026-08-29,B004,Salem,Tamil Nadu,P005,Laptop,Electronics,36,3,5,41,47,14,44885.85,Critical,9
2026-08-29,B004,Salem,Tamil Nadu,P006,Smartphone,Electronics,123,5,13,80,78,23,19254.79,Low,5
2026-08-29,B004,Salem,Tamil Nadu,P007,Printer,Electronics,13,0,3,14,15,4,12776.87,Medium,4
2026-08-29,B004,Salem,Tamil Nadu,P008,Air Conditioner,Appliances,21,0,6,19,19,4,42342.16,Low,3
2026-08-29,B004,Salem,Tamil Nadu,P009,Router,Networking,113,1,11,63,61,18,3471.51,Low,9
2026-08-29,B004,Salem,Tamil Nadu,P010,Monitor,Electronics,32,0,0,24,22,7,16424.8,Low,9
2026-08-29,B005,Trichy,Tamil Nadu,P001,LED TV,Electronics,37,8,6,60,67,17,33786.52,Critical,9
2026-08-29,B005,Trichy,Tamil Nadu,P002,Refrigerator,Appliances,33,1,0,23,25,5,27468.09,Low,8
2026-08-29,B005,Trichy,Tamil Nadu,P003,Washing Machine,Appliances,13,2,3,28,27,6,25860.33,Critical,3
2026-08-29,B005,Trichy,Tamil Nadu,P004,Microwave,Appliances,19,1,1,15,14,3,8499.65,Low,7
2026-08-29,B005,Trichy,Tamil Nadu,P005,Laptop,Electronics,45,3,9,30,29,9,50950.95,Low,6
2026-08-29,B005,Trichy,Tamil Nadu,P006,Smartphone,Electronics,73,4,13,71,78,18,17775.35,Medium,6
2026-08-29,B005,Trichy,Tamil Nadu,P007,Printer,Electronics,22,2,2,17,16,3,11835.67,Low,4
2026-08-29,B005,Trichy,Tamil Nadu,P008,Air Conditioner,Appliances,10,1,1,17,17,4,39608.97,Critical,3
2026-08-29,B005,Trichy,Tamil Nadu,P009,Router,Networking,43,8,21,58,63,15,3247.98,High,7
2026-08-29,B005,Trichy,Tamil Nadu,P010,Monitor,Electronics,16,2,7,30,27,7,17117.58,Critical,3
2026-08-29,B006,Tiruppur,Tamil Nadu,P001,LED TV,Electronics,38,3,9,55,55,13,31889.32,High,4
2026-08-29,B006,Tiruppur,Tamil Nadu,P002,Refrigerator,Appliances,33,2,3,22,19,5,29822.72,Low,5
2026-08-29,B006,Tiruppur,Tamil Nadu,P003,Washing Machine,Appliances,23,1,5,25,20,4,25267.03,Low,3
2026-08-29,B006,Tiruppur,Tamil Nadu,P004,Microwave,Appliances,22,1,0,18,17,5,8873.85,Medium,3
2026-08-29,B006,Tiruppur,Tamil Nadu,P005,Laptop,Electronics,62,4,2,32,34,8,47916.77,Low,7
2026-08-29,B006,Tiruppur,Tamil Nadu,P006,Smartphone,Electronics,57,6,8,75,81,23,18202.43,Critical,3
2026-08-29,B006,Tiruppur,Tamil Nadu,P007,Printer,Electronics,15,0,1,12,12,3,12126.94,Low,4
2026-08-29,B006,Tiruppur,Tamil Nadu,P008,Air Conditioner,Appliances,11,0,4,15,16,4,43920.06,High,9
2026-08-29,B006,Tiruppur,Tamil Nadu,P009,Router,Networking,80,1,12,42,45,11,3308.38,Low,6
2026-08-29,B006,Tiruppur,Tamil Nadu,P010,Monitor,Electronics,23,0,6,21,23,5,16619.52,Low,5
2026-08-29,B007,Erode,Tamil Nadu,P001,LED TV,Electronics,77,2,7,41,47,14,30775.1,Low,3
2026-08-29,B007,Erode,Tamil Nadu,P002,Refrigerator,Appliances,19,1,2,17,15,3,26140.44,Low,4
2026-08-29,B007,Erode,Tamil Nadu,P003,Washing Machine,Appliances,19,2,0,20,19,6,25066.33,High,10
2026-08-29,B007,Erode,Tamil Nadu,P004,Microwave,Appliances,12,0,3,14,12,3,8531.79,Low,10
2026-08-29,B007,Erode,Tamil Nadu,P005,Laptop,Electronics,39,0,6,28,28,7,49171.45,Low,9
2026-08-29,B007,Erode,Tamil Nadu,P006,Smartphone,Electronics,51,8,5,58,60,18,16817.49,Critical,7
2026-08-29,B007,Erode,Tamil Nadu,P007,Printer,Electronics,24,0,0,15,15,5,12183.42,Low,5
2026-08-29,B007,Erode,Tamil Nadu,P008,Air Conditioner,Appliances,12,0,1,17,16,4,42377.8,High,8
2026-08-29,B007,Erode,Tamil Nadu,P009,Router,Networking,22,1,13,37,39,9,3452.62,High,8
2026-08-29,B007,Erode,Tamil Nadu,P010,Monitor,Electronics,53,2,3,26,28,6,16008.64,Low,10
2026-08-29,B008,Vellore,Tamil Nadu,P001,LED TV,Electronics,79,5,7,62,54,13,30853.28,Low,6
2026-08-29,B008,Vellore,Tamil Nadu,P002,Refrigerator,Appliances,37,0,1,20,21,5,27288.87,Low,6
2026-08-29,B008,Vellore,Tamil Nadu,P003,Washing Machine,Appliances,36,3,7,23,25,5,22841.72,Low,7
2026-08-29,B008,Vellore,Tamil Nadu,P004,Microwave,Appliances,12,2,0,21,22,6,8842.04,Critical,6
2026-08-29,B008,Vellore,Tamil Nadu,P005,Laptop,Electronics,45,4,3,31,32,10,46231.08,Low,3
2026-08-29,B008,Vellore,Tamil Nadu,P006,Smartphone,Electronics,109,7,25,80,82,21,17076.66,Low,7
2026-08-29,B008,Vellore,Tamil Nadu,P007,Printer,Electronics,17,2,3,15,15,4,12207.8,Medium,9
2026-08-29,B008,Vellore,Tamil Nadu,P008,Air Conditioner,Appliances,28,0,2,18,20,6,43547.38,Low,7
2026-08-29,B008,Vellore,Tamil Nadu,P009,Router,Networking,59,1,14,49,47,9,3543.3,Low,10
2026-08-29,B008,Vellore,Tamil Nadu,P010,Monitor,Electronics,17,2,4,28,28,7,16648.82,Critical,3
2026-08-30,B001,Chennai,Tamil Nadu,P001,LED TV,Electronics,82,1,1,65,58,12,33663.47,Low,5
2026-08-30,B001,Chennai,Tamil Nadu,P002,Refrigerator,Appliances,21,2,4,26,25,7,29604.32,High,3
2026-08-30,B001,Chennai,Tamil Nadu,P003,Washing Machine,Appliances,34,0,4,29,28,5,22765.29,Low,6
2026-08-30,B001,Chennai,Tamil Nadu,P004,Microwave,Appliances,14,1,7,23,23,7,8957.81,High,10
2026-08-30,B001,Chennai,Tamil Nadu,P005,Laptop,Electronics,57,2,0,40,41,8,46444.9,Low,3
2026-08-30,B001,Chennai,Tamil Nadu,P006,Smartphone,Electronics,42,11,14,81,82,18,17890.99,Critical,9
2026-08-30,B001,Chennai,Tamil Nadu,P007,Printer,Electronics,24,3,1,24,24,5,11604.05,High,4
2026-08-30,B001,Chennai,Tamil Nadu,P008,Air Conditioner,Appliances,12,0,3,25,25,6,43185.34,Critical,5
2026-08-30,B001,Chennai,Tamil Nadu,P009,Router,Networking,103,8,4,64,72,25,3688.97,Low,10
2026-08-30,B001,Chennai,Tamil Nadu,P010,Monitor,Electronics,49,5,1,45,42,14,16080.86,High,7
2026-08-30,B002,Coimbatore,Tamil Nadu,P001,LED TV,Electronics,88,4,4,52,50,14,29744.5,Low,10
2026-08-30,B002,Coimbatore,Tamil Nadu,P002,Refrigerator,Appliances,16,0,2,20,19,4,27989.14,High,10
2026-08-30,B002,Coimbatore,Tamil Nadu,P003,Washing Machine,Appliances,18,0,5,17,17,5,23061.82,Low,5
2026-08-30,B002,Coimbatore,Tamil Nadu,P004,Microwave,Appliances,36,1,6,20,20,4,9105.32,Low,9
2026-08-30,B002,Coimbatore,Tamil Nadu,P005,Laptop,Electronics,44,3,7,34,31,8,50652.77,Low,6
2026-08-30,B002,Coimbatore,Tamil Nadu,P006,Smartphone,Electronics,85,2,13,63,62,19,18779.46,Low,9
2026-08-30,B002,Coimbatore,Tamil Nadu,P007,Printer,Electronics,7,1,2,9,8,3,12578.68,High,10
2026-08-30,B002,Coimbatore,Tamil Nadu,P008,Air Conditioner,Appliances,20,2,1,16,16,4,38857.23,Medium,7
2026-08-30,B002,Coimbatore,Tamil Nadu,P009,Router,Networking,53,2,18,60,69,19,3230.47,High,10
2026-08-30,B002,Coimbatore,Tamil Nadu,P010,Monitor,Electronics,25,4,11,31,33,8,15364.69,High,6
2026-08-30,B003,Madurai,Tamil Nadu,P001,LED TV,Electronics,37,2,8,48,45,14,34088.44,High,6
2026-08-30,B003,Madurai,Tamil Nadu,P002,Refrigerator,Appliances,27,2,0,25,24,6,27229.84,High,3
2026-08-30,B003,Madurai,Tamil Nadu,P003,Washing Machine,Appliances,25,1,4,21,21,4,25616.02,Low,7
2026-08-30,B003,Madurai,Tamil Nadu,P004,Microwave,Appliances,17,1,4,13,13,4,8344.61,Low,8
2026-08-30,B003,Madurai,Tamil Nadu,P005,Laptop,Electronics,52,0,4,41,38,11,49793.78,Low,10
2026-08-30,B003,Madurai,Tamil Nadu,P006,Smartphone,Electronics,34,5,8,60,57,19,17645.45,Critical,8
2026-08-30,B003,Madurai,Tamil Nadu,P007,Printer,Electronics,11,0,2,13,15,4,12008.72,High,7
2026-08-30,B003,Madurai,Tamil Nadu,P008,Air Conditioner,Appliances,12,1,2,14,12,3,43055.35,Medium,6
2026-08-30,B003,Madurai,Tamil Nadu,P009,Router,Networking,65,4,2,31,35,10,3669.83,Low,4
2026-08-30,B003,Madurai,Tamil Nadu,P010,Monitor,Electronics,28,3,9,26,28,8,16381.26,Medium,9
2026-08-30,B004,Salem,Tamil Nadu,P001,LED TV,Electronics,48,5,11,45,44,13,34117.6,Medium,10
2026-08-30,B004,Salem,Tamil Nadu,P002,Refrigerator,Appliances,12,1,3,20,20,6,29238.6,Critical,3
2026-08-30,B004,Salem,Tamil Nadu,P003,Washing Machine,Appliances,16,0,1,10,9,3,22651.31,Low,4
2026-08-30,B004,Salem,Tamil Nadu,P004,Microwave,Appliances,9,0,1,14,10,3,9229.84,High,9
2026-08-30,B004,Salem,Tamil Nadu,P005,Laptop,Electronics,29,4,10,36,36,10,48755.64,High,5
2026-08-30,B004,Salem,Tamil Nadu,P006,Smartphone,Electronics,43,1,15,47,45,14,16649.36,Medium,6
2026-08-30,B004,Salem,Tamil Nadu,P007,Printer,Electronics,15,1,2,13,12,3,11533.09,Low,8
2026-08-30,B004,Salem,Tamil Nadu,P008,Air Conditioner,Appliances,12,0,2,16,17,4,42188.48,High,8
2026-08-30,B004,Salem,Tamil Nadu,P009,Router,Networking,41,6,7,50,60,17,3473.15,Critical,8
2026-08-30,B004,Salem,Tamil Nadu,P010,Monitor,Electronics,43,0,6,25,24,6,15706.67,Low,6
2026-08-30,B005,Trichy,Tamil Nadu,P001,LED TV,Electronics,28,1,1,37,32,9,31245.36,High,6
2026-08-30,B005,Trichy,Tamil Nadu,P002,Refrigerator,Appliances,11,2,1,25,22,6,30039.95,Critical,3
2026-08-30,B005,Trichy,Tamil Nadu,P003,Washing Machine,Appliances,34,2,6,22,19,4,22243.2,Low,3
2026-08-30,B005,Trichy,Tamil Nadu,P004,Microwave,Appliances,21,2,2,16,15,4,9014.69,Low,9
2026-08-30,B005,Trichy,Tamil Nadu,P005,Laptop,Electronics,48,1,3,29,28,9,47139.12,Low,9
2026-08-30,B005,Trichy,Tamil Nadu,P006,Smartphone,Electronics,33,10,1,67,70,19,17115.19,Critical,7
2026-08-30,B005,Trichy,Tamil Nadu,P007,Printer,Electronics,21,1,0,15,16,4,11684.5,Low,7
2026-08-30,B005,Trichy,Tamil Nadu,P008,Air Conditioner,Appliances,13,1,2,15,16,3,43447.07,High,7
2026-08-30,B005,Trichy,Tamil Nadu,P009,Router,Networking,38,2,8,39,38,9,3474.0,Medium,7
2026-08-30,B005,Trichy,Tamil Nadu,P010,Monitor,Electronics,28,2,2,26,24,5,15610.62,Medium,5
2026-08-30,B006,Tiruppur,Tamil Nadu,P001,LED TV,Electronics,51,1,4,43,44,13,33209.54,Medium,4
2026-08-30,B006,Tiruppur,Tamil Nadu,P002,Refrigerator,Appliances,20,2,4,20,21,7,27505.38,High,6
2026-08-30,B006,Tiruppur,Tamil Nadu,P003,Washing Machine,Appliances,25,1,0,15,14,3,25446.14,Low,3
2026-08-30,B006,Tiruppur,Tamil Nadu,P004,Microwave,Appliances,11,0,2,13,12,4,8469.15,High,7
2026-08-30,B006,Tiruppur,Tamil Nadu,P005,Laptop,Electronics,35,0,0,32,27,9,50695.59,Medium,8
2026-08-30,B006,Tiruppur,Tamil Nadu,P006,Smartphone,Electronics,63,1,8,64,66,13,17580.4,Medium,10
2026-08-30,B006,Tiruppur,Tamil Nadu,P007,Printer,Electronics,13,0,5,16,16,3,11046.52,Medium,8
2026-08-30,B006,Tiruppur,Tamil Nadu,P008,Air Conditioner,Appliances,38,0,5,19,21,7,42811.77,Low,8
2026-08-30,B006,Tiruppur,Tamil Nadu,P009,Router,Networking,26,0,13,37,41,13,3273.08,High,10
2026-08-30,B006,Tiruppur,Tamil Nadu,P010,Monitor,Electronics,28,0,6,31,32,10,15972.57,High,3
2026-08-30,B007,Erode,Tamil Nadu,P001,LED TV,Electronics,32,2,9,32,30,6,33224.05,Low,7
2026-08-30,B007,Erode,Tamil Nadu,P002,Refrigerator,Appliances,11,0,0,18,18,4,27193.96,Critical,6
2026-08-30,B007,Erode,Tamil Nadu,P003,Washing Machine,Appliances,11,1,2,14,13,3,23654.97,High,5
2026-08-30,B007,Erode,Tamil Nadu,P004,Microwave,Appliances,7,0,0,8,8,3,9213.46,Critical,9
2026-08-30,B007,Erode,Tamil Nadu,P005,Laptop,Electronics,19,0,4,14,13,3,50967.27,Low,8
2026-08-30,B007,Erode,Tamil Nadu,P006,Smartphone,Electronics,37,3,3,65,62,17,18499.89,Critical,4
2026-08-30,B007,Erode,Tamil Nadu,P007,Printer,Electronics,7,0,2,12,11,3,11123.19,Critical,4
2026-08-30,B007,Erode,Tamil Nadu,P008,Air Conditioner,Appliances,10,0,1,9,8,3,43306.27,Low,7
2026-08-30,B007,Erode,Tamil Nadu,P009,Router,Networking,41,3,12,37,39,12,3692.98,Medium,8
2026-08-30,B007,Erode,Tamil Nadu,P010,Monitor,Electronics,40,2,7,24,24,7,16046.3,Low,8
2026-08-30,B008,Vellore,Tamil Nadu,P001,LED TV,Electronics,55,5,8,43,47,9,30294.47,Low,9
2026-08-30,B008,Vellore,Tamil Nadu,P002,Refrigerator,Appliances,16,1,0,18,17,4,29247.45,High,3
2026-08-30,B008,Vellore,Tamil Nadu,P003,Washing Machine,Appliances,16,0,3,18,19,4,25021.17,High,9
2026-08-30,B008,Vellore,Tamil Nadu,P004,Microwave,Appliances,12,0,4,14,15,3,8649.19,Medium,10
2026-08-30,B008,Vellore,Tamil Nadu,P005,Laptop,Electronics,52,2,6,33,39,11,51257.59,Low,7
2026-08-30,B008,Vellore,Tamil Nadu,P006,Smartphone,Electronics,48,0,0,59,56,13,18039.22,High,9
2026-08-30,B008,Vellore,Tamil Nadu,P007,Printer,Electronics,16,1,1,17,16,3,11141.28,Medium,5
2026-08-30,B008,Vellore,Tamil Nadu,P008,Air Conditioner,Appliances,10,0,1,14,12,3,39536.62,High,8
2026-08-30,B008,Vellore,Tamil Nadu,P009,Router,Networking,82,6,7,50,47,12,3547.4,Low,8
2026-08-30,B008,Vellore,Tamil Nadu,P010,Monitor,Electronics,10,2,0,21,19,5,16594.08,Critical,5
2026-08-31,B001,Chennai,Tamil Nadu,P001,LED TV,Electronics,59,8,10,66,66,22,32790.25,High,10
2026-08-31,B001,Chennai,Tamil Nadu,P002,Refrigerator,Appliances,42,1,2,28,25,8,29508.32,Low,9
2026-08-31,B001,Chennai,Tamil Nadu,P003,Washing Machine,Appliances,31,1,0,28,29,7,24132.59,High,6
2026-08-31,B001,Chennai,Tamil Nadu,P004,Microwave,Appliances,25,2,3,21,19,3,8381.28,Low,4
2026-08-31,B001,Chennai,Tamil Nadu,P005,Laptop,Electronics,30,1,3,39,41,11,49113.64,Critical,5
2026-08-31,B001,Chennai,Tamil Nadu,P006,Smartphone,Electronics,111,11,9,86,78,20,18336.13,Low,9
2026-08-31,B001,Chennai,Tamil Nadu,P007,Printer,Electronics,31,2,3,22,24,5,11512.23,Low,8
2026-08-31,B001,Chennai,Tamil Nadu,P008,Air Conditioner,Appliances,40,0,8,24,26,5,41564.05,Low,8
2026-08-31,B001,Chennai,Tamil Nadu,P009,Router,Networking,112,1,19,79,76,21,3478.46,Low,7
2026-08-31,B001,Chennai,Tamil Nadu,P010,Monitor,Electronics,45,0,7,44,50,12,15581.69,Medium,8
2026-08-31,B002,Coimbatore,Tamil Nadu,P001,LED TV,Electronics,79,3,3,62,63,15,29811.78,Low,9
2026-08-31,B002,Coimbatore,Tamil Nadu,P002,Refrigerator,Appliances,11,1,4,25,22,6,29559.69,Critical,7
2026-08-31,B002,Coimbatore,Tamil Nadu,P003,Washing Machine,Appliances,19,3,6,22,22,6,24574.44,High,4
2026-08-31,B002,Coimbatore,Tamil Nadu,P004,Microwave,Appliances,12,0,1,18,17,5,8496.01,Critical,10
2026-08-31,B002,Coimbatore,Tamil Nadu,P005,Laptop,Electronics,23,2,4,30,25,6,51179.18,High,3
2026-08-31,B002,Coimbatore,Tamil Nadu,P006,Smartphone,Electronics,115,0,13,78,73,18,17531.57,Low,4
2026-08-31,B002,Coimbatore,Tamil Nadu,P007,Printer,Electronics,17,0,2,18,17,3,11996.31,Medium,3
2026-08-31,B002,Coimbatore,Tamil Nadu,P008,Air Conditioner,Appliances,13,0,2,20,20,6,41922.97,Critical,10
2026-08-31,B002,Coimbatore,Tamil Nadu,P009,Router,Networking,46,6,17,56,57,15,3592.51,High,4
2026-08-31,B002,Coimbatore,Tamil Nadu,P010,Monitor,Electronics,51,1,3,33,33,8,17092.28,Low,3
2026-08-31,B003,Madurai,Tamil Nadu,P001,LED TV,Electronics,67,5,7,44,41,12,31876.46,Low,5
2026-08-31,B003,Madurai,Tamil Nadu,P002,Refrigerator,Appliances,14,0,0,12,13,3,28763.34,Medium,7
2026-08-31,B003,Madurai,Tamil Nadu,P003,Washing Machine,Appliances,30,2,5,19,17,4,25378.59,Low,5
2026-08-31,B003,Madurai,Tamil Nadu,P004,Microwave,Appliances,25,2,2,19,17,4,9231.6,Low,6
2026-08-31,B003,Madurai,Tamil Nadu,P005,Laptop,Electronics,67,4,6,37,36,10,46021.45,Low,7
2026-08-31,B003,Madurai,Tamil Nadu,P006,Smartphone,Electronics,53,9,13,65,68,17,18046.6,High,3
2026-08-31,B003,Madurai,Tamil Nadu,P007,Printer,Electronics,17,1,2,13,12,3,12199.43,Low,10
2026-08-31,B003,Madurai,Tamil Nadu,P008,Air Conditioner,Appliances,15,1,2,12,12,3,44193.9,Low,7
2026-08-31,B003,Madurai,Tamil Nadu,P009,Router,Networking,45,1,0,37,40,9,3234.87,Medium,9
2026-08-31,B003,Madurai,Tamil Nadu,P010,Monitor,Electronics,16,1,1,25,24,6,16416.67,Critical,6
2026-08-31,B004,Salem,Tamil Nadu,P001,LED TV,Electronics,50,0,5,38,39,7,30918.84,Low,9
2026-08-31,B004,Salem,Tamil Nadu,P002,Refrigerator,Appliances,10,2,3,20,18,6,29456.85,Critical,7
2026-08-31,B004,Salem,Tamil Nadu,P003,Washing Machine,Appliances,34,2,1,19,21,5,24163.82,Low,5
2026-08-31,B004,Salem,Tamil Nadu,P004,Microwave,Appliances,7,0,4,15,17,5,8697.89,Critical,8
2026-08-31,B004,Salem,Tamil Nadu,P005,Laptop,Electronics,28,0,0,27,23,7,48936.73,Medium,8
2026-08-31,B004,Salem,Tamil Nadu,P006,Smartphone,Electronics,29,9,9,57,64,14,17704.58,Critical,3
2026-08-31,B004,Salem,Tamil Nadu,P007,Printer,Electronics,18,0,0,19,17,3,12302.86,Medium,7
2026-08-31,B004,Salem,Tamil Nadu,P008,Air Conditioner,Appliances,14,0,1,10,9,3,43992.88,Low,9
2026-08-31,B004,Salem,Tamil Nadu,P009,Router,Networking,96,1,8,49,53,15,3704.24,Low,10
2026-08-31,B004,Salem,Tamil Nadu,P010,Monitor,Electronics,26,1,5,26,25,8,16049.03,Medium,7
2026-08-31,B005,Trichy,Tamil Nadu,P001,LED TV,Electronics,107,6,17,55,64,17,30031.47,Low,9
2026-08-31,B005,Trichy,Tamil Nadu,P002,Refrigerator,Appliances,29,2,5,21,23,7,26594.18,Low,9
2026-08-31,B005,Trichy,Tamil Nadu,P003,Washing Machine,Appliances,42,0,7,23,23,7,24214.04,Low,3
2026-08-31,B005,Trichy,Tamil Nadu,P004,Microwave,Appliances,17,1,1,13,11,3,9312.2,Low,10
2026-08-31,B005,Trichy,Tamil Nadu,P005,Laptop,Electronics,18,0,0,41,42,12,50800.12,Critical,4
2026-08-31,B005,Trichy,Tamil Nadu,P006,Smartphone,Electronics,56,2,4,45,44,14,18181.84,Low,7
2026-08-31,B005,Trichy,Tamil Nadu,P007,Printer,Electronics,20,0,1,11,11,3,11776.18,Low,5
2026-08-31,B005,Trichy,Tamil Nadu,P008,Air Conditioner,Appliances,31,2,0,20,19,5,39058.32,Low,3
2026-08-31,B005,Trichy,Tamil Nadu,P009,Router,Networking,24,3,7,35,33,11,3735.47,Critical,4
2026-08-31,B005,Trichy,Tamil Nadu,P010,Monitor,Electronics,48,0,3,33,31,8,16438.33,Low,9
2026-08-31,B006,Tiruppur,Tamil Nadu,P001,LED TV,Electronics,62,4,6,35,33,6,33101.33,Low,9
2026-08-31,B006,Tiruppur,Tamil Nadu,P002,Refrigerator,Appliances,17,0,2,14,15,3,28964.71,Low,7
2026-08-31,B006,Tiruppur,Tamil Nadu,P003,Washing Machine,Appliances,21,2,1,22,22,5,23254.37,High,7
2026-08-31,B006,Tiruppur,Tamil Nadu,P004,Microwave,Appliances,21,0,0,11,12,3,9593.04,Low,4
2026-08-31,B006,Tiruppur,Tamil Nadu,P005,Laptop,Electronics,21,3,5,29,27,8,45974.8,High,7
2026-08-31,B006,Tiruppur,Tamil Nadu,P006,Smartphone,Electronics,73,5,17,63,64,17,18476.98,Low,10
2026-08-31,B006,Tiruppur,Tamil Nadu,P007,Printer,Electronics,8,0,2,11,10,3,11619.98,High,8
2026-08-31,B006,Tiruppur,Tamil Nadu,P008,Air Conditioner,Appliances,17,1,0,11,10,3,44975.1,Low,4
2026-08-31,B006,Tiruppur,Tamil Nadu,P009,Router,Networking,59,2,14,39,45,13,3755.28,Low,7
2026-08-31,B006,Tiruppur,Tamil Nadu,P010,Monitor,Electronics,10,0,5,21,21,6,17054.4,Critical,6
2026-08-31,B007,Erode,Tamil Nadu,P001,LED TV,Electronics,77,2,14,42,43,10,34413.38,Low,7
2026-08-31,B007,Erode,Tamil Nadu,P002,Refrigerator,Appliances,15,0,1,12,12,4,28074.51,Low,6
2026-08-31,B007,Erode,Tamil Nadu,P003,Washing Machine,Appliances,8,0,3,15,16,5,25488.15,Critical,7
2026-08-31,B007,Erode,Tamil Nadu,P004,Microwave,Appliances,20,1,3,16,14,4,9000.31,Low,10
2026-08-31,B007,Erode,Tamil Nadu,P005,Laptop,Electronics,41,0,1,29,32,7,50195.37,Low,4
2026-08-31,B007,Erode,Tamil Nadu,P006,Smartphone,Electronics,24,2,2,42,46,9,19075.2,Critical,9
2026-08-31,B007,Erode,Tamil Nadu,P007,Printer,Electronics,16,0,1,10,9,3,12752.1,Low,8
2026-08-31,B007,Erode,Tamil Nadu,P008,Air Conditioner,Appliances,25,1,5,17,16,4,44018.85,Low,9
2026-08-31,B007,Erode,Tamil Nadu,P009,Router,Networking,61,4,2,34,33,7,3285.53,Low,10
2026-08-31,B007,Erode,Tamil Nadu,P010,Monitor,Electronics,28,1,1,24,21,7,15152.49,Low,9
2026-08-31,B008,Vellore,Tamil Nadu,P001,LED TV,Electronics,54,0,8,49,59,19,34402.21,High,10
2026-08-31,B008,Vellore,Tamil Nadu,P002,Refrigerator,Appliances,18,1,1,16,14,3,27888.6,Low,10
2026-08-31,B008,Vellore,Tamil Nadu,P003,Washing Machine,Appliances,21,3,6,23,26,5,23801.86,High,7
2026-08-31,B008,Vellore,Tamil Nadu,P004,Microwave,Appliances,18,0,2,12,10,3,9583.16,Low,3
2026-08-31,B008,Vellore,Tamil Nadu,P005,Laptop,Electronics,16,2,1,24,25,7,47174.49,Critical,9
2026-08-31,B008,Vellore,Tamil Nadu,P006,Smartphone,Electronics,82,5,2,65,68,21,17811.11,Medium,10
2026-08-31,B008,Vellore,Tamil Nadu,P007,Printer,Electronics,7,1,1,9,9,3,11205.71,Critical,4
2026-08-31,B008,Vellore,Tamil Nadu,P008,Air Conditioner,Appliances,23,2,1,17,16,4,41402.27,Low,9
2026-08-31,B008,Vellore,Tamil Nadu,P009,Router,Networking,76,4,18,51,53,15,3366.16,Low,9
2026-08-31,B008,Vellore,Tamil Nadu,P010,Monitor,Electronics,21,1,4,23,21,6,17056.99,Medium,4
2026-09-01,B001,Chennai,Tamil Nadu,P001,LED TV,Electronics,98,7,12,51,57,18,30473.18,Low,9
2026-09-01,B001,Chennai,Tamil Nadu,P002,Refrigerator,Appliances,32,4,7,28,27,7,29591.04,Low,7
2026-09-01,B001,Chennai,Tamil Nadu,P003,Washing Machine,Appliances,39,1,4,29,28,7,23069.38,Low,4
2026-09-01,B001,Chennai,Tamil Nadu,P004,Microwave,Appliances,20,2,0,23,24,6,9251.72,Critical,5
2026-09-01,B001,Chennai,Tamil Nadu,P005,Laptop,Electronics,22,3,4,33,29,8,50738.76,Critical,8
2026-09-01,B001,Chennai,Tamil Nadu,P006,Smartphone,Electronics,30,8,21,64,61,14,18911.58,Critical,7
2026-09-01,B001,Chennai,Tamil Nadu,P007,Printer,Electronics,34,0,5,20,19,4,11854.56,Low,5
2026-09-01,B001,Chennai,Tamil Nadu,P008,Air Conditioner,Appliances,18,1,6,24,23,5,39295.02,High,6
2026-09-01,B001,Chennai,Tamil Nadu,P009,Router,Networking,58,6,7,64,61,13,3395.49,High,3
2026-09-01,B001,Chennai,Tamil Nadu,P010,Monitor,Electronics,24,3,9,32,32,6,16822.67,High,3
2026-09-01,B002,Coimbatore,Tamil Nadu,P001,LED TV,Electronics,58,8,19,52,58,15,32774.51,Medium,4
2026-09-01,B002,Coimbatore,Tamil Nadu,P002,Refrigerator,Appliances,9,0,1,17,18,4,27497.65,Critical,6
2026-09-01,B002,Coimbatore,Tamil Nadu,P003,Washing Machine,Appliances,9,2,4,19,19,4,23469.93,Critical,4
2026-09-01,B002,Coimbatore,Tamil Nadu,P004,Microwave,Appliances,18,0,2,17,21,5,8462.84,High,10
2026-09-01,B002,Coimbatore,Tamil Nadu,P005,Laptop,Electronics,16,3,8,29,25,6,44809.79,High,9
2026-09-01,B002,Coimbatore,Tamil Nadu,P006,Smartphone,Electronics,150,4,26,80,81,19,18280.38,Low,5
2026-09-01,B002,Coimbatore,Tamil Nadu,P007,Printer,Electronics,20,1,2,14,13,3,12299.26,Low,5
2026-09-01,B002,Coimbatore,Tamil Nadu,P008,Air Conditioner,Appliances,9,0,2,14,13,3,40013.59,High,5
2026-09-01,B002,Coimbatore,Tamil Nadu,P009,Router,Networking,30,3,12,46,47,13,3352.69,High,6
2026-09-01,B002,Coimbatore,Tamil Nadu,P010,Monitor,Electronics,39,1,5,27,28,8,16996.8,Low,5
2026-09-01,B003,Madurai,Tamil Nadu,P001,LED TV,Electronics,16,0,9,34,35,10,29821.11,Critical,7
2026-09-01,B003,Madurai,Tamil Nadu,P002,Refrigerator,Appliances,14,1,1,13,15,4,26286.86,High,9
2026-09-01,B003,Madurai,Tamil Nadu,P003,Washing Machine,Appliances,13,0,0,18,15,4,22773.78,High,9
2026-09-01,B003,Madurai,Tamil Nadu,P004,Microwave,Appliances,18,2,3,15,16,4,8430.18,Medium,5
2026-09-01,B003,Madurai,Tamil Nadu,P005,Laptop,Electronics,23,0,6,26,24,6,45016.78,Medium,6
2026-09-01,B003,Madurai,Tamil Nadu,P006,Smartphone,Electronics,33,5,18,57,54,17,19346.1,Critical,9
2026-09-01,B003,Madurai,Tamil Nadu,P007,Printer,Electronics,5,0,1,11,9,3,11856.41,Critical,5
2026-09-01,B003,Madurai,Tamil Nadu,P008,Air Conditioner,Appliances,24,0,2,16,15,3,41224.74,Low,10
2026-09-01,B003,Madurai,Tamil Nadu,P009,Router,Networking,40,4,1,51,46,14,3763.16,Critical,4
2026-09-01,B003,Madurai,Tamil Nadu,P010,Monitor,Electronics,17,0,4,18,18,3,17073.76,Low,10
2026-09-01,B004,Salem,Tamil Nadu,P001,LED TV,Electronics,61,2,6,43,45,15,34405.05,Low,8
2026-09-01,B004,Salem,Tamil Nadu,P002,Refrigerator,Appliances,20,2,3,14,15,3,26313.2,Low,3
2026-09-01,B004,Salem,Tamil Nadu,P003,Washing Machine,Appliances,16,1,1,15,12,3,23513.43,Low,5
2026-09-01,B004,Salem,Tamil Nadu,P004,Microwave,Appliances,11,0,0,17,16,4,9043.45,Critical,9
2026-09-01,B004,Salem,Tamil Nadu,P005,Laptop,Electronics,37,1,4,20,22,4,49782.0,Low,6
2026-09-01,B004,Salem,Tamil Nadu,P006,Smartphone,Electronics,86,7,16,51,50,16,16638.86,Low,3
2026-09-01,B004,Salem,Tamil Nadu,P007,Printer,Electronics,12,0,2,10,9,3,12812.22,Low,9
2026-09-01,B004,Salem,Tamil Nadu,P008,Air Conditioner,Appliances,12,0,1,14,14,3,44830.97,High,3
2026-09-01,B004,Salem,Tamil Nadu,P009,Router,Networking,34,2,13,44,44,15,3631.51,High,7
2026-09-01,B004,Salem,Tamil Nadu,P010,Monitor,Electronics,38,3,3,22,21,7,14941.39,Low,4
2026-09-01,B005,Trichy,Tamil Nadu,P001,LED TV,Electronics,56,1,0,41,42,14,30581.38,Medium,4
2026-09-01,B005,Trichy,Tamil Nadu,P002,Refrigerator,Appliances,13,1,2,11,10,3,26545.24,Low,3
2026-09-01,B005,Trichy,Tamil Nadu,P003,Washing Machine,Appliances,31,2,4,18,19,4,23041.77,Low,3
2026-09-01,B005,Trichy,Tamil Nadu,P004,Microwave,Appliances,9,0,4,14,13,3,8478.34,High,6
2026-09-01,B005,Trichy,Tamil Nadu,P005,Laptop,Electronics,18,1,4,25,23,5,44287.31,High,5
2026-09-01,B005,Trichy,Tamil Nadu,P006,Smartphone,Electronics,65,3,5,44,41,13,18885.8,Low,4
2026-09-01,B005,Trichy,Tamil Nadu,P007,Printer,Electronics,24,1,0,14,13,4,11659.29,Low,5
2026-09-01,B005,Trichy,Tamil Nadu,P008,Air Conditioner,Appliances,10,1,1,18,18,5,45310.47,Critical,4
2026-09-01,B005,Trichy,Tamil Nadu,P009,Router,Networking,45,5,9,43,43,14,3757.07,Medium,9
2026-09-01,B005,Trichy,Tamil Nadu,P010,Monitor,Electronics,35,0,0,26,30,10,14767.04,Medium,3
2026-09-01,B006,Tiruppur,Tamil Nadu,P001,LED TV,Electronics,49,0,7,42,46,15,30144.56,Medium,3
2026-09-01,B006,Tiruppur,Tamil Nadu,P002,Refrigerator,Appliances,16,0,0,13,12,4,27779.37,Low,8
2026-09-01,B006,Tiruppur,Tamil Nadu,P003,Washing Machine,Appliances,28,1,0,17,17,5,22419.61,Low,6
2026-09-01,B006,Tiruppur,Tamil Nadu,P004,Microwave,Appliances,15,0,4,13,14,4,9048.97,Low,8
2026-09-01,B006,Tiruppur,Tamil Nadu,P005,Laptop,Electronics,29,0,1,19,18,5,49386.01,Low,6
2026-09-01,B006,Tiruppur,Tamil Nadu,P006,Smartphone,Electronics,71,9,10,67,70,15,16926.09,Medium,10
2026-09-01,B006,Tiruppur,Tamil Nadu,P007,Printer,Electronics,15,1,2,12,11,3,12723.0,Low,10
2026-09-01,B006,Tiruppur,Tamil Nadu,P008,Air Conditioner,Appliances,18,0,1,13,12,3,41276.18,Low,5
2026-09-01,B006,Tiruppur,Tamil Nadu,P009,Router,Networking,54,5,11,43,42,11,3465.43,Low,8
2026-09-01,B006,Tiruppur,Tamil Nadu,P010,Monitor,Electronics,26,0,5,30,26,5,16335.95,Low,7
2026-09-01,B007,Erode,Tamil Nadu,P001,LED TV,Electronics,50,1,11,38,35,10,31753.06,Low,9
2026-09-01,B007,Erode,Tamil Nadu,P002,Refrigerator,Appliances,13,0,2,12,12,3,28448.68,Low,8
2026-09-01,B007,Erode,Tamil Nadu,P003,Washing Machine,Appliances,29,2,2,17,18,5,24210.63,Low,7
2026-09-01,B007,Erode,Tamil Nadu,P004,Microwave,Appliances,14,0,0,9,8,3,9132.42,Low,8
2026-09-01,B007,Erode,Tamil Nadu,P005,Laptop,Electronics,20,2,4,19,19,6,46386.76,Medium,5
2026-09-01,B007,Erode,Tamil Nadu,P006,Smartphone,Electronics,77,0,5,44,47,10,17653.8,Low,4
2026-09-01,B007,Erode,Tamil Nadu,P007,Printer,Electronics,25,1,4,13,14,3,11405.86,Low,7
2026-09-01,B007,Erode,Tamil Nadu,P008,Air Conditioner,Appliances,15,0,2,11,9,3,39107.39,Low,3
2026-09-01,B007,Erode,Tamil Nadu,P009,Router,Networking,42,2,12,56,57,13,3301.8,High,10
2026-09-01,B007,Erode,Tamil Nadu,P010,Monitor,Electronics,33,1,8,29,32,10,14792.41,Medium,9
2026-09-01,B008,Vellore,Tamil Nadu,P001,LED TV,Electronics,24,3,9,32,31,6,33852.01,High,8
2026-09-01,B008,Vellore,Tamil Nadu,P002,Refrigerator,Appliances,4,1,0,9,9,3,28848.45,Critical,5
2026-09-01,B008,Vellore,Tamil Nadu,P003,Washing Machine,Appliances,41,2,2,20,22,6,24437.46,Low,6
2026-09-01,B008,Vellore,Tamil Nadu,P004,Microwave,Appliances,14,0,3,15,16,5,9616.59,High,4
2026-09-01,B008,Vellore,Tamil Nadu,P005,Laptop,Electronics,48,1,1,33,33,8,44982.69,Low,9
2026-09-01,B008,Vellore,Tamil Nadu,P006,Smartphone,Electronics,60,1,13,59,58,13,17246.36,Low,5
2026-09-01,B008,Vellore,Tamil Nadu,P007,Printer,Electronics,9,2,3,16,15,3,11931.13,Critical,8
2026-09-01,B008,Vellore,Tamil Nadu,P008,Air Conditioner,Appliances,21,0,1,12,12,3,43913.83,Low,6
2026-09-01,B008,Vellore,Tamil Nadu,P009,Router,Networking,13,0,5,24,22,7,3435.6,Critical,6
2026-09-01,B008,Vellore,Tamil Nadu,P010,Monitor,Electronics,12,1,3,21,22,5,17031.03,Critical,8
2026-09-02,B001,Chennai,Tamil Nadu,P001,LED TV,Electronics,104,8,19,70,61,18,33590.84,Low,5
2026-09-02,B001,Chennai,Tamil Nadu,P002,Refrigerator,Appliances,26,1,2,28,23,6,26517.04,Medium,4
2026-09-02,B001,Chennai,Tamil Nadu,P003,Washing Machine,Appliances,49,3,0,23,28,9,23623.79,Low,10
2026-09-02,B001,Chennai,Tamil Nadu,P004,Microwave,Appliances,35,2,0,23,26,6,8449.47,Low,10
2026-09-02,B001,Chennai,Tamil Nadu,P005,Laptop,Electronics,42,2,6,35,40,13,50411.32,Medium,3
2026-09-02,B001,Chennai,Tamil Nadu,P006,Smartphone,Electronics,60,7,3,67,65,16,18079.1,High,3
2026-09-02,B001,Chennai,Tamil Nadu,P007,Printer,Electronics,19,0,3,13,11,3,12445.33,Low,10
2026-09-02,B001,Chennai,Tamil Nadu,P008,Air Conditioner,Appliances,21,1,5,23,24,8,43980.69,High,8
2026-09-02,B001,Chennai,Tamil Nadu,P009,Router,Networking,37,1,6,54,52,13,3559.92,High,3
2026-09-02,B001,Chennai,Tamil Nadu,P010,Monitor,Electronics,61,0,3,30,36,8,15000.85,Low,7
2026-09-02,B002,Coimbatore,Tamil Nadu,P001,LED TV,Electronics,44,7,17,46,51,10,30743.92,Medium,7
2026-09-02,B002,Coimbatore,Tamil Nadu,P002,Refrigerator,Appliances,26,1,1,22,21,5,26219.33,Low,4
2026-09-02,B002,Coimbatore,Tamil Nadu,P003,Washing Machine,Appliances,38,1,4,20,23,5,23781.34,Low,5
2026-09-02,B002,Coimbatore,Tamil Nadu,P004,Microwave,Appliances,16,0,0,15,13,3,9364.62,Low,8
2026-09-02,B002,Coimbatore,Tamil Nadu,P005,Laptop,Electronics,20,1,6,31,30,10,47619.19,Critical,3
2026-09-02,B002,Coimbatore,Tamil Nadu,P006,Smartphone,Electronics,114,0,9,78,81,25,18208.62,Low,4
2026-09-02,B002,Coimbatore,Tamil Nadu,P007,Printer,Electronics,8,0,1,17,15,4,11392.08,Critical,10
2026-09-02,B002,Coimbatore,Tamil Nadu,P008,Air Conditioner,Appliances,26,2,6,21,20,6,41561.73,Low,3
2026-09-02,B002,Coimbatore,Tamil Nadu,P009,Router,Networking,24,0,5,38,37,7,3346.05,High,8
2026-09-02,B002,Coimbatore,Tamil Nadu,P010,Monitor,Electronics,12,2,2,25,19,5,14801.14,Critical,9
2026-09-02,B003,Madurai,Tamil Nadu,P001,LED TV,Electronics,64,0,12,37,37,9,33826.16,Low,9
2026-09-02,B003,Madurai,Tamil Nadu,P002,Refrigerator,Appliances,9,0,4,16,16,5,27821.67,Critical,10
2026-09-02,B003,Madurai,Tamil Nadu,P003,Washing Machine,Appliances,14,2,3,17,17,4,24562.46,High,5
2026-09-02,B003,Madurai,Tamil Nadu,P004,Microwave,Appliances,25,2,2,13,15,4,8722.3,Low,4
2026-09-02,B003,Madurai,Tamil Nadu,P005,Laptop,Electronics,56,3,4,33,32,7,48357.11,Low,8
2026-09-02,B003,Madurai,Tamil Nadu,P006,Smartphone,Electronics,80,0,8,53,60,15,18895.6,Low,8
2026-09-02,B003,Madurai,Tamil Nadu,P007,Printer,Electronics,30,2,3,15,17,4,12809.88,Low,4
2026-09-02,B003,Madurai,Tamil Nadu,P008,Air Conditioner,Appliances,14,2,2,19,17,5,38898.94,Critical,9
2026-09-02,B003,Madurai,Tamil Nadu,P009,Router,Networking,60,0,8,34,32,9,3291.68,Low,9
2026-09-02,B003,Madurai,Tamil Nadu,P010,Monitor,Electronics,20,1,7,25,25,8,16661.97,High,3
2026-09-02,B004,Salem,Tamil Nadu,P001,LED TV,Electronics,23,3,2,26,27,9,31042.78,Critical,7
2026-09-02,B004,Salem,Tamil Nadu,P002,Refrigerator,Appliances,11,1,0,16,15,3,26668.3,Critical,8
2026-09-02,B004,Salem,Tamil Nadu,P003,Washing Machine,Appliances,21,2,0,18,17,5,25233.22,Medium,10
2026-09-02,B004,Salem,Tamil Nadu,P004,Microwave,Appliances,23,1,0,15,13,4,8357.54,Low,5
2026-09-02,B004,Salem,Tamil Nadu,P005,Laptop,Electronics,16,0,0,20,22,5,45440.16,Critical,8
2026-09-02,B004,Salem,Tamil Nadu,P006,Smartphone,Electronics,65,0,4,50,57,14,17282.03,Medium,6
2026-09-02,B004,Salem,Tamil Nadu,P007,Printer,Electronics,10,1,3,12,11,3,12936.75,Medium,4
2026-09-02,B004,Salem,Tamil Nadu,P008,Air Conditioner,Appliances,8,1,4,14,15,4,43299.66,Critical,3
2026-09-02,B004,Salem,Tamil Nadu,P009,Router,Networking,84,3,8,60,60,19,3248.25,Low,9
2026-09-02,B004,Salem,Tamil Nadu,P010,Monitor,Electronics,14,2,0,26,24,5,17122.95,Critical,7
2026-09-02,B005,Trichy,Tamil Nadu,P001,LED TV,Electronics,60,4,2,52,49,12,31549.34,Medium,5
2026-09-02,B005,Trichy,Tamil Nadu,P002,Refrigerator,Appliances,15,1,2,10,11,3,30026.5,Low,3
2026-09-02,B005,Trichy,Tamil Nadu,P003,Washing Machine,Appliances,21,0,2,20,22,5,22192.68,Medium,10
2026-09-02,B005,Trichy,Tamil Nadu,P004,Microwave,Appliances,6,0,2,9,8,3,9407.03,High,10
2026-09-02,B005,Trichy,Tamil Nadu,P005,Laptop,Electronics,21,0,5,20,19,4,47774.78,Low,6
2026-09-02,B005,Trichy,Tamil Nadu,P006,Smartphone,Electronics,50,0,8,54,54,11,17581.83,Medium,8
2026-09-02,B005,Trichy,Tamil Nadu,P007,Printer,Electronics,10,0,4,10,12,3,11666.3,Medium,10
2026-09-02,B005,Trichy,Tamil Nadu,P008,Air Conditioner,Appliances,20,0,3,17,15,5,44988.73,Low,8
2026-09-02,B005,Trichy,Tamil Nadu,P009,Router,Networking,28,4,8,38,40,9,3642.97,High,8
2026-09-02,B005,Trichy,Tamil Nadu,P010,Monitor,Electronics,11,0,0,16,15,5,15424.83,Critical,7
2026-09-02,B006,Tiruppur,Tamil Nadu,P001,LED TV,Electronics,19,2,4,44,42,12,30555.69,Critical,5
2026-09-02,B006,Tiruppur,Tamil Nadu,P002,Refrigerator,Appliances,11,1,4,16,17,5,26716.7,Critical,10
2026-09-02,B006,Tiruppur,Tamil Nadu,P003,Washing Machine,Appliances,24,2,0,16,17,3,25870.83,Low,5
2026-09-02,B006,Tiruppur,Tamil Nadu,P004,Microwave,Appliances,33,2,6,18,18,5,8965.01,Low,6
2026-09-02,B006,Tiruppur,Tamil Nadu,P005,Laptop,Electronics,46,3,7,28,25,7,47503.21,Low,6
2026-09-02,B006,Tiruppur,Tamil Nadu,P006,Smartphone,Electronics,24,1,4,24,22,7,17642.3,Medium,8
2026-09-02,B006,Tiruppur,Tamil Nadu,P007,Printer,Electronics,7,1,2,12,11,3,11316.63,Critical,4
2026-09-02,B006,Tiruppur,Tamil Nadu,P008,Air Conditioner,Appliances,22,0,1,12,13,3,39779.16,Low,9
2026-09-02,B006,Tiruppur,Tamil Nadu,P009,Router,Networking,50,2,6,31,29,7,3766.71,Low,6
2026-09-02,B006,Tiruppur,Tamil Nadu,P010,Monitor,Electronics,45,1,0,26,25,5,17134.24,Low,3
2026-09-02,B007,Erode,Tamil Nadu,P001,LED TV,Electronics,19,2,7,38,35,11,32902.54,Critical,5
2026-09-02,B007,Erode,Tamil Nadu,P002,Refrigerator,Appliances,20,0,3,15,16,4,30023.31,Low,6
2026-09-02,B007,Erode,Tamil Nadu,P003,Washing Machine,Appliances,30,0,2,19,17,4,22820.2,Low,9
2026-09-02,B007,Erode,Tamil Nadu,P004,Microwave,Appliances,3,0,1,8,7,3,9100.98,Critical,7
2026-09-02,B007,Erode,Tamil Nadu,P005,Laptop,Electronics,22,0,2,16,14,3,46192.32,Low,5
2026-09-02,B007,Erode,Tamil Nadu,P006,Smartphone,Electronics,68,3,2,39,37,8,17965.56,Low,3
2026-09-02,B007,Erode,Tamil Nadu,P007,Printer,Electronics,16,1,0,9,9,3,12531.67,Low,10
2026-09-02,B007,Erode,Tamil Nadu,P008,Air Conditioner,Appliances,27,0,1,14,15,4,44764.82,Low,4
2026-09-02,B007,Erode,Tamil Nadu,P009,Router,Networking,21,4,2,37,37,9,3518.31,Critical,7
2026-09-02,B007,Erode,Tamil Nadu,P010,Monitor,Electronics,24,1,0,20,20,6,15182.36,Medium,3
2026-09-02,B008,Vellore,Tamil Nadu,P001,LED TV,Electronics,56,2,1,39,39,8,34227.36,Low,5
2026-09-02,B008,Vellore,Tamil Nadu,P002,Refrigerator,Appliances,17,0,5,17,17,3,27046.32,Low,4
2026-09-02,B008,Vellore,Tamil Nadu,P003,Washing Machine,Appliances,28,0,3,17,18,5,25860.59,Low,7
2026-09-02,B008,Vellore,Tamil Nadu,P004,Microwave,Appliances,12,0,3,13,14,3,9117.46,Medium,10
2026-09-02,B008,Vellore,Tamil Nadu,P005,Laptop,Electronics,14,2,5,17,15,4,46593.17,Medium,3
2026-09-02,B008,Vellore,Tamil Nadu,P006,Smartphone,Electronics,94,5,16,51,50,13,17364.53,Low,5
2026-09-02,B008,Vellore,Tamil Nadu,P007,Printer,Electronics,6,0,2,11,11,3,12175.48,Critical,8
2026-09-02,B008,Vellore,Tamil Nadu,P008,Air Conditioner,Appliances,26,1,4,16,15,3,41232.67,Low,6
2026-09-02,B008,Vellore,Tamil Nadu,P009,Router,Networking,80,5,5,58,47,13,3311.2,Low,10
2026-09-02,B008,Vellore,Tamil Nadu,P010,Monitor,Electronics,24,0,1,22,26,7,16761.04,High,8
2026-09-03,B001,Chennai,Tamil Nadu,P001,LED TV,Electronics,76,1,13,72,65,16,31528.02,Low,5
2026-09-03,B001,Chennai,Tamil Nadu,P002,Refrigerator,Appliances,37,0,3,26,27,5,25816.8,Low,7
2026-09-03,B001,Chennai,Tamil Nadu,P003,Washing Machine,Appliances,47,1,4,24,25,8,23780.01,Low,8
2026-09-03,B001,Chennai,Tamil Nadu,P004,Microwave,Appliances,8,1,3,15,13,3,8869.27,Critical,8
2026-09-03,B001,Chennai,Tamil Nadu,P005,Laptop,Electronics,52,2,8,32,30,8,48773.25,Low,6
2026-09-03,B001,Chennai,Tamil Nadu,P006,Smartphone,Electronics,126,5,3,67,71,16,19166.63,Low,3
2026-09-03,B001,Chennai,Tamil Nadu,P007,Printer,Electronics,18,2,3,19,18,4,11226.39,Medium,5
2026-09-03,B001,Chennai,Tamil Nadu,P008,Air Conditioner,Appliances,19,3,2,24,24,5,41844.71,Critical,6
2026-09-03,B001,Chennai,Tamil Nadu,P009,Router,Networking,96,1,6,69,68,19,3505.85,Low,4
2026-09-03,B001,Chennai,Tamil Nadu,P010,Monitor,Electronics,32,4,7,36,39,9,16620.59,High,7
2026-09-03,B002,Coimbatore,Tamil Nadu,P001,LED TV,Electronics,39,2,6,45,41,14,29853.19,High,10
2026-09-03,B002,Coimbatore,Tamil Nadu,P002,Refrigerator,Appliances,12,0,2,24,20,5,26478.4,Critical,10
2026-09-03,B002,Coimbatore,Tamil Nadu,P003,Washing Machine,Appliances,24,3,2,25,26,7,25722.86,High,3
2026-09-03,B002,Coimbatore,Tamil Nadu,P004,Microwave,Appliances,9,1,3,14,13,3,8470.31,High,3
2026-09-03,B002,Coimbatore,Tamil Nadu,P005,Laptop,Electronics,33,2,5,25,28,9,49061.14,Medium,3
2026-09-03,B002,Coimbatore,Tamil Nadu,P006,Smartphone,Electronics,71,2,2,48,41,9,18001.6,Low,5
2026-09-03,B002,Coimbatore,Tamil Nadu,P007,Printer,Electronics,21,1,4,16,14,4,12522.31,Low,7
2026-09-03,B002,Coimbatore,Tamil Nadu,P008,Air Conditioner,Appliances,20,0,0,12,13,3,44831.95,Low,4
2026-09-03,B002,Coimbatore,Tamil Nadu,P009,Router,Networking,76,3,12,52,54,17,3688.57,Low,8
2026-09-03,B002,Coimbatore,Tamil Nadu,P010,Monitor,Electronics,33,1,6,28,28,8,16263.2,Low,9
2026-09-03,B003,Madurai,Tamil Nadu,P001,LED TV,Electronics,52,3,6,35,31,10,33876.31,Low,4
2026-09-03,B003,Madurai,Tamil Nadu,P002,Refrigerator,Appliances,25,1,5,18,17,5,29307.25,Low,5
2026-09-03,B003,Madurai,Tamil Nadu,P003,Washing Machine,Appliances,18,1,6,20,20,6,25097.99,Medium,6
2026-09-03,B003,Madurai,Tamil Nadu,P004,Microwave,Appliances,22,1,1,14,12,3,9423.82,Low,9
2026-09-03,B003,Madurai,Tamil Nadu,P005,Laptop,Electronics,38,0,0,27,30,8,47055.5,Low,3
2026-09-03,B003,Madurai,Tamil Nadu,P006,Smartphone,Electronics,125,6,8,66,67,18,18758.49,Low,4
2026-09-03,B003,Madurai,Tamil Nadu,P007,Printer,Electronics,20,0,3,16,16,5,12187.47,Low,10
2026-09-03,B003,Madurai,Tamil Nadu,P008,Air Conditioner,Appliances,23,0,2,17,19,4,44042.78,Low,3
2026-09-03,B003,Madurai,Tamil Nadu,P009,Router,Networking,62,2,4,40,43,14,3351.73,Low,6
2026-09-03,B003,Madurai,Tamil Nadu,P010,Monitor,Electronics,24,2,1,20,19,6,16117.34,Medium,6
2026-09-03,B004,Salem,Tamil Nadu,P001,LED TV,Electronics,34,1,2,32,35,12,32811.6,High,6
2026-09-03,B004,Salem,Tamil Nadu,P002,Refrigerator,Appliances,30,1,1,19,18,3,26646.0,Low,3
2026-09-03,B004,Salem,Tamil Nadu,P003,Washing Machine,Appliances,17,0,3,21,20,5,23240.8,High,10
2026-09-03,B004,Salem,Tamil Nadu,P004,Microwave,Appliances,24,1,1,13,13,3,8897.03,Low,7
2026-09-03,B004,Salem,Tamil Nadu,P005,Laptop,Electronics,16,2,0,31,29,6,50317.6,Critical,8
2026-09-03,B004,Salem,Tamil Nadu,P006,Smartphone,Electronics,23,1,10,39,44,13,17090.04,Critical,6
2026-09-03,B004,Salem,Tamil Nadu,P007,Printer,Electronics,24,0,3,14,13,3,11897.17,Low,5
2026-09-03,B004,Salem,Tamil Nadu,P008,Air Conditioner,Appliances,20,0,3,17,17,5,40885.11,Low,4
2026-09-03,B004,Salem,Tamil Nadu,P009,Router,Networking,25,5,1,41,39,9,3597.43,Critical,3
2026-09-03,B004,Salem,Tamil Nadu,P010,Monitor,Electronics,36,1,0,25,23,4,16129.22,Low,3
2026-09-03,B005,Trichy,Tamil Nadu,P001,LED TV,Electronics,35,3,1,35,32,6,30851.09,Medium,5
2026-09-03,B005,Trichy,Tamil Nadu,P002,Refrigerator,Appliances,24,0,3,14,13,3,29571.74,Low,10
2026-09-03,B005,Trichy,Tamil Nadu,P003,Washing Machine,Appliances,32,2,4,18,19,4,23153.71,Low,6
2026-09-03,B005,Trichy,Tamil Nadu,P004,Microwave,Appliances,12,1,3,16,15,3,9708.51,High,10
2026-09-03,B005,Trichy,Tamil Nadu,P005,Laptop,Electronics,29,3,2,26,25,7,50949.71,Medium,5
2026-09-03,B005,Trichy,Tamil Nadu,P006,Smartphone,Electronics,21,3,10,30,31,9,17340.95,High,9
2026-09-03,B005,Trichy,Tamil Nadu,P007,Printer,Electronics,7,0,2,11,11,3,12402.56,Critical,8
2026-09-03,B005,Trichy,Tamil Nadu,P008,Air Conditioner,Appliances,16,0,2,14,14,4,43403.19,Low,5
2026-09-03,B005,Trichy,Tamil Nadu,P009,Router,Networking,48,4,3,47,42,11,3377.25,Medium,8
2026-09-03,B005,Trichy,Tamil Nadu,P010,Monitor,Electronics,45,4,10,31,31,8,15317.16,Low,7
2026-09-03,B006,Tiruppur,Tamil Nadu,P001,LED TV,Electronics,58,3,3,37,33,9,30044.84,Low,7
2026-09-03,B006,Tiruppur,Tamil Nadu,P002,Refrigerator,Appliances,22,2,4,18,19,6,26439.74,Medium,10
2026-09-03,B006,Tiruppur,Tamil Nadu,P003,Washing Machine,Appliances,14,1,2,13,12,3,23224.48,Low,8
2026-09-03,B006,Tiruppur,Tamil Nadu,P004,Microwave,Appliances,20,0,1,12,12,3,9552.22,Low,9
2026-09-03,B006,Tiruppur,Tamil Nadu,P005,Laptop,Electronics,21,0,0,17,15,4,48401.43,Low,10
2026-09-03,B006,Tiruppur,Tamil Nadu,P006,Smartphone,Electronics,67,1,4,45,43,11,16601.11,Low,3
2026-09-03,B006,Tiruppur,Tamil Nadu,P007,Printer,Electronics,26,1,3,15,16,5,11322.76,Low,8
2026-09-03,B006,Tiruppur,Tamil Nadu,P008,Air Conditioner,Appliances,19,1,1,12,13,3,42602.47,Low,8
2026-09-03,B006,Tiruppur,Tamil Nadu,P009,Router,Networking,40,1,9,44,44,13,3588.24,High,7
2026-09-03,B006,Tiruppur,Tamil Nadu,P010,Monitor,Electronics,18,2,6,23,24,5,15177.98,High,9
2026-09-03,B007,Erode,Tamil Nadu,P001,LED TV,Electronics,41,0,15,41,44,14,31951.2,Medium,6
2026-09-03,B007,Erode,Tamil Nadu,P002,Refrigerator,Appliances,26,0,3,25,21,4,27693.72,Low,3
2026-09-03,B007,Erode,Tamil Nadu,P003,Washing Machine,Appliances,19,1,2,14,13,3,23655.0,Low,9
2026-09-03,B007,Erode,Tamil Nadu,P004,Microwave,Appliances,13,0,1,11,12,3,8915.77,Medium,10
2026-09-03,B007,Erode,Tamil Nadu,P005,Laptop,Electronics,43,1,1,23,27,6,45441.64,Low,5
2026-09-03,B007,Erode,Tamil Nadu,P006,Smartphone,Electronics,22,2,2,27,27,9,19357.22,Critical,6
2026-09-03,B007,Erode,Tamil Nadu,P007,Printer,Electronics,8,1,2,11,10,3,11882.76,High,7
2026-09-03,B007,Erode,Tamil Nadu,P008,Air Conditioner,Appliances,14,0,0,14,14,3,43960.69,High,3
2026-09-03,B007,Erode,Tamil Nadu,P009,Router,Networking,68,2,9,46,42,9,3499.48,Low,7
2026-09-03,B007,Erode,Tamil Nadu,P010,Monitor,Electronics,26,2,3,18,18,5,15318.67,Low,8
2026-09-03,B008,Vellore,Tamil Nadu,P001,LED TV,Electronics,20,0,1,29,27,9,33176.93,Critical,8
2026-09-03,B008,Vellore,Tamil Nadu,P002,Refrigerator,Appliances,26,0,4,21,22,4,27740.68,Low,9
2026-09-03,B008,Vellore,Tamil Nadu,P003,Washing Machine,Appliances,16,0,6,21,20,4,24882.52,Medium,7
2026-09-03,B008,Vellore,Tamil Nadu,P004,Microwave,Appliances,25,1,0,16,15,4,8835.15,Low,3
2026-09-03,B008,Vellore,Tamil Nadu,P005,Laptop,Electronics,14,2,1,19,19,5,47363.36,Critical,3
2026-09-03,B008,Vellore,Tamil Nadu,P006,Smartphone,Electronics,35,0,12,42,39,7,16774.08,Low,3
2026-09-03,B008,Vellore,Tamil Nadu,P007,Printer,Electronics,5,0,1,11,11,3,12017.57,Critical,5
2026-09-03,B008,Vellore,Tamil Nadu,P008,Air Conditioner,Appliances,17,0,0,15,14,4,38821.1,Medium,9
2026-09-03,B008,Vellore,Tamil Nadu,P009,Router,Networking,64,2,0,37,35,8,3432.9,Low,5
2026-09-03,B008,Vellore,Tamil Nadu,P010,Monitor,Electronics,25,0,0,14,15,4,15242.7,Low,4
2026-09-04,B001,Chennai,Tamil Nadu,P001,LED TV,Electronics,120,4,0,61,66,17,34242.42,Low,4
2026-09-04,B001,Chennai,Tamil Nadu,P002,Refrigerator,Appliances,37,3,8,27,28,6,26878.68,Low,6
2026-09-04,B001,Chennai,Tamil Nadu,P003,Washing Machine,Appliances,40,1,5,30,32,7,24478.69,Low,4
2026-09-04,B001,Chennai,Tamil Nadu,P004,Microwave,Appliances,21,2,3,18,17,5,9273.86,Low,7
2026-09-04,B001,Chennai,Tamil Nadu,P005,Laptop,Electronics,31,2,14,48,50,10,47786.75,High,5
2026-09-04,B001,Chennai,Tamil Nadu,P006,Smartphone,Electronics,121,11,1,78,80,23,18792.12,Low,10
2026-09-04,B001,Chennai,Tamil Nadu,P007,Printer,Electronics,8,1,5,16,15,3,11956.64,High,10
2026-09-04,B001,Chennai,Tamil Nadu,P008,Air Conditioner,Appliances,15,2,4,28,25,5,41124.67,Critical,10
2026-09-04,B001,Chennai,Tamil Nadu,P009,Router,Networking,113,8,16,54,60,19,3638.6,Low,4
2026-09-04,B001,Chennai,Tamil Nadu,P010,Monitor,Electronics,35,1,1,38,39,8,16063.27,High,3
2026-09-04,B002,Coimbatore,Tamil Nadu,P001,LED TV,Electronics,105,0,2,57,60,20,33669.43,Low,9
2026-09-04,B002,Coimbatore,Tamil Nadu,P002,Refrigerator,Appliances,11,0,0,14,13,3,28938.79,High,3
2026-09-04,B002,Coimbatore,Tamil Nadu,P003,Washing Machine,Appliances,13,1,3,22,24,7,25371.7,Critical,6
2026-09-04,B002,Coimbatore,Tamil Nadu,P004,Microwave,Appliances,17,0,3,18,18,5,9097.44,Medium,6
2026-09-04,B002,Coimbatore,Tamil Nadu,P005,Laptop,Electronics,21,5,11,34,42,10,49021.67,Critical,6
2026-09-04,B002,Coimbatore,Tamil Nadu,P006,Smartphone,Electronics,132,11,27,76,81,21,19384.87,Low,7
2026-09-04,B002,Coimbatore,Tamil Nadu,P007,Printer,Electronics,22,2,2,19,21,4,11965.95,Medium,3
2026-09-04,B002,Coimbatore,Tamil Nadu,P008,Air Conditioner,Appliances,28,1,3,16,15,4,39734.4,Low,5
2026-09-04,B002,Coimbatore,Tamil Nadu,P009,Router,Networking,87,2,3,49,53,16,3301.37,Low,8
2026-09-04,B002,Coimbatore,Tamil Nadu,P010,Monitor,Electronics,59,0,3,33,34,9,16779.4,Low,5
2026-09-04,B003,Madurai,Tamil Nadu,P001,LED TV,Electronics,55,0,13,46,52,15,33640.2,Low,7
2026-09-04,B003,Madurai,Tamil Nadu,P002,Refrigerator,Appliances,9,0,1,21,19,4,26128.87,Critical,8
2026-09-04,B003,Madurai,Tamil Nadu,P003,Washing Machine,Appliances,30,2,6,29,30,8,24326.28,Medium,10
2026-09-04,B003,Madurai,Tamil Nadu,P004,Microwave,Appliances,22,1,5,16,17,5,9172.81,Low,7
2026-09-04,B003,Madurai,Tamil Nadu,P005,Laptop,Electronics,61,3,6,37,35,11,48754.06,Low,9
2026-09-04,B003,Madurai,Tamil Nadu,P006,Smartphone,Electronics,81,4,20,68,74,21,18077.29,Low,10
2026-09-04,B003,Madurai,Tamil Nadu,P007,Printer,Electronics,15,1,1,15,15,3,12635.57,Medium,7
2026-09-04,B003,Madurai,Tamil Nadu,P008,Air Conditioner,Appliances,15,1,8,23,25,5,39014.61,High,5
2026-09-04,B003,Madurai,Tamil Nadu,P009,Router,Networking,115,7,11,60,67,16,3557.84,Low,3
2026-09-04,B003,Madurai,Tamil Nadu,P010,Monitor,Electronics,30,1,1,25,24,8,17152.51,Medium,8
2026-09-04,B004,Salem,Tamil Nadu,P001,LED TV,Electronics,46,5,4,40,41,10,31030.16,Medium,7
2026-09-04,B004,Salem,Tamil Nadu,P002,Refrigerator,Appliances,11,0,1,16,17,4,25868.86,Critical,7
2026-09-04,B004,Salem,Tamil Nadu,P003,Washing Machine,Appliances,34,1,1,29,28,8,23030.34,Medium,6
2026-09-04,B004,Salem,Tamil Nadu,P004,Microwave,Appliances,13,0,2,10,11,3,8573.64,Low,5
2026-09-04,B004,Salem,Tamil Nadu,P005,Laptop,Electronics,37,0,1,29,26,8,51159.93,Low,6
2026-09-04,B004,Salem,Tamil Nadu,P006,Smartphone,Electronics,68,1,7,55,58,12,17482.61,Low,3
2026-09-04,B004,Salem,Tamil Nadu,P007,Printer,Electronics,6,0,1,12,11,3,12871.53,Critical,6
2026-09-04,B004,Salem,Tamil Nadu,P008,Air Conditioner,Appliances,7,1,3,18,15,4,40293.12,Critical,8
2026-09-04,B004,Salem,Tamil Nadu,P009,Router,Networking,67,4,0,44,45,11,3353.18,Low,7
2026-09-04,B004,Salem,Tamil Nadu,P010,Monitor,Electronics,20,3,0,35,30,7,15666.45,Critical,10
2026-09-04,B005,Trichy,Tamil Nadu,P001,LED TV,Electronics,81,2,16,44,48,15,33798.34,Low,9
2026-09-04,B005,Trichy,Tamil Nadu,P002,Refrigerator,Appliances,26,2,1,19,18,4,27232.28,Low,5
2026-09-04,B005,Trichy,Tamil Nadu,P003,Washing Machine,Appliances,10,0,4,20,22,6,24239.3,Critical,7
2026-09-04,B005,Trichy,Tamil Nadu,P004,Microwave,Appliances,11,0,0,17,20,5,9718.12,Critical,4
2026-09-04,B005,Trichy,Tamil Nadu,P005,Laptop,Electronics,15,3,5,26,27,9,44820.01,Critical,7
2026-09-04,B005,Trichy,Tamil Nadu,P006,Smartphone,Electronics,145,2,21,69,78,21,18503.54,Low,4
2026-09-04,B005,Trichy,Tamil Nadu,P007,Printer,Electronics,20,0,2,14,14,3,11136.78,Low,9
2026-09-04,B005,Trichy,Tamil Nadu,P008,Air Conditioner,Appliances,37,2,8,23,25,7,41036.27,Low,7
2026-09-04,B005,Trichy,Tamil Nadu,P009,Router,Networking,26,0,16,49,49,13,3635.62,High,4
2026-09-04,B005,Trichy,Tamil Nadu,P010,Monitor,Electronics,13,2,6,22,21,5,15969.16,High,4
2026-09-04,B006,Tiruppur,Tamil Nadu,P001,LED TV,Electronics,69,3,0,42,45,11,32773.65,Low,7
2026-09-04,B006,Tiruppur,Tamil Nadu,P002,Refrigerator,Appliances,31,2,4,16,17,5,25984.92,Low,6
2026-09-04,B006,Tiruppur,Tamil Nadu,P003,Washing Machine,Appliances,17,0,7,23,24,7,22981.2,High,3
2026-09-04,B006,Tiruppur,Tamil Nadu,P004,Microwave,Appliances,16,0,3,12,11,3,8291.78,Low,3
2026-09-04,B006,Tiruppur,Tamil Nadu,P005,Laptop,Electronics,60,4,11,30,33,6,49776.89,Low,5
2026-09-04,B006,Tiruppur,Tamil Nadu,P006,Smartphone,Electronics,67,0,11,45,51,16,19226.05,Low,6
2026-09-04,B006,Tiruppur,Tamil Nadu,P007,Printer,Electronics,15,0,0,8,8,3,11956.29,Low,10
2026-09-04,B006,Tiruppur,Tamil Nadu,P008,Air Conditioner,Appliances,15,1,5,15,16,3,44574.21,Low,5
2026-09-04,B006,Tiruppur,Tamil Nadu,P009,Router,Networking,71,2,2,40,38,10,3498.36,Low,8
2026-09-04,B006,Tiruppur,Tamil Nadu,P010,Monitor,Electronics,34,2,4,21,22,5,15548.74,Low,3
2026-09-04,B007,Erode,Tamil Nadu,P001,LED TV,Electronics,45,0,4,32,31,10,32399.32,Low,3
2026-09-04,B007,Erode,Tamil Nadu,P002,Refrigerator,Appliances,11,0,0,11,11,3,28762.17,High,4
2026-09-04,B007,Erode,Tamil Nadu,P003,Washing Machine,Appliances,35,2,1,21,23,7,25609.53,Low,3
2026-09-04,B007,Erode,Tamil Nadu,P004,Microwave,Appliances,29,1,3,18,18,4,8675.03,Low,3
2026-09-04,B007,Erode,Tamil Nadu,P005,Laptop,Electronics,30,2,2,21,22,6,50259.72,Low,9
2026-09-04,B007,Erode,Tamil Nadu,P006,Smartphone,Electronics,57,3,10,39,45,11,18009.82,Low,8
2026-09-04,B007,Erode,Tamil Nadu,P007,Printer,Electronics,14,1,2,13,12,3,11241.58,Low,3
2026-09-04,B007,Erode,Tamil Nadu,P008,Air Conditioner,Appliances,16,1,1,11,10,3,45100.1,Low,3
2026-09-04,B007,Erode,Tamil Nadu,P009,Router,Networking,80,3,1,38,43,9,3595.35,Low,8
2026-09-04,B007,Erode,Tamil Nadu,P010,Monitor,Electronics,43,2,3,23,23,4,15515.6,Low,10
2026-09-04,B008,Vellore,Tamil Nadu,P001,LED TV,Electronics,49,1,4,59,54,14,30467.65,High,6
2026-09-04,B008,Vellore,Tamil Nadu,P002,Refrigerator,Appliances,20,0,0,19,20,4,27713.42,Medium,10
2026-09-04,B008,Vellore,Tamil Nadu,P003,Washing Machine,Appliances,63,5,7,34,36,11,24687.52,Low,4
2026-09-04,B008,Vellore,Tamil Nadu,P004,Microwave,Appliances,12,2,1,14,15,5,8696.97,Critical,10
2026-09-04,B008,Vellore,Tamil Nadu,P005,Laptop,Electronics,10,2,4,20,18,4,48947.57,Critical,3
2026-09-04,B008,Vellore,Tamil Nadu,P006,Smartphone,Electronics,46,5,5,73,66,21,18027.85,Critical,7
2026-09-04,B008,Vellore,Tamil Nadu,P007,Printer,Electronics,5,1,0,12,12,3,12464.85,Critical,6
2026-09-04,B008,Vellore,Tamil Nadu,P008,Air Conditioner,Appliances,35,0,2,23,22,5,42596.4,Low,8
2026-09-04,B008,Vellore,Tamil Nadu,P009,Router,Networking,45,5,13,43,44,9,3533.6,Low,5
2026-09-04,B008,Vellore,Tamil Nadu,P010,Monitor,Electronics,33,1,6,28,29,9,16085.9,Low,7
2026-09-05,B001,Chennai,Tamil Nadu,P001,LED TV,Electronics,61,4,19,55,57,18,30885.23,Low,3
2026-09-05,B001,Chennai,Tamil Nadu,P002,Refrigerator,Appliances,44,0,9,31,31,7,29027.86,Low,10
2026-09-05,B001,Chennai,Tamil Nadu,P003,Washing Machine,Appliances,49,2,0,26,28,7,23346.04,Low,6
2026-09-05,B001,Chennai,Tamil Nadu,P004,Microwave,Appliances,13,1,8,25,24,7,8933.62,Critical,6
2026-09-05,B001,Chennai,Tamil Nadu,P005,Laptop,Electronics,31,2,0,38,35,7,45137.67,High,8
2026-09-05,B001,Chennai,Tamil Nadu,P006,Smartphone,Electronics,79,9,15,80,74,15,18893.26,Medium,3
2026-09-05,B001,Chennai,Tamil Nadu,P007,Printer,Electronics,10,2,0,18,19,6,11502.94,Critical,8
2026-09-05,B001,Chennai,Tamil Nadu,P008,Air Conditioner,Appliances,33,0,8,27,25,5,41531.05,Low,8
2026-09-05,B001,Chennai,Tamil Nadu,P009,Router,Networking,76,8,19,69,67,21,3703.53,Medium,10
2026-09-05,B001,Chennai,Tamil Nadu,P010,Monitor,Electronics,41,0,10,41,46,13,15927.48,Medium,9
2026-09-05,B002,Coimbatore,Tamil Nadu,P001,LED TV,Electronics,82,3,15,56,56,17,34090.41,Low,10
2026-09-05,B002,Coimbatore,Tamil Nadu,P002,Refrigerator,Appliances,18,3,1,24,23,5,26140.79,Critical,6
2026-09-05,B002,Coimbatore,Tamil Nadu,P003,Washing Machine,Appliances,11,1,4,26,25,6,22344.48,Critical,9
2026-09-05,B002,Coimbatore,Tamil Nadu,P004,Microwave,Appliances,14,0,3,18,16,4,8679.59,Medium,10
2026-09-05,B002,Coimbatore,Tamil Nadu,P005,Laptop,Electronics,38,4,11,34,33,7,51411.86,Low,4
2026-09-05,B002,Coimbatore,Tamil Nadu,P006,Smartphone,Electronics,56,4,8,79,82,18,19400.76,Critical,9
2026-09-05,B002,Coimbatore,Tamil Nadu,P007,Printer,Electronics,24,0,1,15,14,4,11248.6,Low,8
2026-09-05,B002,Coimbatore,Tamil Nadu,P008,Air Conditioner,Appliances,27,0,1,16,16,5,40746.14,Low,6
2026-09-05,B002,Coimbatore,Tamil Nadu,P009,Router,Networking,81,5,10,43,47,14,3506.81,Low,7
2026-09-05,B002,Coimbatore,Tamil Nadu,P010,Monitor,Electronics,20,0,1,32,34,9,14964.6,Critical,4
2026-09-05,B003,Madurai,Tamil Nadu,P001,LED TV,Electronics,60,0,0,48,50,15,30065.21,Medium,10
2026-09-05,B003,Madurai,Tamil Nadu,P002,Refrigerator,Appliances,31,1,2,16,18,5,28098.1,Low,10
2026-09-05,B003,Madurai,Tamil Nadu,P003,Washing Machine,Appliances,20,3,7,30,30,9,25910.52,Critical,4
2026-09-05,B003,Madurai,Tamil Nadu,P004,Microwave,Appliances,19,0,5,18,17,3,8510.16,Low,6
2026-09-05,B003,Madurai,Tamil Nadu,P005,Laptop,Electronics,32,1,3,29,31,8,50729.68,Medium,5
2026-09-05,B003,Madurai,Tamil Nadu,P006,Smartphone,Electronics,73,5,4,49,53,12,18103.31,Low,5
2026-09-05,B003,Madurai,Tamil Nadu,P007,Printer,Electronics,13,1,2,14,13,3,11762.45,Medium,7
2026-09-05,B003,Madurai,Tamil Nadu,P008,Air Conditioner,Appliances,16,1,1,14,14,3,43173.83,Medium,5
2026-09-05,B003,Madurai,Tamil Nadu,P009,Router,Networking,86,0,7,52,46,13,3773.34,Low,10
2026-09-05,B003,Madurai,Tamil Nadu,P010,Monitor,Electronics,55,4,6,30,31,7,14767.69,Low,6
2026-09-05,B004,Salem,Tamil Nadu,P001,LED TV,Electronics,55,4,16,54,58,14,29956.36,Medium,9
2026-09-05,B004,Salem,Tamil Nadu,P002,Refrigerator,Appliances,8,0,3,15,14,3,27067.92,High,7
2026-09-05,B004,Salem,Tamil Nadu,P003,Washing Machine,Appliances,15,0,0,21,20,5,23123.22,Critical,8
2026-09-05,B004,Salem,Tamil Nadu,P004,Microwave,Appliances,27,1,0,15,17,3,8633.76,Low,4
2026-09-05,B004,Salem,Tamil Nadu,P005,Laptop,Electronics,23,2,3,26,29,6,48799.7,High,3
2026-09-05,B004,Salem,Tamil Nadu,P006,Smartphone,Electronics,52,4,9,64,66,21,19340.57,Critical,7
2026-09-05,B004,Salem,Tamil Nadu,P007,Printer,Electronics,7,0,1,13,13,3,11423.09,Critical,6
2026-09-05,B004,Salem,Tamil Nadu,P008,Air Conditioner,Appliances,24,0,2,16,15,3,39268.33,Low,8
2026-09-05,B004,Salem,Tamil Nadu,P009,Router,Networking,23,3,10,46,44,14,3551.78,Critical,4
2026-09-05,B004,Salem,Tamil Nadu,P010,Monitor,Electronics,18,1,3,17,16,5,15068.34,Medium,6
2026-09-05,B005,Trichy,Tamil Nadu,P001,LED TV,Electronics,60,4,1,52,49,13,33822.53,Medium,4
2026-09-05,B005,Trichy,Tamil Nadu,P002,Refrigerator,Appliances,17,0,3,13,12,3,29780.25,Low,10
2026-09-05,B005,Trichy,Tamil Nadu,P003,Washing Machine,Appliances,10,0,3,19,19,5,24033.93,Critical,4
2026-09-05,B005,Trichy,Tamil Nadu,P004,Microwave,Appliances,24,0,4,17,18,3,9381.07,Low,9
2026-09-05,B005,Trichy,Tamil Nadu,P005,Laptop,Electronics,27,1,2,24,23,4,51654.48,Low,7
2026-09-05,B005,Trichy,Tamil Nadu,P006,Smartphone,Electronics,30,9,10,62,66,17,19415.53,Critical,4
2026-09-05,B005,Trichy,Tamil Nadu,P007,Printer,Electronics,17,0,2,12,12,3,12638.91,Low,10
2026-09-05,B005,Trichy,Tamil Nadu,P008,Air Conditioner,Appliances,35,2,0,19,21,6,42977.76,Low,9
2026-09-05,B005,Trichy,Tamil Nadu,P009,Router,Networking,22,3,6,38,40,13,3398.19,Critical,8
2026-09-05,B005,Trichy,Tamil Nadu,P010,Monitor,Electronics,27,3,5,30,29,9,15299.5,High,6
2026-09-05,B006,Tiruppur,Tamil Nadu,P001,LED TV,Electronics,37,2,6,40,45,12,29624.78,High,3
2026-09-05,B006,Tiruppur,Tamil Nadu,P002,Refrigerator,Appliances,20,0,0,16,15,5,26715.35,Low,3
2026-09-05,B006,Tiruppur,Tamil Nadu,P003,Washing Machine,Appliances,15,2,3,17,15,4,22670.47,Medium,4
2026-09-05,B006,Tiruppur,Tamil Nadu,P004,Microwave,Appliances,17,0,2,14,14,3,8498.89,Low,9
2026-09-05,B006,Tiruppur,Tamil Nadu,P005,Laptop,Electronics,33,1,5,29,26,8,45263.0,Low,4
2026-09-05,B006,Tiruppur,Tamil Nadu,P006,Smartphone,Electronics,86,8,5,67,64,21,17890.95,Medium,3
2026-09-05,B006,Tiruppur,Tamil Nadu,P007,Printer,Electronics,12,0,1,14,15,4,11602.82,High,8
2026-09-05,B006,Tiruppur,Tamil Nadu,P008,Air Conditioner,Appliances,24,0,1,16,15,4,39651.31,Low,9
2026-09-05,B006,Tiruppur,Tamil Nadu,P009,Router,Networking,84,5,15,56,55,16,3332.95,Low,6
2026-09-05,B006,Tiruppur,Tamil Nadu,P010,Monitor,Electronics,22,1,7,23,22,6,16662.84,Low,7
2026-09-05,B007,Erode,Tamil Nadu,P001,LED TV,Electronics,40,0,13,40,43,11,33087.09,Medium,5
2026-09-05,B007,Erode,Tamil Nadu,P002,Refrigerator,Appliances,24,1,1,18,20,6,27800.66,Medium,7
2026-09-05,B007,Erode,Tamil Nadu,P003,Washing Machine,Appliances,21,0,2,17,17,4,24415.17,Low,7
2026-09-05,B007,Erode,Tamil Nadu,P004,Microwave,Appliances,17,0,1,10,11,3,8600.12,Low,7
2026-09-05,B007,Erode,Tamil Nadu,P005,Laptop,Electronics,14,1,0,27,25,7,46590.17,Critical,5
2026-09-05,B007,Erode,Tamil Nadu,P006,Smartphone,Electronics,75,6,10,44,44,13,18380.35,Low,5
2026-09-05,B007,Erode,Tamil Nadu,P007,Printer,Electronics,9,0,1,17,17,4,12015.1,Critical,7
2026-09-05,B007,Erode,Tamil Nadu,P008,Air Conditioner,Appliances,28,2,5,16,16,4,42576.31,Low,8
2026-09-05,B007,Erode,Tamil Nadu,P009,Router,Networking,66,2,4,46,44,10,3756.93,Low,9
2026-09-05,B007,Erode,Tamil Nadu,P010,Monitor,Electronics,25,1,3,21,20,6,17005.28,Low,3
2026-09-05,B008,Vellore,Tamil Nadu,P001,LED TV,Electronics,50,2,9,48,50,10,30378.78,Medium,8
2026-09-05,B008,Vellore,Tamil Nadu,P002,Refrigerator,Appliances,16,2,5,19,20,4,29178.73,High,3
2026-09-05,B008,Vellore,Tamil Nadu,P003,Washing Machine,Appliances,27,1,3,18,18,4,22684.66,Low,9
2026-09-05,B008,Vellore,Tamil Nadu,P004,Microwave,Appliances,31,1,0,18,19,5,9445.74,Low,3
2026-09-05,B008,Vellore,Tamil Nadu,P005,Laptop,Electronics,29,2,3,25,29,8,47313.98,High,4
2026-09-05,B008,Vellore,Tamil Nadu,P006,Smartphone,Electronics,87,4,14,45,47,11,19145.64,Low,3
2026-09-05,B008,Vellore,Tamil Nadu,P007,Printer,Electronics,21,1,4,15,17,4,12322.72,Low,3
2026-09-05,B008,Vellore,Tamil Nadu,P008,Air Conditioner,Appliances,16,0,4,18,14,3,43432.79,Low,8
2026-09-05,B008,Vellore,Tamil Nadu,P009,Router,Networking,53,0,13,47,45,10,3656.78,Low,5
2026-09-05,B008,Vellore,Tamil Nadu,P010,Monitor,Electronics,19,0,7,21,22,7,14762.49,Medium,9
2026-09-06,B001,Chennai,Tamil Nadu,P001,LED TV,Electronics,73,1,2,58,63,14,34087.76,Medium,8
2026-09-06,B001,Chennai,Tamil Nadu,P002,Refrigerator,Appliances,31,3,7,25,22,6,28040.97,Low,9
2026-09-06,B001,Chennai,Tamil Nadu,P003,Washing Machine,Appliances,26,0,7,28,31,10,22804.07,High,10
2026-09-06,B001,Chennai,Tamil Nadu,P004,Microwave,Appliances,21,2,0,19,20,4,9712.96,High,6
2026-09-06,B001,Chennai,Tamil Nadu,P005,Laptop,Electronics,55,6,0,38,43,10,46210.17,Medium,10
2026-09-06,B001,Chennai,Tamil Nadu,P006,Smartphone,Electronics,110,12,7,75,82,19,17357.44,Low,4
2026-09-06,B001,Chennai,Tamil Nadu,P007,Printer,Electronics,19,1,5,19,18,4,11172.22,Low,5
2026-09-06,B001,Chennai,Tamil Nadu,P008,Air Conditioner,Appliances,16,2,6,19,20,4,40967.44,Medium,7
2026-09-06,B001,Chennai,Tamil Nadu,P009,Router,Networking,120,5,15,70,72,25,3681.53,Low,7
2026-09-06,B001,Chennai,Tamil Nadu,P010,Monitor,Electronics,22,1,8,29,31,9,16897.62,High,5
2026-09-06,B002,Coimbatore,Tamil Nadu,P001,LED TV,Electronics,41,0,12,43,38,11,31616.63,Low,5
2026-09-06,B002,Coimbatore,Tamil Nadu,P002,Refrigerator,Appliances,19,2,0,17,17,5,28649.21,High,5
2026-09-06,B002,Coimbatore,Tamil Nadu,P003,Washing Machine,Appliances,10,0,2,17,16,4,23144.66,Critical,3
2026-09-06,B002,Coimbatore,Tamil Nadu,P004,Microwave,Appliances,24,1,3,14,13,3,9019.54,Low,3
2026-09-06,B002,Coimbatore,Tamil Nadu,P005,Laptop,Electronics,52,2,2,33,36,8,45495.4,Low,3
2026-09-06,B002,Coimbatore,Tamil Nadu,P006,Smartphone,Electronics,67,0,1,50,49,11,17877.96,Low,5
2026-09-06,B002,Coimbatore,Tamil Nadu,P007,Printer,Electronics,17,0,3,12,11,3,12132.59,Low,10
2026-09-06,B002,Coimbatore,Tamil Nadu,P008,Air Conditioner,Appliances,25,0,1,17,15,4,44434.26,Low,6
2026-09-06,B002,Coimbatore,Tamil Nadu,P009,Router,Networking,73,4,7,51,51,11,3466.59,Low,4
2026-09-06,B002,Coimbatore,Tamil Nadu,P010,Monitor,Electronics,29,3,5,25,26,8,17156.96,Medium,4
2026-09-06,B003,Madurai,Tamil Nadu,P001,LED TV,Electronics,64,5,5,42,37,9,29799.37,Low,6
2026-09-06,B003,Madurai,Tamil Nadu,P002,Refrigerator,Appliances,21,0,1,18,16,5,30132.59,Low,8
2026-09-06,B003,Madurai,Tamil Nadu,P003,Washing Machine,Appliances,10,1,0,16,14,3,23643.95,Critical,5
2026-09-06,B003,Madurai,Tamil Nadu,P004,Microwave,Appliances,13,1,4,13,16,4,9653.71,High,9
2026-09-06,B003,Madurai,Tamil Nadu,P005,Laptop,Electronics,29,2,0,20,19,4,44275.35,Low,10
2026-09-06,B003,Madurai,Tamil Nadu,P006,Smartphone,Electronics,106,4,7,66,68,16,17057.71,Low,6
2026-09-06,B003,Madurai,Tamil Nadu,P007,Printer,Electronics,12,0,4,13,13,4,11451.23,Medium,7
2026-09-06,B003,Madurai,Tamil Nadu,P008,Air Conditioner,Appliances,10,1,1,12,12,3,44438.55,High,8
2026-09-06,B003,Madurai,Tamil Nadu,P009,Router,Networking,45,4,7,41,33,9,3410.07,Low,10
2026-09-06,B003,Madurai,Tamil Nadu,P010,Monitor,Electronics,40,0,0,20,22,7,14833.81,Low,4
2026-09-06,B004,Salem,Tamil Nadu,P001,LED TV,Electronics,67,4,1,42,45,9,30209.27,Low,3
2026-09-06,B004,Salem,Tamil Nadu,P002,Refrigerator,Appliances,6,0,1,14,13,3,26829.57,Critical,10
2026-09-06,B004,Salem,Tamil Nadu,P003,Washing Machine,Appliances,11,0,0,19,20,6,24147.68,Critical,6
2026-09-06,B004,Salem,Tamil Nadu,P004,Microwave,Appliances,16,0,0,9,9,3,8285.82,Low,5
2026-09-06,B004,Salem,Tamil Nadu,P005,Laptop,Electronics,47,0,3,25,31,6,44892.91,Low,9
2026-09-06,B004,Salem,Tamil Nadu,P006,Smartphone,Electronics,103,7,14,51,60,18,18581.25,Low,9
2026-09-06,B004,Salem,Tamil Nadu,P007,Printer,Electronics,23,0,4,18,16,4,11315.99,Low,3
2026-09-06,B004,Salem,Tamil Nadu,P008,Air Conditioner,Appliances,14,0,0,8,9,3,45328.4,Low,8
2026-09-06,B004,Salem,Tamil Nadu,P009,Router,Networking,51,3,1,38,32,10,3246.96,Low,9
2026-09-06,B004,Salem,Tamil Nadu,P010,Monitor,Electronics,50,4,5,27,31,10,16736.77,Low,3
2026-09-06,B005,Trichy,Tamil Nadu,P001,LED TV,Electronics,23,5,8,40,44,13,31741.01,Critical,8
2026-09-06,B005,Trichy,Tamil Nadu,P002,Refrigerator,Appliances,12,2,2,20,20,4,27711.96,Critical,10
2026-09-06,B005,Trichy,Tamil Nadu,P003,Washing Machine,Appliances,36,1,8,34,31,7,22193.72,Low,4
2026-09-06,B005,Trichy,Tamil Nadu,P004,Microwave,Appliances,5,1,1,12,10,3,9423.94,Critical,7
2026-09-06,B005,Trichy,Tamil Nadu,P005,Laptop,Electronics,38,1,6,23,23,7,46565.98,Low,7
2026-09-06,B005,Trichy,Tamil Nadu,P006,Smartphone,Electronics,30,4,4,35,36,10,19173.46,High,9
2026-09-06,B005,Trichy,Tamil Nadu,P007,Printer,Electronics,21,0,2,14,12,3,12429.89,Low,3
2026-09-06,B005,Trichy,Tamil Nadu,P008,Air Conditioner,Appliances,23,1,1,18,17,3,43717.75,Low,10
2026-09-06,B005,Trichy,Tamil Nadu,P009,Router,Networking,53,7,14,49,51,14,3714.16,Medium,8
2026-09-06,B005,Trichy,Tamil Nadu,P010,Monitor,Electronics,14,2,1,21,21,6,15607.35,Critical,10
2026-09-06,B006,Tiruppur,Tamil Nadu,P001,LED TV,Electronics,16,3,5,26,22,6,33484.56,Critical,3
2026-09-06,B006,Tiruppur,Tamil Nadu,P002,Refrigerator,Appliances,18,1,3,15,15,4,30040.78,Low,7
2026-09-06,B006,Tiruppur,Tamil Nadu,P003,Washing Machine,Appliances,10,0,0,23,21,7,22407.68,Critical,10
2026-09-06,B006,Tiruppur,Tamil Nadu,P004,Microwave,Appliances,15,0,3,11,12,3,9031.05,Low,9
2026-09-06,B006,Tiruppur,Tamil Nadu,P005,Laptop,Electronics,35,1,6,25,22,6,50189.38,Low,6
2026-09-06,B006,Tiruppur,Tamil Nadu,P006,Smartphone,Electronics,34,3,2,30,26,5,16586.14,Low,4
2026-09-06,B006,Tiruppur,Tamil Nadu,P007,Printer,Electronics,6,1,0,11,10,3,12064.72,Critical,6
2026-09-06,B006,Tiruppur,Tamil Nadu,P008,Air Conditioner,Appliances,6,1,1,14,13,3,43049.69,Critical,10
2026-09-06,B006,Tiruppur,Tamil Nadu,P009,Router,Networking,50,2,0,46,47,12,3662.56,High,8
2026-09-06,B006,Tiruppur,Tamil Nadu,P010,Monitor,Electronics,19,1,4,19,17,4,16988.8,Low,6
2026-09-06,B007,Erode,Tamil Nadu,P001,LED TV,Electronics,25,1,11,35,39,9,33472.61,High,9
2026-09-06,B007,Erode,Tamil Nadu,P002,Refrigerator,Appliances,23,1,2,19,18,3,26891.64,Low,7
2026-09-06,B007,Erode,Tamil Nadu,P003,Washing Machine,Appliances,10,0,0,13,13,3,24978.82,Critical,5
2026-09-06,B007,Erode,Tamil Nadu,P004,Microwave,Appliances,12,0,1,11,11,3,9019.72,Medium,7
2026-09-06,B007,Erode,Tamil Nadu,P005,Laptop,Electronics,10,3,7,24,23,6,51263.24,Critical,6
2026-09-06,B007,Erode,Tamil Nadu,P006,Smartphone,Electronics,76,2,0,41,43,8,17927.77,Low,8
2026-09-06,B007,Erode,Tamil Nadu,P007,Printer,Electronics,11,0,1,12,12,3,11752.19,High,10
2026-09-06,B007,Erode,Tamil Nadu,P008,Air Conditioner,Appliances,11,1,2,12,12,3,39158.1,High,4
2026-09-06,B007,Erode,Tamil Nadu,P009,Router,Networking,59,0,10,32,34,7,3669.67,Low,6
2026-09-06,B007,Erode,Tamil Nadu,P010,Monitor,Electronics,14,2,0,18,18,4,15015.38,Critical,6
2026-09-06,B008,Vellore,Tamil Nadu,P001,LED TV,Electronics,46,0,4,32,30,6,29884.78,Low,4
2026-09-06,B008,Vellore,Tamil Nadu,P002,Refrigerator,Appliances,29,0,2,16,16,5,28366.68,Low,4
2026-09-06,B008,Vellore,Tamil Nadu,P003,Washing Machine,Appliances,26,0,6,19,21,6,25086.86,Low,9
2026-09-06,B008,Vellore,Tamil Nadu,P004,Microwave,Appliances,21,0,1,14,12,3,9530.38,Low,4
2026-09-06,B008,Vellore,Tamil Nadu,P005,Laptop,Electronics,8,0,0,18,16,4,47673.05,Critical,8
2026-09-06,B008,Vellore,Tamil Nadu,P006,Smartphone,Electronics,67,2,2,44,48,15,18884.0,Low,8
2026-09-06,B008,Vellore,Tamil Nadu,P007,Printer,Electronics,4,0,1,9,9,3,12104.48,Critical,7
2026-09-06,B008,Vellore,Tamil Nadu,P008,Air Conditioner,Appliances,10,1,0,16,16,3,44406.05,Critical,8
2026-09-06,B008,Vellore,Tamil Nadu,P009,Router,Networking,33,5,7,37,44,9,3759.19,High,9
2026-09-06,B008,Vellore,Tamil Nadu,P010,Monitor,Electronics,11,0,1,17,18,5,14906.27,Critical,7
2026-09-07,B001,Chennai,Tamil Nadu,P001,LED TV,Electronics,57,6,15,47,49,11,30290.9,Low,3
2026-09-07,B001,Chennai,Tamil Nadu,P002,Refrigerator,Appliances,13,2,2,24,24,8,29023.56,Critical,9
2026-09-07,B001,Chennai,Tamil Nadu,P003,Washing Machine,Appliances,12,0,0,22,23,7,23561.09,Critical,10
2026-09-07,B001,Chennai,Tamil Nadu,P004,Microwave,Appliances,12,1,5,18,17,5,8388.51,High,4
2026-09-07,B001,Chennai,Tamil Nadu,P005,Laptop,Electronics,21,2,0,38,37,8,48994.13,Critical,6
2026-09-07,B001,Chennai,Tamil Nadu,P006,Smartphone,Electronics,163,7,3,98,100,30,17669.67,Low,7
2026-09-07,B001,Chennai,Tamil Nadu,P007,Printer,Electronics,28,0,0,17,17,5,11092.35,Low,5
2026-09-07,B001,Chennai,Tamil Nadu,P008,Air Conditioner,Appliances,21,0,2,19,18,5,42972.93,Low,6
2026-09-07,B001,Chennai,Tamil Nadu,P009,Router,Networking,36,4,1,62,64,15,3779.15,Critical,8
2026-09-07,B001,Chennai,Tamil Nadu,P010,Monitor,Electronics,38,0,9,33,40,8,16904.95,Medium,4
2026-09-07,B002,Coimbatore,Tamil Nadu,P001,LED TV,Electronics,60,3,5,51,49,11,32605.93,Low,4
2026-09-07,B002,Coimbatore,Tamil Nadu,P002,Refrigerator,Appliances,21,1,3,20,18,5,27851.47,Low,3
2026-09-07,B002,Coimbatore,Tamil Nadu,P003,Washing Machine,Appliances,36,1,7,24,25,6,23214.25,Low,5
2026-09-07,B002,Coimbatore,Tamil Nadu,P004,Microwave,Appliances,30,1,5,19,18,3,9569.53,Low,4
2026-09-07,B002,Coimbatore,Tamil Nadu,P005,Laptop,Electronics,24,0,1,20,19,3,45087.35,Low,8
2026-09-07,B002,Coimbatore,Tamil Nadu,P006,Smartphone,Electronics,93,4,14,57,58,16,19093.2,Low,8
2026-09-07,B002,Coimbatore,Tamil Nadu,P007,Printer,Electronics,23,1,3,21,23,7,12088.05,High,3
2026-09-07,B002,Coimbatore,Tamil Nadu,P008,Air Conditioner,Appliances,17,1,3,17,16,5,43101.62,Medium,6
2026-09-07,B002,Coimbatore,Tamil Nadu,P009,Router,Networking,58,3,15,49,47,9,3623.35,Low,3
2026-09-07,B002,Coimbatore,Tamil Nadu,P010,Monitor,Electronics,35,2,6,25,24,7,16107.46,Low,3
2026-09-07,B003,Madurai,Tamil Nadu,P001,LED TV,Electronics,38,1,13,38,38,10,31632.08,Low,10
2026-09-07,B003,Madurai,Tamil Nadu,P002,Refrigerator,Appliances,11,2,4,21,20,5,28064.24,Critical,8
2026-09-07,B003,Madurai,Tamil Nadu,P003,Washing Machine,Appliances,18,0,5,18,15,3,24502.92,Low,8
2026-09-07,B003,Madurai,Tamil Nadu,P004,Microwave,Appliances,16,0,2,12,11,3,9635.12,Low,9
2026-09-07,B003,Madurai,Tamil Nadu,P005,Laptop,Electronics,39,0,9,31,27,8,51287.5,Low,5
2026-09-07,B003,Madurai,Tamil Nadu,P006,Smartphone,Electronics,83,0,14,52,45,14,19436.19,Low,8
2026-09-07,B003,Madurai,Tamil Nadu,P007,Printer,Electronics,23,0,1,17,18,4,12408.74,Low,7
2026-09-07,B003,Madurai,Tamil Nadu,P008,Air Conditioner,Appliances,19,1,1,18,18,6,41988.97,High,5
2026-09-07,B003,Madurai,Tamil Nadu,P009,Router,Networking,75,4,8,44,42,10,3593.94,Low,6
2026-09-07,B003,Madurai,Tamil Nadu,P010,Monitor,Electronics,32,0,6,25,27,8,15116.27,Low,9
2026-09-07,B004,Salem,Tamil Nadu,P001,LED TV,Electronics,35,0,3,26,26,6,32118.29,Low,9
2026-09-07,B004,Salem,Tamil Nadu,P002,Refrigerator,Appliances,15,1,4,16,16,4,29005.37,Medium,7
2026-09-07,B004,Salem,Tamil Nadu,P003,Washing Machine,Appliances,21,0,5,17,18,4,24644.03,Low,9
2026-09-07,B004,Salem,Tamil Nadu,P004,Microwave,Appliances,21,1,3,15,15,3,8664.44,Low,6
2026-09-07,B004,Salem,Tamil Nadu,P005,Laptop,Electronics,41,2,2,27,29,7,47618.93,Low,9
2026-09-07,B004,Salem,Tamil Nadu,P006,Smartphone,Electronics,93,5,3,55,53,11,16664.43,Low,10
2026-09-07,B004,Salem,Tamil Nadu,P007,Printer,Electronics,8,1,2,14,15,3,11679.47,Critical,4
2026-09-07,B004,Salem,Tamil Nadu,P008,Air Conditioner,Appliances,14,0,1,9,9,3,44352.75,Low,7
2026-09-07,B004,Salem,Tamil Nadu,P009,Router,Networking,23,1,3,18,18,3,3717.05,Low,5
2026-09-07,B004,Salem,Tamil Nadu,P010,Monitor,Electronics,34,2,5,25,19,5,16214.35,Low,4
2026-09-07,B005,Trichy,Tamil Nadu,P001,LED TV,Electronics,20,0,2,29,28,6,29522.4,High,9
2026-09-07,B005,Trichy,Tamil Nadu,P002,Refrigerator,Appliances,27,0,3,16,15,4,26039.27,Low,4
2026-09-07,B005,Trichy,Tamil Nadu,P003,Washing Machine,Appliances,32,1,0,22,20,6,23479.22,Low,4
2026-09-07,B005,Trichy,Tamil Nadu,P004,Microwave,Appliances,7,1,0,13,12,3,9486.49,Critical,5
2026-09-07,B005,Trichy,Tamil Nadu,P005,Laptop,Electronics,34,1,0,21,19,4,47751.62,Low,5
2026-09-07,B005,Trichy,Tamil Nadu,P006,Smartphone,Electronics,62,6,11,56,59,15,17724.01,Medium,8
2026-09-07,B005,Trichy,Tamil Nadu,P007,Printer,Electronics,11,0,2,10,9,3,12465.81,Low,6
2026-09-07,B005,Trichy,Tamil Nadu,P008,Air Conditioner,Appliances,18,0,1,15,15,4,44395.06,Low,9
2026-09-07,B005,Trichy,Tamil Nadu,P009,Router,Networking,43,5,0,45,47,12,3701.57,High,5
2026-09-07,B005,Trichy,Tamil Nadu,P010,Monitor,Electronics,16,3,3,24,24,7,15419.52,Critical,7
2026-09-07,B006,Tiruppur,Tamil Nadu,P001,LED TV,Electronics,24,5,2,40,40,9,33275.68,Critical,8
2026-09-07,B006,Tiruppur,Tamil Nadu,P002,Refrigerator,Appliances,15,1,0,13,10,3,28310.66,Low,8
2026-09-07,B006,Tiruppur,Tamil Nadu,P003,Washing Machine,Appliances,11,1,2,14,15,5,24059.22,Critical,10
2026-09-07,B006,Tiruppur,Tamil Nadu,P004,Microwave,Appliances,13,0,3,9,10,3,9356.62,Low,10
2026-09-07,B006,Tiruppur,Tamil Nadu,P005,Laptop,Electronics,37,2,2,25,27,6,46120.93,Low,3
2026-09-07,B006,Tiruppur,Tamil Nadu,P006,Smartphone,Electronics,35,0,2,45,56,19,17051.63,Critical,9
2026-09-07,B006,Tiruppur,Tamil Nadu,P007,Printer,Electronics,10,0,1,8,7,3,11876.08,Low,10
2026-09-07,B006,Tiruppur,Tamil Nadu,P008,Air Conditioner,Appliances,11,1,4,15,15,4,45275.66,High,6
2026-09-07,B006,Tiruppur,Tamil Nadu,P009,Router,Networking,57,2,2,47,44,10,3451.41,Low,10
2026-09-07,B006,Tiruppur,Tamil Nadu,P010,Monitor,Electronics,12,0,3,20,21,6,14847.18,Critical,6
2026-09-07,B007,Erode,Tamil Nadu,P001,LED TV,Electronics,14,3,0,31,29,8,29596.63,Critical,3
2026-09-07,B007,Erode,Tamil Nadu,P002,Refrigerator,Appliances,10,1,2,12,12,3,26694.56,High,4
2026-09-07,B007,Erode,Tamil Nadu,P003,Washing Machine,Appliances,8,1,3,16,16,4,23548.88,Critical,5
2026-09-07,B007,Erode,Tamil Nadu,P004,Microwave,Appliances,13,0,1,13,13,3,9144.45,Medium,10
2026-09-07,B007,Erode,Tamil Nadu,P005,Laptop,Electronics,32,1,3,23,21,5,49124.81,Low,9
2026-09-07,B007,Erode,Tamil Nadu,P006,Smartphone,Electronics,86,0,12,55,55,13,17598.53,Low,10
2026-09-07,B007,Erode,Tamil Nadu,P007,Printer,Electronics,10,0,3,11,11,3,12584.58,Medium,7
2026-09-07,B007,Erode,Tamil Nadu,P008,Air Conditioner,Appliances,11,1,1,15,15,5,43790.7,Critical,6
2026-09-07,B007,Erode,Tamil Nadu,P009,Router,Networking,22,2,2,40,43,14,3240.7,Critical,6
2026-09-07,B007,Erode,Tamil Nadu,P010,Monitor,Electronics,17,1,0,19,16,3,16035.52,Medium,5
2026-09-07,B008,Vellore,Tamil Nadu,P001,LED TV,Electronics,58,1,11,34,38,11,31783.67,Low,3
2026-09-07,B008,Vellore,Tamil Nadu,P002,Refrigerator,Appliances,23,0,0,15,14,4,27025.08,Low,10
2026-09-07,B008,Vellore,Tamil Nadu,P003,Washing Machine,Appliances,18,1,3,19,20,4,22196.06,Medium,3
2026-09-07,B008,Vellore,Tamil Nadu,P004,Microwave,Appliances,8,0,1,10,9,3,9032.96,High,10
2026-09-07,B008,Vellore,Tamil Nadu,P005,Laptop,Electronics,24,2,9,29,30,6,49380.79,Medium,8
2026-09-07,B008,Vellore,Tamil Nadu,P006,Smartphone,Electronics,61,7,9,68,70,17,16571.59,High,9
2026-09-07,B008,Vellore,Tamil Nadu,P007,Printer,Electronics,13,1,0,12,11,3,11992.74,Medium,3
2026-09-07,B008,Vellore,Tamil Nadu,P008,Air Conditioner,Appliances,13,0,0,16,15,5,41290.5,Critical,4
2026-09-07,B008,Vellore,Tamil Nadu,P009,Router,Networking,67,7,0,49,53,10,3382.97,Medium,5
2026-09-07,B008,Vellore,Tamil Nadu,P010,Monitor,Electronics,10,1,3,17,17,3,16145.01,Critical,9
2026-09-08,B001,Chennai,Tamil Nadu,P001,LED TV,Electronics,84,1,1,53,50,15,33781.52,Low,3
2026-09-08,B001,Chennai,Tamil Nadu,P002,Refrigerator,Appliances,43,4,3,26,28,8,28922.03,Low,8
2026-09-08,B001,Chennai,Tamil Nadu,P003,Washing Machine,Appliances,60,2,5,28,32,6,25902.99,Low,4
2026-09-08,B001,Chennai,Tamil Nadu,P004,Microwave,Appliances,19,1,0,16,18,4,8666.9,High,5
2026-09-08,B001,Chennai,Tamil Nadu,P005,Laptop,Electronics,28,4,1,33,35,10,49297.2,Critical,8
2026-09-08,B001,Chennai,Tamil Nadu,P006,Smartphone,Electronics,69,7,23,77,68,16,18416.83,Low,3
2026-09-08,B001,Chennai,Tamil Nadu,P007,Printer,Electronics,12,1,3,13,13,3,11347.85,Medium,10
2026-09-08,B001,Chennai,Tamil Nadu,P008,Air Conditioner,Appliances,18,1,3,12,11,3,45233.72,Low,3
2026-09-08,B001,Chennai,Tamil Nadu,P009,Router,Networking,65,1,15,66,67,15,3594.72,Medium,3
2026-09-08,B001,Chennai,Tamil Nadu,P010,Monitor,Electronics,27,4,5,35,37,8,15357.47,Critical,6
2026-09-08,B002,Coimbatore,Tamil Nadu,P001,LED TV,Electronics,85,4,13,50,53,11,34447.72,Low,4
2026-09-08,B002,Coimbatore,Tamil Nadu,P002,Refrigerator,Appliances,26,1,5,16,16,4,28031.38,Low,4
2026-09-08,B002,Coimbatore,Tamil Nadu,P003,Washing Machine,Appliances,44,1,1,23,26,6,23727.45,Low,7
2026-09-08,B002,Coimbatore,Tamil Nadu,P004,Microwave,Appliances,19,1,1,13,13,3,8922.03,Low,5
2026-09-08,B002,Coimbatore,Tamil Nadu,P005,Laptop,Electronics,57,4,7,31,35,9,45581.59,Low,4
2026-09-08,B002,Coimbatore,Tamil Nadu,P006,Smartphone,Electronics,61,6,17,45,50,13,18908.76,Low,9
2026-09-08,B002,Coimbatore,Tamil Nadu,P007,Printer,Electronics,15,1,3,16,16,4,12193.15,Medium,10
2026-09-08,B002,Coimbatore,Tamil Nadu,P008,Air Conditioner,Appliances,20,0,3,15,14,3,43899.81,Low,7
2026-09-08,B002,Coimbatore,Tamil Nadu,P009,Router,Networking,95,0,9,52,51,16,3263.21,Low,7
2026-09-08,B002,Coimbatore,Tamil Nadu,P010,Monitor,Electronics,35,1,0,25,24,5,15509.34,Low,8
2026-09-08,B003,Madurai,Tamil Nadu,P001,LED TV,Electronics,34,4,9,37,36,10,30855.52,Medium,6
2026-09-08,B003,Madurai,Tamil Nadu,P002,Refrigerator,Appliances,11,0,2,15,14,4,25857.99,High,4
2026-09-08,B003,Madurai,Tamil Nadu,P003,Washing Machine,Appliances,24,2,5,23,23,5,22167.94,Medium,3
2026-09-08,B003,Madurai,Tamil Nadu,P004,Microwave,Appliances,19,1,3,13,13,3,9525.41,Low,6
2026-09-08,B003,Madurai,Tamil Nadu,P005,Laptop,Electronics,17,0,5,29,28,7,46759.1,Critical,5
2026-09-08,B003,Madurai,Tamil Nadu,P006,Smartphone,Electronics,66,1,4,41,37,10,19126.8,Low,6
2026-09-08,B003,Madurai,Tamil Nadu,P007,Printer,Electronics,20,1,0,15,15,4,11895.65,Low,4
2026-09-08,B003,Madurai,Tamil Nadu,P008,Air Conditioner,Appliances,23,1,1,19,16,4,44163.33,Low,9
2026-09-08,B003,Madurai,Tamil Nadu,P009,Router,Networking,28,3,8,29,26,9,3308.41,Medium,7
2026-09-08,B003,Madurai,Tamil Nadu,P010,Monitor,Electronics,36,1,4,25,22,4,15689.05,Low,7
2026-09-08,B004,Salem,Tamil Nadu,P001,LED TV,Electronics,35,1,0,23,20,5,30353.6,Low,9
2026-09-08,B004,Salem,Tamil Nadu,P002,Refrigerator,Appliances,17,0,6,20,19,3,29686.72,Low,4
2026-09-08,B004,Salem,Tamil Nadu,P003,Washing Machine,Appliances,25,1,4,19,17,5,22479.68,Low,5
2026-09-08,B004,Salem,Tamil Nadu,P004,Microwave,Appliances,4,0,2,8,7,3,9219.89,Critical,7
2026-09-08,B004,Salem,Tamil Nadu,P005,Laptop,Electronics,15,2,3,29,29,5,47295.21,Critical,4
2026-09-08,B004,Salem,Tamil Nadu,P006,Smartphone,Electronics,56,6,11,44,42,10,18167.91,Low,7
2026-09-08,B004,Salem,Tamil Nadu,P007,Printer,Electronics,15,0,1,8,8,3,12372.45,Low,8
2026-09-08,B004,Salem,Tamil Nadu,P008,Air Conditioner,Appliances,29,0,3,14,16,5,40815.48,Low,3
2026-09-08,B004,Salem,Tamil Nadu,P009,Router,Networking,23,3,2,37,40,9,3537.35,Critical,5
2026-09-08,B004,Salem,Tamil Nadu,P010,Monitor,Electronics,22,2,4,19,19,5,16047.31,Low,4
2026-09-08,B005,Trichy,Tamil Nadu,P001,LED TV,Electronics,42,2,7,27,25,6,30041.69,Low,10
2026-09-08,B005,Trichy,Tamil Nadu,P002,Refrigerator,Appliances,13,1,0,17,17,3,30083.51,Critical,5
2026-09-08,B005,Trichy,Tamil Nadu,P003,Washing Machine,Appliances,20,2,7,24,23,5,25072.71,Medium,4
2026-09-08,B005,Trichy,Tamil Nadu,P004,Microwave,Appliances,13,1,3,13,13,4,9709.03,Medium,8
2026-09-08,B005,Trichy,Tamil Nadu,P005,Laptop,Electronics,60,2,1,32,34,7,50302.37,Low,3
2026-09-08,B005,Trichy,Tamil Nadu,P006,Smartphone,Electronics,77,7,0,66,63,20,17871.46,High,10
2026-09-08,B005,Trichy,Tamil Nadu,P007,Printer,Electronics,19,0,4,16,14,3,11186.26,Low,4
2026-09-08,B005,Trichy,Tamil Nadu,P008,Air Conditioner,Appliances,21,0,0,15,14,3,43468.0,Low,5
2026-09-08,B005,Trichy,Tamil Nadu,P009,Router,Networking,62,3,2,36,36,8,3614.11,Low,6
2026-09-08,B005,Trichy,Tamil Nadu,P010,Monitor,Electronics,20,2,5,22,23,7,15621.25,High,9
2026-09-08,B006,Tiruppur,Tamil Nadu,P001,LED TV,Electronics,18,1,0,22,20,5,33573.83,High,3
2026-09-08,B006,Tiruppur,Tamil Nadu,P002,Refrigerator,Appliances,13,0,0,13,12,3,28528.97,Medium,7
2026-09-08,B006,Tiruppur,Tamil Nadu,P003,Washing Machine,Appliances,15,1,1,15,14,3,24160.71,Medium,3
2026-09-08,B006,Tiruppur,Tamil Nadu,P004,Microwave,Appliances,14,1,0,13,14,3,8992.96,High,4
2026-09-08,B006,Tiruppur,Tamil Nadu,P005,Laptop,Electronics,38,0,7,25,28,7,48312.91,Low,10
2026-09-08,B006,Tiruppur,Tamil Nadu,P006,Smartphone,Electronics,68,8,18,59,63,19,18471.41,Medium,3
2026-09-08,B006,Tiruppur,Tamil Nadu,P007,Printer,Electronics,13,0,0,8,8,3,11406.13,Low,3
2026-09-08,B006,Tiruppur,Tamil Nadu,P008,Air Conditioner,Appliances,10,0,2,14,11,3,44702.61,Medium,7
2026-09-08,B006,Tiruppur,Tamil Nadu,P009,Router,Networking,32,6,12,49,45,14,3571.0,Critical,10
2026-09-08,B006,Tiruppur,Tamil Nadu,P010,Monitor,Electronics,30,2,3,21,23,7,16741.38,Low,7
2026-09-08,B007,Erode,Tamil Nadu,P001,LED TV,Electronics,49,3,3,33,32,7,29674.41,Low,5
2026-09-08,B007,Erode,Tamil Nadu,P002,Refrigerator,Appliances,27,1,0,16,16,3,26629.88,Low,8
2026-09-08,B007,Erode,Tamil Nadu,P003,Washing Machine,Appliances,13,2,1,17,17,4,25468.72,Critical,9
2026-09-08,B007,Erode,Tamil Nadu,P004,Microwave,Appliances,15,1,0,12,10,3,9203.53,Low,7
2026-09-08,B007,Erode,Tamil Nadu,P005,Laptop,Electronics,13,1,0,18,16,4,49572.79,Critical,4
2026-09-08,B007,Erode,Tamil Nadu,P006,Smartphone,Electronics,38,0,0,36,32,8,18447.08,Medium,8
2026-09-08,B007,Erode,Tamil Nadu,P007,Printer,Electronics,12,1,1,12,12,3,12779.16,High,7
2026-09-08,B007,Erode,Tamil Nadu,P008,Air Conditioner,Appliances,18,1,0,14,14,3,43297.15,Low,3
2026-09-08,B007,Erode,Tamil Nadu,P009,Router,Networking,79,1,7,43,43,14,3365.31,Low,9
2026-09-08,B007,Erode,Tamil Nadu,P010,Monitor,Electronics,16,0,1,18,14,3,15978.92,Low,7
2026-09-08,B008,Vellore,Tamil Nadu,P001,LED TV,Electronics,30,4,14,46,45,10,30172.09,High,8
2026-09-08,B008,Vellore,Tamil Nadu,P002,Refrigerator,Appliances,6,0,1,12,10,3,25774.92,Critical,8
2026-09-08,B008,Vellore,Tamil Nadu,P003,Washing Machine,Appliances,18,1,5,15,15,4,22665.65,Low,7
2026-09-08,B008,Vellore,Tamil Nadu,P004,Microwave,Appliances,12,2,2,17,17,4,9656.4,Critical,9
2026-09-08,B008,Vellore,Tamil Nadu,P005,Laptop,Electronics,18,1,5,26,22,5,48695.59,High,9
2026-09-08,B008,Vellore,Tamil Nadu,P006,Smartphone,Electronics,73,6,5,40,44,8,16770.46,Low,9
2026-09-08,B008,Vellore,Tamil Nadu,P007,Printer,Electronics,7,0,0,12,12,3,11495.88,Critical,3
2026-09-08,B008,Vellore,Tamil Nadu,P008,Air Conditioner,Appliances,12,0,2,11,11,3,39766.43,Low,8
2026-09-08,B008,Vellore,Tamil Nadu,P009,Router,Networking,43,1,9,38,36,10,3293.63,Low,7
2026-09-08,B008,Vellore,Tamil Nadu,P010,Monitor,Electronics,26,1,2,25,21,5,15189.92,Low,3
2026-09-09,B001,Chennai,Tamil Nadu,P001,LED TV,Electronics,36,7,3,57,58,19,31075.59,Critical,4
2026-09-09,B001,Chennai,Tamil Nadu,P002,Refrigerator,Appliances,38,3,0,23,22,5,27538.26,Low,3
2026-09-09,B001,Chennai,Tamil Nadu,P003,Washing Machine,Appliances,21,3,8,28,32,10,25003.13,Critical,7
2026-09-09,B001,Chennai,Tamil Nadu,P004,Microwave,Appliances,9,0,2,15,14,3,9235.21,High,10
2026-09-09,B001,Chennai,Tamil Nadu,P005,Laptop,Electronics,66,4,11,38,36,8,44975.34,Low,9
2026-09-09,B001,Chennai,Tamil Nadu,P006,Smartphone,Electronics,160,9,27,89,90,18,19323.65,Low,7
2026-09-09,B001,Chennai,Tamil Nadu,P007,Printer,Electronics,25,1,3,14,14,4,12834.72,Low,4
2026-09-09,B001,Chennai,Tamil Nadu,P008,Air Conditioner,Appliances,28,0,1,23,22,6,42600.8,Low,8
2026-09-09,B001,Chennai,Tamil Nadu,P009,Router,Networking,82,1,7,55,51,11,3228.99,Low,10
2026-09-09,B001,Chennai,Tamil Nadu,P010,Monitor,Electronics,52,0,2,28,28,7,16098.85,Low,6
2026-09-09,B002,Coimbatore,Tamil Nadu,P001,LED TV,Electronics,55,1,5,38,35,7,34195.95,Low,5
2026-09-09,B002,Coimbatore,Tamil Nadu,P002,Refrigerator,Appliances,31,1,5,22,19,4,26705.98,Low,7
2026-09-09,B002,Coimbatore,Tamil Nadu,P003,Washing Machine,Appliances,19,0,7,23,23,5,22759.02,Medium,3
2026-09-09,B002,Coimbatore,Tamil Nadu,P004,Microwave,Appliances,26,1,4,16,15,4,8329.49,Low,9
2026-09-09,B002,Coimbatore,Tamil Nadu,P005,Laptop,Electronics,20,0,3,29,32,8,45502.88,Critical,6
2026-09-09,B002,Coimbatore,Tamil Nadu,P006,Smartphone,Electronics,101,6,18,57,66,17,18809.24,Low,8
2026-09-09,B002,Coimbatore,Tamil Nadu,P007,Printer,Electronics,11,0,5,16,17,4,12376.51,High,5
2026-09-09,B002,Coimbatore,Tamil Nadu,P008,Air Conditioner,Appliances,23,1,6,19,21,6,41953.5,Low,6
2026-09-09,B002,Coimbatore,Tamil Nadu,P009,Router,Networking,57,4,3,49,48,11,3657.68,Medium,7
2026-09-09,B002,Coimbatore,Tamil Nadu,P010,Monitor,Electronics,47,4,1,31,30,8,16638.97,Low,6
2026-09-09,B003,Madurai,Tamil Nadu,P001,LED TV,Electronics,30,1,6,29,25,8,32612.71,Low,9
2026-09-09,B003,Madurai,Tamil Nadu,P002,Refrigerator,Appliances,19,0,5,16,17,5,27953.46,Low,3
2026-09-09,B003,Madurai,Tamil Nadu,P003,Washing Machine,Appliances,42,2,3,23,25,6,25191.88,Low,10
2026-09-09,B003,Madurai,Tamil Nadu,P004,Microwave,Appliances,32,2,1,17,17,3,8930.27,Low,4
2026-09-09,B003,Madurai,Tamil Nadu,P005,Laptop,Electronics,35,3,2,30,30,7,46398.68,Medium,9
2026-09-09,B003,Madurai,Tamil Nadu,P006,Smartphone,Electronics,38,2,12,51,50,11,16735.47,High,6
2026-09-09,B003,Madurai,Tamil Nadu,P007,Printer,Electronics,9,0,0,7,6,3,12565.38,Low,10
2026-09-09,B003,Madurai,Tamil Nadu,P008,Air Conditioner,Appliances,7,0,3,10,10,3,39864.09,High,5
2026-09-09,B003,Madurai,Tamil Nadu,P009,Router,Networking,68,3,4,49,49,11,3325.76,Low,10
2026-09-09,B003,Madurai,Tamil Nadu,P010,Monitor,Electronics,29,0,9,31,31,8,15250.14,Medium,4
2026-09-09,B004,Salem,Tamil Nadu,P001,LED TV,Electronics,22,4,1,30,34,8,31857.04,Critical,9
2026-09-09,B004,Salem,Tamil Nadu,P002,Refrigerator,Appliances,11,0,1,14,16,4,27847.06,Critical,9
2026-09-09,B004,Salem,Tamil Nadu,P003,Washing Machine,Appliances,18,1,4,16,15,3,25127.86,Low,8
2026-09-09,B004,Salem,Tamil Nadu,P004,Microwave,Appliances,12,0,0,12,10,3,8752.98,Medium,8
2026-09-09,B004,Salem,Tamil Nadu,P005,Laptop,Electronics,40,3,7,26,23,5,51063.84,Low,4
2026-09-09,B004,Salem,Tamil Nadu,P006,Smartphone,Electronics,76,7,15,71,63,15,19408.1,Low,9
2026-09-09,B004,Salem,Tamil Nadu,P007,Printer,Electronics,20,0,5,17,17,5,12525.35,Low,5
2026-09-09,B004,Salem,Tamil Nadu,P008,Air Conditioner,Appliances,9,0,1,13,12,3,42246.06,High,3
2026-09-09,B004,Salem,Tamil Nadu,P009,Router,Networking,37,5,4,39,42,10,3506.48,High,5
2026-09-09,B004,Salem,Tamil Nadu,P010,Monitor,Electronics,25,2,4,20,16,5,15843.31,Low,7
2026-09-09,B005,Trichy,Tamil Nadu,P001,LED TV,Electronics,40,4,9,31,31,6,33405.29,Low,3
2026-09-09,B005,Trichy,Tamil Nadu,P002,Refrigerator,Appliances,9,2,3,18,19,5,28570.49,Critical,7
2026-09-09,B005,Trichy,Tamil Nadu,P003,Washing Machine,Appliances,15,1,0,14,14,4,24814.13,High,4
2026-09-09,B005,Trichy,Tamil Nadu,P004,Microwave,Appliances,11,1,4,18,18,4,8708.16,High,8
2026-09-09,B005,Trichy,Tamil Nadu,P005,Laptop,Electronics,28,0,5,22,22,7,46601.53,Low,5
2026-09-09,B005,Trichy,Tamil Nadu,P006,Smartphone,Electronics,58,3,2,37,39,13,18248.81,Low,6
2026-09-09,B005,Trichy,Tamil Nadu,P007,Printer,Electronics,17,0,4,14,13,3,11107.46,Low,7
2026-09-09,B005,Trichy,Tamil Nadu,P008,Air Conditioner,Appliances,23,1,3,15,15,4,42836.83,Low,9
2026-09-09,B005,Trichy,Tamil Nadu,P009,Router,Networking,50,3,3,32,32,9,3298.25,Low,7
2026-09-09,B005,Trichy,Tamil Nadu,P010,Monitor,Electronics,32,3,6,24,26,6,16490.51,Low,7
2026-09-09,B006,Tiruppur,Tamil Nadu,P001,LED TV,Electronics,20,4,4,48,43,14,30869.75,Critical,3
2026-09-09,B006,Tiruppur,Tamil Nadu,P002,Refrigerator,Appliances,9,0,0,11,11,3,27540.09,Critical,4
2026-09-09,B006,Tiruppur,Tamil Nadu,P003,Washing Machine,Appliances,20,1,2,15,16,3,22284.3,Low,7
2026-09-09,B006,Tiruppur,Tamil Nadu,P004,Microwave,Appliances,29,1,2,19,17,5,8742.67,Low,3
2026-09-09,B006,Tiruppur,Tamil Nadu,P005,Laptop,Electronics,12,0,0,9,9,3,50909.79,Low,4
2026-09-09,B006,Tiruppur,Tamil Nadu,P006,Smartphone,Electronics,58,2,7,45,39,13,17727.79,Low,6
2026-09-09,B006,Tiruppur,Tamil Nadu,P007,Printer,Electronics,17,0,3,14,14,3,11650.95,Low,6
2026-09-09,B006,Tiruppur,Tamil Nadu,P008,Air Conditioner,Appliances,13,0,0,11,11,3,42087.07,Medium,5
2026-09-09,B006,Tiruppur,Tamil Nadu,P009,Router,Networking,23,6,0,43,44,14,3738.35,Critical,7
2026-09-09,B006,Tiruppur,Tamil Nadu,P010,Monitor,Electronics,13,1,5,17,19,6,15751.24,High,7
2026-09-09,B007,Erode,Tamil Nadu,P001,LED TV,Electronics,34,3,9,36,34,9,34258.63,Medium,5
2026-09-09,B007,Erode,Tamil Nadu,P002,Refrigerator,Appliances,6,1,2,12,11,3,25895.71,Critical,7
2026-09-09,B007,Erode,Tamil Nadu,P003,Washing Machine,Appliances,17,0,5,20,20,6,22977.67,Medium,6
2026-09-09,B007,Erode,Tamil Nadu,P004,Microwave,Appliances,9,0,0,9,9,3,8636.22,High,5
2026-09-09,B007,Erode,Tamil Nadu,P005,Laptop,Electronics,35,3,2,23,25,5,44576.24,Low,8
2026-09-09,B007,Erode,Tamil Nadu,P006,Smartphone,Electronics,67,3,1,49,51,11,18650.38,Low,3
2026-09-09,B007,Erode,Tamil Nadu,P007,Printer,Electronics,9,1,1,13,13,3,11954.73,Critical,8
2026-09-09,B007,Erode,Tamil Nadu,P008,Air Conditioner,Appliances,8,0,2,13,12,3,44540.62,High,5
2026-09-09,B007,Erode,Tamil Nadu,P009,Router,Networking,26,0,3,30,27,5,3531.07,Medium,7
2026-09-09,B007,Erode,Tamil Nadu,P010,Monitor,Electronics,22,1,2,13,13,3,16036.88,Low,9
2026-09-09,B008,Vellore,Tamil Nadu,P001,LED TV,Electronics,36,0,10,37,34,7,29507.48,Low,6
2026-09-09,B008,Vellore,Tamil Nadu,P002,Refrigerator,Appliances,27,1,5,17,17,4,30100.06,Low,4
2026-09-09,B008,Vellore,Tamil Nadu,P003,Washing Machine,Appliances,21,0,0,11,12,3,25678.91,Low,10
2026-09-09,B008,Vellore,Tamil Nadu,P004,Microwave,Appliances,8,0,1,5,5,3,8798.01,Low,7
2026-09-09,B008,Vellore,Tamil Nadu,P005,Laptop,Electronics,24,1,4,20,18,5,50110.36,Low,10
2026-09-09,B008,Vellore,Tamil Nadu,P006,Smartphone,Electronics,39,2,0,41,40,11,16952.05,High,3
2026-09-09,B008,Vellore,Tamil Nadu,P007,Printer,Electronics,18,1,2,14,13,3,12408.3,Low,7
2026-09-09,B008,Vellore,Tamil Nadu,P008,Air Conditioner,Appliances,8,1,2,10,11,3,39228.48,Critical,3
2026-09-09,B008,Vellore,Tamil Nadu,P009,Router,Networking,59,4,3,38,41,10,3386.48,Low,9
2026-09-09,B008,Vellore,Tamil Nadu,P010,Monitor,Electronics,10,0,3,13,12,4,16974.63,High,9
2026-09-10,B001,Chennai,Tamil Nadu,P001,LED TV,Electronics,133,1,12,63,72,19,32327.91,Low,7
2026-09-10,B001,Chennai,Tamil Nadu,P002,Refrigerator,Appliances,24,2,4,20,19,5,25835.38,Low,5
2026-09-10,B001,Chennai,Tamil Nadu,P003,Washing Machine,Appliances,39,2,2,30,32,9,25257.37,Medium,9
2026-09-10,B001,Chennai,Tamil Nadu,P004,Microwave,Appliances,19,3,4,20,22,4,8858.32,High,10
2026-09-10,B001,Chennai,Tamil Nadu,P005,Laptop,Electronics,29,2,9,32,28,9,48141.51,Medium,10
2026-09-10,B001,Chennai,Tamil Nadu,P006,Smartphone,Electronics,110,4,1,82,76,22,19382.42,Low,8
2026-09-10,B001,Chennai,Tamil Nadu,P007,Printer,Electronics,16,2,2,20,16,4,11630.16,High,7
2026-09-10,B001,Chennai,Tamil Nadu,P008,Air Conditioner,Appliances,27,2,0,22,23,5,44440.15,Medium,10
2026-09-10,B001,Chennai,Tamil Nadu,P009,Router,Networking,54,8,5,53,63,18,3577.04,Critical,4
2026-09-10,B001,Chennai,Tamil Nadu,P010,Monitor,Electronics,33,3,8,34,37,10,15204.59,High,8
2026-09-10,B002,Coimbatore,Tamil Nadu,P001,LED TV,Electronics,63,0,5,46,49,12,32705.93,Low,10
2026-09-10,B002,Coimbatore,Tamil Nadu,P002,Refrigerator,Appliances,34,0,3,23,22,4,29960.33,Low,6
2026-09-10,B002,Coimbatore,Tamil Nadu,P003,Washing Machine,Appliances,22,2,6,23,20,6,22807.29,Low,4
2026-09-10,B002,Coimbatore,Tamil Nadu,P004,Microwave,Appliances,26,1,0,18,20,4,9653.33,Low,4
2026-09-10,B002,Coimbatore,Tamil Nadu,P005,Laptop,Electronics,25,2,3,27,27,8,50272.81,High,4
2026-09-10,B002,Coimbatore,Tamil Nadu,P006,Smartphone,Electronics,65,0,4,54,58,11,18403.48,Low,4
2026-09-10,B002,Coimbatore,Tamil Nadu,P007,Printer,Electronics,25,0,0,18,19,5,12425.06,Low,6
2026-09-10,B002,Coimbatore,Tamil Nadu,P008,Air Conditioner,Appliances,9,0,2,17,18,5,44829.25,Critical,9
2026-09-10,B002,Coimbatore,Tamil Nadu,P009,Router,Networking,34,2,6,45,46,13,3471.29,Critical,3
2026-09-10,B002,Coimbatore,Tamil Nadu,P010,Monitor,Electronics,21,2,10,31,31,6,15720.19,High,7
2026-09-10,B003,Madurai,Tamil Nadu,P001,LED TV,Electronics,25,0,7,39,43,12,34049.04,Critical,3
2026-09-10,B003,Madurai,Tamil Nadu,P002,Refrigerator,Appliances,25,0,5,20,19,5,26353.27,Low,9
2026-09-10,B003,Madurai,Tamil Nadu,P003,Washing Machine,Appliances,30,2,6,18,19,6,25678.08,Low,4
2026-09-10,B003,Madurai,Tamil Nadu,P004,Microwave,Appliances,21,1,4,15,16,3,8303.67,Low,7
2026-09-10,B003,Madurai,Tamil Nadu,P005,Laptop,Electronics,38,2,4,22,21,6,44210.65,Low,7
2026-09-10,B003,Madurai,Tamil Nadu,P006,Smartphone,Electronics,39,0,17,63,59,14,16904.84,High,10
2026-09-10,B003,Madurai,Tamil Nadu,P007,Printer,Electronics,21,1,3,12,12,3,12323.81,Low,6
2026-09-10,B003,Madurai,Tamil Nadu,P008,Air Conditioner,Appliances,19,0,5,18,17,3,39836.0,Low,9
2026-09-10,B003,Madurai,Tamil Nadu,P009,Router,Networking,30,1,8,27,27,8,3283.31,Low,9
2026-09-10,B003,Madurai,Tamil Nadu,P010,Monitor,Electronics,22,3,1,29,32,10,15043.87,Critical,10
2026-09-10,B004,Salem,Tamil Nadu,P001,LED TV,Electronics,13,0,7,30,28,5,31201.38,Critical,8
2026-09-10,B004,Salem,Tamil Nadu,P002,Refrigerator,Appliances,5,0,3,11,11,3,26565.28,Critical,7
2026-09-10,B004,Salem,Tamil Nadu,P003,Washing Machine,Appliances,17,0,1,14,13,4,25549.67,Low,8
2026-09-10,B004,Salem,Tamil Nadu,P004,Microwave,Appliances,14,0,4,15,14,4,9300.12,Low,10
2026-09-10,B004,Salem,Tamil Nadu,P005,Laptop,Electronics,34,0,9,31,30,10,45430.59,Low,7
2026-09-10,B004,Salem,Tamil Nadu,P006,Smartphone,Electronics,37,2,7,56,60,12,18816.48,Critical,5
2026-09-10,B004,Salem,Tamil Nadu,P007,Printer,Electronics,16,0,0,11,12,3,11525.27,Low,10
2026-09-10,B004,Salem,Tamil Nadu,P008,Air Conditioner,Appliances,23,2,4,15,14,4,40520.17,Low,9
2026-09-10,B004,Salem,Tamil Nadu,P009,Router,Networking,45,2,8,30,29,6,3346.65,Low,3
2026-09-10,B004,Salem,Tamil Nadu,P010,Monitor,Electronics,38,2,2,24,23,7,16013.76,Low,8
2026-09-10,B005,Trichy,Tamil Nadu,P001,LED TV,Electronics,63,2,7,33,36,12,32784.48,Low,7
2026-09-10,B005,Trichy,Tamil Nadu,P002,Refrigerator,Appliances,11,0,4,18,17,5,27300.47,High,9
2026-09-10,B005,Trichy,Tamil Nadu,P003,Washing Machine,Appliances,12,1,1,17,18,5,22713.17,Critical,9
2026-09-10,B005,Trichy,Tamil Nadu,P004,Microwave,Appliances,9,0,0,15,15,3,9187.7,Critical,6
2026-09-10,B005,Trichy,Tamil Nadu,P005,Laptop,Electronics,44,0,7,30,30,8,46192.76,Low,9
2026-09-10,B005,Trichy,Tamil Nadu,P006,Smartphone,Electronics,34,9,21,71,75,17,19185.47,Critical,7
2026-09-10,B005,Trichy,Tamil Nadu,P007,Printer,Electronics,6,0,3,12,11,3,12470.67,Critical,6
2026-09-10,B005,Trichy,Tamil Nadu,P008,Air Conditioner,Appliances,18,1,1,17,18,5,41065.2,High,8
2026-09-10,B005,Trichy,Tamil Nadu,P009,Router,Networking,26,0,1,41,40,11,3513.59,Critical,10
2026-09-10,B005,Trichy,Tamil Nadu,P010,Monitor,Electronics,16,2,0,16,15,4,15186.41,High,3
2026-09-10,B006,Tiruppur,Tamil Nadu,P001,LED TV,Electronics,44,0,2,36,31,6,30505.33,Low,8
2026-09-10,B006,Tiruppur,Tamil Nadu,P002,Refrigerator,Appliances,28,0,4,17,16,3,30011.5,Low,9
2026-09-10,B006,Tiruppur,Tamil Nadu,P003,Washing Machine,Appliances,19,1,3,14,13,3,24237.58,Low,8
2026-09-10,B006,Tiruppur,Tamil Nadu,P004,Microwave,Appliances,5,0,2,10,10,3,8595.02,Critical,5
2026-09-10,B006,Tiruppur,Tamil Nadu,P005,Laptop,Electronics,11,0,1,28,25,5,45679.66,Critical,8
2026-09-10,B006,Tiruppur,Tamil Nadu,P006,Smartphone,Electronics,57,0,6,43,39,9,18888.64,Low,3
2026-09-10,B006,Tiruppur,Tamil Nadu,P007,Printer,Electronics,13,0,1,13,12,3,11637.18,Medium,9
2026-09-10,B006,Tiruppur,Tamil Nadu,P008,Air Conditioner,Appliances,6,0,4,17,14,3,42103.43,Critical,3
2026-09-10,B006,Tiruppur,Tamil Nadu,P009,Router,Networking,29,2,2,32,32,8,3240.15,High,8
2026-09-10,B006,Tiruppur,Tamil Nadu,P010,Monitor,Electronics,12,0,0,23,21,5,16420.17,Critical,10
2026-09-10,B007,Erode,Tamil Nadu,P001,LED TV,Electronics,37,2,2,20,20,4,29538.67,Low,9
2026-09-10,B007,Erode,Tamil Nadu,P002,Refrigerator,Appliances,13,0,0,11,9,3,28173.24,Low,4
2026-09-10,B007,Erode,Tamil Nadu,P003,Washing Machine,Appliances,20,1,0,14,14,3,23686.42,Low,5
2026-09-10,B007,Erode,Tamil Nadu,P004,Microwave,Appliances,18,1,2,10,10,3,9217.44,Low,7
2026-09-10,B007,Erode,Tamil Nadu,P005,Laptop,Electronics,55,1,3,30,30,6,45797.33,Low,6
2026-09-10,B007,Erode,Tamil Nadu,P006,Smartphone,Electronics,80,3,7,51,53,12,16663.08,Low,8
2026-09-10,B007,Erode,Tamil Nadu,P007,Printer,Electronics,8,0,0,5,5,3,12103.3,Low,10
2026-09-10,B007,Erode,Tamil Nadu,P008,Air Conditioner,Appliances,11,0,1,13,13,3,40889.7,High,8
2026-09-10,B007,Erode,Tamil Nadu,P009,Router,Networking,41,3,4,36,38,11,3633.11,Medium,8
2026-09-10,B007,Erode,Tamil Nadu,P010,Monitor,Electronics,25,2,6,28,28,9,16226.8,High,9
2026-09-10,B008,Vellore,Tamil Nadu,P001,LED TV,Electronics,68,4,0,37,39,9,29991.52,Low,5
2026-09-10,B008,Vellore,Tamil Nadu,P002,Refrigerator,Appliances,10,1,1,16,14,3,26226.92,Critical,5
2026-09-10,B008,Vellore,Tamil Nadu,P003,Washing Machine,Appliances,18,0,0,18,20,4,24836.77,High,7
2026-09-10,B008,Vellore,Tamil Nadu,P004,Microwave,Appliances,5,0,3,11,12,3,8770.13,Critical,6
2026-09-10,B008,Vellore,Tamil Nadu,P005,Laptop,Electronics,15,2,2,23,25,7,46337.64,Critical,8
2026-09-10,B008,Vellore,Tamil Nadu,P006,Smartphone,Electronics,31,5,0,54,55,14,17785.2,Critical,6
2026-09-10,B008,Vellore,Tamil Nadu,P007,Printer,Electronics,22,0,1,14,13,3,11256.99,Low,5
2026-09-10,B008,Vellore,Tamil Nadu,P008,Air Conditioner,Appliances,21,0,3,14,14,3,42738.68,Low,5
2026-09-10,B008,Vellore,Tamil Nadu,P009,Router,Networking,39,4,3,44,44,15,3426.38,Critical,6
2026-09-10,B008,Vellore,Tamil Nadu,P010,Monitor,Electronics,19,1,3,21,23,5,15657.97,High,5
2026-09-11,B001,Chennai,Tamil Nadu,P001,LED TV,Electronics,47,3,1,55,55,19,30007.48,Critical,7
2026-09-11,B001,Chennai,Tamil Nadu,P002,Refrigerator,Appliances,28,1,5,25,24,6,25995.43,Low,8
2026-09-11,B001,Chennai,Tamil Nadu,P003,Washing Machine,Appliances,13,3,2,28,27,7,24189.3,Critical,9
2026-09-11,B001,Chennai,Tamil Nadu,P004,Microwave,Appliances,45,1,2,24,24,8,8422.06,Low,10
2026-09-11,B001,Chennai,Tamil Nadu,P005,Laptop,Electronics,50,0,10,40,42,8,45446.17,Low,3
2026-09-11,B001,Chennai,Tamil Nadu,P006,Smartphone,Electronics,144,5,15,76,78,24,17667.77,Low,5
2026-09-11,B001,Chennai,Tamil Nadu,P007,Printer,Electronics,30,1,5,17,17,5,12734.75,Low,3
2026-09-11,B001,Chennai,Tamil Nadu,P008,Air Conditioner,Appliances,45,2,9,26,27,8,42474.98,Low,9
2026-09-11,B001,Chennai,Tamil Nadu,P009,Router,Networking,107,1,2,71,69,23,3494.61,Low,5
2026-09-11,B001,Chennai,Tamil Nadu,P010,Monitor,Electronics,64,0,6,44,40,10,14755.84,Low,6
2026-09-11,B002,Coimbatore,Tamil Nadu,P001,LED TV,Electronics,100,2,16,71,74,25,33944.29,Low,4
2026-09-11,B002,Coimbatore,Tamil Nadu,P002,Refrigerator,Appliances,38,2,3,23,22,5,28241.24,Low,7
2026-09-11,B002,Coimbatore,Tamil Nadu,P003,Washing Machine,Appliances,23,2,0,25,26,8,22636.76,Critical,6
2026-09-11,B002,Coimbatore,Tamil Nadu,P004,Microwave,Appliances,16,0,0,16,16,3,9442.26,Medium,10
2026-09-11,B002,Coimbatore,Tamil Nadu,P005,Laptop,Electronics,46,0,5,29,31,9,49983.68,Low,10
2026-09-11,B002,Coimbatore,Tamil Nadu,P006,Smartphone,Electronics,59,3,2,59,60,15,17707.39,High,7
2026-09-11,B002,Coimbatore,Tamil Nadu,P007,Printer,Electronics,11,2,4,20,19,5,12222.64,Critical,6
2026-09-11,B002,Coimbatore,Tamil Nadu,P008,Air Conditioner,Appliances,21,1,2,19,19,5,42759.66,Medium,5
2026-09-11,B002,Coimbatore,Tamil Nadu,P009,Router,Networking,38,2,3,70,72,14,3223.61,Critical,5
2026-09-11,B002,Coimbatore,Tamil Nadu,P010,Monitor,Electronics,74,1,13,42,42,11,16482.49,Low,3
2026-09-11,B003,Madurai,Tamil Nadu,P001,LED TV,Electronics,25,5,9,51,50,11,30701.92,Critical,3
2026-09-11,B003,Madurai,Tamil Nadu,P002,Refrigerator,Appliances,41,2,5,24,24,7,27688.58,Low,7
2026-09-11,B003,Madurai,Tamil Nadu,P003,Washing Machine,Appliances,28,0,4,17,16,3,23410.96,Low,5
2026-09-11,B003,Madurai,Tamil Nadu,P004,Microwave,Appliances,17,0,5,19,20,6,8526.14,Medium,8
2026-09-11,B003,Madurai,Tamil Nadu,P005,Laptop,Electronics,67,5,7,31,38,7,47558.5,Low,5
2026-09-11,B003,Madurai,Tamil Nadu,P006,Smartphone,Electronics,101,2,0,56,54,13,17324.97,Low,7
2026-09-11,B003,Madurai,Tamil Nadu,P007,Printer,Electronics,21,0,1,16,14,4,12708.16,Low,6
2026-09-11,B003,Madurai,Tamil Nadu,P008,Air Conditioner,Appliances,28,0,4,20,19,4,38820.66,Low,6
2026-09-11,B003,Madurai,Tamil Nadu,P009,Router,Networking,73,7,1,49,49,13,3377.52,Low,8
2026-09-11,B003,Madurai,Tamil Nadu,P010,Monitor,Electronics,28,0,4,27,26,8,15395.43,Medium,7
2026-09-11,B004,Salem,Tamil Nadu,P001,LED TV,Electronics,49,6,11,48,45,12,32930.27,Medium,9
2026-09-11,B004,Salem,Tamil Nadu,P002,Refrigerator,Appliances,23,2,4,21,23,6,26981.36,Medium,9
2026-09-11,B004,Salem,Tamil Nadu,P003,Washing Machine,Appliances,18,0,0,19,20,5,23816.19,High,6
2026-09-11,B004,Salem,Tamil Nadu,P004,Microwave,Appliances,34,0,1,18,18,5,9331.5,Low,6
2026-09-11,B004,Salem,Tamil Nadu,P005,Laptop,Electronics,17,1,7,24,22,4,50766.84,Medium,3
2026-09-11,B004,Salem,Tamil Nadu,P006,Smartphone,Electronics,56,7,14,63,69,22,19004.1,High,9
2026-09-11,B004,Salem,Tamil Nadu,P007,Printer,Electronics,11,1,1,12,12,3,12853.65,High,9
2026-09-11,B004,Salem,Tamil Nadu,P008,Air Conditioner,Appliances,23,1,5,18,16,5,41625.71,Low,10
2026-09-11,B004,Salem,Tamil Nadu,P009,Router,Networking,70,3,13,57,55,19,3328.6,Low,3
2026-09-11,B004,Salem,Tamil Nadu,P010,Monitor,Electronics,34,4,8,36,34,10,16480.14,Medium,10
2026-09-11,B005,Trichy,Tamil Nadu,P001,LED TV,Electronics,75,1,9,41,45,13,31899.23,Low,10
2026-09-11,B005,Trichy,Tamil Nadu,P002,Refrigerator,Appliances,12,0,4,25,23,6,29066.66,Critical,3
2026-09-11,B005,Trichy,Tamil Nadu,P003,Washing Machine,Appliances,27,3,6,23,24,5,22086.99,Low,8
2026-09-11,B005,Trichy,Tamil Nadu,P004,Microwave,Appliances,25,0,4,17,16,3,9453.78,Low,8
2026-09-11,B005,Trichy,Tamil Nadu,P005,Laptop,Electronics,24,2,0,27,29,8,50705.47,Critical,10
2026-09-11,B005,Trichy,Tamil Nadu,P006,Smartphone,Electronics,82,6,2,64,55,16,18754.19,Low,5
2026-09-11,B005,Trichy,Tamil Nadu,P007,Printer,Electronics,27,1,3,17,18,5,12586.35,Low,7
2026-09-11,B005,Trichy,Tamil Nadu,P008,Air Conditioner,Appliances,15,1,0,14,13,3,40883.2,Medium,7
2026-09-11,B005,Trichy,Tamil Nadu,P009,Router,Networking,34,2,3,45,44,8,3666.54,High,9
2026-09-11,B005,Trichy,Tamil Nadu,P010,Monitor,Electronics,13,2,2,26,28,9,15391.12,Critical,10
2026-09-11,B006,Tiruppur,Tamil Nadu,P001,LED TV,Electronics,30,5,9,35,40,12,32305.05,High,9
2026-09-11,B006,Tiruppur,Tamil Nadu,P002,Refrigerator,Appliances,8,1,3,13,11,3,30130.88,High,10
2026-09-11,B006,Tiruppur,Tamil Nadu,P003,Washing Machine,Appliances,28,2,0,18,18,4,22107.44,Low,3
2026-09-11,B006,Tiruppur,Tamil Nadu,P004,Microwave,Appliances,22,0,0,17,19,6,9424.84,Medium,5
2026-09-11,B006,Tiruppur,Tamil Nadu,P005,Laptop,Electronics,31,1,4,17,18,4,49330.44,Low,6
2026-09-11,B006,Tiruppur,Tamil Nadu,P006,Smartphone,Electronics,89,7,10,51,50,10,18879.8,Low,4
2026-09-11,B006,Tiruppur,Tamil Nadu,P007,Printer,Electronics,7,0,1,11,10,3,11282.53,Critical,10
2026-09-11,B006,Tiruppur,Tamil Nadu,P008,Air Conditioner,Appliances,18,2,3,15,16,4,41459.64,Medium,4
2026-09-11,B006,Tiruppur,Tamil Nadu,P009,Router,Networking,41,6,13,49,48,13,3631.9,High,5
2026-09-11,B006,Tiruppur,Tamil Nadu,P010,Monitor,Electronics,19,1,5,17,17,4,15195.55,Low,6
2026-09-11,B007,Erode,Tamil Nadu,P001,LED TV,Electronics,63,4,4,41,43,9,30604.13,Low,3
2026-09-11,B007,Erode,Tamil Nadu,P002,Refrigerator,Appliances,20,0,3,15,14,3,26334.11,Low,7
2026-09-11,B007,Erode,Tamil Nadu,P003,Washing Machine,Appliances,15,0,5,17,17,5,25102.16,Medium,5
2026-09-11,B007,Erode,Tamil Nadu,P004,Microwave,Appliances,7,0,3,14,15,4,8967.56,Critical,3
2026-09-11,B007,Erode,Tamil Nadu,P005,Laptop,Electronics,24,4,0,31,33,8,48422.95,Critical,4
2026-09-11,B007,Erode,Tamil Nadu,P006,Smartphone,Electronics,21,2,5,33,34,10,16960.01,Critical,4
2026-09-11,B007,Erode,Tamil Nadu,P007,Printer,Electronics,21,1,2,19,17,4,12291.41,Low,5
2026-09-11,B007,Erode,Tamil Nadu,P008,Air Conditioner,Appliances,13,1,5,15,17,3,42864.33,Medium,4
2026-09-11,B007,Erode,Tamil Nadu,P009,Router,Networking,48,4,4,36,32,6,3419.82,Low,3
2026-09-11,B007,Erode,Tamil Nadu,P010,Monitor,Electronics,42,2,8,26,27,8,15290.6,Low,9
2026-09-11,B008,Vellore,Tamil Nadu,P001,LED TV,Electronics,80,5,15,51,58,19,30811.17,Low,10
2026-09-11,B008,Vellore,Tamil Nadu,P002,Refrigerator,Appliances,7,1,2,16,16,4,30116.25,Critical,10
2026-09-11,B008,Vellore,Tamil Nadu,P003,Washing Machine,Appliances,15,1,1,22,23,5,25825.57,Critical,7
2026-09-11,B008,Vellore,Tamil Nadu,P004,Microwave,Appliances,7,0,5,16,16,5,9219.06,Critical,10
2026-09-11,B008,Vellore,Tamil Nadu,P005,Laptop,Electronics,35,2,7,27,25,7,44383.44,Low,6
2026-09-11,B008,Vellore,Tamil Nadu,P006,Smartphone,Electronics,60,4,10,65,65,19,17859.32,High,5
2026-09-11,B008,Vellore,Tamil Nadu,P007,Printer,Electronics,10,0,5,15,16,5,12743.81,High,9
2026-09-11,B008,Vellore,Tamil Nadu,P008,Air Conditioner,Appliances,10,0,5,17,15,5,44638.08,High,7
2026-09-11,B008,Vellore,Tamil Nadu,P009,Router,Networking,93,6,3,54,51,13,3660.13,Low,4
2026-09-11,B008,Vellore,Tamil Nadu,P010,Monitor,Electronics,38,1,1,28,26,5,15690.13,Low,8
2026-09-12,B001,Chennai,Tamil Nadu,P001,LED TV,Electronics,60,5,7,68,71,14,33451.94,High,5
2026-09-12,B001,Chennai,Tamil Nadu,P002,Refrigerator,Appliances,14,3,9,28,27,8,27259.33,Critical,9
2026-09-12,B001,Chennai,Tamil Nadu,P003,Washing Machine,Appliances,40,1,5,26,26,7,22844.29,Low,4
2026-09-12,B001,Chennai,Tamil Nadu,P004,Microwave,Appliances,32,2,0,24,25,5,8600.26,Low,9
2026-09-12,B001,Chennai,Tamil Nadu,P005,Laptop,Electronics,81,2,7,48,46,10,51296.51,Low,9
2026-09-12,B001,Chennai,Tamil Nadu,P006,Smartphone,Electronics,115,9,25,94,99,27,17139.75,Low,10
2026-09-12,B001,Chennai,Tamil Nadu,P007,Printer,Electronics,22,1,3,20,20,5,11331.74,Medium,6
2026-09-12,B001,Chennai,Tamil Nadu,P008,Air Conditioner,Appliances,22,1,6,30,27,9,38709.21,High,7
2026-09-12,B001,Chennai,Tamil Nadu,P009,Router,Networking,56,7,2,65,62,17,3731.86,Critical,6
2026-09-12,B001,Chennai,Tamil Nadu,P010,Monitor,Electronics,22,6,1,45,43,14,16648.7,Critical,6
2026-09-12,B002,Coimbatore,Tamil Nadu,P001,LED TV,Electronics,73,1,5,53,53,17,32076.32,Low,3
2026-09-12,B002,Coimbatore,Tamil Nadu,P002,Refrigerator,Appliances,26,2,8,24,24,7,29662.08,Low,5
2026-09-12,B002,Coimbatore,Tamil Nadu,P003,Washing Machine,Appliances,45,3,9,30,30,7,22653.51,Low,10
2026-09-12,B002,Coimbatore,Tamil Nadu,P004,Microwave,Appliances,32,0,1,22,22,7,9604.06,Low,6
2026-09-12,B002,Coimbatore,Tamil Nadu,P005,Laptop,Electronics,84,5,3,44,48,15,45969.83,Low,3
2026-09-12,B002,Coimbatore,Tamil Nadu,P006,Smartphone,Electronics,49,1,17,69,59,17,19030.83,Medium,7
2026-09-12,B002,Coimbatore,Tamil Nadu,P007,Printer,Electronics,17,1,2,19,16,4,11519.97,Medium,8
2026-09-12,B002,Coimbatore,Tamil Nadu,P008,Air Conditioner,Appliances,32,1,7,21,22,6,38820.01,Low,7
2026-09-12,B002,Coimbatore,Tamil Nadu,P009,Router,Networking,82,9,7,57,67,14,3770.13,Medium,3
2026-09-12,B002,Coimbatore,Tamil Nadu,P010,Monitor,Electronics,40,1,0,36,35,7,16300.06,Medium,5
2026-09-12,B003,Madurai,Tamil Nadu,P001,LED TV,Electronics,35,5,8,51,48,12,32346.32,Critical,5
2026-09-12,B003,Madurai,Tamil Nadu,P002,Refrigerator,Appliances,23,2,5,21,21,5,26719.02,Low,8
2026-09-12,B003,Madurai,Tamil Nadu,P003,Washing Machine,Appliances,10,0,4,21,22,6,22780.48,Critical,5
2026-09-12,B003,Madurai,Tamil Nadu,P004,Microwave,Appliances,12,2,2,18,18,4,9233.21,Critical,4
2026-09-12,B003,Madurai,Tamil Nadu,P005,Laptop,Electronics,50,1,6,30,31,7,44899.85,Low,4
2026-09-12,B003,Madurai,Tamil Nadu,P006,Smartphone,Electronics,37,6,0,74,72,17,19108.58,Critical,5
2026-09-12,B003,Madurai,Tamil Nadu,P007,Printer,Electronics,10,1,0,15,16,4,12417.26,Critical,10
2026-09-12,B003,Madurai,Tamil Nadu,P008,Air Conditioner,Appliances,18,1,6,20,22,4,44896.73,Medium,6
2026-09-12,B003,Madurai,Tamil Nadu,P009,Router,Networking,20,5,4,43,44,13,3285.64,Critical,4
2026-09-12,B003,Madurai,Tamil Nadu,P010,Monitor,Electronics,58,1,5,33,36,10,16787.42,Low,10
2026-09-12,B004,Salem,Tamil Nadu,P001,LED TV,Electronics,59,2,0,40,44,11,33176.11,Low,10
2026-09-12,B004,Salem,Tamil Nadu,P002,Refrigerator,Appliances,15,0,3,17,17,5,29324.07,High,7
2026-09-12,B004,Salem,Tamil Nadu,P003,Washing Machine,Appliances,27,0,6,17,18,3,25440.34,Low,3
2026-09-12,B004,Salem,Tamil Nadu,P004,Microwave,Appliances,29,2,4,18,16,4,9117.32,Low,10
2026-09-12,B004,Salem,Tamil Nadu,P005,Laptop,Electronics,10,3,0,22,22,4,46970.97,Critical,8
2026-09-12,B004,Salem,Tamil Nadu,P006,Smartphone,Electronics,49,5,15,43,48,9,17352.26,Low,6
2026-09-12,B004,Salem,Tamil Nadu,P007,Printer,Electronics,23,1,2,15,14,3,12162.93,Low,5
2026-09-12,B004,Salem,Tamil Nadu,P008,Air Conditioner,Appliances,18,1,2,18,16,5,45227.29,Medium,9
2026-09-12,B004,Salem,Tamil Nadu,P009,Router,Networking,50,2,11,40,43,8,3445.62,Low,6
2026-09-12,B004,Salem,Tamil Nadu,P010,Monitor,Electronics,28,0,5,22,24,5,16052.03,Low,3
2026-09-12,B005,Trichy,Tamil Nadu,P001,LED TV,Electronics,82,2,16,50,49,16,33203.39,Low,8
2026-09-12,B005,Trichy,Tamil Nadu,P002,Refrigerator,Appliances,15,2,1,27,29,7,28250.0,Critical,9
2026-09-12,B005,Trichy,Tamil Nadu,P003,Washing Machine,Appliances,39,2,3,23,22,4,22400.82,Low,9
2026-09-12,B005,Trichy,Tamil Nadu,P004,Microwave,Appliances,10,1,2,12,11,3,8729.12,High,8
2026-09-12,B005,Trichy,Tamil Nadu,P005,Laptop,Electronics,48,2,10,32,33,7,48080.28,Low,8
2026-09-12,B005,Trichy,Tamil Nadu,P006,Smartphone,Electronics,50,4,3,68,69,16,17342.47,Critical,4
2026-09-12,B005,Trichy,Tamil Nadu,P007,Printer,Electronics,12,0,0,14,15,5,12944.98,Critical,9
2026-09-12,B005,Trichy,Tamil Nadu,P008,Air Conditioner,Appliances,12,0,2,14,14,3,41727.43,High,9
2026-09-12,B005,Trichy,Tamil Nadu,P009,Router,Networking,59,5,0,49,51,10,3451.53,Medium,7
2026-09-12,B005,Trichy,Tamil Nadu,P010,Monitor,Electronics,38,3,4,22,23,7,17215.16,Low,7
2026-09-12,B006,Tiruppur,Tamil Nadu,P001,LED TV,Electronics,87,5,2,45,47,14,32038.27,Low,3
2026-09-12,B006,Tiruppur,Tamil Nadu,P002,Refrigerator,Appliances,12,0,4,16,13,3,28043.91,Low,6
2026-09-12,B006,Tiruppur,Tamil Nadu,P003,Washing Machine,Appliances,20,0,1,18,18,5,22664.14,Medium,6
2026-09-12,B006,Tiruppur,Tamil Nadu,P004,Microwave,Appliances,17,1,3,15,14,3,8474.97,Low,7
2026-09-12,B006,Tiruppur,Tamil Nadu,P005,Laptop,Electronics,47,3,7,26,26,6,49503.08,Low,7
2026-09-12,B006,Tiruppur,Tamil Nadu,P006,Smartphone,Electronics,64,0,4,50,52,15,17988.2,Low,10
2026-09-12,B006,Tiruppur,Tamil Nadu,P007,Printer,Electronics,7,0,0,10,9,3,12269.11,Critical,10
2026-09-12,B006,Tiruppur,Tamil Nadu,P008,Air Conditioner,Appliances,22,2,1,17,19,4,41171.73,Medium,8
2026-09-12,B006,Tiruppur,Tamil Nadu,P009,Router,Networking,76,4,12,49,47,10,3580.92,Low,4
2026-09-12,B006,Tiruppur,Tamil Nadu,P010,Monitor,Electronics,31,2,7,23,22,7,16702.85,Low,6
2026-09-12,B007,Erode,Tamil Nadu,P001,LED TV,Electronics,32,0,13,44,45,14,32184.83,High,9
2026-09-12,B007,Erode,Tamil Nadu,P002,Refrigerator,Appliances,29,1,4,18,20,4,27155.12,Low,3
2026-09-12,B007,Erode,Tamil Nadu,P003,Washing Machine,Appliances,20,1,2,21,20,6,24273.85,High,3
2026-09-12,B007,Erode,Tamil Nadu,P004,Microwave,Appliances,12,0,3,12,12,3,8794.23,Low,3
2026-09-12,B007,Erode,Tamil Nadu,P005,Laptop,Electronics,53,4,0,30,31,7,50958.99,Low,7
2026-09-12,B007,Erode,Tamil Nadu,P006,Smartphone,Electronics,70,3,0,43,38,8,18226.11,Low,6
2026-09-12,B007,Erode,Tamil Nadu,P007,Printer,Electronics,15,0,0,9,9,3,12759.65,Low,7
2026-09-12,B007,Erode,Tamil Nadu,P008,Air Conditioner,Appliances,12,0,2,12,10,3,38658.07,Low,9
2026-09-12,B007,Erode,Tamil Nadu,P009,Router,Networking,48,1,4,41,40,9,3557.04,Low,4
2026-09-12,B007,Erode,Tamil Nadu,P010,Monitor,Electronics,20,1,1,30,31,9,14858.34,Critical,3
2026-09-12,B008,Vellore,Tamil Nadu,P001,LED TV,Electronics,35,3,1,42,41,12,30476.29,Critical,9
2026-09-12,B008,Vellore,Tamil Nadu,P002,Refrigerator,Appliances,11,1,1,17,15,5,26097.18,Critical,10
2026-09-12,B008,Vellore,Tamil Nadu,P003,Washing Machine,Appliances,10,0,4,21,21,4,24654.16,Critical,3
2026-09-12,B008,Vellore,Tamil Nadu,P004,Microwave,Appliances,24,0,2,14,14,3,8982.63,Low,4
2026-09-12,B008,Vellore,Tamil Nadu,P005,Laptop,Electronics,49,1,2,25,28,9,49134.12,Low,4
2026-09-12,B008,Vellore,Tamil Nadu,P006,Smartphone,Electronics,138,9,13,80,77,23,17821.49,Low,4
2026-09-12,B008,Vellore,Tamil Nadu,P007,Printer,Electronics,21,1,0,11,12,4,11190.32,Low,8
2026-09-12,B008,Vellore,Tamil Nadu,P008,Air Conditioner,Appliances,15,1,0,12,14,3,40358.23,High,9
2026-09-12,B008,Vellore,Tamil Nadu,P009,Router,Networking,24,3,5,44,47,16,3777.74,Critical,8
2026-09-12,B008,Vellore,Tamil Nadu,P010,Monitor,Electronics,39,2,6,21,22,5,15563.75,Low,9
2026-09-13,B001,Chennai,Tamil Nadu,P001,LED TV,Electronics,115,10,22,67,73,16,30694.23,Low,4
2026-09-13,B001,Chennai,Tamil Nadu,P002,Refrigerator,Appliances,18,1,4,26,27,6,29009.8,High,7
2026-09-13,B001,Chennai,Tamil Nadu,P003,Washing Machine,Appliances,15,0,8,33,32,10,25202.13,Critical,4
2026-09-13,B001,Chennai,Tamil Nadu,P004,Microwave,Appliances,37,1,1,21,21,6,8606.96,Low,7
2026-09-13,B001,Chennai,Tamil Nadu,P005,Laptop,Electronics,40,1,13,39,42,13,49799.7,Medium,5
2026-09-13,B001,Chennai,Tamil Nadu,P006,Smartphone,Electronics,67,8,2,66,70,15,17123.22,High,10
2026-09-13,B001,Chennai,Tamil Nadu,P007,Printer,Electronics,29,1,2,19,20,6,11551.15,Low,3
2026-09-13,B001,Chennai,Tamil Nadu,P008,Air Conditioner,Appliances,27,1,5,26,24,7,41659.31,Low,3
2026-09-13,B001,Chennai,Tamil Nadu,P009,Router,Networking,64,4,2,68,73,19,3574.93,High,6
2026-09-13,B001,Chennai,Tamil Nadu,P010,Monitor,Electronics,50,1,6,32,30,10,16227.69,Low,6
2026-09-13,B002,Coimbatore,Tamil Nadu,P001,LED TV,Electronics,57,1,3,37,39,12,33301.94,Low,10
2026-09-13,B002,Coimbatore,Tamil Nadu,P002,Refrigerator,Appliances,35,1,0,23,24,7,29030.03,Low,6
2026-09-13,B002,Coimbatore,Tamil Nadu,P003,Washing Machine,Appliances,7,1,3,15,15,3,22492.31,Critical,10
2026-09-13,B002,Coimbatore,Tamil Nadu,P004,Microwave,Appliances,16,0,4,17,19,4,9267.96,Medium,6
2026-09-13,B002,Coimbatore,Tamil Nadu,P005,Laptop,Electronics,45,1,0,24,24,7,46599.73,Low,10
2026-09-13,B002,Coimbatore,Tamil Nadu,P006,Smartphone,Electronics,110,7,23,64,75,26,18158.37,Low,9
2026-09-13,B002,Coimbatore,Tamil Nadu,P007,Printer,Electronics,12,2,2,15,15,4,12782.43,Critical,7
2026-09-13,B002,Coimbatore,Tamil Nadu,P008,Air Conditioner,Appliances,25,0,5,17,18,5,39743.67,Low,10
2026-09-13,B002,Coimbatore,Tamil Nadu,P009,Router,Networking,65,5,13,39,43,14,3640.43,Low,4
2026-09-13,B002,Coimbatore,Tamil Nadu,P010,Monitor,Electronics,26,0,3,19,20,6,16101.11,Low,7
2026-09-13,B003,Madurai,Tamil Nadu,P001,LED TV,Electronics,77,3,5,43,47,13,30150.69,Low,6
2026-09-13,B003,Madurai,Tamil Nadu,P002,Refrigerator,Appliances,9,0,0,12,12,3,27309.42,Critical,5
2026-09-13,B003,Madurai,Tamil Nadu,P003,Washing Machine,Appliances,28,1,3,23,23,6,25663.11,Low,3
2026-09-13,B003,Madurai,Tamil Nadu,P004,Microwave,Appliances,24,1,0,13,15,3,9652.85,Low,8
2026-09-13,B003,Madurai,Tamil Nadu,P005,Laptop,Electronics,46,3,2,26,28,8,46849.33,Low,3
2026-09-13,B003,Madurai,Tamil Nadu,P006,Smartphone,Electronics,102,7,11,61,60,19,18336.73,Low,4
2026-09-13,B003,Madurai,Tamil Nadu,P007,Printer,Electronics,16,1,1,10,10,3,11130.83,Low,5
2026-09-13,B003,Madurai,Tamil Nadu,P008,Air Conditioner,Appliances,27,0,3,16,16,3,40959.27,Low,5
2026-09-13,B003,Madurai,Tamil Nadu,P009,Router,Networking,31,6,12,39,44,12,3661.81,High,7
2026-09-13,B003,Madurai,Tamil Nadu,P010,Monitor,Electronics,10,1,1,21,18,3,16801.18,Critical,5
2026-09-13,B004,Salem,Tamil Nadu,P001,LED TV,Electronics,28,4,8,34,32,8,34334.29,High,4
2026-09-13,B004,Salem,Tamil Nadu,P002,Refrigerator,Appliances,16,1,2,14,12,3,27962.07,Low,4
2026-09-13,B004,Salem,Tamil Nadu,P003,Washing Machine,Appliances,14,2,6,18,18,3,24877.43,Medium,3
2026-09-13,B004,Salem,Tamil Nadu,P004,Microwave,Appliances,19,0,3,15,13,3,8443.94,Low,9
2026-09-13,B004,Salem,Tamil Nadu,P005,Laptop,Electronics,23,1,8,29,32,7,44461.4,High,3
2026-09-13,B004,Salem,Tamil Nadu,P006,Smartphone,Electronics,11,1,1,26,24,7,17447.86,Critical,7
2026-09-13,B004,Salem,Tamil Nadu,P007,Printer,Electronics,20,0,0,17,16,5,12555.42,Medium,6
2026-09-13,B004,Salem,Tamil Nadu,P008,Air Conditioner,Appliances,21,1,1,13,14,3,40989.05,Low,10
2026-09-13,B004,Salem,Tamil Nadu,P009,Router,Networking,22,7,11,42,47,16,3686.3,Critical,4
2026-09-13,B004,Salem,Tamil Nadu,P010,Monitor,Electronics,39,0,5,21,21,4,16634.4,Low,6
2026-09-13,B005,Trichy,Tamil Nadu,P001,LED TV,Electronics,31,1,0,24,22,7,33134.03,Low,3
2026-09-13,B005,Trichy,Tamil Nadu,P002,Refrigerator,Appliances,11,0,4,15,14,4,29822.12,High,6
2026-09-13,B005,Trichy,Tamil Nadu,P003,Washing Machine,Appliances,25,0,1,19,18,6,22973.89,Low,6
2026-09-13,B005,Trichy,Tamil Nadu,P004,Microwave,Appliances,21,1,0,14,13,4,9660.42,Low,10
2026-09-13,B005,Trichy,Tamil Nadu,P005,Laptop,Electronics,13,0,5,22,19,4,46949.23,High,10
2026-09-13,B005,Trichy,Tamil Nadu,P006,Smartphone,Electronics,60,6,11,50,55,12,17365.11,Medium,5
2026-09-13,B005,Trichy,Tamil Nadu,P007,Printer,Electronics,15,1,3,12,10,3,12212.64,Low,8
2026-09-13,B005,Trichy,Tamil Nadu,P008,Air Conditioner,Appliances,34,1,3,16,18,3,41648.52,Low,4
2026-09-13,B005,Trichy,Tamil Nadu,P009,Router,Networking,23,0,1,44,48,11,3421.54,Critical,7
2026-09-13,B005,Trichy,Tamil Nadu,P010,Monitor,Electronics,36,1,7,24,21,6,16588.65,Low,6
2026-09-13,B006,Tiruppur,Tamil Nadu,P001,LED TV,Electronics,28,3,2,31,30,8,33210.02,High,6
2026-09-13,B006,Tiruppur,Tamil Nadu,P002,Refrigerator,Appliances,20,0,3,15,15,3,26298.73,Low,8
2026-09-13,B006,Tiruppur,Tamil Nadu,P003,Washing Machine,Appliances,15,1,2,17,16,3,23156.51,Medium,10
2026-09-13,B006,Tiruppur,Tamil Nadu,P004,Microwave,Appliances,13,1,4,12,12,3,9339.39,Low,6
2026-09-13,B006,Tiruppur,Tamil Nadu,P005,Laptop,Electronics,35,0,3,23,25,6,46141.24,Low,8
2026-09-13,B006,Tiruppur,Tamil Nadu,P006,Smartphone,Electronics,65,6,5,52,53,16,17318.86,Medium,6
2026-09-13,B006,Tiruppur,Tamil Nadu,P007,Printer,Electronics,9,0,1,14,15,5,11983.47,Critical,8
2026-09-13,B006,Tiruppur,Tamil Nadu,P008,Air Conditioner,Appliances,10,0,1,9,9,3,44600.32,Medium,6
2026-09-13,B006,Tiruppur,Tamil Nadu,P009,Router,Networking,64,0,12,39,39,11,3599.47,Low,6
2026-09-13,B006,Tiruppur,Tamil Nadu,P010,Monitor,Electronics,29,2,1,19,22,4,14936.88,Low,5
2026-09-13,B007,Erode,Tamil Nadu,P001,LED TV,Electronics,25,4,2,39,36,8,31202.04,Critical,6
2026-09-13,B007,Erode,Tamil Nadu,P002,Refrigerator,Appliances,6,1,0,11,11,3,25836.77,Critical,8
2026-09-13,B007,Erode,Tamil Nadu,P003,Washing Machine,Appliances,26,0,3,18,16,5,22401.31,Low,5
2026-09-13,B007,Erode,Tamil Nadu,P004,Microwave,Appliances,8,1,0,12,11,3,8612.52,Critical,8
2026-09-13,B007,Erode,Tamil Nadu,P005,Laptop,Electronics,40,1,2,21,22,6,45407.28,Low,7
2026-09-13,B007,Erode,Tamil Nadu,P006,Smartphone,Electronics,94,1,12,54,56,18,19315.42,Low,3
2026-09-13,B007,Erode,Tamil Nadu,P007,Printer,Electronics,8,0,2,10,11,3,11181.56,High,10
2026-09-13,B007,Erode,Tamil Nadu,P008,Air Conditioner,Appliances,16,0,2,11,10,3,39812.63,Low,9
2026-09-13,B007,Erode,Tamil Nadu,P009,Router,Networking,29,0,0,43,40,13,3340.52,Critical,8
2026-09-13,B007,Erode,Tamil Nadu,P010,Monitor,Electronics,33,1,5,19,20,5,16745.32,Low,9
2026-09-13,B008,Vellore,Tamil Nadu,P001,LED TV,Electronics,22,3,4,31,30,9,31896.28,Critical,7
2026-09-13,B008,Vellore,Tamil Nadu,P002,Refrigerator,Appliances,39,2,0,19,21,7,27427.31,Low,3
2026-09-13,B008,Vellore,Tamil Nadu,P003,Washing Machine,Appliances,35,0,0,19,19,3,23002.01,Low,5
2026-09-13,B008,Vellore,Tamil Nadu,P004,Microwave,Appliances,13,1,0,10,9,3,8772.68,Low,5
2026-09-13,B008,Vellore,Tamil Nadu,P005,Laptop,Electronics,42,1,2,25,24,7,45001.05,Low,3
2026-09-13,B008,Vellore,Tamil Nadu,P006,Smartphone,Electronics,59,2,8,46,41,8,18067.8,Low,9
2026-09-13,B008,Vellore,Tamil Nadu,P007,Printer,Electronics,13,1,2,11,11,3,12245.02,Low,4
2026-09-13,B008,Vellore,Tamil Nadu,P008,Air Conditioner,Appliances,7,0,1,9,8,3,44089.68,High,4
2026-09-13,B008,Vellore,Tamil Nadu,P009,Router,Networking,71,1,12,51,48,11,3384.46,Low,7
2026-09-13,B008,Vellore,Tamil Nadu,P010,Monitor,Electronics,16,1,5,28,24,8,16514.47,Critical,4
2026-09-14,B001,Chennai,Tamil Nadu,P001,LED TV,Electronics,37,1,8,48,44,13,30430.0,High,3
2026-09-14,B001,Chennai,Tamil Nadu,P002,Refrigerator,Appliances,25,2,4,23,22,6,26894.04,Medium,4
2026-09-14,B001,Chennai,Tamil Nadu,P003,Washing Machine,Appliances,26,3,4,26,26,6,22319.85,Medium,6
2026-09-14,B001,Chennai,Tamil Nadu,P004,Microwave,Appliances,16,2,1,19,20,6,9610.89,Critical,7
2026-09-14,B001,Chennai,Tamil Nadu,P005,Laptop,Electronics,48,0,5,35,36,10,49626.44,Low,4
2026-09-14,B001,Chennai,Tamil Nadu,P006,Smartphone,Electronics,70,8,20,66,67,20,18633.87,Medium,4
2026-09-14,B001,Chennai,Tamil Nadu,P007,Printer,Electronics,21,1,4,21,22,5,11600.72,Medium,8
2026-09-14,B001,Chennai,Tamil Nadu,P008,Air Conditioner,Appliances,34,1,1,24,25,8,39480.7,Low,5
2026-09-14,B001,Chennai,Tamil Nadu,P009,Router,Networking,41,1,10,50,48,13,3261.92,High,6
2026-09-14,B001,Chennai,Tamil Nadu,P010,Monitor,Electronics,18,1,5,25,28,6,17211.59,High,10
2026-09-14,B002,Coimbatore,Tamil Nadu,P001,LED TV,Electronics,44,5,21,56,63,16,30389.47,High,3
2026-09-14,B002,Coimbatore,Tamil Nadu,P002,Refrigerator,Appliances,16,2,0,19,18,4,26090.46,High,5
2026-09-14,B002,Coimbatore,Tamil Nadu,P003,Washing Machine,Appliances,18,2,5,21,21,6,22992.07,High,8
2026-09-14,B002,Coimbatore,Tamil Nadu,P004,Microwave,Appliances,17,0,3,15,16,4,9051.99,Low,6
2026-09-14,B002,Coimbatore,Tamil Nadu,P005,Laptop,Electronics,37,1,4,22,23,6,46296.44,Low,6
2026-09-14,B002,Coimbatore,Tamil Nadu,P006,Smartphone,Electronics,123,10,3,81,91,22,17942.76,Low,6
2026-09-14,B002,Coimbatore,Tamil Nadu,P007,Printer,Electronics,10,0,0,15,16,4,11066.79,Critical,4
2026-09-14,B002,Coimbatore,Tamil Nadu,P008,Air Conditioner,Appliances,15,0,3,19,19,3,39831.95,High,4
2026-09-14,B002,Coimbatore,Tamil Nadu,P009,Router,Networking,39,1,12,50,44,13,3311.16,Medium,3
2026-09-14,B002,Coimbatore,Tamil Nadu,P010,Monitor,Electronics,47,2,9,30,32,9,14807.48,Low,5
2026-09-14,B003,Madurai,Tamil Nadu,P001,LED TV,Electronics,43,3,13,41,39,11,33929.74,Low,6
2026-09-14,B003,Madurai,Tamil Nadu,P002,Refrigerator,Appliances,31,2,1,18,19,4,29319.19,Low,9
2026-09-14,B003,Madurai,Tamil Nadu,P003,Washing Machine,Appliances,35,1,7,21,21,5,24932.06,Low,3
2026-09-14,B003,Madurai,Tamil Nadu,P004,Microwave,Appliances,6,0,3,9,10,3,8524.48,High,3
2026-09-14,B003,Madurai,Tamil Nadu,P005,Laptop,Electronics,20,0,4,23,22,4,44310.71,Medium,9
2026-09-14,B003,Madurai,Tamil Nadu,P006,Smartphone,Electronics,46,3,4,37,38,9,18572.87,Low,7
2026-09-14,B003,Madurai,Tamil Nadu,P007,Printer,Electronics,27,0,5,15,16,5,12401.53,Low,10
2026-09-14,B003,Madurai,Tamil Nadu,P008,Air Conditioner,Appliances,18,1,2,11,11,3,39213.26,Low,10
2026-09-14,B003,Madurai,Tamil Nadu,P009,Router,Networking,86,1,1,49,48,11,3744.46,Low,3
2026-09-14,B003,Madurai,Tamil Nadu,P010,Monitor,Electronics,41,0,3,27,29,9,15813.43,Low,6
2026-09-14,B004,Salem,Tamil Nadu,P001,LED TV,Electronics,38,3,2,40,41,9,33078.83,High,4
2026-09-14,B004,Salem,Tamil Nadu,P002,Refrigerator,Appliances,21,0,4,14,13,3,26383.81,Low,6
2026-09-14,B004,Salem,Tamil Nadu,P003,Washing Machine,Appliances,5,0,0,12,11,3,22574.47,Critical,6
2026-09-14,B004,Salem,Tamil Nadu,P004,Microwave,Appliances,7,0,2,11,12,3,8414.47,Critical,10
2026-09-14,B004,Salem,Tamil Nadu,P005,Laptop,Electronics,30,3,3,22,28,6,45778.04,Medium,8
2026-09-14,B004,Salem,Tamil Nadu,P006,Smartphone,Electronics,120,6,1,65,65,21,18166.14,Low,9
2026-09-14,B004,Salem,Tamil Nadu,P007,Printer,Electronics,16,0,3,11,11,3,11386.5,Low,5
2026-09-14,B004,Salem,Tamil Nadu,P008,Air Conditioner,Appliances,10,1,1,9,8,3,45177.97,Medium,10
2026-09-14,B004,Salem,Tamil Nadu,P009,Router,Networking,88,4,15,46,47,15,3390.76,Low,6
2026-09-14,B004,Salem,Tamil Nadu,P010,Monitor,Electronics,12,0,1,23,24,6,15428.62,Critical,5
2026-09-14,B005,Trichy,Tamil Nadu,P001,LED TV,Electronics,40,2,1,32,29,9,31442.45,Low,7
2026-09-14,B005,Trichy,Tamil Nadu,P002,Refrigerator,Appliances,9,0,1,13,12,3,28551.69,High,6
2026-09-14,B005,Trichy,Tamil Nadu,P003,Washing Machine,Appliances,17,0,1,20,18,5,25663.01,High,8
2026-09-14,B005,Trichy,Tamil Nadu,P004,Microwave,Appliances,13,1,1,11,10,3,8568.53,Low,9
2026-09-14,B005,Trichy,Tamil Nadu,P005,Laptop,Electronics,30,2,1,26,28,9,44563.83,High,8
2026-09-14,B005,Trichy,Tamil Nadu,P006,Smartphone,Electronics,48,2,5,40,45,12,17043.55,Medium,4
2026-09-14,B005,Trichy,Tamil Nadu,P007,Printer,Electronics,12,1,0,13,12,3,12610.78,High,5
2026-09-14,B005,Trichy,Tamil Nadu,P008,Air Conditioner,Appliances,13,0,2,14,14,4,40972.02,High,5
2026-09-14,B005,Trichy,Tamil Nadu,P009,Router,Networking,49,2,1,41,36,12,3416.98,Low,6
2026-09-14,B005,Trichy,Tamil Nadu,P010,Monitor,Electronics,67,3,9,33,36,8,16954.55,Low,6
2026-09-14,B006,Tiruppur,Tamil Nadu,P001,LED TV,Electronics,73,4,4,41,40,12,34050.91,Low,7
2026-09-14,B006,Tiruppur,Tamil Nadu,P002,Refrigerator,Appliances,31,1,2,21,20,5,29101.92,Low,10
2026-09-14,B006,Tiruppur,Tamil Nadu,P003,Washing Machine,Appliances,22,1,1,12,12,3,24359.07,Low,5
2026-09-14,B006,Tiruppur,Tamil Nadu,P004,Microwave,Appliances,20,0,2,19,17,5,8348.56,Low,8
2026-09-14,B006,Tiruppur,Tamil Nadu,P005,Laptop,Electronics,34,2,5,21,19,4,50676.36,Low,3
2026-09-14,B006,Tiruppur,Tamil Nadu,P006,Smartphone,Electronics,77,1,12,48,48,16,16604.25,Low,10
2026-09-14,B006,Tiruppur,Tamil Nadu,P007,Printer,Electronics,18,1,2,10,10,3,11954.58,Low,10
2026-09-14,B006,Tiruppur,Tamil Nadu,P008,Air Conditioner,Appliances,8,1,1,14,12,3,42664.2,Critical,5
2026-09-14,B006,Tiruppur,Tamil Nadu,P009,Router,Networking,49,2,7,29,29,8,3526.86,Low,6
2026-09-14,B006,Tiruppur,Tamil Nadu,P010,Monitor,Electronics,8,0,1,15,15,5,17163.59,Critical,7
2026-09-14,B007,Erode,Tamil Nadu,P001,LED TV,Electronics,26,0,6,17,19,5,34229.49,Low,8
2026-09-14,B007,Erode,Tamil Nadu,P002,Refrigerator,Appliances,8,0,0,12,12,3,26654.31,Critical,9
2026-09-14,B007,Erode,Tamil Nadu,P003,Washing Machine,Appliances,10,0,3,17,18,4,25401.91,Critical,10
2026-09-14,B007,Erode,Tamil Nadu,P004,Microwave,Appliances,28,2,4,15,17,3,8536.87,Low,6
2026-09-14,B007,Erode,Tamil Nadu,P005,Laptop,Electronics,35,0,5,23,23,7,47990.11,Low,4
2026-09-14,B007,Erode,Tamil Nadu,P006,Smartphone,Electronics,72,1,6,38,41,13,16955.61,Low,8
2026-09-14,B007,Erode,Tamil Nadu,P007,Printer,Electronics,7,0,0,6,5,3,11703.47,Medium,6
2026-09-14,B007,Erode,Tamil Nadu,P008,Air Conditioner,Appliances,22,0,2,15,13,3,43551.28,Low,6
2026-09-14,B007,Erode,Tamil Nadu,P009,Router,Networking,16,1,6,36,35,7,3262.05,Critical,6
2026-09-14,B007,Erode,Tamil Nadu,P010,Monitor,Electronics,10,0,0,15,15,4,16732.47,Critical,3
2026-09-14,B008,Vellore,Tamil Nadu,P001,LED TV,Electronics,19,1,2,24,22,6,33896.47,High,10
2026-09-14,B008,Vellore,Tamil Nadu,P002,Refrigerator,Appliances,6,1,2,14,13,3,27933.84,Critical,4
2026-09-14,B008,Vellore,Tamil Nadu,P003,Washing Machine,Appliances,12,1,2,16,15,4,24997.44,High,5
2026-09-14,B008,Vellore,Tamil Nadu,P004,Microwave,Appliances,12,0,0,14,11,3,9047.95,Medium,6
2026-09-14,B008,Vellore,Tamil Nadu,P005,Laptop,Electronics,26,2,2,26,19,6,47781.41,Low,3
2026-09-14,B008,Vellore,Tamil Nadu,P006,Smartphone,Electronics,44,2,6,29,31,9,18244.62,Low,6
2026-09-14,B008,Vellore,Tamil Nadu,P007,Printer,Electronics,21,1,3,17,18,4,11213.43,Low,10
2026-09-14,B008,Vellore,Tamil Nadu,P008,Air Conditioner,Appliances,5,0,2,8,7,3,39723.63,High,4
2026-09-14,B008,Vellore,Tamil Nadu,P009,Router,Networking,34,1,5,26,22,5,3578.44,Low,10
2026-09-14,B008,Vellore,Tamil Nadu,P010,Monitor,Electronics,21,1,5,18,16,4,16165.43,Low,7
2026-09-15,B001,Chennai,Tamil Nadu,P001,LED TV,Electronics,21,3,5,49,45,15,31211.48,Critical,4
2026-09-15,B001,Chennai,Tamil Nadu,P002,Refrigerator,Appliances,27,1,2,18,17,4,29912.13,Low,4
2026-09-15,B001,Chennai,Tamil Nadu,P003,Washing Machine,Appliances,34,1,1,32,34,8,24975.03,High,4
2026-09-15,B001,Chennai,Tamil Nadu,P004,Microwave,Appliances,13,2,3,24,26,8,9479.75,Critical,4
2026-09-15,B001,Chennai,Tamil Nadu,P005,Laptop,Electronics,45,3,9,34,34,10,46363.54,Low,5
2026-09-15,B001,Chennai,Tamil Nadu,P006,Smartphone,Electronics,78,3,14,68,66,13,17183.13,Low,3
2026-09-15,B001,Chennai,Tamil Nadu,P007,Printer,Electronics,19,0,3,17,16,3,11593.36,Low,4
2026-09-15,B001,Chennai,Tamil Nadu,P008,Air Conditioner,Appliances,22,1,0,21,19,5,43900.83,Medium,5
2026-09-15,B001,Chennai,Tamil Nadu,P009,Router,Networking,95,10,21,61,69,15,3606.56,Low,5
2026-09-15,B001,Chennai,Tamil Nadu,P010,Monitor,Electronics,26,2,1,33,37,10,15915.57,Critical,10
2026-09-15,B002,Coimbatore,Tamil Nadu,P001,LED TV,Electronics,51,2,9,46,40,12,32849.37,Low,5
2026-09-15,B002,Coimbatore,Tamil Nadu,P002,Refrigerator,Appliances,13,1,0,15,16,4,26110.26,Critical,5
2026-09-15,B002,Coimbatore,Tamil Nadu,P003,Washing Machine,Appliances,32,0,2,21,22,4,22835.13,Low,7
2026-09-15,B002,Coimbatore,Tamil Nadu,P004,Microwave,Appliances,20,0,0,19,19,5,9037.3,High,8
2026-09-15,B002,Coimbatore,Tamil Nadu,P005,Laptop,Electronics,64,2,0,33,36,10,49073.42,Low,4
2026-09-15,B002,Coimbatore,Tamil Nadu,P006,Smartphone,Electronics,100,3,18,57,62,17,17486.49,Low,10
2026-09-15,B002,Coimbatore,Tamil Nadu,P007,Printer,Electronics,21,2,0,17,17,5,11414.25,Medium,6
2026-09-15,B002,Coimbatore,Tamil Nadu,P008,Air Conditioner,Appliances,11,2,1,15,16,4,41921.81,Critical,9
2026-09-15,B002,Coimbatore,Tamil Nadu,P009,Router,Networking,78,2,13,45,43,14,3526.23,Low,5
2026-09-15,B002,Coimbatore,Tamil Nadu,P010,Monitor,Electronics,33,1,8,26,26,5,16862.83,Low,8
2026-09-15,B003,Madurai,Tamil Nadu,P001,LED TV,Electronics,78,7,4,47,53,14,32292.13,Low,6
2026-09-15,B003,Madurai,Tamil Nadu,P002,Refrigerator,Appliances,12,1,3,15,16,4,26902.68,High,8
2026-09-15,B003,Madurai,Tamil Nadu,P003,Washing Machine,Appliances,27,1,6,26,25,7,24212.36,Low,10
2026-09-15,B003,Madurai,Tamil Nadu,P004,Microwave,Appliances,20,0,2,14,14,4,8922.79,Low,9
2026-09-15,B003,Madurai,Tamil Nadu,P005,Laptop,Electronics,17,0,6,26,24,5,49957.33,High,8
2026-09-15,B003,Madurai,Tamil Nadu,P006,Smartphone,Electronics,94,2,16,58,57,17,18317.81,Low,9
2026-09-15,B003,Madurai,Tamil Nadu,P007,Printer,Electronics,8,1,2,11,11,3,12365.84,Critical,5
2026-09-15,B003,Madurai,Tamil Nadu,P008,Air Conditioner,Appliances,17,1,2,12,12,3,40256.01,Low,7
2026-09-15,B003,Madurai,Tamil Nadu,P009,Router,Networking,75,6,15,60,50,11,3509.54,Low,9
2026-09-15,B003,Madurai,Tamil Nadu,P010,Monitor,Electronics,12,2,5,20,21,7,15011.68,Critical,8
2026-09-15,B004,Salem,Tamil Nadu,P001,LED TV,Electronics,17,3,1,39,38,11,30169.15,Critical,5
2026-09-15,B004,Salem,Tamil Nadu,P002,Refrigerator,Appliances,13,0,7,22,24,4,29911.47,High,9
2026-09-15,B004,Salem,Tamil Nadu,P003,Washing Machine,Appliances,32,1,2,19,19,4,23419.43,Low,10
2026-09-15,B004,Salem,Tamil Nadu,P004,Microwave,Appliances,10,0,2,14,13,3,8774.47,High,6
2026-09-15,B004,Salem,Tamil Nadu,P005,Laptop,Electronics,32,3,5,27,25,6,51369.4,Low,3
2026-09-15,B004,Salem,Tamil Nadu,P006,Smartphone,Electronics,72,0,13,42,42,10,18451.38,Low,10
2026-09-15,B004,Salem,Tamil Nadu,P007,Printer,Electronics,8,0,1,10,10,3,12598.51,High,6
2026-09-15,B004,Salem,Tamil Nadu,P008,Air Conditioner,Appliances,15,1,4,15,14,3,42882.48,Low,7
2026-09-15,B004,Salem,Tamil Nadu,P009,Router,Networking,36,1,2,30,29,8,3462.99,Low,8
2026-09-15,B004,Salem,Tamil Nadu,P010,Monitor,Electronics,14,1,2,18,16,3,17146.41,High,4
2026-09-15,B005,Trichy,Tamil Nadu,P001,LED TV,Electronics,41,3,2,36,37,11,31659.85,High,7
2026-09-15,B005,Trichy,Tamil Nadu,P002,Refrigerator,Appliances,22,1,3,16,17,4,25765.17,Low,6
2026-09-15,B005,Trichy,Tamil Nadu,P003,Washing Machine,Appliances,32,1,3,19,21,6,25656.27,Low,7
2026-09-15,B005,Trichy,Tamil Nadu,P004,Microwave,Appliances,24,0,3,13,13,3,8654.59,Low,6
2026-09-15,B005,Trichy,Tamil Nadu,P005,Laptop,Electronics,42,5,5,37,37,11,51010.73,Medium,3
2026-09-15,B005,Trichy,Tamil Nadu,P006,Smartphone,Electronics,28,5,7,49,43,13,16965.52,Critical,3
2026-09-15,B005,Trichy,Tamil Nadu,P007,Printer,Electronics,19,0,3,13,11,3,12358.8,Low,8
2026-09-15,B005,Trichy,Tamil Nadu,P008,Air Conditioner,Appliances,17,2,3,19,19,4,44287.73,High,6
2026-09-15,B005,Trichy,Tamil Nadu,P009,Router,Networking,58,5,4,43,44,11,3286.19,Low,3
2026-09-15,B005,Trichy,Tamil Nadu,P010,Monitor,Electronics,50,2,10,31,30,8,15061.78,Low,10
2026-09-15,B006,Tiruppur,Tamil Nadu,P001,LED TV,Electronics,45,3,2,30,28,7,29722.38,Low,7
2026-09-15,B006,Tiruppur,Tamil Nadu,P002,Refrigerator,Appliances,9,0,2,9,8,3,26761.79,Low,6
2026-09-15,B006,Tiruppur,Tamil Nadu,P003,Washing Machine,Appliances,17,0,0,14,12,3,24884.51,Low,8
2026-09-15,B006,Tiruppur,Tamil Nadu,P004,Microwave,Appliances,27,0,4,15,15,3,9433.44,Low,3
2026-09-15,B006,Tiruppur,Tamil Nadu,P005,Laptop,Electronics,33,2,1,26,28,6,45273.21,Medium,3
2026-09-15,B006,Tiruppur,Tamil Nadu,P006,Smartphone,Electronics,84,3,3,53,52,11,16906.62,Low,7
2026-09-15,B006,Tiruppur,Tamil Nadu,P007,Printer,Electronics,18,0,3,12,12,3,12417.14,Low,8
2026-09-15,B006,Tiruppur,Tamil Nadu,P008,Air Conditioner,Appliances,10,0,3,14,13,3,41602.5,High,4
2026-09-15,B006,Tiruppur,Tamil Nadu,P009,Router,Networking,45,0,7,46,39,13,3402.42,Low,5
2026-09-15,B006,Tiruppur,Tamil Nadu,P010,Monitor,Electronics,14,0,3,24,21,4,15978.51,High,6
2026-09-15,B007,Erode,Tamil Nadu,P001,LED TV,Electronics,26,2,0,30,30,6,31909.65,High,10
2026-09-15,B007,Erode,Tamil Nadu,P002,Refrigerator,Appliances,13,0,0,11,10,3,29827.45,Low,8
2026-09-15,B007,Erode,Tamil Nadu,P003,Washing Machine,Appliances,6,1,2,12,12,3,25808.83,Critical,4
2026-09-15,B007,Erode,Tamil Nadu,P004,Microwave,Appliances,10,1,3,13,13,3,8777.53,High,8
2026-09-15,B007,Erode,Tamil Nadu,P005,Laptop,Electronics,11,1,3,12,12,4,48220.5,High,6
2026-09-15,B007,Erode,Tamil Nadu,P006,Smartphone,Electronics,46,0,10,31,31,6,18170.53,Low,8
2026-09-15,B007,Erode,Tamil Nadu,P007,Printer,Electronics,13,0,1,13,12,3,11361.34,Medium,8
2026-09-15,B007,Erode,Tamil Nadu,P008,Air Conditioner,Appliances,17,0,2,13,13,3,41544.15,Low,3
2026-09-15,B007,Erode,Tamil Nadu,P009,Router,Networking,17,2,7,36,35,11,3326.91,Critical,5
2026-09-15,B007,Erode,Tamil Nadu,P010,Monitor,Electronics,28,2,4,18,17,4,15929.34,Low,8
2026-09-15,B008,Vellore,Tamil Nadu,P001,LED TV,Electronics,26,4,8,27,29,7,32333.65,High,8
2026-09-15,B008,Vellore,Tamil Nadu,P002,Refrigerator,Appliances,27,0,3,17,18,5,26836.89,Low,6
2026-09-15,B008,Vellore,Tamil Nadu,P003,Washing Machine,Appliances,15,1,0,12,12,3,23783.45,Medium,6
2026-09-15,B008,Vellore,Tamil Nadu,P004,Microwave,Appliances,20,0,3,13,12,3,8388.6,Low,5
2026-09-15,B008,Vellore,Tamil Nadu,P005,Laptop,Electronics,28,2,8,24,24,5,46915.78,Low,10
2026-09-15,B008,Vellore,Tamil Nadu,P006,Smartphone,Electronics,67,3,15,49,50,11,16582.98,Low,7
2026-09-15,B008,Vellore,Tamil Nadu,P007,Printer,Electronics,6,0,2,10,10,3,12454.78,Critical,4
2026-09-15,B008,Vellore,Tamil Nadu,P008,Air Conditioner,Appliances,11,0,2,17,16,3,38776.66,High,7
2026-09-15,B008,Vellore,Tamil Nadu,P009,Router,Networking,52,3,4,32,36,11,3735.79,Low,3
2026-09-15,B008,Vellore,Tamil Nadu,P010,Monitor,Electronics,24,1,1,16,16,5,15522.24,Low,8
2026-09-16,B001,Chennai,Tamil Nadu,P001,LED TV,Electronics,45,5,23,71,71,19,33304.78,High,7
2026-09-16,B001,Chennai,Tamil Nadu,P002,Refrigerator,Appliances,33,1,3,26,26,7,30184.47,Low,10
2026-09-16,B001,Chennai,Tamil Nadu,P003,Washing Machine,Appliances,41,0,3,26,23,7,24440.25,Low,8
2026-09-16,B001,Chennai,Tamil Nadu,P004,Microwave,Appliances,32,0,0,18,18,4,9156.62,Low,6
2026-09-16,B001,Chennai,Tamil Nadu,P005,Laptop,Electronics,47,3,2,40,38,9,46453.99,Medium,8
2026-09-16,B001,Chennai,Tamil Nadu,P006,Smartphone,Electronics,98,7,18,63,59,12,18696.41,Low,8
2026-09-16,B001,Chennai,Tamil Nadu,P007,Printer,Electronics,20,0,0,18,20,4,12506.16,Medium,7
2026-09-16,B001,Chennai,Tamil Nadu,P008,Air Conditioner,Appliances,7,0,1,21,16,3,40320.39,Critical,3
2026-09-16,B001,Chennai,Tamil Nadu,P009,Router,Networking,92,7,25,66,75,24,3271.5,Low,5
2026-09-16,B001,Chennai,Tamil Nadu,P010,Monitor,Electronics,27,3,7,28,28,7,16515.19,Medium,7
2026-09-16,B002,Coimbatore,Tamil Nadu,P001,LED TV,Electronics,54,4,6,43,47,14,29855.59,Medium,4
2026-09-16,B002,Coimbatore,Tamil Nadu,P002,Refrigerator,Appliances,34,2,0,19,21,4,28938.29,Low,7
2026-09-16,B002,Coimbatore,Tamil Nadu,P003,Washing Machine,Appliances,9,0,4,18,15,4,23436.24,High,9
2026-09-16,B002,Coimbatore,Tamil Nadu,P004,Microwave,Appliances,16,1,3,15,16,5,8696.36,Medium,8
2026-09-16,B002,Coimbatore,Tamil Nadu,P005,Laptop,Electronics,30,2,5,23,23,5,45548.55,Low,6
2026-09-16,B002,Coimbatore,Tamil Nadu,P006,Smartphone,Electronics,56,4,12,59,68,21,16907.71,High,3
2026-09-16,B002,Coimbatore,Tamil Nadu,P007,Printer,Electronics,13,0,3,17,14,4,12321.16,Medium,3
2026-09-16,B002,Coimbatore,Tamil Nadu,P008,Air Conditioner,Appliances,18,1,2,15,16,4,40617.96,Medium,9
2026-09-16,B002,Coimbatore,Tamil Nadu,P009,Router,Networking,103,8,19,65,67,15,3364.98,Low,9
2026-09-16,B002,Coimbatore,Tamil Nadu,P010,Monitor,Electronics,32,0,0,22,22,5,17183.11,Low,10
2026-09-16,B003,Madurai,Tamil Nadu,P001,LED TV,Electronics,75,0,6,39,40,8,33937.33,Low,7
2026-09-16,B003,Madurai,Tamil Nadu,P002,Refrigerator,Appliances,35,1,1,21,19,5,26028.73,Low,6
2026-09-16,B003,Madurai,Tamil Nadu,P003,Washing Machine,Appliances,14,1,0,16,15,3,25107.21,High,9
2026-09-16,B003,Madurai,Tamil Nadu,P004,Microwave,Appliances,7,1,1,17,16,4,8722.72,Critical,4
2026-09-16,B003,Madurai,Tamil Nadu,P005,Laptop,Electronics,26,3,3,30,34,10,45868.2,Critical,5
2026-09-16,B003,Madurai,Tamil Nadu,P006,Smartphone,Electronics,71,1,9,64,67,16,17177.5,Medium,5
2026-09-16,B003,Madurai,Tamil Nadu,P007,Printer,Electronics,17,0,2,12,12,3,11233.76,Low,9
2026-09-16,B003,Madurai,Tamil Nadu,P008,Air Conditioner,Appliances,15,1,1,14,15,3,41652.66,Medium,8
2026-09-16,B003,Madurai,Tamil Nadu,P009,Router,Networking,75,0,5,46,42,12,3744.62,Low,6
2026-09-16,B003,Madurai,Tamil Nadu,P010,Monitor,Electronics,4,0,0,10,9,3,16836.54,Critical,6
2026-09-16,B004,Salem,Tamil Nadu,P001,LED TV,Electronics,31,1,4,35,34,9,33029.4,High,3
2026-09-16,B004,Salem,Tamil Nadu,P002,Refrigerator,Appliances,17,0,2,15,14,3,26176.6,Low,8
2026-09-16,B004,Salem,Tamil Nadu,P003,Washing Machine,Appliances,33,1,3,17,18,6,24644.16,Low,10
2026-09-16,B004,Salem,Tamil Nadu,P004,Microwave,Appliances,10,1,3,14,14,3,8755.36,High,4
2026-09-16,B004,Salem,Tamil Nadu,P005,Laptop,Electronics,33,2,8,31,27,7,49409.33,Low,10
2026-09-16,B004,Salem,Tamil Nadu,P006,Smartphone,Electronics,61,1,10,50,54,16,18978.92,Low,7
2026-09-16,B004,Salem,Tamil Nadu,P007,Printer,Electronics,7,1,1,14,14,4,12051.92,Critical,3
2026-09-16,B004,Salem,Tamil Nadu,P008,Air Conditioner,Appliances,13,1,0,10,11,3,42346.27,Medium,8
2026-09-16,B004,Salem,Tamil Nadu,P009,Router,Networking,29,6,15,42,47,15,3555.57,Critical,9
2026-09-16,B004,Salem,Tamil Nadu,P010,Monitor,Electronics,30,2,2,21,20,5,17123.32,Low,3
2026-09-16,B005,Trichy,Tamil Nadu,P001,LED TV,Electronics,48,0,3,32,35,10,32342.33,Low,5
2026-09-16,B005,Trichy,Tamil Nadu,P002,Refrigerator,Appliances,17,1,4,21,22,5,28743.62,High,10
2026-09-16,B005,Trichy,Tamil Nadu,P003,Washing Machine,Appliances,23,1,4,17,17,4,22823.16,Low,3
2026-09-16,B005,Trichy,Tamil Nadu,P004,Microwave,Appliances,11,1,2,15,15,3,8891.25,High,8
2026-09-16,B005,Trichy,Tamil Nadu,P005,Laptop,Electronics,48,0,2,27,27,6,48037.28,Low,4
2026-09-16,B005,Trichy,Tamil Nadu,P006,Smartphone,Electronics,105,5,4,58,58,20,18302.32,Low,4
2026-09-16,B005,Trichy,Tamil Nadu,P007,Printer,Electronics,15,1,1,17,18,5,12170.57,High,4
2026-09-16,B005,Trichy,Tamil Nadu,P008,Air Conditioner,Appliances,13,1,2,12,11,3,40365.23,Low,9
2026-09-16,B005,Trichy,Tamil Nadu,P009,Router,Networking,34,1,7,35,32,6,3329.68,Low,6
2026-09-16,B005,Trichy,Tamil Nadu,P010,Monitor,Electronics,13,2,4,21,21,7,16714.42,Critical,6
2026-09-16,B006,Tiruppur,Tamil Nadu,P001,LED TV,Electronics,13,1,5,29,30,9,31145.83,Critical,5
2026-09-16,B006,Tiruppur,Tamil Nadu,P002,Refrigerator,Appliances,18,0,0,17,15,4,26504.67,Medium,9
2026-09-16,B006,Tiruppur,Tamil Nadu,P003,Washing Machine,Appliances,18,0,0,13,12,3,23989.28,Low,8
2026-09-16,B006,Tiruppur,Tamil Nadu,P004,Microwave,Appliances,5,0,1,10,10,3,8571.22,Critical,4
2026-09-16,B006,Tiruppur,Tamil Nadu,P005,Laptop,Electronics,32,2,7,23,23,6,47754.5,Low,3
2026-09-16,B006,Tiruppur,Tamil Nadu,P006,Smartphone,Electronics,29,7,2,49,51,14,17858.15,Critical,5
2026-09-16,B006,Tiruppur,Tamil Nadu,P007,Printer,Electronics,12,0,2,15,14,3,11474.13,High,7
2026-09-16,B006,Tiruppur,Tamil Nadu,P008,Air Conditioner,Appliances,16,0,1,11,12,3,39373.42,Low,3
2026-09-16,B006,Tiruppur,Tamil Nadu,P009,Router,Networking,44,3,4,46,46,10,3778.72,High,3
2026-09-16,B006,Tiruppur,Tamil Nadu,P010,Monitor,Electronics,18,1,3,18,19,4,16147.13,Medium,9
2026-09-16,B007,Erode,Tamil Nadu,P001,LED TV,Electronics,52,2,4,31,31,8,32400.42,Low,5
2026-09-16,B007,Erode,Tamil Nadu,P002,Refrigerator,Appliances,11,0,1,16,15,4,29160.71,Critical,3
2026-09-16,B007,Erode,Tamil Nadu,P003,Washing Machine,Appliances,13,1,3,11,11,3,23978.95,Low,4
2026-09-16,B007,Erode,Tamil Nadu,P004,Microwave,Appliances,7,1,3,12,12,3,9166.12,Critical,6
2026-09-16,B007,Erode,Tamil Nadu,P005,Laptop,Electronics,46,1,8,27,30,6,48826.68,Low,4
2026-09-16,B007,Erode,Tamil Nadu,P006,Smartphone,Electronics,61,1,6,56,50,11,19254.24,Low,6
2026-09-16,B007,Erode,Tamil Nadu,P007,Printer,Electronics,11,0,2,8,8,3,12309.56,Low,7
2026-09-16,B007,Erode,Tamil Nadu,P008,Air Conditioner,Appliances,29,0,3,16,17,5,41531.65,Low,3
2026-09-16,B007,Erode,Tamil Nadu,P009,Router,Networking,61,6,15,59,58,14,3436.78,Medium,6
2026-09-16,B007,Erode,Tamil Nadu,P010,Monitor,Electronics,26,2,1,20,19,5,16496.6,Low,5
2026-09-16,B008,Vellore,Tamil Nadu,P001,LED TV,Electronics,37,0,7,26,24,5,30336.13,Low,9
2026-09-16,B008,Vellore,Tamil Nadu,P002,Refrigerator,Appliances,8,2,2,18,16,4,27909.22,Critical,8
2026-09-16,B008,Vellore,Tamil Nadu,P003,Washing Machine,Appliances,11,2,5,19,17,3,25144.84,High,10
2026-09-16,B008,Vellore,Tamil Nadu,P004,Microwave,Appliances,20,0,1,12,13,3,9150.99,Low,6
2026-09-16,B008,Vellore,Tamil Nadu,P005,Laptop,Electronics,21,3,1,30,31,9,50837.42,Critical,8
2026-09-16,B008,Vellore,Tamil Nadu,P006,Smartphone,Electronics,30,2,9,49,43,14,17089.33,Critical,4
2026-09-16,B008,Vellore,Tamil Nadu,P007,Printer,Electronics,20,0,0,13,11,3,12017.03,Low,5
2026-09-16,B008,Vellore,Tamil Nadu,P008,Air Conditioner,Appliances,11,0,0,7,7,3,38736.63,Low,9
2026-09-16,B008,Vellore,Tamil Nadu,P009,Router,Networking,38,2,4,41,40,9,3691.08,High,9
2026-09-16,B008,Vellore,Tamil Nadu,P010,Monitor,Electronics,30,1,1,23,22,5,14898.27,Low,10
2026-09-17,B001,Chennai,Tamil Nadu,P001,LED TV,Electronics,70,3,8,60,62,19,32518.38,Medium,10
2026-09-17,B001,Chennai,Tamil Nadu,P002,Refrigerator,Appliances,37,1,4,20,21,5,26256.23,Low,3
2026-09-17,B001,Chennai,Tamil Nadu,P003,Washing Machine,Appliances,15,3,2,26,26,6,22136.7,Critical,10
2026-09-17,B001,Chennai,Tamil Nadu,P004,Microwave,Appliances,21,2,4,19,20,5,8380.36,Medium,3
2026-09-17,B001,Chennai,Tamil Nadu,P005,Laptop,Electronics,31,0,2,40,40,10,48554.6,High,6
2026-09-17,B001,Chennai,Tamil Nadu,P006,Smartphone,Electronics,89,4,13,86,88,29,17290.96,High,4
2026-09-17,B001,Chennai,Tamil Nadu,P007,Printer,Electronics,21,0,1,21,22,5,12790.96,High,5
2026-09-17,B001,Chennai,Tamil Nadu,P008,Air Conditioner,Appliances,15,1,3,23,19,4,44378.98,High,5
2026-09-17,B001,Chennai,Tamil Nadu,P009,Router,Networking,38,6,5,60,60,14,3590.21,Critical,5
2026-09-17,B001,Chennai,Tamil Nadu,P010,Monitor,Electronics,21,0,2,34,34,9,15798.14,Critical,7
2026-09-17,B002,Coimbatore,Tamil Nadu,P001,LED TV,Electronics,82,1,13,44,45,14,31610.02,Low,5
2026-09-17,B002,Coimbatore,Tamil Nadu,P002,Refrigerator,Appliances,12,2,2,16,15,4,27894.15,Critical,9
2026-09-17,B002,Coimbatore,Tamil Nadu,P003,Washing Machine,Appliances,27,3,0,25,24,5,23248.42,High,3
2026-09-17,B002,Coimbatore,Tamil Nadu,P004,Microwave,Appliances,19,1,2,15,13,3,8858.89,Low,7
2026-09-17,B002,Coimbatore,Tamil Nadu,P005,Laptop,Electronics,28,2,10,27,29,8,44511.33,Medium,7
2026-09-17,B002,Coimbatore,Tamil Nadu,P006,Smartphone,Electronics,63,5,11,50,51,14,19310.49,Low,3
2026-09-17,B002,Coimbatore,Tamil Nadu,P007,Printer,Electronics,25,0,4,15,14,4,11965.68,Low,6
2026-09-17,B002,Coimbatore,Tamil Nadu,P008,Air Conditioner,Appliances,13,0,0,17,17,5,40075.95,Critical,7
2026-09-17,B002,Coimbatore,Tamil Nadu,P009,Router,Networking,60,7,7,54,52,17,3488.65,Medium,7
2026-09-17,B002,Coimbatore,Tamil Nadu,P010,Monitor,Electronics,26,0,6,30,28,6,15933.81,Medium,7
2026-09-17,B003,Madurai,Tamil Nadu,P001,LED TV,Electronics,56,1,15,47,48,12,30571.79,Low,8
2026-09-17,B003,Madurai,Tamil Nadu,P002,Refrigerator,Appliances,16,2,1,20,21,5,29964.99,Critical,5
2026-09-17,B003,Madurai,Tamil Nadu,P003,Washing Machine,Appliances,12,3,1,22,21,5,22656.76,Critical,4
2026-09-17,B003,Madurai,Tamil Nadu,P004,Microwave,Appliances,17,0,2,12,11,3,8764.82,Low,9
2026-09-17,B003,Madurai,Tamil Nadu,P005,Laptop,Electronics,27,2,8,29,26,5,46667.25,Low,3
2026-09-17,B003,Madurai,Tamil Nadu,P006,Smartphone,Electronics,65,0,2,55,57,19,17521.88,Medium,8
2026-09-17,B003,Madurai,Tamil Nadu,P007,Printer,Electronics,15,0,1,10,10,3,11121.88,Low,4
2026-09-17,B003,Madurai,Tamil Nadu,P008,Air Conditioner,Appliances,10,0,0,15,14,4,41508.06,Critical,5
2026-09-17,B003,Madurai,Tamil Nadu,P009,Router,Networking,42,3,7,48,41,8,3447.26,Medium,4
2026-09-17,B003,Madurai,Tamil Nadu,P010,Monitor,Electronics,36,2,7,22,22,5,15553.59,Low,4
2026-09-17,B004,Salem,Tamil Nadu,P001,LED TV,Electronics,20,5,1,43,41,8,30232.49,Critical,7
2026-09-17,B004,Salem,Tamil Nadu,P002,Refrigerator,Appliances,23,1,1,12,13,3,27360.34,Low,7
2026-09-17,B004,Salem,Tamil Nadu,P003,Washing Machine,Appliances,24,2,2,18,19,3,23284.33,Low,6
2026-09-17,B004,Salem,Tamil Nadu,P004,Microwave,Appliances,17,1,0,16,16,3,8585.36,Medium,9
2026-09-17,B004,Salem,Tamil Nadu,P005,Laptop,Electronics,16,2,5,28,31,9,47891.42,Critical,8
2026-09-17,B004,Salem,Tamil Nadu,P006,Smartphone,Electronics,41,7,12,64,68,15,17630.89,Critical,3
2026-09-17,B004,Salem,Tamil Nadu,P007,Printer,Electronics,7,1,2,15,15,4,11733.22,Critical,4
2026-09-17,B004,Salem,Tamil Nadu,P008,Air Conditioner,Appliances,11,1,0,15,13,3,39120.2,Critical,4
2026-09-17,B004,Salem,Tamil Nadu,P009,Router,Networking,24,2,4,35,36,10,3563.82,Critical,10
2026-09-17,B004,Salem,Tamil Nadu,P010,Monitor,Electronics,12,0,2,23,22,7,14965.06,Critical,7
2026-09-17,B005,Trichy,Tamil Nadu,P001,LED TV,Electronics,56,0,15,50,55,17,31713.63,Medium,10
2026-09-17,B005,Trichy,Tamil Nadu,P002,Refrigerator,Appliances,20,2,2,15,15,3,29676.83,Low,9
2026-09-17,B005,Trichy,Tamil Nadu,P003,Washing Machine,Appliances,7,0,0,13,15,4,23714.95,Critical,10
2026-09-17,B005,Trichy,Tamil Nadu,P004,Microwave,Appliances,6,0,2,10,10,3,9373.47,Critical,3
2026-09-17,B005,Trichy,Tamil Nadu,P005,Laptop,Electronics,25,0,1,32,31,9,45310.59,Critical,4
2026-09-17,B005,Trichy,Tamil Nadu,P006,Smartphone,Electronics,28,2,12,60,54,15,17689.67,Critical,5
2026-09-17,B005,Trichy,Tamil Nadu,P007,Printer,Electronics,10,0,5,17,18,5,12172.87,High,5
2026-09-17,B005,Trichy,Tamil Nadu,P008,Air Conditioner,Appliances,12,2,0,20,21,6,44489.47,Critical,8
2026-09-17,B005,Trichy,Tamil Nadu,P009,Router,Networking,66,3,4,47,49,15,3253.74,Low,10
2026-09-17,B005,Trichy,Tamil Nadu,P010,Monitor,Electronics,23,3,0,21,22,7,16744.91,High,9
2026-09-17,B006,Tiruppur,Tamil Nadu,P001,LED TV,Electronics,29,4,2,35,36,10,32565.7,Critical,8
2026-09-17,B006,Tiruppur,Tamil Nadu,P002,Refrigerator,Appliances,22,1,3,13,13,4,30102.96,Low,6
2026-09-17,B006,Tiruppur,Tamil Nadu,P003,Washing Machine,Appliances,16,1,4,16,16,3,25682.33,Low,8
2026-09-17,B006,Tiruppur,Tamil Nadu,P004,Microwave,Appliances,11,0,3,16,16,3,8394.48,High,10
2026-09-17,B006,Tiruppur,Tamil Nadu,P005,Laptop,Electronics,36,0,1,22,21,5,49190.44,Low,5
2026-09-17,B006,Tiruppur,Tamil Nadu,P006,Smartphone,Electronics,67,4,9,33,36,11,17582.84,Low,5
2026-09-17,B006,Tiruppur,Tamil Nadu,P007,Printer,Electronics,9,1,0,13,12,3,12179.67,Critical,3
2026-09-17,B006,Tiruppur,Tamil Nadu,P008,Air Conditioner,Appliances,15,1,1,16,17,3,43852.08,High,3
2026-09-17,B006,Tiruppur,Tamil Nadu,P009,Router,Networking,62,2,9,46,45,12,3676.7,Low,3
2026-09-17,B006,Tiruppur,Tamil Nadu,P010,Monitor,Electronics,33,2,2,24,26,6,15739.67,Low,10
2026-09-17,B007,Erode,Tamil Nadu,P001,LED TV,Electronics,22,4,9,32,32,7,31066.7,High,5
2026-09-17,B007,Erode,Tamil Nadu,P002,Refrigerator,Appliances,19,0,5,17,18,6,26134.14,Low,10
2026-09-17,B007,Erode,Tamil Nadu,P003,Washing Machine,Appliances,13,1,3,10,10,3,25569.93,Low,10
2026-09-17,B007,Erode,Tamil Nadu,P004,Microwave,Appliances,16,0,1,12,11,3,9686.17,Low,3
2026-09-17,B007,Erode,Tamil Nadu,P005,Laptop,Electronics,20,2,1,20,21,6,50025.55,High,10
2026-09-17,B007,Erode,Tamil Nadu,P006,Smartphone,Electronics,19,2,5,40,41,11,19377.02,Critical,9
2026-09-17,B007,Erode,Tamil Nadu,P007,Printer,Electronics,11,1,0,12,13,3,12349.28,Critical,3
2026-09-17,B007,Erode,Tamil Nadu,P008,Air Conditioner,Appliances,9,0,3,9,10,3,39955.27,Medium,9
2026-09-17,B007,Erode,Tamil Nadu,P009,Router,Networking,62,1,0,35,37,10,3435.36,Low,5
2026-09-17,B007,Erode,Tamil Nadu,P010,Monitor,Electronics,14,0,4,18,16,4,16570.94,Medium,7
2026-09-17,B008,Vellore,Tamil Nadu,P001,LED TV,Electronics,89,3,9,47,51,14,33435.17,Low,6
2026-09-17,B008,Vellore,Tamil Nadu,P002,Refrigerator,Appliances,35,0,2,19,19,5,25834.45,Low,10
2026-09-17,B008,Vellore,Tamil Nadu,P003,Washing Machine,Appliances,27,2,4,19,16,4,23874.54,Low,6
2026-09-17,B008,Vellore,Tamil Nadu,P004,Microwave,Appliances,20,0,1,11,11,3,8818.69,Low,7
2026-09-17,B008,Vellore,Tamil Nadu,P005,Laptop,Electronics,40,3,8,22,25,7,49771.05,Low,9
2026-09-17,B008,Vellore,Tamil Nadu,P006,Smartphone,Electronics,113,4,21,64,67,17,18701.29,Low,9
2026-09-17,B008,Vellore,Tamil Nadu,P007,Printer,Electronics,15,0,0,12,11,3,12769.14,Low,9
2026-09-17,B008,Vellore,Tamil Nadu,P008,Air Conditioner,Appliances,10,1,5,16,15,4,42253.57,High,5
2026-09-17,B008,Vellore,Tamil Nadu,P009,Router,Networking,74,4,10,38,40,10,3385.75,Low,4
2026-09-17,B008,Vellore,Tamil Nadu,P010,Monitor,Electronics,14,2,0,25,23,6,15952.92,Critical,5
2026-09-18,B001,Chennai,Tamil Nadu,P001,LED TV,Electronics,122,3,10,65,73,18,29816.94,Low,3
2026-09-18,B001,Chennai,Tamil Nadu,P002,Refrigerator,Appliances,47,0,2,25,26,5,28596.71,Low,3
2026-09-18,B001,Chennai,Tamil Nadu,P003,Washing Machine,Appliances,36,3,8,29,28,9,24643.89,Low,6
2026-09-18,B001,Chennai,Tamil Nadu,P004,Microwave,Appliances,32,2,1,22,20,6,9056.2,Low,4
2026-09-18,B001,Chennai,Tamil Nadu,P005,Laptop,Electronics,51,3,10,47,47,12,50043.83,Medium,6
2026-09-18,B001,Chennai,Tamil Nadu,P006,Smartphone,Electronics,95,4,8,82,75,25,18244.11,Medium,7
2026-09-18,B001,Chennai,Tamil Nadu,P007,Printer,Electronics,20,2,2,21,21,4,12819.63,High,6
2026-09-18,B001,Chennai,Tamil Nadu,P008,Air Conditioner,Appliances,22,2,3,20,21,5,41299.91,Medium,6
2026-09-18,B001,Chennai,Tamil Nadu,P009,Router,Networking,114,0,18,77,86,28,3563.03,Low,5
2026-09-18,B001,Chennai,Tamil Nadu,P010,Monitor,Electronics,65,4,9,43,45,15,14822.41,Low,6
2026-09-18,B002,Coimbatore,Tamil Nadu,P001,LED TV,Electronics,31,1,12,40,43,9,30199.77,High,6
2026-09-18,B002,Coimbatore,Tamil Nadu,P002,Refrigerator,Appliances,14,1,8,26,26,6,28257.71,High,10
2026-09-18,B002,Coimbatore,Tamil Nadu,P003,Washing Machine,Appliances,38,2,6,31,30,8,22313.33,Low,10
2026-09-18,B002,Coimbatore,Tamil Nadu,P004,Microwave,Appliances,26,1,5,17,16,3,8410.95,Low,10
2026-09-18,B002,Coimbatore,Tamil Nadu,P005,Laptop,Electronics,42,5,3,41,38,7,44543.78,Medium,8
2026-09-18,B002,Coimbatore,Tamil Nadu,P006,Smartphone,Electronics,44,2,10,57,50,15,16948.21,High,9
2026-09-18,B002,Coimbatore,Tamil Nadu,P007,Printer,Electronics,15,2,2,16,15,4,12694.6,High,7
2026-09-18,B002,Coimbatore,Tamil Nadu,P008,Air Conditioner,Appliances,29,2,4,25,25,7,40878.93,Medium,9
2026-09-18,B002,Coimbatore,Tamil Nadu,P009,Router,Networking,57,6,7,56,52,15,3546.73,Medium,8
2026-09-18,B002,Coimbatore,Tamil Nadu,P010,Monitor,Electronics,26,0,11,29,32,7,15659.64,Medium,5
2026-09-18,B003,Madurai,Tamil Nadu,P001,LED TV,Electronics,41,3,10,47,49,12,31581.11,High,4
2026-09-18,B003,Madurai,Tamil Nadu,P002,Refrigerator,Appliances,31,1,4,18,17,5,28168.94,Low,9
2026-09-18,B003,Madurai,Tamil Nadu,P003,Washing Machine,Appliances,22,1,0,20,15,4,24908.14,Low,7
2026-09-18,B003,Madurai,Tamil Nadu,P004,Microwave,Appliances,36,1,3,21,22,4,8905.4,Low,9
2026-09-18,B003,Madurai,Tamil Nadu,P005,Laptop,Electronics,34,0,4,31,32,8,50110.83,Medium,3
2026-09-18,B003,Madurai,Tamil Nadu,P006,Smartphone,Electronics,67,8,0,61,70,23,18785.65,Critical,6
2026-09-18,B003,Madurai,Tamil Nadu,P007,Printer,Electronics,18,0,0,16,16,4,12212.25,Medium,6
2026-09-18,B003,Madurai,Tamil Nadu,P008,Air Conditioner,Appliances,11,0,1,18,16,3,42011.61,High,8
2026-09-18,B003,Madurai,Tamil Nadu,P009,Router,Networking,93,7,15,53,55,11,3458.69,Low,8
2026-09-18,B003,Madurai,Tamil Nadu,P010,Monitor,Electronics,38,0,3,32,29,9,14957.54,Low,5
2026-09-18,B004,Salem,Tamil Nadu,P001,LED TV,Electronics,23,4,5,47,47,11,30227.07,Critical,5
2026-09-18,B004,Salem,Tamil Nadu,P002,Refrigerator,Appliances,9,0,3,11,12,3,29032.31,High,3
2026-09-18,B004,Salem,Tamil Nadu,P003,Washing Machine,Appliances,13,0,4,15,16,4,23273.87,Medium,6
2026-09-18,B004,Salem,Tamil Nadu,P004,Microwave,Appliances,19,0,2,12,12,3,9641.13,Low,3
2026-09-18,B004,Salem,Tamil Nadu,P005,Laptop,Electronics,19,0,5,27,24,7,49577.86,High,5
2026-09-18,B004,Salem,Tamil Nadu,P006,Smartphone,Electronics,30,4,9,60,62,13,19065.04,Critical,8
2026-09-18,B004,Salem,Tamil Nadu,P007,Printer,Electronics,16,1,4,15,14,4,12261.69,Low,5
2026-09-18,B004,Salem,Tamil Nadu,P008,Air Conditioner,Appliances,18,1,5,17,17,4,43509.52,Low,7
2026-09-18,B004,Salem,Tamil Nadu,P009,Router,Networking,70,3,13,61,60,13,3483.0,Low,8
2026-09-18,B004,Salem,Tamil Nadu,P010,Monitor,Electronics,41,0,8,29,30,9,16159.98,Low,7
2026-09-18,B005,Trichy,Tamil Nadu,P001,LED TV,Electronics,49,5,1,43,43,9,32907.3,Medium,10
2026-09-18,B005,Trichy,Tamil Nadu,P002,Refrigerator,Appliances,15,0,2,19,19,5,29903.0,High,6
2026-09-18,B005,Trichy,Tamil Nadu,P003,Washing Machine,Appliances,32,1,2,19,19,4,23100.23,Low,10
2026-09-18,B005,Trichy,Tamil Nadu,P004,Microwave,Appliances,18,1,5,18,18,6,8833.98,Medium,10
2026-09-18,B005,Trichy,Tamil Nadu,P005,Laptop,Electronics,44,0,7,31,33,9,49610.08,Low,8
2026-09-18,B005,Trichy,Tamil Nadu,P006,Smartphone,Electronics,30,0,14,56,58,11,17265.52,High,10
2026-09-18,B005,Trichy,Tamil Nadu,P007,Printer,Electronics,22,2,5,16,16,4,12278.01,Low,5
2026-09-18,B005,Trichy,Tamil Nadu,P008,Air Conditioner,Appliances,9,0,4,18,15,4,44849.45,High,3
2026-09-18,B005,Trichy,Tamil Nadu,P009,Router,Networking,71,3,1,47,39,10,3373.47,Low,3
2026-09-18,B005,Trichy,Tamil Nadu,P010,Monitor,Electronics,12,3,1,28,27,8,14999.78,Critical,10
2026-09-18,B006,Tiruppur,Tamil Nadu,P001,LED TV,Electronics,34,2,1,55,53,14,31694.16,Critical,7
2026-09-18,B006,Tiruppur,Tamil Nadu,P002,Refrigerator,Appliances,14,1,4,21,22,4,26360.85,High,8
2026-09-18,B006,Tiruppur,Tamil Nadu,P003,Washing Machine,Appliances,31,2,4,21,18,3,23244.11,Low,8
2026-09-18,B006,Tiruppur,Tamil Nadu,P004,Microwave,Appliances,23,1,0,13,13,4,9222.77,Low,6
2026-09-18,B006,Tiruppur,Tamil Nadu,P005,Laptop,Electronics,21,0,2,22,21,4,46016.02,Medium,7
2026-09-18,B006,Tiruppur,Tamil Nadu,P006,Smartphone,Electronics,80,3,13,61,58,16,18493.07,Low,7
2026-09-18,B006,Tiruppur,Tamil Nadu,P007,Printer,Electronics,10,1,1,11,11,3,11989.06,High,9
2026-09-18,B006,Tiruppur,Tamil Nadu,P008,Air Conditioner,Appliances,19,0,2,13,12,3,43865.0,Low,10
2026-09-18,B006,Tiruppur,Tamil Nadu,P009,Router,Networking,68,2,11,53,50,10,3475.91,Low,4
2026-09-18,B006,Tiruppur,Tamil Nadu,P010,Monitor,Electronics,13,0,5,26,23,7,16249.09,Critical,3
2026-09-18,B007,Erode,Tamil Nadu,P001,LED TV,Electronics,70,4,13,38,39,9,32773.28,Low,6
2026-09-18,B007,Erode,Tamil Nadu,P002,Refrigerator,Appliances,10,0,0,16,15,4,29545.72,Critical,7
2026-09-18,B007,Erode,Tamil Nadu,P003,Washing Machine,Appliances,21,0,8,26,26,5,23352.91,Medium,7
2026-09-18,B007,Erode,Tamil Nadu,P004,Microwave,Appliances,24,0,2,18,18,5,9273.94,Low,3
2026-09-18,B007,Erode,Tamil Nadu,P005,Laptop,Electronics,20,0,0,23,20,6,48745.83,High,4
2026-09-18,B007,Erode,Tamil Nadu,P006,Smartphone,Electronics,58,4,1,44,44,10,18510.1,Low,8
2026-09-18,B007,Erode,Tamil Nadu,P007,Printer,Electronics,18,0,1,13,13,3,11189.9,Low,3
2026-09-18,B007,Erode,Tamil Nadu,P008,Air Conditioner,Appliances,29,1,5,16,17,5,39649.43,Low,6
2026-09-18,B007,Erode,Tamil Nadu,P009,Router,Networking,53,1,9,42,45,11,3565.22,Low,3
2026-09-18,B007,Erode,Tamil Nadu,P010,Monitor,Electronics,19,0,7,25,26,5,15198.02,Medium,4
2026-09-18,B008,Vellore,Tamil Nadu,P001,LED TV,Electronics,37,4,6,44,46,13,34104.54,High,10
2026-09-18,B008,Vellore,Tamil Nadu,P002,Refrigerator,Appliances,16,0,4,20,21,6,29670.29,High,4
2026-09-18,B008,Vellore,Tamil Nadu,P003,Washing Machine,Appliances,11,1,2,19,18,6,25916.78,Critical,5
2026-09-18,B008,Vellore,Tamil Nadu,P004,Microwave,Appliances,24,0,4,15,14,3,8550.26,Low,10
2026-09-18,B008,Vellore,Tamil Nadu,P005,Laptop,Electronics,46,0,2,29,33,7,49594.23,Low,4
2026-09-18,B008,Vellore,Tamil Nadu,P006,Smartphone,Electronics,70,4,14,67,63,15,17551.82,Low,10
2026-09-18,B008,Vellore,Tamil Nadu,P007,Printer,Electronics,20,1,2,15,14,4,12805.53,Low,3
2026-09-18,B008,Vellore,Tamil Nadu,P008,Air Conditioner,Appliances,26,1,2,14,14,3,44988.09,Low,3
2026-09-18,B008,Vellore,Tamil Nadu,P009,Router,Networking,53,5,11,62,57,17,3537.39,High,4
2026-09-18,B008,Vellore,Tamil Nadu,P010,Monitor,Electronics,47,3,7,35,30,7,16601.4,Low,6
2026-09-19,B001,Chennai,Tamil Nadu,P001,LED TV,Electronics,88,1,18,60,62,21,31902.23,Low,9
2026-09-19,B001,Chennai,Tamil Nadu,P002,Refrigerator,Appliances,21,0,2,29,25,8,27771.82,High,8
2026-09-19,B001,Chennai,Tamil Nadu,P003,Washing Machine,Appliances,19,4,8,35,31,8,25066.41,Critical,6
2026-09-19,B001,Chennai,Tamil Nadu,P004,Microwave,Appliances,30,0,3,23,20,6,9536.19,Low,6
2026-09-19,B001,Chennai,Tamil Nadu,P005,Laptop,Electronics,81,4,11,54,51,15,50390.34,Low,5
2026-09-19,B001,Chennai,Tamil Nadu,P006,Smartphone,Electronics,157,2,23,93,95,28,17300.89,Low,7
2026-09-19,B001,Chennai,Tamil Nadu,P007,Printer,Electronics,41,0,6,21,23,6,11943.29,Low,8
2026-09-19,B001,Chennai,Tamil Nadu,P008,Air Conditioner,Appliances,10,2,3,25,22,7,43918.45,Critical,8
2026-09-19,B001,Chennai,Tamil Nadu,P009,Router,Networking,105,1,14,63,69,19,3623.41,Low,4
2026-09-19,B001,Chennai,Tamil Nadu,P010,Monitor,Electronics,37,1,11,35,35,9,17089.79,Low,5
2026-09-19,B002,Coimbatore,Tamil Nadu,P001,LED TV,Electronics,79,8,8,57,59,18,32128.25,Low,7
2026-09-19,B002,Coimbatore,Tamil Nadu,P002,Refrigerator,Appliances,52,3,4,28,29,8,25903.45,Low,4
2026-09-19,B002,Coimbatore,Tamil Nadu,P003,Washing Machine,Appliances,25,0,6,20,20,6,25090.65,Low,3
2026-09-19,B002,Coimbatore,Tamil Nadu,P004,Microwave,Appliances,26,0,5,19,18,3,9625.21,Low,8
2026-09-19,B002,Coimbatore,Tamil Nadu,P005,Laptop,Electronics,36,2,12,40,42,8,50153.1,Medium,6
2026-09-19,B002,Coimbatore,Tamil Nadu,P006,Smartphone,Electronics,52,7,11,66,66,16,18912.94,High,5
2026-09-19,B002,Coimbatore,Tamil Nadu,P007,Printer,Electronics,35,0,6,17,19,4,12837.76,Low,5
2026-09-19,B002,Coimbatore,Tamil Nadu,P008,Air Conditioner,Appliances,19,0,0,19,20,5,44731.77,High,7
2026-09-19,B002,Coimbatore,Tamil Nadu,P009,Router,Networking,30,7,19,58,56,13,3416.23,Critical,4
2026-09-19,B002,Coimbatore,Tamil Nadu,P010,Monitor,Electronics,40,2,5,24,22,4,17103.27,Low,7
2026-09-19,B003,Madurai,Tamil Nadu,P001,LED TV,Electronics,35,0,2,35,36,11,30097.76,High,7
2026-09-19,B003,Madurai,Tamil Nadu,P002,Refrigerator,Appliances,25,1,3,19,19,5,26620.27,Low,8
2026-09-19,B003,Madurai,Tamil Nadu,P003,Washing Machine,Appliances,25,0,1,23,22,5,23015.29,Medium,4
2026-09-19,B003,Madurai,Tamil Nadu,P004,Microwave,Appliances,20,0,3,15,14,4,9144.32,Low,10
2026-09-19,B003,Madurai,Tamil Nadu,P005,Laptop,Electronics,59,2,9,33,35,10,49288.43,Low,5
2026-09-19,B003,Madurai,Tamil Nadu,P006,Smartphone,Electronics,100,0,4,66,69,18,16695.19,Low,10
2026-09-19,B003,Madurai,Tamil Nadu,P007,Printer,Electronics,15,1,1,15,13,4,12710.52,Medium,9
2026-09-19,B003,Madurai,Tamil Nadu,P008,Air Conditioner,Appliances,19,1,2,19,18,4,39212.24,Medium,5
2026-09-19,B003,Madurai,Tamil Nadu,P009,Router,Networking,30,5,15,50,50,13,3735.95,Critical,8
2026-09-19,B003,Madurai,Tamil Nadu,P010,Monitor,Electronics,42,0,2,34,34,9,17033.67,Low,9
2026-09-19,B004,Salem,Tamil Nadu,P001,LED TV,Electronics,67,1,1,51,51,16,34327.97,Low,5
2026-09-19,B004,Salem,Tamil Nadu,P002,Refrigerator,Appliances,24,0,4,16,16,4,26096.78,Low,7
2026-09-19,B004,Salem,Tamil Nadu,P003,Washing Machine,Appliances,36,2,2,19,19,6,24119.43,Low,7
2026-09-19,B004,Salem,Tamil Nadu,P004,Microwave,Appliances,10,0,0,16,16,5,9078.98,Critical,3
2026-09-19,B004,Salem,Tamil Nadu,P005,Laptop,Electronics,30,1,0,35,39,9,45578.37,Critical,5
2026-09-19,B004,Salem,Tamil Nadu,P006,Smartphone,Electronics,81,2,19,62,63,17,18936.01,Low,8
2026-09-19,B004,Salem,Tamil Nadu,P007,Printer,Electronics,18,0,2,12,13,3,12290.46,Low,6
2026-09-19,B004,Salem,Tamil Nadu,P008,Air Conditioner,Appliances,28,2,2,17,16,3,42547.75,Low,10
2026-09-19,B004,Salem,Tamil Nadu,P009,Router,Networking,96,5,15,57,56,16,3593.76,Low,8
2026-09-19,B004,Salem,Tamil Nadu,P010,Monitor,Electronics,26,3,1,25,29,8,16705.02,High,7
2026-09-19,B005,Trichy,Tamil Nadu,P001,LED TV,Electronics,26,7,2,50,53,10,32870.86,Critical,3
2026-09-19,B005,Trichy,Tamil Nadu,P002,Refrigerator,Appliances,12,1,2,22,21,6,30110.24,Critical,9
2026-09-19,B005,Trichy,Tamil Nadu,P003,Washing Machine,Appliances,13,0,1,23,21,5,22604.64,Critical,8
2026-09-19,B005,Trichy,Tamil Nadu,P004,Microwave,Appliances,13,0,0,13,14,3,9107.33,High,4
2026-09-19,B005,Trichy,Tamil Nadu,P005,Laptop,Electronics,22,3,6,26,26,6,45765.16,High,10
2026-09-19,B005,Trichy,Tamil Nadu,P006,Smartphone,Electronics,57,5,19,58,56,15,17329.82,Low,5
2026-09-19,B005,Trichy,Tamil Nadu,P007,Printer,Electronics,22,0,1,14,14,4,12324.78,Low,3
2026-09-19,B005,Trichy,Tamil Nadu,P008,Air Conditioner,Appliances,24,0,4,16,16,5,43174.47,Low,3
2026-09-19,B005,Trichy,Tamil Nadu,P009,Router,Networking,62,0,8,36,34,9,3676.21,Low,9
2026-09-19,B005,Trichy,Tamil Nadu,P010,Monitor,Electronics,32,1,7,28,26,6,17279.65,Low,8
2026-09-19,B006,Tiruppur,Tamil Nadu,P001,LED TV,Electronics,25,0,2,35,34,7,32404.66,High,4
2026-09-19,B006,Tiruppur,Tamil Nadu,P002,Refrigerator,Appliances,9,0,1,11,11,3,29359.91,High,7
2026-09-19,B006,Tiruppur,Tamil Nadu,P003,Washing Machine,Appliances,11,0,0,10,9,3,25837.86,Medium,4
2026-09-19,B006,Tiruppur,Tamil Nadu,P004,Microwave,Appliances,12,1,0,13,12,3,8992.41,High,6
2026-09-19,B006,Tiruppur,Tamil Nadu,P005,Laptop,Electronics,20,1,2,20,20,6,48495.71,High,4
2026-09-19,B006,Tiruppur,Tamil Nadu,P006,Smartphone,Electronics,62,0,10,55,57,14,18871.73,Low,5
2026-09-19,B006,Tiruppur,Tamil Nadu,P007,Printer,Electronics,12,0,3,13,12,3,12130.38,Low,6
2026-09-19,B006,Tiruppur,Tamil Nadu,P008,Air Conditioner,Appliances,27,1,0,19,20,4,40528.0,Low,4
2026-09-19,B006,Tiruppur,Tamil Nadu,P009,Router,Networking,90,3,13,51,52,17,3350.63,Low,6
2026-09-19,B006,Tiruppur,Tamil Nadu,P010,Monitor,Electronics,39,2,7,24,25,7,16983.17,Low,3
2026-09-19,B007,Erode,Tamil Nadu,P001,LED TV,Electronics,61,5,9,38,41,13,33599.34,Low,9
2026-09-19,B007,Erode,Tamil Nadu,P002,Refrigerator,Appliances,18,1,1,12,11,3,28190.03,Low,10
2026-09-19,B007,Erode,Tamil Nadu,P003,Washing Machine,Appliances,21,1,6,20,21,6,25537.81,Medium,7
2026-09-19,B007,Erode,Tamil Nadu,P004,Microwave,Appliances,20,1,4,13,12,3,8451.75,Low,9
2026-09-19,B007,Erode,Tamil Nadu,P005,Laptop,Electronics,34,1,4,23,21,4,46653.89,Low,6
2026-09-19,B007,Erode,Tamil Nadu,P006,Smartphone,Electronics,56,4,1,60,60,12,16980.07,High,5
2026-09-19,B007,Erode,Tamil Nadu,P007,Printer,Electronics,13,1,2,11,9,3,11929.36,Low,4
2026-09-19,B007,Erode,Tamil Nadu,P008,Air Conditioner,Appliances,9,1,3,12,12,3,39590.74,High,10
2026-09-19,B007,Erode,Tamil Nadu,P009,Router,Networking,47,0,14,45,45,14,3589.07,Low,6
2026-09-19,B007,Erode,Tamil Nadu,P010,Monitor,Electronics,39,1,6,22,22,4,17230.88,Low,10
2026-09-19,B008,Vellore,Tamil Nadu,P001,LED TV,Electronics,72,3,5,41,40,9,32326.65,Low,4
2026-09-19,B008,Vellore,Tamil Nadu,P002,Refrigerator,Appliances,9,2,3,15,16,4,28135.87,Critical,4
2026-09-19,B008,Vellore,Tamil Nadu,P003,Washing Machine,Appliances,18,0,4,27,28,6,22929.98,High,3
2026-09-19,B008,Vellore,Tamil Nadu,P004,Microwave,Appliances,19,0,3,17,16,5,8655.2,Low,6
2026-09-19,B008,Vellore,Tamil Nadu,P005,Laptop,Electronics,24,2,1,23,24,5,49869.91,High,5
2026-09-19,B008,Vellore,Tamil Nadu,P006,Smartphone,Electronics,55,2,6,38,37,9,17934.45,Low,3
2026-09-19,B008,Vellore,Tamil Nadu,P007,Printer,Electronics,20,0,1,15,15,3,12039.64,Low,7
2026-09-19,B008,Vellore,Tamil Nadu,P008,Air Conditioner,Appliances,18,0,4,14,14,4,38919.71,Low,7
2026-09-19,B008,Vellore,Tamil Nadu,P009,Router,Networking,86,7,4,53,58,17,3536.34,Low,5
2026-09-19,B008,Vellore,Tamil Nadu,P010,Monitor,Electronics,25,1,7,22,25,7,16908.31,Medium,4
2026-09-20,B001,Chennai,Tamil Nadu,P001,LED TV,Electronics,63,1,12,41,40,13,34117.63,Low,10
2026-09-20,B001,Chennai,Tamil Nadu,P002,Refrigerator,Appliances,29,0,10,30,31,6,27185.66,Low,5
2026-09-20,B001,Chennai,Tamil Nadu,P003,Washing Machine,Appliances,40,0,6,26,26,7,22579.98,Low,5
2026-09-20,B001,Chennai,Tamil Nadu,P004,Microwave,Appliances,23,1,6,20,20,4,9063.47,Low,8
2026-09-20,B001,Chennai,Tamil Nadu,P005,Laptop,Electronics,74,0,7,39,42,8,50740.65,Low,9
2026-09-20,B001,Chennai,Tamil Nadu,P006,Smartphone,Electronics,113,5,8,79,66,14,17259.92,Low,6
2026-09-20,B001,Chennai,Tamil Nadu,P007,Printer,Electronics,13,0,2,16,14,3,11048.49,Medium,8
2026-09-20,B001,Chennai,Tamil Nadu,P008,Air Conditioner,Appliances,29,1,1,18,18,6,44275.03,Low,9
2026-09-20,B001,Chennai,Tamil Nadu,P009,Router,Networking,82,1,12,53,48,13,3247.39,Low,7
2026-09-20,B001,Chennai,Tamil Nadu,P010,Monitor,Electronics,46,2,1,37,36,7,16024.15,Low,4
2026-09-20,B002,Coimbatore,Tamil Nadu,P001,LED TV,Electronics,41,4,10,40,43,12,29903.19,Medium,10
2026-09-20,B002,Coimbatore,Tamil Nadu,P002,Refrigerator,Appliances,16,0,0,15,15,4,28566.38,Medium,4
2026-09-20,B002,Coimbatore,Tamil Nadu,P003,Washing Machine,Appliances,17,1,2,20,18,4,24996.77,High,8
2026-09-20,B002,Coimbatore,Tamil Nadu,P004,Microwave,Appliances,26,1,3,18,17,5,8618.72,Low,6
2026-09-20,B002,Coimbatore,Tamil Nadu,P005,Laptop,Electronics,35,1,3,30,30,6,47923.74,Low,7
2026-09-20,B002,Coimbatore,Tamil Nadu,P006,Smartphone,Electronics,70,4,2,68,70,17,18935.12,High,6
2026-09-20,B002,Coimbatore,Tamil Nadu,P007,Printer,Electronics,23,0,3,16,16,4,11819.58,Low,7
2026-09-20,B002,Coimbatore,Tamil Nadu,P008,Air Conditioner,Appliances,8,1,3,15,16,3,44315.14,Critical,6
2026-09-20,B002,Coimbatore,Tamil Nadu,P009,Router,Networking,48,2,0,35,33,8,3247.17,Low,8
2026-09-20,B002,Coimbatore,Tamil Nadu,P010,Monitor,Electronics,32,2,6,26,27,6,16646.74,Low,5
2026-09-20,B003,Madurai,Tamil Nadu,P001,LED TV,Electronics,37,3,1,32,32,6,32979.56,Medium,10
2026-09-20,B003,Madurai,Tamil Nadu,P002,Refrigerator,Appliances,28,1,3,15,16,4,26916.63,Low,8
2026-09-20,B003,Madurai,Tamil Nadu,P003,Washing Machine,Appliances,41,3,4,22,24,7,23417.35,Low,10
2026-09-20,B003,Madurai,Tamil Nadu,P004,Microwave,Appliances,21,1,0,13,14,4,9468.78,Low,8
2026-09-20,B003,Madurai,Tamil Nadu,P005,Laptop,Electronics,29,2,0,18,19,6,47221.51,Low,8
2026-09-20,B003,Madurai,Tamil Nadu,P006,Smartphone,Electronics,40,3,1,55,52,10,17943.62,Critical,8
2026-09-20,B003,Madurai,Tamil Nadu,P007,Printer,Electronics,10,0,4,17,17,3,12756.44,High,3
2026-09-20,B003,Madurai,Tamil Nadu,P008,Air Conditioner,Appliances,10,2,2,16,16,4,44799.78,Critical,5
2026-09-20,B003,Madurai,Tamil Nadu,P009,Router,Networking,85,6,8,54,51,11,3279.44,Low,10
2026-09-20,B003,Madurai,Tamil Nadu,P010,Monitor,Electronics,40,1,2,27,23,4,15905.87,Low,7
2026-09-20,B004,Salem,Tamil Nadu,P001,LED TV,Electronics,44,4,10,30,30,6,30824.79,Low,9
2026-09-20,B004,Salem,Tamil Nadu,P002,Refrigerator,Appliances,12,1,1,15,14,4,27392.94,High,8
2026-09-20,B004,Salem,Tamil Nadu,P003,Washing Machine,Appliances,39,0,6,23,24,5,25059.49,Low,6
2026-09-20,B004,Salem,Tamil Nadu,P004,Microwave,Appliances,14,0,0,14,14,4,9135.47,High,8
2026-09-20,B004,Salem,Tamil Nadu,P005,Laptop,Electronics,51,1,8,30,30,8,50841.98,Low,10
2026-09-20,B004,Salem,Tamil Nadu,P006,Smartphone,Electronics,64,6,10,50,47,13,19198.5,Low,8
2026-09-20,B004,Salem,Tamil Nadu,P007,Printer,Electronics,8,0,1,15,15,5,12224.21,Critical,9
2026-09-20,B004,Salem,Tamil Nadu,P008,Air Conditioner,Appliances,9,0,0,12,12,3,42387.42,Critical,3
2026-09-20,B004,Salem,Tamil Nadu,P009,Router,Networking,48,2,4,33,39,8,3272.89,Low,6
2026-09-20,B004,Salem,Tamil Nadu,P010,Monitor,Electronics,11,1,1,21,19,6,15649.19,Critical,9
2026-09-20,B005,Trichy,Tamil Nadu,P001,LED TV,Electronics,35,1,5,28,23,7,32480.77,Low,6
2026-09-20,B005,Trichy,Tamil Nadu,P002,Refrigerator,Appliances,17,2,4,13,14,4,29450.86,Low,6
2026-09-20,B005,Trichy,Tamil Nadu,P003,Washing Machine,Appliances,10,1,0,16,17,5,23360.21,Critical,5
2026-09-20,B005,Trichy,Tamil Nadu,P004,Microwave,Appliances,17,1,0,15,15,3,9666.82,Medium,10
2026-09-20,B005,Trichy,Tamil Nadu,P005,Laptop,Electronics,44,2,2,25,24,7,50437.66,Low,5
2026-09-20,B005,Trichy,Tamil Nadu,P006,Smartphone,Electronics,67,1,13,42,46,11,17201.94,Low,8
2026-09-20,B005,Trichy,Tamil Nadu,P007,Printer,Electronics,17,0,6,18,19,4,12582.94,Low,7
2026-09-20,B005,Trichy,Tamil Nadu,P008,Air Conditioner,Appliances,33,3,7,20,22,6,42524.68,Low,3
2026-09-20,B005,Trichy,Tamil Nadu,P009,Router,Networking,51,3,12,41,44,9,3621.58,Low,9
2026-09-20,B005,Trichy,Tamil Nadu,P010,Monitor,Electronics,17,1,4,27,24,5,15351.47,High,4
2026-09-20,B006,Tiruppur,Tamil Nadu,P001,LED TV,Electronics,96,6,7,47,54,18,30182.91,Low,10
2026-09-20,B006,Tiruppur,Tamil Nadu,P002,Refrigerator,Appliances,15,0,2,11,10,3,29855.41,Low,3
2026-09-20,B006,Tiruppur,Tamil Nadu,P003,Washing Machine,Appliances,14,0,1,9,8,3,23344.38,Low,8
2026-09-20,B006,Tiruppur,Tamil Nadu,P004,Microwave,Appliances,17,1,1,15,16,5,9270.52,High,10
2026-09-20,B006,Tiruppur,Tamil Nadu,P005,Laptop,Electronics,24,1,5,27,26,5,50219.25,Medium,7
2026-09-20,B006,Tiruppur,Tamil Nadu,P006,Smartphone,Electronics,68,7,20,63,65,15,18417.33,Low,5
2026-09-20,B006,Tiruppur,Tamil Nadu,P007,Printer,Electronics,6,1,2,8,9,3,12129.8,Critical,9
2026-09-20,B006,Tiruppur,Tamil Nadu,P008,Air Conditioner,Appliances,11,1,1,13,13,4,42649.36,Critical,8
2026-09-20,B006,Tiruppur,Tamil Nadu,P009,Router,Networking,43,0,6,31,30,8,3682.34,Low,9
2026-09-20,B006,Tiruppur,Tamil Nadu,P010,Monitor,Electronics,10,1,4,22,20,5,15315.68,Critical,4
2026-09-20,B007,Erode,Tamil Nadu,P001,LED TV,Electronics,14,3,2,32,32,9,30971.99,Critical,10
2026-09-20,B007,Erode,Tamil Nadu,P002,Refrigerator,Appliances,18,1,5,18,18,6,28768.81,Medium,8
2026-09-20,B007,Erode,Tamil Nadu,P003,Washing Machine,Appliances,34,1,6,20,19,6,24598.8,Low,3
2026-09-20,B007,Erode,Tamil Nadu,P004,Microwave,Appliances,4,0,1,10,9,3,8435.21,Critical,5
2026-09-20,B007,Erode,Tamil Nadu,P005,Laptop,Electronics,19,0,5,24,27,5,44818.65,High,10
2026-09-20,B007,Erode,Tamil Nadu,P006,Smartphone,Electronics,21,2,7,41,42,12,16640.54,Critical,10
2026-09-20,B007,Erode,Tamil Nadu,P007,Printer,Electronics,15,0,0,12,10,3,12206.79,Low,4
2026-09-20,B007,Erode,Tamil Nadu,P008,Air Conditioner,Appliances,14,0,1,15,17,4,39163.04,High,9
2026-09-20,B007,Erode,Tamil Nadu,P009,Router,Networking,27,7,5,50,53,17,3251.94,Critical,8
2026-09-20,B007,Erode,Tamil Nadu,P010,Monitor,Electronics,18,1,3,13,13,3,16985.2,Low,7
2026-09-20,B008,Vellore,Tamil Nadu,P001,LED TV,Electronics,24,2,0,21,22,5,32120.8,High,5
2026-09-20,B008,Vellore,Tamil Nadu,P002,Refrigerator,Appliances,17,1,2,15,16,4,27648.86,Medium,8
2026-09-20,B008,Vellore,Tamil Nadu,P003,Washing Machine,Appliances,32,2,4,20,21,4,24964.78,Low,8
2026-09-20,B008,Vellore,Tamil Nadu,P004,Microwave,Appliances,16,1,3,16,17,5,9461.28,High,6
2026-09-20,B008,Vellore,Tamil Nadu,P005,Laptop,Electronics,14,1,4,19,17,4,46136.38,High,8
2026-09-20,B008,Vellore,Tamil Nadu,P006,Smartphone,Electronics,101,0,12,53,60,14,18813.79,Low,5
2026-09-20,B008,Vellore,Tamil Nadu,P007,Printer,Electronics,14,0,0,12,13,4,11301.75,High,9
2026-09-20,B008,Vellore,Tamil Nadu,P008,Air Conditioner,Appliances,13,1,3,13,12,3,41101.01,Low,3
2026-09-20,B008,Vellore,Tamil Nadu,P009,Router,Networking,54,5,11,50,57,14,3622.39,Medium,9
2026-09-20,B008,Vellore,Tamil Nadu,P010,Monitor,Electronics,18,1,6,20,19,5,16367.0,Medium,8
2026-09-21,B001,Chennai,Tamil Nadu,P001,LED TV,Electronics,67,5,5,53,47,9,31822.26,Low,3
2026-09-21,B001,Chennai,Tamil Nadu,P002,Refrigerator,Appliances,34,0,0,25,27,9,27180.67,Medium,7
2026-09-21,B001,Chennai,Tamil Nadu,P003,Washing Machine,Appliances,25,1,8,28,31,9,23579.09,High,4
2026-09-21,B001,Chennai,Tamil Nadu,P004,Microwave,Appliances,42,0,2,24,23,6,8447.26,Low,3
2026-09-21,B001,Chennai,Tamil Nadu,P005,Laptop,Electronics,38,4,7,41,40,10,46750.62,High,9
2026-09-21,B001,Chennai,Tamil Nadu,P006,Smartphone,Electronics,121,10,24,73,70,20,18166.73,Low,3
2026-09-21,B001,Chennai,Tamil Nadu,P007,Printer,Electronics,34,0,5,23,22,4,12240.9,Low,8
2026-09-21,B001,Chennai,Tamil Nadu,P008,Air Conditioner,Appliances,17,0,1,18,16,3,38889.55,Medium,7
2026-09-21,B001,Chennai,Tamil Nadu,P009,Router,Networking,44,3,20,67,63,18,3633.68,High,3
2026-09-21,B001,Chennai,Tamil Nadu,P010,Monitor,Electronics,30,4,7,26,28,8,16806.26,Medium,5
2026-09-21,B002,Coimbatore,Tamil Nadu,P001,LED TV,Electronics,73,6,11,41,42,10,30215.53,Low,9
2026-09-21,B002,Coimbatore,Tamil Nadu,P002,Refrigerator,Appliances,29,2,7,22,21,5,26143.9,Low,8
2026-09-21,B002,Coimbatore,Tamil Nadu,P003,Washing Machine,Appliances,14,0,1,13,11,3,24459.62,Low,5
2026-09-21,B002,Coimbatore,Tamil Nadu,P004,Microwave,Appliances,20,2,4,20,16,4,8342.7,Low,9
2026-09-21,B002,Coimbatore,Tamil Nadu,P005,Laptop,Electronics,39,0,8,28,27,9,45818.82,Low,9
2026-09-21,B002,Coimbatore,Tamil Nadu,P006,Smartphone,Electronics,84,2,5,61,56,16,17250.92,Low,4
2026-09-21,B002,Coimbatore,Tamil Nadu,P007,Printer,Electronics,18,0,4,18,19,5,12515.9,Medium,5
2026-09-21,B002,Coimbatore,Tamil Nadu,P008,Air Conditioner,Appliances,25,2,1,22,23,4,44694.52,Medium,7
2026-09-21,B002,Coimbatore,Tamil Nadu,P009,Router,Networking,20,1,7,42,43,12,3604.68,Critical,7
2026-09-21,B002,Coimbatore,Tamil Nadu,P010,Monitor,Electronics,17,1,8,25,25,8,16840.99,High,5
2026-09-21,B003,Madurai,Tamil Nadu,P001,LED TV,Electronics,30,0,8,43,46,15,34428.77,Critical,5
2026-09-21,B003,Madurai,Tamil Nadu,P002,Refrigerator,Appliances,18,0,3,14,14,3,26317.68,Low,5
2026-09-21,B003,Madurai,Tamil Nadu,P003,Washing Machine,Appliances,25,2,8,21,24,4,25437.53,Low,8
2026-09-21,B003,Madurai,Tamil Nadu,P004,Microwave,Appliances,15,0,2,11,11,3,9557.88,Low,6
2026-09-21,B003,Madurai,Tamil Nadu,P005,Laptop,Electronics,40,3,2,36,31,8,49410.92,Low,5
2026-09-21,B003,Madurai,Tamil Nadu,P006,Smartphone,Electronics,57,2,6,53,46,11,17972.99,Low,10
2026-09-21,B003,Madurai,Tamil Nadu,P007,Printer,Electronics,5,1,3,13,12,3,12692.83,Critical,9
2026-09-21,B003,Madurai,Tamil Nadu,P008,Air Conditioner,Appliances,24,1,2,16,14,4,40218.59,Low,4
2026-09-21,B003,Madurai,Tamil Nadu,P009,Router,Networking,50,4,2,45,49,15,3632.46,High,10
2026-09-21,B003,Madurai,Tamil Nadu,P010,Monitor,Electronics,39,4,3,34,32,8,14753.52,Medium,9
2026-09-21,B004,Salem,Tamil Nadu,P001,LED TV,Electronics,75,3,4,50,50,16,31716.95,Low,7
2026-09-21,B004,Salem,Tamil Nadu,P002,Refrigerator,Appliances,12,1,2,17,16,4,28972.43,High,6
2026-09-21,B004,Salem,Tamil Nadu,P003,Washing Machine,Appliances,24,0,2,20,19,4,25467.13,Low,5
2026-09-21,B004,Salem,Tamil Nadu,P004,Microwave,Appliances,8,1,0,17,16,4,8812.68,Critical,7
2026-09-21,B004,Salem,Tamil Nadu,P005,Laptop,Electronics,16,0,0,18,16,4,44994.25,High,9
2026-09-21,B004,Salem,Tamil Nadu,P006,Smartphone,Electronics,63,2,11,55,60,15,16872.99,Medium,10
2026-09-21,B004,Salem,Tamil Nadu,P007,Printer,Electronics,17,1,2,16,14,3,11481.75,Low,4
2026-09-21,B004,Salem,Tamil Nadu,P008,Air Conditioner,Appliances,34,0,5,16,18,4,39472.18,Low,7
2026-09-21,B004,Salem,Tamil Nadu,P009,Router,Networking,82,3,0,48,52,15,3420.34,Low,8
2026-09-21,B004,Salem,Tamil Nadu,P010,Monitor,Electronics,18,0,3,11,10,3,16838.91,Low,4
2026-09-21,B005,Trichy,Tamil Nadu,P001,LED TV,Electronics,47,3,6,39,38,10,30944.29,Low,6
2026-09-21,B005,Trichy,Tamil Nadu,P002,Refrigerator,Appliances,38,1,6,22,22,4,28748.34,Low,5
2026-09-21,B005,Trichy,Tamil Nadu,P003,Washing Machine,Appliances,13,2,3,19,19,4,22521.75,Critical,6
2026-09-21,B005,Trichy,Tamil Nadu,P004,Microwave,Appliances,4,0,1,9,9,3,8924.81,Critical,8
2026-09-21,B005,Trichy,Tamil Nadu,P005,Laptop,Electronics,35,0,3,21,19,4,48992.61,Low,8
2026-09-21,B005,Trichy,Tamil Nadu,P006,Smartphone,Electronics,60,8,12,59,59,13,18330.0,Medium,3
2026-09-21,B005,Trichy,Tamil Nadu,P007,Printer,Electronics,7,0,1,8,8,3,11515.45,High,4
2026-09-21,B005,Trichy,Tamil Nadu,P008,Air Conditioner,Appliances,23,0,1,13,13,4,43638.46,Low,9
2026-09-21,B005,Trichy,Tamil Nadu,P009,Router,Networking,29,0,3,36,32,11,3759.83,High,7
2026-09-21,B005,Trichy,Tamil Nadu,P010,Monitor,Electronics,17,0,4,19,16,4,16083.96,Low,3
2026-09-21,B006,Tiruppur,Tamil Nadu,P001,LED TV,Electronics,47,4,3,41,42,13,29510.3,High,7
2026-09-21,B006,Tiruppur,Tamil Nadu,P002,Refrigerator,Appliances,6,0,0,15,14,4,26796.13,Critical,5
2026-09-21,B006,Tiruppur,Tamil Nadu,P003,Washing Machine,Appliances,19,1,4,22,23,7,23406.3,High,4
2026-09-21,B006,Tiruppur,Tamil Nadu,P004,Microwave,Appliances,28,1,3,16,16,4,9218.86,Low,9
2026-09-21,B006,Tiruppur,Tamil Nadu,P005,Laptop,Electronics,50,0,12,35,38,8,50791.97,Low,7
2026-09-21,B006,Tiruppur,Tamil Nadu,P006,Smartphone,Electronics,36,2,10,43,41,12,18215.95,High,4
2026-09-21,B006,Tiruppur,Tamil Nadu,P007,Printer,Electronics,11,1,3,15,15,3,11430.51,High,9
2026-09-21,B006,Tiruppur,Tamil Nadu,P008,Air Conditioner,Appliances,10,0,1,8,8,3,40988.02,Low,9
2026-09-21,B006,Tiruppur,Tamil Nadu,P009,Router,Networking,78,0,12,44,50,17,3364.17,Low,6
2026-09-21,B006,Tiruppur,Tamil Nadu,P010,Monitor,Electronics,15,0,5,17,16,4,15709.81,Low,6
2026-09-21,B007,Erode,Tamil Nadu,P001,LED TV,Electronics,74,0,4,41,41,11,32801.36,Low,7
2026-09-21,B007,Erode,Tamil Nadu,P002,Refrigerator,Appliances,11,1,5,18,18,4,28702.93,High,6
2026-09-21,B007,Erode,Tamil Nadu,P003,Washing Machine,Appliances,15,1,2,16,15,3,24952.65,Medium,6
2026-09-21,B007,Erode,Tamil Nadu,P004,Microwave,Appliances,7,0,0,9,8,3,9094.3,Critical,4
2026-09-21,B007,Erode,Tamil Nadu,P005,Laptop,Electronics,8,0,2,12,12,4,46810.55,Critical,10
2026-09-21,B007,Erode,Tamil Nadu,P006,Smartphone,Electronics,24,6,16,41,53,16,17474.17,Critical,5
2026-09-21,B007,Erode,Tamil Nadu,P007,Printer,Electronics,15,1,3,10,11,3,11533.22,Low,5
2026-09-21,B007,Erode,Tamil Nadu,P008,Air Conditioner,Appliances,17,1,4,15,14,3,42364.59,Low,5
2026-09-21,B007,Erode,Tamil Nadu,P009,Router,Networking,22,2,11,42,39,10,3774.0,Critical,5
2026-09-21,B007,Erode,Tamil Nadu,P010,Monitor,Electronics,29,0,9,27,27,6,14864.01,Low,6
2026-09-21,B008,Vellore,Tamil Nadu,P001,LED TV,Electronics,72,3,9,49,48,11,32505.51,Low,10
2026-09-21,B008,Vellore,Tamil Nadu,P002,Refrigerator,Appliances,13,2,6,18,19,4,26097.37,High,7
2026-09-21,B008,Vellore,Tamil Nadu,P003,Washing Machine,Appliances,16,1,4,19,18,5,22468.98,High,6
2026-09-21,B008,Vellore,Tamil Nadu,P004,Microwave,Appliances,18,0,0,14,13,4,8987.55,Low,8
2026-09-21,B008,Vellore,Tamil Nadu,P005,Laptop,Electronics,23,2,1,23,22,7,47950.89,High,6
2026-09-21,B008,Vellore,Tamil Nadu,P006,Smartphone,Electronics,55,6,4,48,48,14,17166.45,Medium,4
2026-09-21,B008,Vellore,Tamil Nadu,P007,Printer,Electronics,9,0,3,17,19,4,11417.17,Critical,6
2026-09-21,B008,Vellore,Tamil Nadu,P008,Air Conditioner,Appliances,19,0,4,13,12,3,41550.59,Low,10
2026-09-21,B008,Vellore,Tamil Nadu,P009,Router,Networking,62,3,4,36,34,9,3438.19,Low,8
2026-09-21,B008,Vellore,Tamil Nadu,P010,Monitor,Electronics,14,0,1,21,25,8,15684.69,Critical,8
2026-09-22,B001,Chennai,Tamil Nadu,P001,LED TV,Electronics,39,2,15,54,55,18,30411.98,High,8
2026-09-22,B001,Chennai,Tamil Nadu,P002,Refrigerator,Appliances,23,1,2,27,26,8,27890.01,High,3
2026-09-22,B001,Chennai,Tamil Nadu,P003,Washing Machine,Appliances,24,2,3,23,25,7,25694.19,High,10
2026-09-22,B001,Chennai,Tamil Nadu,P004,Microwave,Appliances,27,2,0,23,22,7,8946.28,Medium,6
2026-09-22,B001,Chennai,Tamil Nadu,P005,Laptop,Electronics,32,3,7,33,27,8,49755.58,Low,10
2026-09-22,B001,Chennai,Tamil Nadu,P006,Smartphone,Electronics,101,4,24,69,71,19,18630.33,Low,7
2026-09-22,B001,Chennai,Tamil Nadu,P007,Printer,Electronics,22,3,8,22,25,7,12277.49,Medium,10
2026-09-22,B001,Chennai,Tamil Nadu,P008,Air Conditioner,Appliances,28,2,4,25,25,7,44578.84,Medium,3
2026-09-22,B001,Chennai,Tamil Nadu,P009,Router,Networking,52,1,6,60,56,11,3750.55,Medium,10
2026-09-22,B001,Chennai,Tamil Nadu,P010,Monitor,Electronics,41,0,8,34,31,8,16282.8,Low,5
2026-09-22,B002,Coimbatore,Tamil Nadu,P001,LED TV,Electronics,86,3,8,40,46,15,31527.05,Low,6
2026-09-22,B002,Coimbatore,Tamil Nadu,P002,Refrigerator,Appliances,15,1,3,12,13,4,26512.15,Low,7
2026-09-22,B002,Coimbatore,Tamil Nadu,P003,Washing Machine,Appliances,28,0,2,18,18,6,22339.83,Low,3
2026-09-22,B002,Coimbatore,Tamil Nadu,P004,Microwave,Appliances,21,2,4,18,20,6,8752.92,Medium,9
2026-09-22,B002,Coimbatore,Tamil Nadu,P005,Laptop,Electronics,45,2,5,26,27,7,51496.12,Low,8
2026-09-22,B002,Coimbatore,Tamil Nadu,P006,Smartphone,Electronics,67,6,16,55,62,19,18988.39,Medium,4
2026-09-22,B002,Coimbatore,Tamil Nadu,P007,Printer,Electronics,17,0,3,12,13,3,11657.76,Low,5
2026-09-22,B002,Coimbatore,Tamil Nadu,P008,Air Conditioner,Appliances,9,1,4,13,13,3,40769.17,High,5
2026-09-22,B002,Coimbatore,Tamil Nadu,P009,Router,Networking,102,3,15,57,61,19,3546.78,Low,6
2026-09-22,B002,Coimbatore,Tamil Nadu,P010,Monitor,Electronics,31,1,1,32,32,10,17179.21,High,10
2026-09-22,B003,Madurai,Tamil Nadu,P001,LED TV,Electronics,52,4,0,40,40,10,31579.49,Medium,3
2026-09-22,B003,Madurai,Tamil Nadu,P002,Refrigerator,Appliances,12,1,1,20,17,5,26516.49,Critical,4
2026-09-22,B003,Madurai,Tamil Nadu,P003,Washing Machine,Appliances,43,1,2,22,24,5,23483.81,Low,5
2026-09-22,B003,Madurai,Tamil Nadu,P004,Microwave,Appliances,19,2,3,15,16,5,8488.63,Medium,5
2026-09-22,B003,Madurai,Tamil Nadu,P005,Laptop,Electronics,32,1,1,26,25,6,51381.69,Low,10
2026-09-22,B003,Madurai,Tamil Nadu,P006,Smartphone,Electronics,82,6,13,73,74,24,19391.77,Medium,10
2026-09-22,B003,Madurai,Tamil Nadu,P007,Printer,Electronics,12,0,0,12,13,3,11742.62,High,6
2026-09-22,B003,Madurai,Tamil Nadu,P008,Air Conditioner,Appliances,21,0,0,15,14,3,39744.25,Low,3
2026-09-22,B003,Madurai,Tamil Nadu,P009,Router,Networking,15,3,10,37,33,11,3255.76,Critical,10
2026-09-22,B003,Madurai,Tamil Nadu,P010,Monitor,Electronics,13,1,2,13,12,3,15817.22,Medium,4
2026-09-22,B004,Salem,Tamil Nadu,P001,LED TV,Electronics,22,2,7,25,24,5,31997.84,Medium,9
2026-09-22,B004,Salem,Tamil Nadu,P002,Refrigerator,Appliances,18,1,0,12,11,3,30012.31,Low,6
2026-09-22,B004,Salem,Tamil Nadu,P003,Washing Machine,Appliances,27,1,2,24,20,6,24502.57,Low,9
2026-09-22,B004,Salem,Tamil Nadu,P004,Microwave,Appliances,23,1,0,14,15,3,8848.58,Low,4
2026-09-22,B004,Salem,Tamil Nadu,P005,Laptop,Electronics,36,0,3,33,33,6,48152.44,Low,6
2026-09-22,B004,Salem,Tamil Nadu,P006,Smartphone,Electronics,46,2,9,37,41,12,18790.09,Low,7
2026-09-22,B004,Salem,Tamil Nadu,P007,Printer,Electronics,14,0,5,18,16,5,11089.88,Medium,9
2026-09-22,B004,Salem,Tamil Nadu,P008,Air Conditioner,Appliances,24,1,4,14,14,3,40427.96,Low,6
2026-09-22,B004,Salem,Tamil Nadu,P009,Router,Networking,18,3,10,34,33,11,3320.35,Critical,10
2026-09-22,B004,Salem,Tamil Nadu,P010,Monitor,Electronics,25,2,3,27,22,7,15188.21,Medium,7
2026-09-22,B005,Trichy,Tamil Nadu,P001,LED TV,Electronics,64,3,7,43,40,8,32191.16,Low,8
2026-09-22,B005,Trichy,Tamil Nadu,P002,Refrigerator,Appliances,25,0,1,15,16,4,29229.61,Low,6
2026-09-22,B005,Trichy,Tamil Nadu,P003,Washing Machine,Appliances,26,1,4,15,14,4,24545.93,Low,3
2026-09-22,B005,Trichy,Tamil Nadu,P004,Microwave,Appliances,11,0,1,13,13,4,8686.08,High,3
2026-09-22,B005,Trichy,Tamil Nadu,P005,Laptop,Electronics,27,0,4,20,19,6,48367.01,Low,9
2026-09-22,B005,Trichy,Tamil Nadu,P006,Smartphone,Electronics,64,0,16,64,70,15,17538.77,Medium,10
2026-09-22,B005,Trichy,Tamil Nadu,P007,Printer,Electronics,19,0,0,12,13,4,12233.12,Low,9
2026-09-22,B005,Trichy,Tamil Nadu,P008,Air Conditioner,Appliances,16,1,3,17,15,3,43843.59,Low,3
2026-09-22,B005,Trichy,Tamil Nadu,P009,Router,Networking,21,5,9,42,46,14,3354.53,Critical,3
2026-09-22,B005,Trichy,Tamil Nadu,P010,Monitor,Electronics,32,0,4,22,21,5,15649.76,Low,5
2026-09-22,B006,Tiruppur,Tamil Nadu,P001,LED TV,Electronics,51,2,6,33,31,6,30211.14,Low,6
2026-09-22,B006,Tiruppur,Tamil Nadu,P002,Refrigerator,Appliances,22,0,2,16,15,4,29042.91,Low,6
2026-09-22,B006,Tiruppur,Tamil Nadu,P003,Washing Machine,Appliances,19,1,0,15,13,3,24601.24,Low,5
2026-09-22,B006,Tiruppur,Tamil Nadu,P004,Microwave,Appliances,5,1,1,11,11,3,9497.95,Critical,10
2026-09-22,B006,Tiruppur,Tamil Nadu,P005,Laptop,Electronics,35,0,2,19,19,5,49330.66,Low,8
2026-09-22,B006,Tiruppur,Tamil Nadu,P006,Smartphone,Electronics,65,5,0,43,47,11,16829.08,Low,4
2026-09-22,B006,Tiruppur,Tamil Nadu,P007,Printer,Electronics,11,0,1,9,8,3,12212.11,Low,6
2026-09-22,B006,Tiruppur,Tamil Nadu,P008,Air Conditioner,Appliances,15,1,0,15,15,3,43727.36,High,8
2026-09-22,B006,Tiruppur,Tamil Nadu,P009,Router,Networking,88,7,4,53,52,14,3485.63,Low,4
2026-09-22,B006,Tiruppur,Tamil Nadu,P010,Monitor,Electronics,25,1,6,22,22,4,15134.94,Low,3
2026-09-22,B007,Erode,Tamil Nadu,P001,LED TV,Electronics,50,0,8,31,30,7,32619.39,Low,6
2026-09-22,B007,Erode,Tamil Nadu,P002,Refrigerator,Appliances,18,1,0,14,15,4,30156.01,Medium,7
2026-09-22,B007,Erode,Tamil Nadu,P003,Washing Machine,Appliances,9,0,3,12,11,3,25120.95,Medium,9
2026-09-22,B007,Erode,Tamil Nadu,P004,Microwave,Appliances,11,0,1,10,10,3,8909.63,Medium,8
2026-09-22,B007,Erode,Tamil Nadu,P005,Laptop,Electronics,40,0,3,24,24,6,47535.51,Low,4
2026-09-22,B007,Erode,Tamil Nadu,P006,Smartphone,Electronics,42,0,8,47,46,10,17905.09,Medium,10
2026-09-22,B007,Erode,Tamil Nadu,P007,Printer,Electronics,12,0,2,14,15,4,11200.68,High,4
2026-09-22,B007,Erode,Tamil Nadu,P008,Air Conditioner,Appliances,5,0,3,10,10,3,38848.37,Critical,4
2026-09-22,B007,Erode,Tamil Nadu,P009,Router,Networking,61,5,6,43,47,13,3226.91,Low,7
2026-09-22,B007,Erode,Tamil Nadu,P010,Monitor,Electronics,19,1,1,15,14,3,15140.47,Low,5
2026-09-22,B008,Vellore,Tamil Nadu,P001,LED TV,Electronics,88,1,12,43,47,10,34397.63,Low,6
2026-09-22,B008,Vellore,Tamil Nadu,P002,Refrigerator,Appliances,21,0,3,18,16,3,28327.78,Low,9
2026-09-22,B008,Vellore,Tamil Nadu,P003,Washing Machine,Appliances,34,2,0,19,19,4,24081.91,Low,8
2026-09-22,B008,Vellore,Tamil Nadu,P004,Microwave,Appliances,8,0,2,7,7,3,9051.23,Low,9
2026-09-22,B008,Vellore,Tamil Nadu,P005,Laptop,Electronics,26,2,3,28,29,7,47250.57,High,7
2026-09-22,B008,Vellore,Tamil Nadu,P006,Smartphone,Electronics,124,3,18,66,72,22,16792.5,Low,5
2026-09-22,B008,Vellore,Tamil Nadu,P007,Printer,Electronics,13,0,1,15,14,3,12821.37,High,7
2026-09-22,B008,Vellore,Tamil Nadu,P008,Air Conditioner,Appliances,8,1,3,12,12,3,42547.92,High,6
2026-09-22,B008,Vellore,Tamil Nadu,P009,Router,Networking,46,3,10,44,39,11,3525.42,Low,6
2026-09-22,B008,Vellore,Tamil Nadu,P010,Monitor,Electronics,31,0,5,18,17,4,15207.47,Low,7
2026-09-23,B001,Chennai,Tamil Nadu,P001,LED TV,Electronics,42,8,11,63,58,18,34122.19,Critical,5
2026-09-23,B001,Chennai,Tamil Nadu,P002,Refrigerator,Appliances,11,1,1,15,14,4,25953.6,Critical,6
2026-09-23,B001,Chennai,Tamil Nadu,P003,Washing Machine,Appliances,52,0,7,32,35,11,25836.18,Low,5
2026-09-23,B001,Chennai,Tamil Nadu,P004,Microwave,Appliances,24,0,0,23,22,6,8532.55,Medium,8
2026-09-23,B001,Chennai,Tamil Nadu,P005,Laptop,Electronics,64,1,6,33,36,8,45810.85,Low,6
2026-09-23,B001,Chennai,Tamil Nadu,P006,Smartphone,Electronics,74,4,3,65,64,12,18958.12,Medium,4
2026-09-23,B001,Chennai,Tamil Nadu,P007,Printer,Electronics,18,1,0,14,12,3,12366.36,Low,5
2026-09-23,B001,Chennai,Tamil Nadu,P008,Air Conditioner,Appliances,12,2,2,26,26,6,44507.78,Critical,7
2026-09-23,B001,Chennai,Tamil Nadu,P009,Router,Networking,110,4,10,70,66,16,3652.25,Low,6
2026-09-23,B001,Chennai,Tamil Nadu,P010,Monitor,Electronics,21,4,13,36,38,9,16917.52,High,9
2026-09-23,B002,Coimbatore,Tamil Nadu,P001,LED TV,Electronics,37,4,1,45,43,12,33488.43,Critical,8
2026-09-23,B002,Coimbatore,Tamil Nadu,P002,Refrigerator,Appliances,34,0,5,19,19,6,28025.25,Low,10
2026-09-23,B002,Coimbatore,Tamil Nadu,P003,Washing Machine,Appliances,28,0,6,20,20,5,24975.78,Low,10
2026-09-23,B002,Coimbatore,Tamil Nadu,P004,Microwave,Appliances,13,0,5,15,16,4,8871.35,Medium,10
2026-09-23,B002,Coimbatore,Tamil Nadu,P005,Laptop,Electronics,61,4,7,44,46,13,48475.3,Low,6
2026-09-23,B002,Coimbatore,Tamil Nadu,P006,Smartphone,Electronics,59,3,1,46,43,13,16884.19,Low,10
2026-09-23,B002,Coimbatore,Tamil Nadu,P007,Printer,Electronics,5,0,3,13,12,3,11551.03,Critical,7
2026-09-23,B002,Coimbatore,Tamil Nadu,P008,Air Conditioner,Appliances,33,0,4,20,20,6,43496.52,Low,5
2026-09-23,B002,Coimbatore,Tamil Nadu,P009,Router,Networking,77,0,4,44,48,11,3367.14,Low,8
2026-09-23,B002,Coimbatore,Tamil Nadu,P010,Monitor,Electronics,26,1,10,29,31,8,17039.67,Medium,5
2026-09-23,B003,Madurai,Tamil Nadu,P001,LED TV,Electronics,28,6,0,41,46,10,34035.51,Critical,9
2026-09-23,B003,Madurai,Tamil Nadu,P002,Refrigerator,Appliances,24,1,1,16,13,3,29579.1,Low,8
2026-09-23,B003,Madurai,Tamil Nadu,P003,Washing Machine,Appliances,40,1,0,24,23,7,22361.43,Low,6
2026-09-23,B003,Madurai,Tamil Nadu,P004,Microwave,Appliances,9,2,2,17,16,4,9600.36,Critical,6
2026-09-23,B003,Madurai,Tamil Nadu,P005,Laptop,Electronics,43,1,2,29,30,8,48836.68,Low,5
2026-09-23,B003,Madurai,Tamil Nadu,P006,Smartphone,Electronics,40,0,8,40,36,9,17543.16,Low,6
2026-09-23,B003,Madurai,Tamil Nadu,P007,Printer,Electronics,26,1,1,18,16,4,12546.11,Low,8
2026-09-23,B003,Madurai,Tamil Nadu,P008,Air Conditioner,Appliances,26,1,3,19,18,5,42375.13,Low,10
2026-09-23,B003,Madurai,Tamil Nadu,P009,Router,Networking,64,7,16,51,59,19,3331.72,Medium,6
2026-09-23,B003,Madurai,Tamil Nadu,P010,Monitor,Electronics,25,0,5,23,22,6,16044.74,Low,5
2026-09-23,B004,Salem,Tamil Nadu,P001,LED TV,Electronics,59,3,13,47,46,10,31457.28,Low,6
2026-09-23,B004,Salem,Tamil Nadu,P002,Refrigerator,Appliances,18,1,3,19,18,4,29438.61,Medium,9
2026-09-23,B004,Salem,Tamil Nadu,P003,Washing Machine,Appliances,12,3,5,22,21,6,22707.58,Critical,4
2026-09-23,B004,Salem,Tamil Nadu,P004,Microwave,Appliances,9,0,0,11,10,3,8509.25,High,6
2026-09-23,B004,Salem,Tamil Nadu,P005,Laptop,Electronics,15,0,0,15,14,3,46161.49,Medium,10
2026-09-23,B004,Salem,Tamil Nadu,P006,Smartphone,Electronics,61,0,1,39,37,11,18401.48,Low,5
2026-09-23,B004,Salem,Tamil Nadu,P007,Printer,Electronics,23,1,4,14,14,3,11626.95,Low,7
2026-09-23,B004,Salem,Tamil Nadu,P008,Air Conditioner,Appliances,25,2,2,15,15,4,42162.05,Low,9
2026-09-23,B004,Salem,Tamil Nadu,P009,Router,Networking,61,2,13,43,45,12,3367.67,Low,4
2026-09-23,B004,Salem,Tamil Nadu,P010,Monitor,Electronics,52,1,6,30,29,7,15287.5,Low,5
2026-09-23,B005,Trichy,Tamil Nadu,P001,LED TV,Electronics,80,2,14,43,48,13,31690.0,Low,8
2026-09-23,B005,Trichy,Tamil Nadu,P002,Refrigerator,Appliances,16,2,4,17,17,4,27230.46,Medium,10
2026-09-23,B005,Trichy,Tamil Nadu,P003,Washing Machine,Appliances,23,1,3,22,19,6,23450.37,Low,9
2026-09-23,B005,Trichy,Tamil Nadu,P004,Microwave,Appliances,18,0,2,14,14,3,9327.35,Low,9
2026-09-23,B005,Trichy,Tamil Nadu,P005,Laptop,Electronics,25,1,5,16,17,5,44881.62,Low,9
2026-09-23,B005,Trichy,Tamil Nadu,P006,Smartphone,Electronics,29,2,7,47,52,16,17725.19,Critical,6
2026-09-23,B005,Trichy,Tamil Nadu,P007,Printer,Electronics,17,0,2,12,10,3,12791.03,Low,4
2026-09-23,B005,Trichy,Tamil Nadu,P008,Air Conditioner,Appliances,16,0,0,11,11,3,43580.64,Low,4
2026-09-23,B005,Trichy,Tamil Nadu,P009,Router,Networking,63,1,16,58,56,12,3747.96,Low,5
2026-09-23,B005,Trichy,Tamil Nadu,P010,Monitor,Electronics,47,0,7,27,27,9,16813.2,Low,4
2026-09-23,B006,Tiruppur,Tamil Nadu,P001,LED TV,Electronics,42,3,10,36,39,13,33521.79,Medium,3
2026-09-23,B006,Tiruppur,Tamil Nadu,P002,Refrigerator,Appliances,13,1,2,14,13,3,27708.37,Medium,9
2026-09-23,B006,Tiruppur,Tamil Nadu,P003,Washing Machine,Appliances,42,0,2,22,27,9,23406.44,Low,8
2026-09-23,B006,Tiruppur,Tamil Nadu,P004,Microwave,Appliances,8,0,0,8,8,3,9257.76,High,10
2026-09-23,B006,Tiruppur,Tamil Nadu,P005,Laptop,Electronics,50,4,0,32,35,10,47142.7,Low,10
2026-09-23,B006,Tiruppur,Tamil Nadu,P006,Smartphone,Electronics,74,5,7,52,55,12,16756.8,Low,4
2026-09-23,B006,Tiruppur,Tamil Nadu,P007,Printer,Electronics,24,0,2,12,14,3,12158.97,Low,7
2026-09-23,B006,Tiruppur,Tamil Nadu,P008,Air Conditioner,Appliances,35,0,0,19,20,6,42127.11,Low,7
2026-09-23,B006,Tiruppur,Tamil Nadu,P009,Router,Networking,72,0,0,42,41,11,3751.02,Low,6
2026-09-23,B006,Tiruppur,Tamil Nadu,P010,Monitor,Electronics,23,0,4,23,23,7,16972.04,Medium,6
2026-09-23,B007,Erode,Tamil Nadu,P001,LED TV,Electronics,53,0,5,42,37,12,29785.6,Low,10
2026-09-23,B007,Erode,Tamil Nadu,P002,Refrigerator,Appliances,4,1,0,10,10,3,30052.53,Critical,3
2026-09-23,B007,Erode,Tamil Nadu,P003,Washing Machine,Appliances,37,0,5,19,20,6,24899.15,Low,10
2026-09-23,B007,Erode,Tamil Nadu,P004,Microwave,Appliances,6,0,2,15,14,3,8512.08,Critical,10
2026-09-23,B007,Erode,Tamil Nadu,P005,Laptop,Electronics,38,0,2,28,28,8,49335.26,Low,7
2026-09-23,B007,Erode,Tamil Nadu,P006,Smartphone,Electronics,28,0,2,50,50,11,16738.44,Critical,7
2026-09-23,B007,Erode,Tamil Nadu,P007,Printer,Electronics,10,0,0,12,11,3,11500.51,High,6
2026-09-23,B007,Erode,Tamil Nadu,P008,Air Conditioner,Appliances,7,0,4,15,15,5,43316.01,Critical,7
2026-09-23,B007,Erode,Tamil Nadu,P009,Router,Networking,68,1,4,36,38,11,3282.12,Low,7
2026-09-23,B007,Erode,Tamil Nadu,P010,Monitor,Electronics,33,2,6,22,23,5,16651.99,Low,9
2026-09-23,B008,Vellore,Tamil Nadu,P001,LED TV,Electronics,32,6,6,44,44,11,30505.33,Critical,7
2026-09-23,B008,Vellore,Tamil Nadu,P002,Refrigerator,Appliances,13,0,2,8,8,3,27757.58,Low,8
2026-09-23,B008,Vellore,Tamil Nadu,P003,Washing Machine,Appliances,27,1,3,15,15,3,22359.8,Low,3
2026-09-23,B008,Vellore,Tamil Nadu,P004,Microwave,Appliances,19,1,0,12,12,3,9077.73,Low,8
2026-09-23,B008,Vellore,Tamil Nadu,P005,Laptop,Electronics,52,3,4,33,35,7,49423.37,Low,7
2026-09-23,B008,Vellore,Tamil Nadu,P006,Smartphone,Electronics,86,1,5,44,50,12,19366.51,Low,9
2026-09-23,B008,Vellore,Tamil Nadu,P007,Printer,Electronics,18,0,2,11,10,3,12188.9,Low,10
2026-09-23,B008,Vellore,Tamil Nadu,P008,Air Conditioner,Appliances,34,2,3,20,21,4,40602.2,Low,10
2026-09-23,B008,Vellore,Tamil Nadu,P009,Router,Networking,66,6,9,44,49,13,3310.83,Low,4
2026-09-23,B008,Vellore,Tamil Nadu,P010,Monitor,Electronics,16,1,2,18,19,4,16921.54,High,9
2026-09-24,B001,Chennai,Tamil Nadu,P001,LED TV,Electronics,88,4,3,53,53,16,30709.44,Low,5
2026-09-24,B001,Chennai,Tamil Nadu,P002,Refrigerator,Appliances,39,1,2,21,23,4,29429.95,Low,8
2026-09-24,B001,Chennai,Tamil Nadu,P003,Washing Machine,Appliances,77,0,10,37,42,9,22301.82,Low,9
2026-09-24,B001,Chennai,Tamil Nadu,P004,Microwave,Appliances,19,1,6,24,25,7,8611.76,High,7
2026-09-24,B001,Chennai,Tamil Nadu,P005,Laptop,Electronics,44,1,3,30,28,6,51112.1,Low,9
2026-09-24,B001,Chennai,Tamil Nadu,P006,Smartphone,Electronics,45,2,8,85,99,29,18567.61,Critical,10
2026-09-24,B001,Chennai,Tamil Nadu,P007,Printer,Electronics,27,0,3,18,17,4,11151.13,Low,8
2026-09-24,B001,Chennai,Tamil Nadu,P008,Air Conditioner,Appliances,25,2,1,18,18,5,45158.65,Low,8
2026-09-24,B001,Chennai,Tamil Nadu,P009,Router,Networking,32,3,10,62,66,21,3548.96,Critical,4
2026-09-24,B001,Chennai,Tamil Nadu,P010,Monitor,Electronics,39,2,0,33,34,7,15348.45,Medium,5
2026-09-24,B002,Coimbatore,Tamil Nadu,P001,LED TV,Electronics,48,3,12,37,39,12,30297.1,Low,4
2026-09-24,B002,Coimbatore,Tamil Nadu,P002,Refrigerator,Appliances,16,0,4,18,18,5,29609.9,Medium,4
2026-09-24,B002,Coimbatore,Tamil Nadu,P003,Washing Machine,Appliances,26,2,0,17,19,4,25607.66,Low,7
2026-09-24,B002,Coimbatore,Tamil Nadu,P004,Microwave,Appliances,13,1,2,18,18,5,8313.93,Critical,7
2026-09-24,B002,Coimbatore,Tamil Nadu,P005,Laptop,Electronics,71,3,13,46,44,14,47757.5,Low,3
2026-09-24,B002,Coimbatore,Tamil Nadu,P006,Smartphone,Electronics,98,1,3,54,53,11,17032.29,Low,5
2026-09-24,B002,Coimbatore,Tamil Nadu,P007,Printer,Electronics,25,1,2,15,15,4,11752.97,Low,8
2026-09-24,B002,Coimbatore,Tamil Nadu,P008,Air Conditioner,Appliances,8,1,3,14,13,3,40963.31,Critical,6
2026-09-24,B002,Coimbatore,Tamil Nadu,P009,Router,Networking,81,5,0,60,61,16,3469.35,Medium,3
2026-09-24,B002,Coimbatore,Tamil Nadu,P010,Monitor,Electronics,33,2,5,23,24,5,16547.97,Low,9
2026-09-24,B003,Madurai,Tamil Nadu,P001,LED TV,Electronics,21,3,13,41,40,9,33277.98,High,7
2026-09-24,B003,Madurai,Tamil Nadu,P002,Refrigerator,Appliances,18,0,3,16,16,4,26928.47,Low,8
2026-09-24,B003,Madurai,Tamil Nadu,P003,Washing Machine,Appliances,22,2,2,19,18,5,22092.76,Medium,10
2026-09-24,B003,Madurai,Tamil Nadu,P004,Microwave,Appliances,29,0,2,16,17,5,9663.0,Low,6
2026-09-24,B003,Madurai,Tamil Nadu,P005,Laptop,Electronics,34,2,2,26,28,8,49407.24,Medium,4
2026-09-24,B003,Madurai,Tamil Nadu,P006,Smartphone,Electronics,61,3,16,54,56,14,17800.4,Low,9
2026-09-24,B003,Madurai,Tamil Nadu,P007,Printer,Electronics,11,0,3,15,15,4,12377.42,High,3
2026-09-24,B003,Madurai,Tamil Nadu,P008,Air Conditioner,Appliances,18,1,4,12,12,4,43174.45,Low,7
2026-09-24,B003,Madurai,Tamil Nadu,P009,Router,Networking,45,1,6,30,30,7,3694.12,Low,8
2026-09-24,B003,Madurai,Tamil Nadu,P010,Monitor,Electronics,24,0,5,18,17,5,15715.71,Low,6
2026-09-24,B004,Salem,Tamil Nadu,P001,LED TV,Electronics,46,5,7,39,40,12,31890.16,Medium,4
2026-09-24,B004,Salem,Tamil Nadu,P002,Refrigerator,Appliances,20,2,4,17,16,5,28236.15,Low,10
2026-09-24,B004,Salem,Tamil Nadu,P003,Washing Machine,Appliances,25,0,4,15,15,5,25516.51,Low,6
2026-09-24,B004,Salem,Tamil Nadu,P004,Microwave,Appliances,18,0,2,15,13,3,9564.44,Low,4
2026-09-24,B004,Salem,Tamil Nadu,P005,Laptop,Electronics,17,2,1,24,25,7,45392.11,Critical,7
2026-09-24,B004,Salem,Tamil Nadu,P006,Smartphone,Electronics,48,5,8,34,36,12,17095.2,Low,10
2026-09-24,B004,Salem,Tamil Nadu,P007,Printer,Electronics,8,1,0,15,12,3,11889.95,Critical,6
2026-09-24,B004,Salem,Tamil Nadu,P008,Air Conditioner,Appliances,21,0,1,15,14,3,39793.81,Low,6
2026-09-24,B004,Salem,Tamil Nadu,P009,Router,Networking,50,5,11,45,44,12,3614.39,Low,3
2026-09-24,B004,Salem,Tamil Nadu,P010,Monitor,Electronics,28,3,6,24,25,6,15075.32,Low,10
2026-09-24,B005,Trichy,Tamil Nadu,P001,LED TV,Electronics,32,7,11,54,57,12,30067.21,Critical,5
2026-09-24,B005,Trichy,Tamil Nadu,P002,Refrigerator,Appliances,18,2,4,20,21,7,29726.28,High,6
2026-09-24,B005,Trichy,Tamil Nadu,P003,Washing Machine,Appliances,14,0,3,18,20,6,22777.09,High,8
2026-09-24,B005,Trichy,Tamil Nadu,P004,Microwave,Appliances,17,1,2,12,10,3,8452.76,Low,5
2026-09-24,B005,Trichy,Tamil Nadu,P005,Laptop,Electronics,12,2,2,24,21,5,47955.91,Critical,5
2026-09-24,B005,Trichy,Tamil Nadu,P006,Smartphone,Electronics,78,1,1,64,68,21,16720.5,Medium,6
2026-09-24,B005,Trichy,Tamil Nadu,P007,Printer,Electronics,24,1,1,13,13,4,11591.98,Low,6
2026-09-24,B005,Trichy,Tamil Nadu,P008,Air Conditioner,Appliances,34,0,3,21,22,7,44159.76,Low,4
2026-09-24,B005,Trichy,Tamil Nadu,P009,Router,Networking,83,5,11,50,51,11,3440.86,Low,7
2026-09-24,B005,Trichy,Tamil Nadu,P010,Monitor,Electronics,32,0,2,23,25,5,16127.44,Low,9
2026-09-24,B006,Tiruppur,Tamil Nadu,P001,LED TV,Electronics,66,1,7,40,42,13,30974.49,Low,9
2026-09-24,B006,Tiruppur,Tamil Nadu,P002,Refrigerator,Appliances,13,0,2,13,13,3,27916.2,Medium,9
2026-09-24,B006,Tiruppur,Tamil Nadu,P003,Washing Machine,Appliances,22,0,3,19,18,4,22878.69,Low,5
2026-09-24,B006,Tiruppur,Tamil Nadu,P004,Microwave,Appliances,11,0,2,17,17,3,9384.93,High,5
2026-09-24,B006,Tiruppur,Tamil Nadu,P005,Laptop,Electronics,9,2,2,22,20,6,51118.83,Critical,3
2026-09-24,B006,Tiruppur,Tamil Nadu,P006,Smartphone,Electronics,29,0,5,51,55,12,17495.42,Critical,9
2026-09-24,B006,Tiruppur,Tamil Nadu,P007,Printer,Electronics,16,0,1,14,13,3,11947.88,Low,4
2026-09-24,B006,Tiruppur,Tamil Nadu,P008,Air Conditioner,Appliances,18,1,2,10,10,3,43576.49,Low,6
2026-09-24,B006,Tiruppur,Tamil Nadu,P009,Router,Networking,48,5,4,37,35,10,3571.56,Low,4
2026-09-24,B006,Tiruppur,Tamil Nadu,P010,Monitor,Electronics,10,2,1,20,18,5,16154.79,Critical,4
2026-09-24,B007,Erode,Tamil Nadu,P001,LED TV,Electronics,38,4,3,33,33,9,31622.54,Medium,5
2026-09-24,B007,Erode,Tamil Nadu,P002,Refrigerator,Appliances,26,0,3,14,15,4,29548.76,Low,3
2026-09-24,B007,Erode,Tamil Nadu,P003,Washing Machine,Appliances,11,0,2,14,16,3,24682.29,High,5
2026-09-24,B007,Erode,Tamil Nadu,P004,Microwave,Appliances,11,1,2,8,9,3,8923.76,Low,7
2026-09-24,B007,Erode,Tamil Nadu,P005,Laptop,Electronics,38,2,3,19,21,6,46977.64,Low,9
2026-09-24,B007,Erode,Tamil Nadu,P006,Smartphone,Electronics,59,4,2,45,43,11,19208.04,Low,10
2026-09-24,B007,Erode,Tamil Nadu,P007,Printer,Electronics,5,0,2,10,9,3,12353.91,Critical,10
2026-09-24,B007,Erode,Tamil Nadu,P008,Air Conditioner,Appliances,17,0,1,15,15,4,40948.08,Medium,10
2026-09-24,B007,Erode,Tamil Nadu,P009,Router,Networking,45,3,0,32,33,9,3225.98,Low,5
2026-09-24,B007,Erode,Tamil Nadu,P010,Monitor,Electronics,9,1,4,20,17,4,16822.13,Critical,7
2026-09-24,B008,Vellore,Tamil Nadu,P001,LED TV,Electronics,73,3,9,47,52,15,30887.56,Low,5
2026-09-24,B008,Vellore,Tamil Nadu,P002,Refrigerator,Appliances,12,0,1,15,16,4,28123.73,High,8
2026-09-24,B008,Vellore,Tamil Nadu,P003,Washing Machine,Appliances,24,0,5,24,25,6,24794.72,Medium,9
2026-09-24,B008,Vellore,Tamil Nadu,P004,Microwave,Appliances,9,1,0,15,16,4,9455.41,Critical,9
2026-09-24,B008,Vellore,Tamil Nadu,P005,Laptop,Electronics,18,3,9,26,28,9,51123.56,Critical,4
2026-09-24,B008,Vellore,Tamil Nadu,P006,Smartphone,Electronics,48,6,6,46,48,16,16859.4,High,9
2026-09-24,B008,Vellore,Tamil Nadu,P007,Printer,Electronics,15,1,1,13,13,4,11294.32,Medium,6
2026-09-24,B008,Vellore,Tamil Nadu,P008,Air Conditioner,Appliances,11,0,2,14,14,3,43848.71,High,10
2026-09-24,B008,Vellore,Tamil Nadu,P009,Router,Networking,62,4,11,41,37,11,3299.72,Low,5
2026-09-24,B008,Vellore,Tamil Nadu,P010,Monitor,Electronics,24,0,1,19,19,5,15310.53,Low,7
2026-09-25,B001,Chennai,Tamil Nadu,P001,LED TV,Electronics,81,7,13,67,62,12,33672.08,Low,9
2026-09-25,B001,Chennai,Tamil Nadu,P002,Refrigerator,Appliances,38,4,2,32,33,9,28684.92,Medium,6
2026-09-25,B001,Chennai,Tamil Nadu,P003,Washing Machine,Appliances,16,0,7,25,25,6,22524.9,High,5
2026-09-25,B001,Chennai,Tamil Nadu,P004,Microwave,Appliances,17,0,2,20,18,4,9587.45,Medium,3
2026-09-25,B001,Chennai,Tamil Nadu,P005,Laptop,Electronics,39,2,10,46,48,11,46298.95,High,8
2026-09-25,B001,Chennai,Tamil Nadu,P006,Smartphone,Electronics,132,12,23,85,92,18,16945.18,Low,8
2026-09-25,B001,Chennai,Tamil Nadu,P007,Printer,Electronics,30,1,4,21,18,5,11546.59,Low,7
2026-09-25,B001,Chennai,Tamil Nadu,P008,Air Conditioner,Appliances,15,1,2,25,19,5,38769.85,High,8
2026-09-25,B001,Chennai,Tamil Nadu,P009,Router,Networking,66,4,19,68,59,19,3643.66,Low,8
2026-09-25,B001,Chennai,Tamil Nadu,P010,Monitor,Electronics,56,0,11,34,39,11,15169.87,Low,6
2026-09-25,B002,Coimbatore,Tamil Nadu,P001,LED TV,Electronics,92,5,16,54,65,19,31955.31,Low,10
2026-09-25,B002,Coimbatore,Tamil Nadu,P002,Refrigerator,Appliances,36,0,7,21,23,7,29546.15,Low,7
2026-09-25,B002,Coimbatore,Tamil Nadu,P003,Washing Machine,Appliances,49,3,1,30,29,8,24459.03,Low,4
2026-09-25,B002,Coimbatore,Tamil Nadu,P004,Microwave,Appliances,21,1,3,22,24,5,8796.52,High,3
2026-09-25,B002,Coimbatore,Tamil Nadu,P005,Laptop,Electronics,46,5,0,36,38,10,47148.0,Medium,9
2026-09-25,B002,Coimbatore,Tamil Nadu,P006,Smartphone,Electronics,64,5,3,56,59,12,18436.19,Medium,5
2026-09-25,B002,Coimbatore,Tamil Nadu,P007,Printer,Electronics,9,0,5,16,15,5,12733.63,High,8
2026-09-25,B002,Coimbatore,Tamil Nadu,P008,Air Conditioner,Appliances,7,0,4,15,15,3,39351.7,Critical,7
2026-09-25,B002,Coimbatore,Tamil Nadu,P009,Router,Networking,35,8,11,59,62,18,3496.96,Critical,8
2026-09-25,B002,Coimbatore,Tamil Nadu,P010,Monitor,Electronics,34,3,4,30,30,6,16306.93,Medium,3
2026-09-25,B003,Madurai,Tamil Nadu,P001,LED TV,Electronics,64,0,4,60,62,16,33948.72,Medium,8
2026-09-25,B003,Madurai,Tamil Nadu,P002,Refrigerator,Appliances,15,1,1,14,14,3,29547.37,Medium,3
2026-09-25,B003,Madurai,Tamil Nadu,P003,Washing Machine,Appliances,37,2,2,25,24,6,24538.85,Low,7
2026-09-25,B003,Madurai,Tamil Nadu,P004,Microwave,Appliances,19,1,2,15,16,5,8319.87,Medium,4
2026-09-25,B003,Madurai,Tamil Nadu,P005,Laptop,Electronics,44,0,7,28,33,6,44716.99,Low,6
2026-09-25,B003,Madurai,Tamil Nadu,P006,Smartphone,Electronics,67,3,15,70,68,14,17073.24,Medium,6
2026-09-25,B003,Madurai,Tamil Nadu,P007,Printer,Electronics,18,2,2,15,14,4,11678.98,Low,7
2026-09-25,B003,Madurai,Tamil Nadu,P008,Air Conditioner,Appliances,29,0,2,19,18,4,42645.59,Low,4
2026-09-25,B003,Madurai,Tamil Nadu,P009,Router,Networking,44,2,15,45,45,15,3708.4,Medium,9
2026-09-25,B003,Madurai,Tamil Nadu,P010,Monitor,Electronics,49,3,2,29,29,5,16823.54,Low,3
2026-09-25,B004,Salem,Tamil Nadu,P001,LED TV,Electronics,63,6,15,50,54,18,34285.49,Low,4
2026-09-25,B004,Salem,Tamil Nadu,P002,Refrigerator,Appliances,17,2,3,21,18,5,26466.79,High,6
2026-09-25,B004,Salem,Tamil Nadu,P003,Washing Machine,Appliances,22,0,0,25,25,5,25769.29,High,4
2026-09-25,B004,Salem,Tamil Nadu,P004,Microwave,Appliances,10,1,4,12,12,3,8470.78,Medium,8
2026-09-25,B004,Salem,Tamil Nadu,P005,Laptop,Electronics,26,0,3,20,19,4,49126.2,Low,9
2026-09-25,B004,Salem,Tamil Nadu,P006,Smartphone,Electronics,67,4,3,45,47,12,19180.11,Low,4
2026-09-25,B004,Salem,Tamil Nadu,P007,Printer,Electronics,7,0,3,14,12,3,11931.78,High,9
2026-09-25,B004,Salem,Tamil Nadu,P008,Air Conditioner,Appliances,7,1,1,16,17,5,44424.42,Critical,10
2026-09-25,B004,Salem,Tamil Nadu,P009,Router,Networking,26,3,6,48,56,16,3703.72,Critical,10
2026-09-25,B004,Salem,Tamil Nadu,P010,Monitor,Electronics,63,4,7,33,36,11,16062.16,Low,8
2026-09-25,B005,Trichy,Tamil Nadu,P001,LED TV,Electronics,31,4,5,38,34,7,31868.11,High,7
2026-09-25,B005,Trichy,Tamil Nadu,P002,Refrigerator,Appliances,18,0,0,17,13,3,29317.45,Low,5
2026-09-25,B005,Trichy,Tamil Nadu,P003,Washing Machine,Appliances,24,1,1,23,23,6,23533.95,High,8
2026-09-25,B005,Trichy,Tamil Nadu,P004,Microwave,Appliances,15,1,4,16,14,4,8961.65,Low,9
2026-09-25,B005,Trichy,Tamil Nadu,P005,Laptop,Electronics,57,3,7,31,34,8,48030.79,Low,4
2026-09-25,B005,Trichy,Tamil Nadu,P006,Smartphone,Electronics,27,5,15,53,46,9,17487.33,High,9
2026-09-25,B005,Trichy,Tamil Nadu,P007,Printer,Electronics,14,1,2,12,12,3,12800.64,Low,3
2026-09-25,B005,Trichy,Tamil Nadu,P008,Air Conditioner,Appliances,10,0,1,17,17,3,44198.58,Critical,6
2026-09-25,B005,Trichy,Tamil Nadu,P009,Router,Networking,95,6,9,47,51,15,3701.26,Low,3
2026-09-25,B005,Trichy,Tamil Nadu,P010,Monitor,Electronics,22,0,5,29,25,7,16347.73,Medium,8
2026-09-25,B006,Tiruppur,Tamil Nadu,P001,LED TV,Electronics,63,1,4,31,34,7,30500.08,Low,10
2026-09-25,B006,Tiruppur,Tamil Nadu,P002,Refrigerator,Appliances,17,1,3,22,22,5,25800.34,High,10
2026-09-25,B006,Tiruppur,Tamil Nadu,P003,Washing Machine,Appliances,27,1,2,18,18,4,23828.89,Low,4
2026-09-25,B006,Tiruppur,Tamil Nadu,P004,Microwave,Appliances,10,0,2,16,14,4,9420.79,High,3
2026-09-25,B006,Tiruppur,Tamil Nadu,P005,Laptop,Electronics,33,2,5,23,26,9,45870.35,Low,3
2026-09-25,B006,Tiruppur,Tamil Nadu,P006,Smartphone,Electronics,48,8,6,61,59,18,17942.92,Critical,5
2026-09-25,B006,Tiruppur,Tamil Nadu,P007,Printer,Electronics,21,0,1,12,13,4,12424.27,Low,6
2026-09-25,B006,Tiruppur,Tamil Nadu,P008,Air Conditioner,Appliances,17,0,4,13,13,3,44210.8,Low,5
2026-09-25,B006,Tiruppur,Tamil Nadu,P009,Router,Networking,86,1,3,53,55,12,3733.49,Low,9
2026-09-25,B006,Tiruppur,Tamil Nadu,P010,Monitor,Electronics,33,2,2,22,21,6,15021.51,Low,3
2026-09-25,B007,Erode,Tamil Nadu,P001,LED TV,Electronics,58,2,0,45,47,11,33643.91,Medium,10
2026-09-25,B007,Erode,Tamil Nadu,P002,Refrigerator,Appliances,21,1,3,12,12,3,29320.69,Low,9
2026-09-25,B007,Erode,Tamil Nadu,P003,Washing Machine,Appliances,12,0,2,22,21,5,22649.71,Critical,8
2026-09-25,B007,Erode,Tamil Nadu,P004,Microwave,Appliances,4,0,3,11,10,3,8316.21,Critical,8
2026-09-25,B007,Erode,Tamil Nadu,P005,Laptop,Electronics,24,0,2,26,27,5,44587.9,High,4
2026-09-25,B007,Erode,Tamil Nadu,P006,Smartphone,Electronics,41,4,15,46,45,9,16944.65,Medium,8
2026-09-25,B007,Erode,Tamil Nadu,P007,Printer,Electronics,9,0,4,13,13,4,11464.3,High,10
2026-09-25,B007,Erode,Tamil Nadu,P008,Air Conditioner,Appliances,9,0,0,14,13,3,44060.07,Critical,3
2026-09-25,B007,Erode,Tamil Nadu,P009,Router,Networking,75,0,6,48,44,15,3609.08,Low,6
2026-09-25,B007,Erode,Tamil Nadu,P010,Monitor,Electronics,26,2,7,23,23,8,16535.79,Low,7
2026-09-25,B008,Vellore,Tamil Nadu,P001,LED TV,Electronics,35,8,3,48,56,19,31898.5,Critical,8
2026-09-25,B008,Vellore,Tamil Nadu,P002,Refrigerator,Appliances,17,0,0,16,15,4,28997.36,Medium,9
2026-09-25,B008,Vellore,Tamil Nadu,P003,Washing Machine,Appliances,39,1,8,23,25,5,24657.6,Low,7
2026-09-25,B008,Vellore,Tamil Nadu,P004,Microwave,Appliances,29,0,2,18,16,3,9591.14,Low,7
2026-09-25,B008,Vellore,Tamil Nadu,P005,Laptop,Electronics,58,2,2,31,35,10,44255.54,Low,10
2026-09-25,B008,Vellore,Tamil Nadu,P006,Smartphone,Electronics,39,1,12,45,46,14,18984.98,High,10
2026-09-25,B008,Vellore,Tamil Nadu,P007,Printer,Electronics,14,0,2,12,12,3,11115.61,Low,9
2026-09-25,B008,Vellore,Tamil Nadu,P008,Air Conditioner,Appliances,16,0,2,16,16,4,43162.72,Medium,8
2026-09-25,B008,Vellore,Tamil Nadu,P009,Router,Networking,69,1,0,41,39,13,3509.52,Low,5
2026-09-25,B008,Vellore,Tamil Nadu,P010,Monitor,Electronics,27,0,8,25,25,7,16325.61,Low,5
2026-09-26,B001,Chennai,Tamil Nadu,P001,LED TV,Electronics,78,9,11,70,75,17,32828.23,Medium,6
2026-09-26,B001,Chennai,Tamil Nadu,P002,Refrigerator,Appliances,35,2,0,32,33,8,26553.14,High,6
2026-09-26,B001,Chennai,Tamil Nadu,P003,Washing Machine,Appliances,58,1,1,32,37,11,25867.6,Low,3
2026-09-26,B001,Chennai,Tamil Nadu,P004,Microwave,Appliances,40,1,1,27,25,7,8772.24,Low,3
2026-09-26,B001,Chennai,Tamil Nadu,P005,Laptop,Electronics,71,0,10,47,47,14,46734.46,Low,3
2026-09-26,B001,Chennai,Tamil Nadu,P006,Smartphone,Electronics,152,8,15,98,104,35,18686.0,Low,6
2026-09-26,B001,Chennai,Tamil Nadu,P007,Printer,Electronics,24,2,1,24,26,9,12584.76,Critical,3
2026-09-26,B001,Chennai,Tamil Nadu,P008,Air Conditioner,Appliances,43,1,5,26,25,7,42518.86,Low,9
2026-09-26,B001,Chennai,Tamil Nadu,P009,Router,Networking,95,7,28,83,92,26,3703.9,Medium,4
2026-09-26,B001,Chennai,Tamil Nadu,P010,Monitor,Electronics,54,0,7,41,38,12,16635.86,Low,9
2026-09-26,B002,Coimbatore,Tamil Nadu,P001,LED TV,Electronics,53,6,8,51,46,12,33689.99,Medium,5
2026-09-26,B002,Coimbatore,Tamil Nadu,P002,Refrigerator,Appliances,33,2,2,17,18,4,27764.6,Low,6
2026-09-26,B002,Coimbatore,Tamil Nadu,P003,Washing Machine,Appliances,12,2,4,27,27,7,23297.64,Critical,6
2026-09-26,B002,Coimbatore,Tamil Nadu,P004,Microwave,Appliances,8,0,1,19,18,5,9502.65,Critical,9
2026-09-26,B002,Coimbatore,Tamil Nadu,P005,Laptop,Electronics,24,2,10,41,43,9,49429.24,Critical,10
2026-09-26,B002,Coimbatore,Tamil Nadu,P006,Smartphone,Electronics,30,3,1,64,67,22,18636.38,Critical,10
2026-09-26,B002,Coimbatore,Tamil Nadu,P007,Printer,Electronics,13,0,0,14,14,3,12502.57,High,7
2026-09-26,B002,Coimbatore,Tamil Nadu,P008,Air Conditioner,Appliances,16,1,3,15,14,3,43089.44,Low,10
2026-09-26,B002,Coimbatore,Tamil Nadu,P009,Router,Networking,73,6,15,49,51,12,3524.54,Low,7
2026-09-26,B002,Coimbatore,Tamil Nadu,P010,Monitor,Electronics,47,2,5,25,25,7,15233.56,Low,3
2026-09-26,B003,Madurai,Tamil Nadu,P001,LED TV,Electronics,56,6,3,41,42,14,32919.55,Medium,10
2026-09-26,B003,Madurai,Tamil Nadu,P002,Refrigerator,Appliances,30,1,1,19,20,4,25991.34,Low,9
2026-09-26,B003,Madurai,Tamil Nadu,P003,Washing Machine,Appliances,17,1,3,20,20,4,22174.98,High,9
2026-09-26,B003,Madurai,Tamil Nadu,P004,Microwave,Appliances,12,1,4,15,13,3,9699.53,Medium,5
2026-09-26,B003,Madurai,Tamil Nadu,P005,Laptop,Electronics,14,3,6,27,26,5,51655.03,Critical,3
2026-09-26,B003,Madurai,Tamil Nadu,P006,Smartphone,Electronics,91,3,24,67,74,21,17227.39,Low,8
2026-09-26,B003,Madurai,Tamil Nadu,P007,Printer,Electronics,15,0,1,17,17,5,12622.2,High,10
2026-09-26,B003,Madurai,Tamil Nadu,P008,Air Conditioner,Appliances,11,1,1,15,14,4,38701.47,Critical,8
2026-09-26,B003,Madurai,Tamil Nadu,P009,Router,Networking,62,1,13,50,45,9,3612.26,Low,6
2026-09-26,B003,Madurai,Tamil Nadu,P010,Monitor,Electronics,11,1,7,28,26,7,14850.23,Critical,9
2026-09-26,B004,Salem,Tamil Nadu,P001,LED TV,Electronics,35,3,9,42,42,13,33490.39,High,5
2026-09-26,B004,Salem,Tamil Nadu,P002,Refrigerator,Appliances,20,1,0,17,16,4,26947.72,Medium,3
2026-09-26,B004,Salem,Tamil Nadu,P003,Washing Machine,Appliances,20,1,4,20,18,4,25712.61,Low,9
2026-09-26,B004,Salem,Tamil Nadu,P004,Microwave,Appliances,26,0,3,16,16,5,9333.96,Low,5
2026-09-26,B004,Salem,Tamil Nadu,P005,Laptop,Electronics,29,2,1,19,19,4,46000.42,Low,6
2026-09-26,B004,Salem,Tamil Nadu,P006,Smartphone,Electronics,39,2,8,39,36,7,17823.59,Low,8
2026-09-26,B004,Salem,Tamil Nadu,P007,Printer,Electronics,6,0,2,13,12,3,12718.16,Critical,10
2026-09-26,B004,Salem,Tamil Nadu,P008,Air Conditioner,Appliances,18,2,0,19,16,4,39163.59,High,9
2026-09-26,B004,Salem,Tamil Nadu,P009,Router,Networking,69,2,0,41,41,13,3277.23,Low,3
2026-09-26,B004,Salem,Tamil Nadu,P010,Monitor,Electronics,45,2,0,28,25,7,16522.97,Low,6
2026-09-26,B005,Trichy,Tamil Nadu,P001,LED TV,Electronics,89,1,13,42,48,14,32462.72,Low,7
2026-09-26,B005,Trichy,Tamil Nadu,P002,Refrigerator,Appliances,24,2,0,20,20,6,26154.92,Medium,7
2026-09-26,B005,Trichy,Tamil Nadu,P003,Washing Machine,Appliances,33,1,5,20,18,3,25046.39,Low,3
2026-09-26,B005,Trichy,Tamil Nadu,P004,Microwave,Appliances,15,0,1,12,11,3,9560.38,Low,5
2026-09-26,B005,Trichy,Tamil Nadu,P005,Laptop,Electronics,12,0,8,29,25,8,47578.36,Critical,5
2026-09-26,B005,Trichy,Tamil Nadu,P006,Smartphone,Electronics,33,7,19,58,61,19,17380.8,Critical,10
2026-09-26,B005,Trichy,Tamil Nadu,P007,Printer,Electronics,22,0,1,18,17,3,11351.36,Low,10
2026-09-26,B005,Trichy,Tamil Nadu,P008,Air Conditioner,Appliances,13,1,0,15,15,3,40288.23,High,6
2026-09-26,B005,Trichy,Tamil Nadu,P009,Router,Networking,73,6,7,43,46,15,3550.02,Low,9
2026-09-26,B005,Trichy,Tamil Nadu,P010,Monitor,Electronics,33,2,3,32,30,8,15595.63,Medium,8
2026-09-26,B006,Tiruppur,Tamil Nadu,P001,LED TV,Electronics,45,1,9,36,39,12,33748.89,Low,10
2026-09-26,B006,Tiruppur,Tamil Nadu,P002,Refrigerator,Appliances,12,0,2,9,9,3,28669.55,Low,8
2026-09-26,B006,Tiruppur,Tamil Nadu,P003,Washing Machine,Appliances,6,0,3,15,12,3,25192.72,Critical,9
2026-09-26,B006,Tiruppur,Tamil Nadu,P004,Microwave,Appliances,10,1,4,14,14,3,8308.54,High,8
2026-09-26,B006,Tiruppur,Tamil Nadu,P005,Laptop,Electronics,60,2,5,34,33,10,47235.11,Low,5
2026-09-26,B006,Tiruppur,Tamil Nadu,P006,Smartphone,Electronics,45,7,15,62,62,12,17096.52,High,7
2026-09-26,B006,Tiruppur,Tamil Nadu,P007,Printer,Electronics,18,0,0,11,11,3,11300.78,Low,3
2026-09-26,B006,Tiruppur,Tamil Nadu,P008,Air Conditioner,Appliances,15,0,2,14,13,3,39157.66,Low,8
2026-09-26,B006,Tiruppur,Tamil Nadu,P009,Router,Networking,93,3,9,54,60,20,3301.03,Low,9
2026-09-26,B006,Tiruppur,Tamil Nadu,P010,Monitor,Electronics,44,0,1,29,27,8,17243.08,Low,4
2026-09-26,B007,Erode,Tamil Nadu,P001,LED TV,Electronics,31,3,11,30,34,11,30097.32,Medium,7
2026-09-26,B007,Erode,Tamil Nadu,P002,Refrigerator,Appliances,26,1,4,15,15,3,28924.14,Low,4
2026-09-26,B007,Erode,Tamil Nadu,P003,Washing Machine,Appliances,27,1,0,16,17,3,22408.58,Low,3
2026-09-26,B007,Erode,Tamil Nadu,P004,Microwave,Appliances,25,0,2,17,18,3,9311.26,Low,10
2026-09-26,B007,Erode,Tamil Nadu,P005,Laptop,Electronics,34,2,8,24,29,9,51563.6,Low,4
2026-09-26,B007,Erode,Tamil Nadu,P006,Smartphone,Electronics,96,4,13,58,57,12,18273.08,Low,8
2026-09-26,B007,Erode,Tamil Nadu,P007,Printer,Electronics,12,1,2,14,15,3,12179.62,High,3
2026-09-26,B007,Erode,Tamil Nadu,P008,Air Conditioner,Appliances,40,2,2,23,23,6,40106.22,Low,8
2026-09-26,B007,Erode,Tamil Nadu,P009,Router,Networking,56,5,7,39,37,7,3565.51,Low,9
2026-09-26,B007,Erode,Tamil Nadu,P010,Monitor,Electronics,28,0,2,17,16,3,16211.47,Low,9
2026-09-26,B008,Vellore,Tamil Nadu,P001,LED TV,Electronics,59,3,10,48,43,11,29534.43,Low,10
2026-09-26,B008,Vellore,Tamil Nadu,P002,Refrigerator,Appliances,21,0,1,16,15,5,27457.51,Low,4
2026-09-26,B008,Vellore,Tamil Nadu,P003,Washing Machine,Appliances,29,0,1,20,19,5,24859.7,Low,10
2026-09-26,B008,Vellore,Tamil Nadu,P004,Microwave,Appliances,14,0,5,17,16,4,9401.11,Medium,5
2026-09-26,B008,Vellore,Tamil Nadu,P005,Laptop,Electronics,36,1,7,27,25,5,45225.54,Low,9
2026-09-26,B008,Vellore,Tamil Nadu,P006,Smartphone,Electronics,48,5,1,53,61,20,17943.63,Critical,4
2026-09-26,B008,Vellore,Tamil Nadu,P007,Printer,Electronics,18,1,2,16,17,3,11327.95,Medium,9
2026-09-26,B008,Vellore,Tamil Nadu,P008,Air Conditioner,Appliances,14,1,0,16,18,4,39292.59,Critical,7
2026-09-26,B008,Vellore,Tamil Nadu,P009,Router,Networking,68,6,0,49,55,16,3265.07,Medium,9
2026-09-26,B008,Vellore,Tamil Nadu,P010,Monitor,Electronics,18,1,0,14,13,3,15238.9,Low,7
2026-09-27,B001,Chennai,Tamil Nadu,P001,LED TV,Electronics,125,9,12,62,70,16,34504.4,Low,6
2026-09-27,B001,Chennai,Tamil Nadu,P002,Refrigerator,Appliances,39,0,5,28,27,9,28271.1,Low,7
2026-09-27,B001,Chennai,Tamil Nadu,P003,Washing Machine,Appliances,24,2,5,20,21,4,25296.07,Low,8
2026-09-27,B001,Chennai,Tamil Nadu,P004,Microwave,Appliances,28,0,0,19,19,6,9719.33,Low,4
2026-09-27,B001,Chennai,Tamil Nadu,P005,Laptop,Electronics,60,4,7,36,33,8,51100.43,Low,5
2026-09-27,B001,Chennai,Tamil Nadu,P006,Smartphone,Electronics,96,1,14,80,85,23,18581.57,Low,6
2026-09-27,B001,Chennai,Tamil Nadu,P007,Printer,Electronics,14,0,2,20,22,5,11727.51,Critical,8
2026-09-27,B001,Chennai,Tamil Nadu,P008,Air Conditioner,Appliances,35,2,6,20,20,6,42510.06,Low,10
2026-09-27,B001,Chennai,Tamil Nadu,P009,Router,Networking,38,3,14,61,63,16,3762.54,Critical,7
2026-09-27,B001,Chennai,Tamil Nadu,P010,Monitor,Electronics,20,2,3,33,33,10,16865.9,Critical,4
2026-09-27,B002,Coimbatore,Tamil Nadu,P001,LED TV,Electronics,44,1,6,48,49,12,32305.33,High,10
2026-09-27,B002,Coimbatore,Tamil Nadu,P002,Refrigerator,Appliances,19,1,2,18,16,4,29081.86,Low,7
2026-09-27,B002,Coimbatore,Tamil Nadu,P003,Washing Machine,Appliances,47,2,4,27,29,7,24841.95,Low,5
2026-09-27,B002,Coimbatore,Tamil Nadu,P004,Microwave,Appliances,22,1,3,17,18,3,9253.97,Low,6
2026-09-27,B002,Coimbatore,Tamil Nadu,P005,Laptop,Electronics,28,0,7,29,25,7,50031.63,Low,9
2026-09-27,B002,Coimbatore,Tamil Nadu,P006,Smartphone,Electronics,34,7,12,51,51,12,19024.41,Critical,5
2026-09-27,B002,Coimbatore,Tamil Nadu,P007,Printer,Electronics,21,1,3,17,16,3,12376.54,Low,8
2026-09-27,B002,Coimbatore,Tamil Nadu,P008,Air Conditioner,Appliances,33,0,2,22,26,7,39996.02,Low,4
2026-09-27,B002,Coimbatore,Tamil Nadu,P009,Router,Networking,57,2,17,53,59,12,3469.86,Low,9
2026-09-27,B002,Coimbatore,Tamil Nadu,P010,Monitor,Electronics,45,3,8,27,27,9,14918.4,Low,6
2026-09-27,B003,Madurai,Tamil Nadu,P001,LED TV,Electronics,24,3,8,34,34,10,32553.27,High,6
2026-09-27,B003,Madurai,Tamil Nadu,P002,Refrigerator,Appliances,16,0,2,12,11,3,27098.2,Low,8
2026-09-27,B003,Madurai,Tamil Nadu,P003,Washing Machine,Appliances,10,1,1,16,19,4,25484.74,Critical,8
2026-09-27,B003,Madurai,Tamil Nadu,P004,Microwave,Appliances,12,0,1,19,20,6,8833.06,Critical,8
2026-09-27,B003,Madurai,Tamil Nadu,P005,Laptop,Electronics,37,0,6,27,23,7,45469.88,Low,3
2026-09-27,B003,Madurai,Tamil Nadu,P006,Smartphone,Electronics,42,3,2,61,76,25,16591.83,Critical,5
2026-09-27,B003,Madurai,Tamil Nadu,P007,Printer,Electronics,6,0,2,12,13,4,11820.95,Critical,8
2026-09-27,B003,Madurai,Tamil Nadu,P008,Air Conditioner,Appliances,17,0,1,11,12,3,41015.07,Low,5
2026-09-27,B003,Madurai,Tamil Nadu,P009,Router,Networking,25,0,11,43,45,15,3639.23,Critical,4
2026-09-27,B003,Madurai,Tamil Nadu,P010,Monitor,Electronics,29,0,1,25,23,5,16721.2,Low,7
2026-09-27,B004,Salem,Tamil Nadu,P001,LED TV,Electronics,59,5,4,41,45,11,29596.94,Low,7
2026-09-27,B004,Salem,Tamil Nadu,P002,Refrigerator,Appliances,25,2,4,19,19,4,27578.72,Low,6
2026-09-27,B004,Salem,Tamil Nadu,P003,Washing Machine,Appliances,30,0,3,18,18,5,24292.56,Low,6
2026-09-27,B004,Salem,Tamil Nadu,P004,Microwave,Appliances,18,1,2,12,10,3,9644.07,Low,4
2026-09-27,B004,Salem,Tamil Nadu,P005,Laptop,Electronics,42,3,3,30,30,10,46356.17,Low,8
2026-09-27,B004,Salem,Tamil Nadu,P006,Smartphone,Electronics,43,2,19,63,62,13,17726.06,High,5
2026-09-27,B004,Salem,Tamil Nadu,P007,Printer,Electronics,8,0,3,14,11,3,12930.48,High,3
2026-09-27,B004,Salem,Tamil Nadu,P008,Air Conditioner,Appliances,27,1,4,15,15,3,42840.82,Low,9
2026-09-27,B004,Salem,Tamil Nadu,P009,Router,Networking,19,4,9,36,36,8,3701.33,Critical,3
2026-09-27,B004,Salem,Tamil Nadu,P010,Monitor,Electronics,30,1,3,22,20,6,16547.56,Low,6
2026-09-27,B005,Trichy,Tamil Nadu,P001,LED TV,Electronics,74,0,6,49,48,11,30092.49,Low,6
2026-09-27,B005,Trichy,Tamil Nadu,P002,Refrigerator,Appliances,24,1,1,18,18,6,26693.34,Low,5
2026-09-27,B005,Trichy,Tamil Nadu,P003,Washing Machine,Appliances,31,0,6,27,31,8,25024.23,Medium,9
2026-09-27,B005,Trichy,Tamil Nadu,P004,Microwave,Appliances,14,1,3,14,15,3,9502.67,Medium,10
2026-09-27,B005,Trichy,Tamil Nadu,P005,Laptop,Electronics,57,0,1,29,32,9,45615.12,Low,8
2026-09-27,B005,Trichy,Tamil Nadu,P006,Smartphone,Electronics,19,5,8,38,38,10,18537.68,Critical,3
2026-09-27,B005,Trichy,Tamil Nadu,P007,Printer,Electronics,10,0,1,9,9,3,11349.5,Medium,6
2026-09-27,B005,Trichy,Tamil Nadu,P008,Air Conditioner,Appliances,26,1,3,17,14,4,44327.44,Low,4
2026-09-27,B005,Trichy,Tamil Nadu,P009,Router,Networking,47,4,13,45,42,8,3495.99,Low,7
2026-09-27,B005,Trichy,Tamil Nadu,P010,Monitor,Electronics,23,2,4,19,18,5,17010.75,Low,9
2026-09-27,B006,Tiruppur,Tamil Nadu,P001,LED TV,Electronics,21,0,1,18,15,4,30180.3,Low,9
2026-09-27,B006,Tiruppur,Tamil Nadu,P002,Refrigerator,Appliances,28,0,1,18,18,5,26705.69,Low,8
2026-09-27,B006,Tiruppur,Tamil Nadu,P003,Washing Machine,Appliances,28,0,0,16,15,4,25874.11,Low,7
2026-09-27,B006,Tiruppur,Tamil Nadu,P004,Microwave,Appliances,13,2,3,15,17,5,9441.73,Critical,8
2026-09-27,B006,Tiruppur,Tamil Nadu,P005,Laptop,Electronics,25,3,7,21,24,5,46643.53,Low,7
2026-09-27,B006,Tiruppur,Tamil Nadu,P006,Smartphone,Electronics,32,4,14,52,51,11,18806.55,High,8
2026-09-27,B006,Tiruppur,Tamil Nadu,P007,Printer,Electronics,8,0,2,10,9,3,11706.38,High,5
2026-09-27,B006,Tiruppur,Tamil Nadu,P008,Air Conditioner,Appliances,9,1,3,11,11,3,41424.52,High,6
2026-09-27,B006,Tiruppur,Tamil Nadu,P009,Router,Networking,34,4,5,42,45,13,3491.96,Critical,10
2026-09-27,B006,Tiruppur,Tamil Nadu,P010,Monitor,Electronics,41,0,3,28,28,9,15353.1,Low,7
2026-09-27,B007,Erode,Tamil Nadu,P001,LED TV,Electronics,59,6,6,48,49,15,30733.08,Medium,10
2026-09-27,B007,Erode,Tamil Nadu,P002,Refrigerator,Appliances,8,0,2,8,7,3,28018.21,Low,9
2026-09-27,B007,Erode,Tamil Nadu,P003,Washing Machine,Appliances,10,0,0,16,12,3,25836.49,High,3
2026-09-27,B007,Erode,Tamil Nadu,P004,Microwave,Appliances,8,0,0,12,12,3,8435.15,Critical,8
2026-09-27,B007,Erode,Tamil Nadu,P005,Laptop,Electronics,30,0,7,28,26,6,49824.63,Low,9
2026-09-27,B007,Erode,Tamil Nadu,P006,Smartphone,Electronics,77,0,6,42,46,14,17101.52,Low,10
2026-09-27,B007,Erode,Tamil Nadu,P007,Printer,Electronics,6,1,3,12,14,3,12286.63,Critical,8
2026-09-27,B007,Erode,Tamil Nadu,P008,Air Conditioner,Appliances,2,0,1,5,5,3,41599.99,Critical,3
2026-09-27,B007,Erode,Tamil Nadu,P009,Router,Networking,41,1,8,28,24,5,3399.94,Low,6
2026-09-27,B007,Erode,Tamil Nadu,P010,Monitor,Electronics,13,0,0,17,17,4,15786.51,Critical,5
2026-09-27,B008,Vellore,Tamil Nadu,P001,LED TV,Electronics,63,3,11,38,36,10,30691.97,Low,9
2026-09-27,B008,Vellore,Tamil Nadu,P002,Refrigerator,Appliances,24,1,1,15,14,4,28604.08,Low,8
2026-09-27,B008,Vellore,Tamil Nadu,P003,Washing Machine,Appliances,15,0,3,16,15,5,25190.18,Medium,5
2026-09-27,B008,Vellore,Tamil Nadu,P004,Microwave,Appliances,7,0,0,13,11,3,9371.34,Critical,9
2026-09-27,B008,Vellore,Tamil Nadu,P005,Laptop,Electronics,42,0,5,29,30,6,48188.6,Low,9
2026-09-27,B008,Vellore,Tamil Nadu,P006,Smartphone,Electronics,93,4,15,54,56,16,18591.12,Low,4
2026-09-27,B008,Vellore,Tamil Nadu,P007,Printer,Electronics,18,0,0,10,10,3,11943.5,Low,8
2026-09-27,B008,Vellore,Tamil Nadu,P008,Air Conditioner,Appliances,15,1,0,9,9,3,39860.83,Low,4
2026-09-27,B008,Vellore,Tamil Nadu,P009,Router,Networking,16,2,1,32,32,8,3484.94,Critical,5
2026-09-27,B008,Vellore,Tamil Nadu,P010,Monitor,Electronics,13,0,5,28,25,7,17055.12,Critical,9
2026-09-28,B001,Chennai,Tamil Nadu,P001,LED TV,Electronics,122,3,16,75,72,15,34191.77,Low,9
2026-09-28,B001,Chennai,Tamil Nadu,P002,Refrigerator,Appliances,10,1,6,23,20,5,28897.56,Critical,10
2026-09-28,B001,Chennai,Tamil Nadu,P003,Washing Machine,Appliances,48,2,2,35,33,11,22663.85,Low,8
2026-09-28,B001,Chennai,Tamil Nadu,P004,Microwave,Appliances,21,2,9,29,30,6,9354.98,High,6
2026-09-28,B001,Chennai,Tamil Nadu,P005,Laptop,Electronics,45,0,1,41,43,10,45856.97,Medium,10
2026-09-28,B001,Chennai,Tamil Nadu,P006,Smartphone,Electronics,34,1,23,80,74,17,17180.12,Critical,6
2026-09-28,B001,Chennai,Tamil Nadu,P007,Printer,Electronics,32,0,1,19,20,5,12129.06,Low,4
2026-09-28,B001,Chennai,Tamil Nadu,P008,Air Conditioner,Appliances,14,1,4,20,17,5,43334.13,High,7
2026-09-28,B001,Chennai,Tamil Nadu,P009,Router,Networking,70,3,18,63,67,14,3622.66,Low,10
2026-09-28,B001,Chennai,Tamil Nadu,P010,Monitor,Electronics,48,2,1,29,29,8,15867.42,Low,3
2026-09-28,B002,Coimbatore,Tamil Nadu,P001,LED TV,Electronics,96,4,18,54,59,17,32355.82,Low,7
2026-09-28,B002,Coimbatore,Tamil Nadu,P002,Refrigerator,Appliances,15,2,5,19,19,6,26652.11,High,4
2026-09-28,B002,Coimbatore,Tamil Nadu,P003,Washing Machine,Appliances,36,2,1,23,22,5,23876.42,Low,10
2026-09-28,B002,Coimbatore,Tamil Nadu,P004,Microwave,Appliances,16,0,0,14,13,4,9135.89,Medium,4
2026-09-28,B002,Coimbatore,Tamil Nadu,P005,Laptop,Electronics,47,3,4,29,25,5,48522.31,Low,3
2026-09-28,B002,Coimbatore,Tamil Nadu,P006,Smartphone,Electronics,113,9,22,65,72,23,18918.15,Low,9
2026-09-28,B002,Coimbatore,Tamil Nadu,P007,Printer,Electronics,21,1,2,15,15,4,11533.88,Low,7
2026-09-28,B002,Coimbatore,Tamil Nadu,P008,Air Conditioner,Appliances,23,0,1,17,17,4,39274.76,Low,5
2026-09-28,B002,Coimbatore,Tamil Nadu,P009,Router,Networking,66,4,12,51,50,12,3521.07,Low,3
2026-09-28,B002,Coimbatore,Tamil Nadu,P010,Monitor,Electronics,32,0,1,22,21,7,14846.23,Low,9
2026-09-28,B003,Madurai,Tamil Nadu,P001,LED TV,Electronics,32,2,8,37,38,9,30427.75,High,4
2026-09-28,B003,Madurai,Tamil Nadu,P002,Refrigerator,Appliances,16,3,6,22,22,6,27348.74,High,3
2026-09-28,B003,Madurai,Tamil Nadu,P003,Washing Machine,Appliances,21,0,6,19,18,4,25348.24,Low,9
2026-09-28,B003,Madurai,Tamil Nadu,P004,Microwave,Appliances,11,0,0,9,9,3,9630.45,Medium,7
2026-09-28,B003,Madurai,Tamil Nadu,P005,Laptop,Electronics,26,3,7,24,24,7,45123.88,Medium,6
2026-09-28,B003,Madurai,Tamil Nadu,P006,Smartphone,Electronics,32,3,6,38,45,12,17908.18,Critical,7
2026-09-28,B003,Madurai,Tamil Nadu,P007,Printer,Electronics,15,2,3,17,16,4,12652.96,High,6
2026-09-28,B003,Madurai,Tamil Nadu,P008,Air Conditioner,Appliances,8,1,1,14,14,3,39139.14,Critical,8
2026-09-28,B003,Madurai,Tamil Nadu,P009,Router,Networking,84,7,7,56,59,17,3526.4,Low,7
2026-09-28,B003,Madurai,Tamil Nadu,P010,Monitor,Electronics,23,2,6,21,20,6,17006.54,Low,6
2026-09-28,B004,Salem,Tamil Nadu,P001,LED TV,Electronics,42,2,1,27,27,6,29601.4,Low,7
2026-09-28,B004,Salem,Tamil Nadu,P002,Refrigerator,Appliances,35,0,2,20,20,5,29500.05,Low,7
2026-09-28,B004,Salem,Tamil Nadu,P003,Washing Machine,Appliances,27,2,1,22,22,4,25619.26,Low,10
2026-09-28,B004,Salem,Tamil Nadu,P004,Microwave,Appliances,18,1,3,12,13,3,9362.02,Low,4
2026-09-28,B004,Salem,Tamil Nadu,P005,Laptop,Electronics,28,1,4,19,19,5,44958.3,Low,6
2026-09-28,B004,Salem,Tamil Nadu,P006,Smartphone,Electronics,50,4,8,45,47,12,17095.92,Medium,3
2026-09-28,B004,Salem,Tamil Nadu,P007,Printer,Electronics,7,0,1,13,13,3,11528.45,Critical,9
2026-09-28,B004,Salem,Tamil Nadu,P008,Air Conditioner,Appliances,18,0,3,15,14,4,42256.08,Low,10
2026-09-28,B004,Salem,Tamil Nadu,P009,Router,Networking,71,6,2,43,46,12,3702.56,Low,10
2026-09-28,B004,Salem,Tamil Nadu,P010,Monitor,Electronics,26,1,5,27,25,7,15519.13,Medium,7
2026-09-28,B005,Trichy,Tamil Nadu,P001,LED TV,Electronics,47,1,4,31,31,8,30356.05,Low,4
2026-09-28,B005,Trichy,Tamil Nadu,P002,Refrigerator,Appliances,14,0,6,21,21,4,26289.64,High,8
2026-09-28,B005,Trichy,Tamil Nadu,P003,Washing Machine,Appliances,13,0,2,18,17,3,22437.89,High,3
2026-09-28,B005,Trichy,Tamil Nadu,P004,Microwave,Appliances,9,0,1,9,8,3,9227.1,Medium,5
2026-09-28,B005,Trichy,Tamil Nadu,P005,Laptop,Electronics,44,1,6,32,31,9,49074.04,Low,5
2026-09-28,B005,Trichy,Tamil Nadu,P006,Smartphone,Electronics,55,2,14,56,49,16,17671.05,Low,7
2026-09-28,B005,Trichy,Tamil Nadu,P007,Printer,Electronics,19,0,0,12,13,4,12645.69,Low,3
2026-09-28,B005,Trichy,Tamil Nadu,P008,Air Conditioner,Appliances,8,0,3,16,16,4,43434.2,Critical,10
2026-09-28,B005,Trichy,Tamil Nadu,P009,Router,Networking,15,1,9,30,28,9,3501.63,Critical,4
2026-09-28,B005,Trichy,Tamil Nadu,P010,Monitor,Electronics,42,0,2,24,25,6,16646.49,Low,9
2026-09-28,B006,Tiruppur,Tamil Nadu,P001,LED TV,Electronics,21,1,3,42,44,14,29474.02,Critical,7
2026-09-28,B006,Tiruppur,Tamil Nadu,P002,Refrigerator,Appliances,19,1,0,16,17,5,27532.37,High,3
2026-09-28,B006,Tiruppur,Tamil Nadu,P003,Washing Machine,Appliances,31,1,5,19,21,4,24166.86,Low,3
2026-09-28,B006,Tiruppur,Tamil Nadu,P004,Microwave,Appliances,16,1,1,15,16,4,9180.56,High,3
2026-09-28,B006,Tiruppur,Tamil Nadu,P005,Laptop,Electronics,32,1,2,27,25,8,51145.6,Low,4
2026-09-28,B006,Tiruppur,Tamil Nadu,P006,Smartphone,Electronics,34,6,0,44,45,12,17188.99,Critical,3
2026-09-28,B006,Tiruppur,Tamil Nadu,P007,Printer,Electronics,5,1,0,8,9,3,12258.1,Critical,8
2026-09-28,B006,Tiruppur,Tamil Nadu,P008,Air Conditioner,Appliances,18,1,3,11,10,3,41238.24,Low,10
2026-09-28,B006,Tiruppur,Tamil Nadu,P009,Router,Networking,61,0,12,40,44,9,3736.04,Low,6
2026-09-28,B006,Tiruppur,Tamil Nadu,P010,Monitor,Electronics,11,2,4,18,16,5,16787.33,Critical,9
2026-09-28,B007,Erode,Tamil Nadu,P001,LED TV,Electronics,32,1,1,36,35,7,30320.85,High,3
2026-09-28,B007,Erode,Tamil Nadu,P002,Refrigerator,Appliances,10,0,4,15,15,3,26711.14,High,7
2026-09-28,B007,Erode,Tamil Nadu,P003,Washing Machine,Appliances,18,1,5,17,19,5,23105.32,Medium,10
2026-09-28,B007,Erode,Tamil Nadu,P004,Microwave,Appliances,19,0,1,13,13,3,8585.66,Low,10
2026-09-28,B007,Erode,Tamil Nadu,P005,Laptop,Electronics,19,2,5,20,21,6,47758.25,High,9
2026-09-28,B007,Erode,Tamil Nadu,P006,Smartphone,Electronics,53,3,1,49,50,12,18853.76,High,10
2026-09-28,B007,Erode,Tamil Nadu,P007,Printer,Electronics,16,1,0,11,11,3,12786.4,Low,7
2026-09-28,B007,Erode,Tamil Nadu,P008,Air Conditioner,Appliances,17,0,1,10,9,3,39755.7,Low,6
2026-09-28,B007,Erode,Tamil Nadu,P009,Router,Networking,52,3,7,31,32,8,3347.08,Low,5
2026-09-28,B007,Erode,Tamil Nadu,P010,Monitor,Electronics,43,1,2,22,23,6,15110.13,Low,5
2026-09-28,B008,Vellore,Tamil Nadu,P001,LED TV,Electronics,57,2,3,41,32,10,31167.26,Low,4
2026-09-28,B008,Vellore,Tamil Nadu,P002,Refrigerator,Appliances,17,0,2,13,12,3,30071.97,Low,5
2026-09-28,B008,Vellore,Tamil Nadu,P003,Washing Machine,Appliances,18,2,1,16,17,5,23892.06,High,4
2026-09-28,B008,Vellore,Tamil Nadu,P004,Microwave,Appliances,21,0,2,13,13,4,8481.75,Low,5
2026-09-28,B008,Vellore,Tamil Nadu,P005,Laptop,Electronics,8,1,3,16,18,4,48997.41,Critical,4
2026-09-28,B008,Vellore,Tamil Nadu,P006,Smartphone,Electronics,94,4,15,56,60,19,18281.14,Low,8
2026-09-28,B008,Vellore,Tamil Nadu,P007,Printer,Electronics,9,0,1,13,12,3,11211.3,High,9
2026-09-28,B008,Vellore,Tamil Nadu,P008,Air Conditioner,Appliances,13,1,2,12,12,3,44311.38,Medium,10
2026-09-28,B008,Vellore,Tamil Nadu,P009,Router,Networking,18,0,7,34,32,9,3769.87,Critical,9
2026-09-28,B008,Vellore,Tamil Nadu,P010,Monitor,Electronics,13,2,1,17,16,4,14971.22,Critical,5
